商品编号,商品名称,品牌,价格（元）,原价（元）,折扣率,月销量,累计评价数,好评率,鞋面材质,鞋底材质,闭合方式,风格,适用季节,用户年龄,用户性别,用户所在省份,是否PLUS会员,下单时间（小时）,是否退货
429914929,李宁休闲复古潮鞋四季通用,李宁休闲,241,254,95,1000,638,97,飞织面料,TPR鞋底,拉链鞋款,复古潮鞋,四季通用,59,女,浙江省,是,0,否
364097598,耐克潮流潮流高街春季新款,耐克潮流,197,379,52,25,253,100,飞织面料,EVA轻底,套脚款式,潮流高街,春季新款,57,女,浙江省,是,4,否
440501663,耐克潮流潮流高街四季通用,耐克潮流,99,136,73,1341,706,99,网布透气,MD发泡底,系带设计,潮流高街,四季通用,50,女,湖北省,是,10,是
363423077,耐克潮流简约百搭夏季透气,耐克潮流,128,152,84,968,648,95,混合材质,EVA轻底,松紧带鞋,简约百搭,夏季透气,49,女,广东省,否,20,是
379117180,阿迪达斯复古潮鞋春季新款,阿迪达斯,107,127,84,3362,4960,94,网布透气,PU中底,套脚款式,复古潮鞋,春季新款,49,女,湖北省,是,23,是
943646579,耐克潮流运动休闲夏季透气,耐克潮流,132,157,84,3631,1645,87,超纤皮鞋,TPR鞋底,魔术贴鞋,运动休闲,夏季透气,40,男,山东省,否,23,否
914346413,回力经典户外机能春季新款,回力经典,221,395,56,1451,12282,94,高端飞织,混合鞋底,系带设计,户外机能,春季新款,58,女,福建省,是,20,否
125181341,李宁休闲运动休闲秋季百搭,李宁休闲,104,128,81,458,2764,93,合成革鞋,MD发泡底,套脚款式,运动休闲,秋季百搭,52,女,江苏省,否,18,否
207970065,阿迪达斯简约百搭冬季保暖,阿迪达斯,106,119,89,48,787,94,飞织面料,TPR鞋底,系带设计,简约百搭,冬季保暖,53,女,山东省,是,23,否
584112097,其他品牌工装硬朗冬季保暖,其他品牌,99,174,57,972,642,92,超纤皮鞋,橡胶大底,魔术贴鞋,工装硬朗,冬季保暖,54,女,山东省,是,10,否
430702516,其他品牌复古潮鞋春季新款,其他品牌,243,256,95,1195,2871,93,混合材质,混合鞋底,套脚款式,复古潮鞋,春季新款,42,男,安徽省,否,2,否
575884042,李宁休闲日常休闲春季新款,李宁休闲,99,198,50,575,1821,97,真皮柔软,EVA轻底,松紧带鞋,日常休闲,春季新款,49,男,浙江省,是,19,否
127876543,李宁休闲复古潮鞋秋季百搭,李宁休闲,175,201,87,841,1737,99,超纤皮鞋,TPR鞋底,拉链鞋款,复古潮鞋,秋季百搭,61,男,江苏省,是,23,是
673270378,耐克潮流复古潮鞋夏季透气,耐克潮流,99,105,94,780,4372,97,合成革鞋,TPR鞋底,拉链鞋款,复古潮鞋,夏季透气,22,男,安徽省,否,20,否
350212584,阿迪达斯简约百搭夏季透气,阿迪达斯,155,263,59,1061,3073,100,合成革鞋,橡胶大底,拉链鞋款,简约百搭,夏季透气,49,男,广东省,否,0,否
869565660,其他品牌简约百搭四季通用,其他品牌,99,130,76,1208,743,99,混合材质,橡胶大底,魔术贴鞋,简约百搭,四季通用,46,女,河北省,是,7,否
404526301,李宁休闲工装硬朗秋季百搭,李宁休闲,173,279,62,586,1530,93,合成革鞋,橡胶大底,魔术贴鞋,工装硬朗,秋季百搭,57,女,安徽省,是,22,否
614471419,特步男鞋日常休闲冬季保暖,特步男鞋,118,184,64,620,476,90,高端飞织,混合鞋底,系带设计,日常休闲,冬季保暖,40,女,河南省,否,3,否
243567590,阿迪达斯日常休闲四季通用,阿迪达斯,229,318,72,28,793,91,真皮柔软,MD发泡底,系带设计,日常休闲,四季通用,56,男,浙江省,是,22,否
403453025,其他品牌户外机能冬季保暖,其他品牌,99,99,100,692,606,93,合成革鞋,PU中底,套脚款式,户外机能,冬季保暖,45,女,河南省,是,22,是
638757627,耐克潮流复古潮鞋夏季透气,耐克潮流,196,338,58,1405,396,92,高端飞织,TPR鞋底,魔术贴鞋,复古潮鞋,夏季透气,54,男,河北省,否,0,是
923726355,回力经典简约百搭春季新款,回力经典,105,130,81,710,2476,92,超纤皮鞋,TPR鞋底,套脚款式,简约百搭,春季新款,47,女,四川省,否,20,是
982036058,安踏运动复古潮鞋四季通用,安踏运动,99,115,86,1265,437,91,合成革鞋,PU中底,系带设计,复古潮鞋,四季通用,46,女,四川省,否,4,否
740754464,京东京造日常休闲冬季保暖,京东京造,99,102,97,23,1466,92,布面材质,混合鞋底,系带设计,日常休闲,冬季保暖,47,女,江苏省,是,4,否
555597224,京东京造简约百搭四季通用,京东京造,99,150,66,269,2575,94,合成革鞋,橡胶大底,拉链鞋款,简约百搭,四季通用,36,女,河南省,否,9,否
740766126,阿迪达斯简约百搭春季新款,阿迪达斯,99,124,80,934,5085,92,飞织面料,橡胶大底,魔术贴鞋,简约百搭,春季新款,42,男,四川省,否,5,是
546258640,斯凯奇潮复古潮鞋冬季保暖,斯凯奇潮,99,162,61,312,1422,90,网布透气,TPR鞋底,拉链鞋款,复古潮鞋,冬季保暖,48,男,四川省,是,22,是
389752023,阿迪达斯运动休闲冬季保暖,阿迪达斯,180,217,83,2135,6474,99,飞织面料,混合鞋底,系带设计,运动休闲,冬季保暖,53,女,福建省,是,9,是
205326930,鸿星尔克简约百搭春季新款,鸿星尔克,359,690,52,97,532,90,飞织面料,TPR鞋底,套脚款式,简约百搭,春季新款,39,男,河南省,是,9,是
768087427,耐克潮流日常休闲秋季百搭,耐克潮流,240,324,74,40,2589,100,网布透气,EVA轻底,系带设计,日常休闲,秋季百搭,57,男,广东省,否,22,是
434027471,阿迪达斯运动休闲秋季百搭,阿迪达斯,417,479,87,38,113,97,混合材质,橡胶大底,系带设计,运动休闲,秋季百搭,45,男,福建省,是,7,是
794315241,阿迪达斯户外机能冬季保暖,阿迪达斯,267,361,74,1303,489,97,布面材质,PU中底,拉链鞋款,户外机能,冬季保暖,51,女,浙江省,是,20,否
708545993,回力经典简约百搭夏季透气,回力经典,99,121,82,369,1311,90,飞织面料,PU中底,系带设计,简约百搭,夏季透气,50,男,福建省,否,1,是
181945588,安踏运动户外机能秋季百搭,安踏运动,102,123,83,906,6059,93,布面材质,混合鞋底,拉链鞋款,户外机能,秋季百搭,44,女,山东省,否,22,是
261160167,鸿星尔克工装硬朗四季通用,鸿星尔克,99,100,99,6,737,92,合成革鞋,PU中底,松紧带鞋,工装硬朗,四季通用,22,男,江苏省,是,21,是
983579934,李宁休闲运动休闲四季通用,李宁休闲,254,343,74,1110,11737,98,真皮柔软,EVA轻底,系带设计,运动休闲,四季通用,52,男,四川省,否,4,否
338212729,特步男鞋简约百搭夏季透气,特步男鞋,123,128,96,46,933,94,混合材质,TPR鞋底,系带设计,简约百搭,夏季透气,46,女,浙江省,否,23,是
335157677,阿迪达斯简约百搭夏季透气,阿迪达斯,264,343,77,2704,5866,91,真皮柔软,EVA轻底,系带设计,简约百搭,夏季透气,29,女,安徽省,否,22,是
960780938,特步男鞋户外机能四季通用,特步男鞋,99,130,76,26,455,100,高端飞织,PU中底,套脚款式,户外机能,四季通用,43,男,河南省,是,2,是
647638825,李宁休闲户外机能春季新款,李宁休闲,99,106,93,1393,199,97,高端飞织,PU中底,套脚款式,户外机能,春季新款,50,男,安徽省,否,20,否
796195558,京东京造工装硬朗春季新款,京东京造,245,258,95,259,313,89,混合材质,PU中底,魔术贴鞋,工装硬朗,春季新款,45,女,河南省,否,16,否
998742963,京东京造日常休闲四季通用,京东京造,115,221,52,25,2325,95,高端飞织,TPR鞋底,系带设计,日常休闲,四季通用,50,男,江苏省,是,11,是
706100500,阿迪达斯复古潮鞋四季通用,阿迪达斯,341,397,86,775,1866,92,布面材质,橡胶大底,松紧带鞋,复古潮鞋,四季通用,54,男,河南省,是,2,是
982385951,其他品牌复古潮鞋秋季百搭,其他品牌,99,102,97,8,959,100,超纤皮鞋,混合鞋底,拉链鞋款,复古潮鞋,秋季百搭,39,男,安徽省,是,20,是
655558212,李宁休闲日常休闲春季新款,李宁休闲,99,177,56,350,1355,90,超纤皮鞋,MD发泡底,松紧带鞋,日常休闲,春季新款,45,男,河南省,否,5,是
170630763,特步男鞋潮流高街夏季透气,特步男鞋,99,148,67,2415,2312,97,网布透气,MD发泡底,松紧带鞋,潮流高街,夏季透气,48,女,广东省,是,12,否
572739713,李宁休闲日常休闲冬季保暖,李宁休闲,135,255,53,131,5063,96,合成革鞋,TPR鞋底,拉链鞋款,日常休闲,冬季保暖,44,男,安徽省,是,18,否
396957997,安踏运动运动休闲冬季保暖,安踏运动,119,172,69,32,716,90,布面材质,混合鞋底,拉链鞋款,运动休闲,冬季保暖,43,女,安徽省,否,4,是
758178613,鸿星尔克工装硬朗夏季透气,鸿星尔克,99,165,60,1300,1805,98,合成革鞋,TPR鞋底,松紧带鞋,工装硬朗,夏季透气,32,女,浙江省,否,21,否
870145943,其他品牌运动休闲春季新款,其他品牌,181,185,98,248,219,95,超纤皮鞋,MD发泡底,魔术贴鞋,运动休闲,春季新款,49,男,江苏省,否,1,是
979525378,特步男鞋潮流高街四季通用,特步男鞋,99,116,85,1376,992,90,合成革鞋,TPR鞋底,系带设计,潮流高街,四季通用,50,男,湖北省,否,16,是
896042026,阿迪达斯简约百搭秋季百搭,阿迪达斯,123,141,87,1175,2490,97,高端飞织,橡胶大底,系带设计,简约百搭,秋季百搭,44,男,湖北省,否,20,否
721940802,其他品牌户外机能四季通用,其他品牌,113,159,71,2358,1645,90,飞织面料,橡胶大底,松紧带鞋,户外机能,四季通用,47,女,广东省,是,20,是
711743395,斯凯奇潮简约百搭冬季保暖,斯凯奇潮,99,115,86,373,604,91,高端飞织,EVA轻底,套脚款式,简约百搭,冬季保暖,50,女,安徽省,否,12,是
292237816,斯凯奇潮复古潮鞋四季通用,斯凯奇潮,296,299,99,965,564,94,布面材质,橡胶大底,拉链鞋款,复古潮鞋,四季通用,39,男,安徽省,是,3,是
188687847,安踏运动运动休闲冬季保暖,安踏运动,171,182,94,3485,699,90,布面材质,EVA轻底,魔术贴鞋,运动休闲,冬季保暖,43,女,河南省,否,21,是
913242242,耐克潮流户外机能冬季保暖,耐克潮流,116,116,100,411,389,89,真皮柔软,EVA轻底,魔术贴鞋,户外机能,冬季保暖,38,男,浙江省,是,10,是
221270672,特步男鞋日常休闲四季通用,特步男鞋,147,245,60,2621,188,97,飞织面料,EVA轻底,魔术贴鞋,日常休闲,四季通用,49,女,浙江省,否,17,是
615907722,耐克潮流户外机能冬季保暖,耐克潮流,99,146,68,1411,522,92,高端飞织,EVA轻底,魔术贴鞋,户外机能,冬季保暖,54,女,山东省,是,0,否
620560100,阿迪达斯户外机能四季通用,阿迪达斯,105,121,87,3907,1611,92,高端飞织,EVA轻底,系带设计,户外机能,四季通用,34,男,河南省,否,20,是
526575461,斯凯奇潮工装硬朗春季新款,斯凯奇潮,209,255,82,817,1806,91,混合材质,橡胶大底,套脚款式,工装硬朗,春季新款,54,女,河南省,否,4,否
199252504,耐克潮流运动休闲春季新款,耐克潮流,99,124,80,4759,2117,100,合成革鞋,混合鞋底,拉链鞋款,运动休闲,春季新款,56,男,广东省,否,13,否
992086489,李宁休闲复古潮鞋四季通用,李宁休闲,99,124,80,1396,3938,98,合成革鞋,混合鞋底,拉链鞋款,复古潮鞋,四季通用,44,男,福建省,否,20,是
147630312,鸿星尔克工装硬朗春季新款,鸿星尔克,99,138,72,978,1705,95,混合材质,MD发泡底,魔术贴鞋,工装硬朗,春季新款,45,女,河南省,否,21,是
655228723,安踏运动户外机能四季通用,安踏运动,101,191,53,7,807,96,真皮柔软,混合鞋底,拉链鞋款,户外机能,四季通用,54,女,广东省,否,18,否
609774458,回力经典日常休闲秋季百搭,回力经典,110,139,79,4937,765,99,网布透气,PU中底,套脚款式,日常休闲,秋季百搭,44,女,湖北省,否,2,否
439995161,回力经典工装硬朗秋季百搭,回力经典,426,592,72,1087,1429,96,网布透气,EVA轻底,魔术贴鞋,工装硬朗,秋季百搭,38,女,广东省,是,14,否
724638764,其他品牌潮流高街秋季百搭,其他品牌,149,292,51,943,690,91,超纤皮鞋,橡胶大底,魔术贴鞋,潮流高街,秋季百搭,49,女,四川省,否,9,是
286516733,京东京造运动休闲秋季百搭,京东京造,183,327,56,1256,1143,100,高端飞织,MD发泡底,松紧带鞋,运动休闲,秋季百搭,41,男,浙江省,是,8,是
666768131,阿迪达斯运动休闲夏季透气,阿迪达斯,99,180,55,745,162,91,网布透气,EVA轻底,套脚款式,运动休闲,夏季透气,58,女,江苏省,是,22,是
366050562,其他品牌潮流高街秋季百搭,其他品牌,99,146,68,174,1489,99,高端飞织,MD发泡底,魔术贴鞋,潮流高街,秋季百搭,46,女,山东省,是,15,是
687961067,李宁休闲户外机能四季通用,李宁休闲,172,176,98,29,210,92,真皮柔软,混合鞋底,拉链鞋款,户外机能,四季通用,45,男,湖北省,是,19,是
321665624,其他品牌工装硬朗春季新款,其他品牌,163,223,73,858,413,94,网布透气,TPR鞋底,系带设计,工装硬朗,春季新款,44,女,河南省,是,23,否
210208101,京东京造复古潮鞋四季通用,京东京造,169,282,60,15,2838,100,网布透气,TPR鞋底,系带设计,复古潮鞋,四季通用,53,女,河北省,否,23,否
639932741,回力经典工装硬朗夏季透气,回力经典,194,334,58,64,2163,93,混合材质,橡胶大底,拉链鞋款,工装硬朗,夏季透气,54,男,福建省,否,23,是
779320384,李宁休闲潮流高街春季新款,李宁休闲,156,260,60,2816,1201,92,真皮柔软,混合鞋底,套脚款式,潮流高街,春季新款,46,女,湖北省,是,17,否
524595527,耐克潮流日常休闲冬季保暖,耐克潮流,99,103,96,838,356,98,真皮柔软,橡胶大底,系带设计,日常休闲,冬季保暖,44,男,四川省,否,19,是
520790565,京东京造潮流高街春季新款,京东京造,99,101,98,19,1618,92,网布透气,混合鞋底,套脚款式,潮流高街,春季新款,61,男,安徽省,是,14,否
128972769,阿迪达斯潮流高街冬季保暖,阿迪达斯,99,129,77,147,971,92,超纤皮鞋,EVA轻底,套脚款式,潮流高街,冬季保暖,47,女,四川省,是,5,否
282933858,李宁休闲简约百搭夏季透气,李宁休闲,99,155,64,801,2925,97,飞织面料,TPR鞋底,套脚款式,简约百搭,夏季透气,57,男,安徽省,否,8,否
956664563,特步男鞋日常休闲冬季保暖,特步男鞋,184,252,73,46,22600,94,飞织面料,TPR鞋底,魔术贴鞋,日常休闲,冬季保暖,50,女,河南省,否,16,否
660994906,斯凯奇潮运动休闲春季新款,斯凯奇潮,146,252,58,481,2612,94,飞织面料,混合鞋底,松紧带鞋,运动休闲,春季新款,43,女,安徽省,否,21,是
447662457,其他品牌运动休闲冬季保暖,其他品牌,100,111,90,976,1904,91,网布透气,混合鞋底,松紧带鞋,运动休闲,冬季保暖,19,男,山东省,否,14,否
163579665,李宁休闲简约百搭秋季百搭,李宁休闲,103,163,63,4777,1877,96,合成革鞋,MD发泡底,松紧带鞋,简约百搭,秋季百搭,49,男,福建省,否,23,是
908050322,京东京造户外机能四季通用,京东京造,157,201,78,464,330,91,布面材质,TPR鞋底,拉链鞋款,户外机能,四季通用,61,女,湖北省,是,2,是
349544498,特步男鞋运动休闲四季通用,特步男鞋,204,329,62,4040,4172,87,高端飞织,PU中底,魔术贴鞋,运动休闲,四季通用,56,女,河北省,否,17,否
384812362,鸿星尔克户外机能春季新款,鸿星尔克,99,129,77,1199,636,92,超纤皮鞋,橡胶大底,系带设计,户外机能,春季新款,41,女,湖北省,否,10,是
624732841,李宁休闲工装硬朗春季新款,李宁休闲,99,105,94,4658,406,91,合成革鞋,MD发泡底,系带设计,工装硬朗,春季新款,45,女,福建省,是,2,是
364862844,耐克潮流工装硬朗四季通用,耐克潮流,259,489,53,17,1605,92,高端飞织,混合鞋底,套脚款式,工装硬朗,四季通用,58,男,四川省,是,1,否
644050087,京东京造户外机能秋季百搭,京东京造,99,180,55,588,3090,89,真皮柔软,橡胶大底,系带设计,户外机能,秋季百搭,33,男,四川省,否,23,是
415684487,鸿星尔克运动休闲四季通用,鸿星尔克,99,114,87,1038,563,90,飞织面料,混合鞋底,松紧带鞋,运动休闲,四季通用,44,男,浙江省,否,6,是
434956410,其他品牌户外机能四季通用,其他品牌,202,388,52,4167,445,98,飞织面料,橡胶大底,松紧带鞋,户外机能,四季通用,42,女,河北省,是,21,否
203210132,回力经典日常休闲夏季透气,回力经典,99,162,61,13,2792,93,布面材质,PU中底,拉链鞋款,日常休闲,夏季透气,41,男,河南省,是,4,否
374966705,京东京造简约百搭夏季透气,京东京造,157,204,77,590,3007,94,飞织面料,PU中底,系带设计,简约百搭,夏季透气,52,女,四川省,否,8,否
128503390,李宁休闲日常休闲春季新款,李宁休闲,220,259,85,506,167,94,混合材质,PU中底,松紧带鞋,日常休闲,春季新款,29,男,山东省,否,21,否
273337947,其他品牌日常休闲夏季透气,其他品牌,126,170,74,157,459,91,网布透气,PU中底,拉链鞋款,日常休闲,夏季透气,52,女,江苏省,否,23,否
117124226,鸿星尔克潮流高街四季通用,鸿星尔克,340,340,100,13,304,94,飞织面料,混合鞋底,系带设计,潮流高街,四季通用,41,男,浙江省,是,20,否
231743548,鸿星尔克工装硬朗四季通用,鸿星尔克,140,280,50,449,13435,90,布面材质,TPR鞋底,魔术贴鞋,工装硬朗,四季通用,48,女,山东省,是,13,否
990867939,特步男鞋日常休闲四季通用,特步男鞋,99,171,58,837,9857,91,布面材质,橡胶大底,魔术贴鞋,日常休闲,四季通用,43,男,河北省,是,22,是
291621453,李宁休闲日常休闲冬季保暖,李宁休闲,99,132,75,20,199,97,高端飞织,MD发泡底,魔术贴鞋,日常休闲,冬季保暖,39,男,福建省,是,21,是
998377461,安踏运动潮流高街四季通用,安踏运动,99,125,79,275,5815,95,飞织面料,TPR鞋底,松紧带鞋,潮流高街,四季通用,47,女,山东省,否,9,是
137182162,回力经典运动休闲四季通用,回力经典,290,387,75,1051,1109,99,合成革鞋,EVA轻底,拉链鞋款,运动休闲,四季通用,44,女,福建省,是,0,否
613181201,京东京造日常休闲秋季百搭,京东京造,99,180,55,48,2137,86,真皮柔软,PU中底,系带设计,日常休闲,秋季百搭,44,男,浙江省,是,21,是
119685077,耐克潮流运动休闲夏季透气,耐克潮流,126,188,67,1388,128,100,布面材质,TPR鞋底,魔术贴鞋,运动休闲,夏季透气,55,女,河南省,是,11,否
698745966,回力经典简约百搭冬季保暖,回力经典,99,121,82,4,1159,96,高端飞织,TPR鞋底,魔术贴鞋,简约百搭,冬季保暖,46,男,浙江省,否,23,是
615001943,耐克潮流户外机能秋季百搭,耐克潮流,99,150,66,1213,2210,99,网布透气,EVA轻底,松紧带鞋,户外机能,秋季百搭,57,男,河北省,否,21,是
305054311,斯凯奇潮简约百搭冬季保暖,斯凯奇潮,99,150,66,1251,1735,96,合成革鞋,MD发泡底,系带设计,简约百搭,冬季保暖,55,男,江苏省,否,20,是
402963640,特步男鞋简约百搭秋季百搭,特步男鞋,99,183,54,18,55,95,布面材质,混合鞋底,套脚款式,简约百搭,秋季百搭,24,男,四川省,否,5,否
528469635,特步男鞋复古潮鞋春季新款,特步男鞋,112,190,59,628,748,90,真皮柔软,橡胶大底,拉链鞋款,复古潮鞋,春季新款,42,女,浙江省,是,8,否
917039657,鸿星尔克简约百搭春季新款,鸿星尔克,99,168,59,466,494,91,超纤皮鞋,MD发泡底,拉链鞋款,简约百搭,春季新款,43,女,浙江省,否,22,否
795529994,耐克潮流工装硬朗秋季百搭,耐克潮流,99,132,75,27,938,92,布面材质,混合鞋底,松紧带鞋,工装硬朗,秋季百搭,49,男,安徽省,是,5,否
946878944,特步男鞋复古潮鞋秋季百搭,特步男鞋,138,150,92,38,897,90,布面材质,混合鞋底,套脚款式,复古潮鞋,秋季百搭,39,男,四川省,否,10,是
860197705,斯凯奇潮运动休闲秋季百搭,斯凯奇潮,162,198,82,2588,1270,96,真皮柔软,橡胶大底,松紧带鞋,运动休闲,秋季百搭,45,男,湖北省,否,23,是
844279648,其他品牌复古潮鞋秋季百搭,其他品牌,124,182,68,2332,184,94,真皮柔软,MD发泡底,拉链鞋款,复古潮鞋,秋季百搭,65,男,河北省,否,5,否
358730075,特步男鞋日常休闲四季通用,特步男鞋,106,109,97,1403,1258,94,高端飞织,MD发泡底,套脚款式,日常休闲,四季通用,51,女,安徽省,是,22,是
556485266,耐克潮流工装硬朗春季新款,耐克潮流,145,210,69,2473,1316,85,布面材质,混合鞋底,套脚款式,工装硬朗,春季新款,40,女,山东省,是,19,是
385885571,安踏运动潮流高街冬季保暖,安踏运动,175,343,51,1496,15661,92,飞织面料,橡胶大底,拉链鞋款,潮流高街,冬季保暖,49,女,安徽省,是,23,否
539871278,耐克潮流复古潮鞋四季通用,耐克潮流,99,106,93,2934,354,96,混合材质,混合鞋底,拉链鞋款,复古潮鞋,四季通用,46,男,福建省,否,8,是
653892079,李宁休闲潮流高街四季通用,李宁休闲,152,292,52,265,2371,99,网布透气,MD发泡底,松紧带鞋,潮流高街,四季通用,54,女,河北省,否,21,是
882859344,特步男鞋潮流高街夏季透气,特步男鞋,99,157,63,4083,3405,85,高端飞织,混合鞋底,系带设计,潮流高街,夏季透气,62,男,浙江省,否,16,否
534776753,回力经典工装硬朗冬季保暖,回力经典,151,184,82,3549,502,99,网布透气,MD发泡底,拉链鞋款,工装硬朗,冬季保暖,48,女,河南省,否,22,否
268003819,安踏运动简约百搭夏季透气,安踏运动,153,170,90,317,292,91,真皮柔软,橡胶大底,拉链鞋款,简约百搭,夏季透气,32,男,福建省,否,17,是
948948011,鸿星尔克简约百搭四季通用,鸿星尔克,119,212,56,264,4367,94,网布透气,混合鞋底,松紧带鞋,简约百搭,四季通用,53,男,山东省,是,23,否
262969916,其他品牌简约百搭秋季百搭,其他品牌,109,170,64,1310,10649,90,混合材质,MD发泡底,套脚款式,简约百搭,秋季百搭,59,男,四川省,是,23,否
732426408,阿迪达斯复古潮鞋四季通用,阿迪达斯,99,124,80,4470,259,93,超纤皮鞋,EVA轻底,松紧带鞋,复古潮鞋,四季通用,44,男,江苏省,是,12,是
692299827,阿迪达斯工装硬朗秋季百搭,阿迪达斯,99,194,51,39,1923,98,超纤皮鞋,MD发泡底,系带设计,工装硬朗,秋季百搭,61,女,河南省,否,20,否
323483792,特步男鞋运动休闲春季新款,特步男鞋,122,177,69,1200,1220,94,合成革鞋,EVA轻底,魔术贴鞋,运动休闲,春季新款,47,男,山东省,否,9,否
294031849,耐克潮流复古潮鞋四季通用,耐克潮流,99,171,58,241,2739,97,超纤皮鞋,MD发泡底,系带设计,复古潮鞋,四季通用,45,女,江苏省,否,19,是
553784188,鸿星尔克复古潮鞋冬季保暖,鸿星尔克,225,234,96,1311,3051,98,网布透气,MD发泡底,系带设计,复古潮鞋,冬季保暖,45,女,福建省,否,13,是
259214103,回力经典日常休闲夏季透气,回力经典,99,102,97,13,2816,98,真皮柔软,TPR鞋底,魔术贴鞋,日常休闲,夏季透气,42,女,江苏省,是,20,否
360517350,安踏运动工装硬朗冬季保暖,安踏运动,99,134,74,6,4679,92,超纤皮鞋,混合鞋底,套脚款式,工装硬朗,冬季保暖,63,男,四川省,否,21,否
172612454,李宁休闲简约百搭秋季百搭,李宁休闲,194,334,58,935,202,96,飞织面料,混合鞋底,拉链鞋款,简约百搭,秋季百搭,39,女,安徽省,是,23,否
472456613,斯凯奇潮工装硬朗四季通用,斯凯奇潮,135,155,87,26,5086,96,飞织面料,PU中底,套脚款式,工装硬朗,四季通用,53,女,广东省,是,19,是
874055005,回力经典日常休闲夏季透气,回力经典,119,168,71,1274,1930,92,合成革鞋,橡胶大底,套脚款式,日常休闲,夏季透气,47,女,四川省,是,9,是
368156308,回力经典简约百搭四季通用,回力经典,109,198,55,32,104,92,网布透气,MD发泡底,拉链鞋款,简约百搭,四季通用,42,女,广东省,是,22,是
900729564,耐克潮流复古潮鞋四季通用,耐克潮流,154,291,53,56,198,96,混合材质,MD发泡底,套脚款式,复古潮鞋,四季通用,53,女,湖北省,否,23,否
482070059,安踏运动简约百搭四季通用,安踏运动,99,114,87,1128,731,90,合成革鞋,MD发泡底,系带设计,简约百搭,四季通用,38,男,江苏省,是,15,否
911277932,鸿星尔克工装硬朗夏季透气,鸿星尔克,350,443,79,4927,300,89,网布透气,橡胶大底,套脚款式,工装硬朗,夏季透气,45,男,广东省,否,22,否
889180785,回力经典运动休闲四季通用,回力经典,105,169,62,1091,1237,91,真皮柔软,EVA轻底,拉链鞋款,运动休闲,四季通用,51,男,江苏省,是,22,否
489863690,京东京造复古潮鞋四季通用,京东京造,99,114,87,41,137,97,超纤皮鞋,MD发泡底,拉链鞋款,复古潮鞋,四季通用,54,女,山东省,否,14,是
523272926,阿迪达斯潮流高街夏季透气,阿迪达斯,114,211,54,445,1081,99,真皮柔软,PU中底,系带设计,潮流高街,夏季透气,44,女,山东省,是,14,否
851834358,安踏运动户外机能秋季百搭,安踏运动,156,289,54,585,1502,91,超纤皮鞋,EVA轻底,魔术贴鞋,户外机能,秋季百搭,56,男,安徽省,是,19,否
926479977,特步男鞋简约百搭夏季透气,特步男鞋,99,171,58,3791,7308,91,飞织面料,EVA轻底,拉链鞋款,简约百搭,夏季透气,37,女,山东省,是,22,否
599695162,安踏运动运动休闲冬季保暖,安踏运动,226,286,79,1073,5804,95,飞织面料,橡胶大底,系带设计,运动休闲,冬季保暖,22,女,浙江省,是,2,否
532560525,其他品牌简约百搭秋季百搭,其他品牌,374,613,61,1024,4715,93,真皮柔软,混合鞋底,套脚款式,简约百搭,秋季百搭,44,男,安徽省,是,22,是
422670783,耐克潮流潮流高街四季通用,耐克潮流,99,146,68,2993,137,90,布面材质,混合鞋底,拉链鞋款,潮流高街,四季通用,42,女,福建省,是,11,是
988379131,耐克潮流工装硬朗冬季保暖,耐克潮流,174,272,64,170,929,99,网布透气,MD发泡底,系带设计,工装硬朗,冬季保暖,44,男,江苏省,否,22,否
445118993,回力经典户外机能冬季保暖,回力经典,102,116,88,834,1818,92,高端飞织,TPR鞋底,松紧带鞋,户外机能,冬季保暖,55,男,山东省,是,11,否
563037798,特步男鞋简约百搭春季新款,特步男鞋,119,180,66,1065,2424,95,真皮柔软,TPR鞋底,魔术贴鞋,简约百搭,春季新款,46,女,河北省,是,21,是
484615166,李宁休闲潮流高街春季新款,李宁休闲,99,152,65,278,1543,95,混合材质,混合鞋底,套脚款式,潮流高街,春季新款,52,男,河北省,否,16,否
876956746,耐克潮流户外机能春季新款,耐克潮流,144,166,87,24,804,97,超纤皮鞋,MD发泡底,魔术贴鞋,户外机能,春季新款,48,女,浙江省,是,23,否
287852675,斯凯奇潮简约百搭冬季保暖,斯凯奇潮,138,155,89,928,600,94,混合材质,橡胶大底,魔术贴鞋,简约百搭,冬季保暖,53,女,安徽省,否,21,否
297439056,斯凯奇潮工装硬朗春季新款,斯凯奇潮,100,175,57,2510,787,98,超纤皮鞋,橡胶大底,套脚款式,工装硬朗,春季新款,59,男,福建省,是,0,否
661639520,特步男鞋日常休闲四季通用,特步男鞋,181,245,74,29,1119,99,飞织面料,PU中底,魔术贴鞋,日常休闲,四季通用,50,男,河北省,否,11,否
406715759,耐克潮流简约百搭秋季百搭,耐克潮流,285,432,66,169,2385,100,超纤皮鞋,TPR鞋底,松紧带鞋,简约百搭,秋季百搭,36,女,河北省,否,1,是
482358187,其他品牌户外机能春季新款,其他品牌,200,274,73,575,3666,97,合成革鞋,TPR鞋底,松紧带鞋,户外机能,春季新款,51,男,河北省,否,22,是
749738108,李宁休闲复古潮鞋冬季保暖,李宁休闲,258,430,60,486,2961,96,高端飞织,混合鞋底,拉链鞋款,复古潮鞋,冬季保暖,58,男,江苏省,是,23,是
169720712,李宁休闲复古潮鞋冬季保暖,李宁休闲,99,174,57,1246,4491,90,网布透气,混合鞋底,魔术贴鞋,复古潮鞋,冬季保暖,45,男,福建省,否,22,否
822813849,耐克潮流运动休闲夏季透气,耐克潮流,167,220,76,998,2881,90,超纤皮鞋,PU中底,套脚款式,运动休闲,夏季透气,54,男,福建省,否,5,否
443390496,回力经典工装硬朗春季新款,回力经典,116,151,77,4510,2594,92,高端飞织,PU中底,拉链鞋款,工装硬朗,春季新款,63,男,山东省,否,21,是
353210562,安踏运动运动休闲秋季百搭,安踏运动,128,138,93,1376,1352,87,真皮柔软,混合鞋底,系带设计,运动休闲,秋季百搭,59,男,福建省,是,6,否
625207697,回力经典日常休闲四季通用,回力经典,149,237,63,688,190,90,真皮柔软,MD发泡底,拉链鞋款,日常休闲,四季通用,52,女,广东省,否,2,是
173687909,耐克潮流日常休闲春季新款,耐克潮流,387,667,58,1087,97,91,真皮柔软,TPR鞋底,拉链鞋款,日常休闲,春季新款,50,女,江苏省,是,15,否
889647296,耐克潮流潮流高街秋季百搭,耐克潮流,142,165,86,1113,279,97,真皮柔软,橡胶大底,松紧带鞋,潮流高街,秋季百搭,42,男,山东省,是,15,是
251642306,安踏运动简约百搭四季通用,安踏运动,99,99,100,4615,3934,86,布面材质,PU中底,拉链鞋款,简约百搭,四季通用,39,女,福建省,否,21,是
493429154,京东京造简约百搭冬季保暖,京东京造,99,112,88,1018,4698,92,合成革鞋,TPR鞋底,系带设计,简约百搭,冬季保暖,46,女,湖北省,是,1,否
422521984,回力经典简约百搭春季新款,回力经典,99,139,71,466,3466,97,飞织面料,混合鞋底,魔术贴鞋,简约百搭,春季新款,52,男,山东省,否,15,否
946271824,京东京造复古潮鞋春季新款,京东京造,106,156,68,1099,1497,96,超纤皮鞋,混合鞋底,拉链鞋款,复古潮鞋,春季新款,55,男,浙江省,是,23,否
968109830,特步男鞋户外机能夏季透气,特步男鞋,201,341,59,1,1576,93,高端飞织,混合鞋底,套脚款式,户外机能,夏季透气,25,女,河南省,是,13,是
292802415,安踏运动复古潮鞋春季新款,安踏运动,99,157,63,1411,248,93,混合材质,橡胶大底,魔术贴鞋,复古潮鞋,春季新款,57,女,河北省,否,23,否
948988376,其他品牌工装硬朗春季新款,其他品牌,148,255,58,2702,1108,97,超纤皮鞋,TPR鞋底,系带设计,工装硬朗,春季新款,43,女,福建省,否,21,否
883848552,特步男鞋工装硬朗夏季透气,特步男鞋,99,138,72,947,268,99,布面材质,PU中底,松紧带鞋,工装硬朗,夏季透气,31,男,四川省,否,1,否
717281420,耐克潮流复古潮鞋冬季保暖,耐克潮流,298,403,74,445,1575,96,真皮柔软,MD发泡底,系带设计,复古潮鞋,冬季保暖,46,女,广东省,否,6,否
788158401,回力经典潮流高街四季通用,回力经典,99,168,59,42,2345,98,飞织面料,橡胶大底,松紧带鞋,潮流高街,四季通用,47,男,山东省,是,8,是
609430181,其他品牌户外机能冬季保暖,其他品牌,140,156,90,4868,142,96,真皮柔软,TPR鞋底,松紧带鞋,户外机能,冬季保暖,57,女,江苏省,是,23,是
501116872,斯凯奇潮潮流高街春季新款,斯凯奇潮,255,311,82,951,5409,94,网布透气,混合鞋底,拉链鞋款,潮流高街,春季新款,58,男,浙江省,是,5,否
772661475,京东京造日常休闲秋季百搭,京东京造,193,276,70,15,296,85,超纤皮鞋,混合鞋底,套脚款式,日常休闲,秋季百搭,49,男,安徽省,是,12,否
861691406,其他品牌工装硬朗冬季保暖,其他品牌,241,246,98,1187,1664,92,合成革鞋,PU中底,拉链鞋款,工装硬朗,冬季保暖,51,女,河北省,否,21,否
251856479,阿迪达斯运动休闲四季通用,阿迪达斯,281,453,62,463,652,100,超纤皮鞋,MD发泡底,系带设计,运动休闲,四季通用,44,男,福建省,是,22,是
839752647,安踏运动日常休闲春季新款,安踏运动,99,109,91,11,984,92,飞织面料,EVA轻底,魔术贴鞋,日常休闲,春季新款,51,女,山东省,否,15,是
944369702,斯凯奇潮日常休闲秋季百搭,斯凯奇潮,104,162,64,657,3568,99,飞织面料,PU中底,魔术贴鞋,日常休闲,秋季百搭,50,男,山东省,是,17,是
219433724,特步男鞋潮流高街夏季透气,特步男鞋,195,205,95,20,443,94,混合材质,橡胶大底,魔术贴鞋,潮流高街,夏季透气,33,男,湖北省,是,1,否
657174600,特步男鞋潮流高街春季新款,特步男鞋,99,136,73,264,4089,99,布面材质,EVA轻底,松紧带鞋,潮流高街,春季新款,49,男,湖北省,否,10,是
139398503,斯凯奇潮工装硬朗四季通用,斯凯奇潮,99,99,100,1374,1575,94,布面材质,混合鞋底,系带设计,工装硬朗,四季通用,36,女,四川省,是,13,是
899667484,斯凯奇潮户外机能春季新款,斯凯奇潮,99,141,70,3068,1013,98,高端飞织,EVA轻底,松紧带鞋,户外机能,春季新款,35,男,安徽省,否,4,否
833017542,阿迪达斯户外机能夏季透气,阿迪达斯,99,108,92,1093,734,91,混合材质,EVA轻底,系带设计,户外机能,夏季透气,43,女,福建省,是,9,否
356006181,耐克潮流运动休闲春季新款,耐克潮流,104,108,96,1100,2634,91,超纤皮鞋,EVA轻底,拉链鞋款,运动休闲,春季新款,56,男,山东省,是,11,是
813277164,回力经典简约百搭四季通用,回力经典,130,183,71,267,655,91,飞织面料,EVA轻底,拉链鞋款,简约百搭,四季通用,57,男,山东省,是,19,是
576614967,斯凯奇潮简约百搭春季新款,斯凯奇潮,115,140,82,107,219,92,混合材质,MD发泡底,套脚款式,简约百搭,春季新款,43,男,四川省,是,6,是
467939954,鸿星尔克户外机能冬季保暖,鸿星尔克,107,123,87,7,827,95,飞织面料,EVA轻底,系带设计,户外机能,冬季保暖,39,女,江苏省,是,21,否
211489523,其他品牌运动休闲秋季百搭,其他品牌,134,194,69,621,703,96,飞织面料,EVA轻底,拉链鞋款,运动休闲,秋季百搭,46,女,广东省,否,1,否
401666851,回力经典简约百搭秋季百搭,回力经典,99,127,78,703,5149,100,超纤皮鞋,MD发泡底,套脚款式,简约百搭,秋季百搭,39,男,山东省,是,23,否
114382491,耐克潮流工装硬朗夏季透气,耐克潮流,99,160,62,2,86,96,合成革鞋,混合鞋底,套脚款式,工装硬朗,夏季透气,54,女,广东省,否,4,否
307592680,京东京造运动休闲春季新款,京东京造,183,269,68,1398,1296,92,飞织面料,PU中底,魔术贴鞋,运动休闲,春季新款,40,男,安徽省,是,12,否
177885307,李宁休闲简约百搭四季通用,李宁休闲,99,100,99,501,758,90,真皮柔软,混合鞋底,松紧带鞋,简约百搭,四季通用,50,女,四川省,是,19,否
585357069,特步男鞋运动休闲春季新款,特步男鞋,101,125,81,456,646,89,合成革鞋,EVA轻底,拉链鞋款,运动休闲,春季新款,53,男,广东省,否,8,是
843693306,其他品牌简约百搭夏季透气,其他品牌,287,287,100,283,1295,91,合成革鞋,混合鞋底,系带设计,简约百搭,夏季透气,45,男,福建省,否,7,是
681042000,其他品牌工装硬朗春季新款,其他品牌,144,262,55,8,1782,89,飞织面料,混合鞋底,拉链鞋款,工装硬朗,春季新款,53,女,河南省,是,13,是
808675849,李宁休闲工装硬朗春季新款,李宁休闲,99,155,64,466,2176,93,超纤皮鞋,PU中底,系带设计,工装硬朗,春季新款,55,女,安徽省,是,20,否
943534695,特步男鞋日常休闲秋季百搭,特步男鞋,326,604,54,16,221,91,超纤皮鞋,橡胶大底,系带设计,日常休闲,秋季百搭,38,女,安徽省,是,7,是
397937080,京东京造运动休闲夏季透气,京东京造,99,130,76,7,688,95,真皮柔软,TPR鞋底,系带设计,运动休闲,夏季透气,50,男,浙江省,是,10,是
181341214,特步男鞋运动休闲夏季透气,特步男鞋,142,192,74,0,1007,90,布面材质,混合鞋底,拉链鞋款,运动休闲,夏季透气,50,男,浙江省,是,11,否
986360919,安踏运动简约百搭春季新款,安踏运动,305,412,74,0,532,91,合成革鞋,EVA轻底,拉链鞋款,简约百搭,春季新款,45,女,四川省,否,8,是
285045766,李宁休闲户外机能秋季百搭,李宁休闲,219,348,63,1379,1322,90,飞织面料,橡胶大底,松紧带鞋,户外机能,秋季百搭,54,女,江苏省,否,18,否
633216177,特步男鞋工装硬朗秋季百搭,特步男鞋,195,229,85,878,1331,90,混合材质,TPR鞋底,松紧带鞋,工装硬朗,秋季百搭,48,女,福建省,是,13,是
738341064,耐克潮流工装硬朗春季新款,耐克潮流,99,194,51,1172,968,88,飞织面料,MD发泡底,魔术贴鞋,工装硬朗,春季新款,57,女,江苏省,是,21,是
701313795,耐克潮流运动休闲冬季保暖,耐克潮流,157,228,69,31,766,97,超纤皮鞋,橡胶大底,魔术贴鞋,运动休闲,冬季保暖,49,女,江苏省,是,0,是
469237098,其他品牌简约百搭秋季百搭,其他品牌,324,540,60,948,401,93,高端飞织,混合鞋底,松紧带鞋,简约百搭,秋季百搭,49,男,江苏省,否,11,否
303091772,回力经典潮流高街夏季透气,回力经典,99,132,75,586,545,92,真皮柔软,混合鞋底,松紧带鞋,潮流高街,夏季透气,38,女,浙江省,否,11,是
587605644,斯凯奇潮工装硬朗秋季百搭,斯凯奇潮,99,132,75,261,3120,92,网布透气,橡胶大底,拉链鞋款,工装硬朗,秋季百搭,50,女,江苏省,是,13,否
239281150,阿迪达斯潮流高街春季新款,阿迪达斯,99,138,72,1476,178,93,混合材质,TPR鞋底,系带设计,潮流高街,春季新款,40,女,河南省,是,22,是
719153599,安踏运动运动休闲四季通用,安踏运动,142,258,55,1100,781,93,高端飞织,PU中底,套脚款式,运动休闲,四季通用,49,女,河南省,否,20,是
667576995,阿迪达斯潮流高街春季新款,阿迪达斯,154,214,72,4629,2124,99,真皮柔软,橡胶大底,拉链鞋款,潮流高街,春季新款,33,女,浙江省,否,20,是
839471744,阿迪达斯工装硬朗夏季透气,阿迪达斯,99,177,56,3179,820,99,飞织面料,混合鞋底,系带设计,工装硬朗,夏季透气,53,女,浙江省,是,9,否
388639743,阿迪达斯日常休闲夏季透气,阿迪达斯,99,100,99,975,674,97,高端飞织,橡胶大底,系带设计,日常休闲,夏季透气,56,女,四川省,否,8,是
441339887,李宁休闲简约百搭夏季透气,李宁休闲,99,99,100,1082,1203,94,超纤皮鞋,EVA轻底,魔术贴鞋,简约百搭,夏季透气,50,男,山东省,否,2,是
668717135,京东京造日常休闲夏季透气,京东京造,99,190,52,793,627,91,真皮柔软,EVA轻底,系带设计,日常休闲,夏季透气,39,女,广东省,是,7,是
737988915,回力经典工装硬朗四季通用,回力经典,109,143,76,2787,1305,97,飞织面料,橡胶大底,拉链鞋款,工装硬朗,四季通用,54,男,湖北省,是,21,是
321913832,鸿星尔克复古潮鞋冬季保暖,鸿星尔克,99,132,75,4871,1380,90,飞织面料,混合鞋底,拉链鞋款,复古潮鞋,冬季保暖,52,女,河北省,是,2,否
465301987,耐克潮流简约百搭冬季保暖,耐克潮流,183,213,86,50,98,94,合成革鞋,EVA轻底,套脚款式,简约百搭,冬季保暖,42,男,四川省,是,1,否
782352059,耐克潮流运动休闲冬季保暖,耐克潮流,158,186,85,1180,601,96,真皮柔软,TPR鞋底,松紧带鞋,运动休闲,冬季保暖,42,男,安徽省,否,21,否
803215788,特步男鞋日常休闲春季新款,特步男鞋,424,437,97,3922,1563,88,超纤皮鞋,混合鞋底,套脚款式,日常休闲,春季新款,42,男,四川省,否,20,否
732050081,京东京造复古潮鞋四季通用,京东京造,99,124,80,730,9207,91,布面材质,PU中底,套脚款式,复古潮鞋,四季通用,54,女,福建省,是,20,否
372592621,斯凯奇潮工装硬朗夏季透气,斯凯奇潮,240,375,64,3362,1556,97,合成革鞋,MD发泡底,套脚款式,工装硬朗,夏季透气,45,男,广东省,是,13,否
780291196,安踏运动日常休闲夏季透气,安踏运动,132,213,62,1009,4369,98,飞织面料,TPR鞋底,系带设计,日常休闲,夏季透气,40,男,山东省,是,3,是
340970124,阿迪达斯潮流高街冬季保暖,阿迪达斯,99,99,100,2,2147,96,网布透气,TPR鞋底,系带设计,潮流高街,冬季保暖,53,女,安徽省,否,14,否
817860131,特步男鞋日常休闲冬季保暖,特步男鞋,466,896,52,223,5291,94,布面材质,EVA轻底,魔术贴鞋,日常休闲,冬季保暖,49,女,浙江省,否,14,是
890186733,回力经典运动休闲四季通用,回力经典,107,155,69,1484,191,95,网布透气,混合鞋底,套脚款式,运动休闲,四季通用,33,女,四川省,是,6,否
677570461,斯凯奇潮日常休闲四季通用,斯凯奇潮,224,270,83,33,1428,96,真皮柔软,橡胶大底,松紧带鞋,日常休闲,四季通用,52,男,安徽省,否,12,否
437318028,阿迪达斯日常休闲四季通用,阿迪达斯,99,136,73,4,510,91,飞织面料,TPR鞋底,魔术贴鞋,日常休闲,四季通用,60,女,四川省,是,11,是
250765967,鸿星尔克户外机能秋季百搭,鸿星尔克,123,146,84,357,3658,95,高端飞织,混合鞋底,拉链鞋款,户外机能,秋季百搭,49,女,四川省,是,11,是
895862252,特步男鞋日常休闲春季新款,特步男鞋,99,121,82,167,44,90,真皮柔软,TPR鞋底,松紧带鞋,日常休闲,春季新款,43,男,江苏省,否,8,是
115843728,鸿星尔克运动休闲夏季透气,鸿星尔克,99,134,74,2892,497,94,高端飞织,PU中底,松紧带鞋,运动休闲,夏季透气,44,男,四川省,否,20,是
921758925,李宁休闲户外机能春季新款,李宁休闲,152,249,61,1211,1867,100,合成革鞋,EVA轻底,系带设计,户外机能,春季新款,43,女,安徽省,否,21,否
328698868,鸿星尔克运动休闲冬季保暖,鸿星尔克,99,108,92,3698,409,91,真皮柔软,PU中底,套脚款式,运动休闲,冬季保暖,44,女,广东省,否,20,是
205029159,京东京造复古潮鞋秋季百搭,京东京造,164,186,88,4128,1838,93,真皮柔软,EVA轻底,魔术贴鞋,复古潮鞋,秋季百搭,39,女,江苏省,否,20,是
616886553,阿迪达斯简约百搭春季新款,阿迪达斯,138,179,77,902,193,91,合成革鞋,TPR鞋底,拉链鞋款,简约百搭,春季新款,38,男,江苏省,否,16,是
529557803,其他品牌简约百搭四季通用,其他品牌,99,108,92,636,2193,94,飞织面料,TPR鞋底,系带设计,简约百搭,四季通用,46,女,河北省,是,15,否
313317569,特步男鞋潮流高街秋季百搭,特步男鞋,99,177,56,3048,3158,95,超纤皮鞋,PU中底,系带设计,潮流高街,秋季百搭,55,男,四川省,是,17,否
487048046,回力经典简约百搭秋季百搭,回力经典,147,213,69,3889,766,95,高端飞织,橡胶大底,套脚款式,简约百搭,秋季百搭,52,男,山东省,否,22,是
359456396,耐克潮流简约百搭冬季保暖,耐克潮流,99,127,78,338,691,94,超纤皮鞋,MD发泡底,套脚款式,简约百搭,冬季保暖,38,女,江苏省,是,21,是
894224470,斯凯奇潮潮流高街秋季百搭,斯凯奇潮,99,132,75,1019,19153,94,飞织面料,MD发泡底,拉链鞋款,潮流高街,秋季百搭,42,女,江苏省,是,19,否
158321641,李宁休闲日常休闲春季新款,李宁休闲,99,138,72,2050,760,98,超纤皮鞋,混合鞋底,系带设计,日常休闲,春季新款,37,女,四川省,是,5,是
609186801,安踏运动简约百搭四季通用,安踏运动,214,246,87,4734,295,90,真皮柔软,MD发泡底,系带设计,简约百搭,四季通用,38,男,湖北省,是,23,否
699388475,阿迪达斯简约百搭秋季百搭,阿迪达斯,148,203,73,39,4256,85,布面材质,混合鞋底,系带设计,简约百搭,秋季百搭,46,女,四川省,是,17,否
907679846,京东京造户外机能秋季百搭,京东京造,160,188,85,1112,158,96,高端飞织,混合鞋底,魔术贴鞋,户外机能,秋季百搭,43,女,河北省,否,23,是
962992078,京东京造户外机能春季新款,京东京造,99,152,65,1292,201,95,合成革鞋,橡胶大底,松紧带鞋,户外机能,春季新款,55,女,福建省,是,11,否
359439608,安踏运动户外机能夏季透气,安踏运动,102,159,64,25,707,97,布面材质,TPR鞋底,松紧带鞋,户外机能,夏季透气,50,女,广东省,否,2,否
890527516,鸿星尔克日常休闲冬季保暖,鸿星尔克,99,125,79,1437,10531,100,合成革鞋,PU中底,系带设计,日常休闲,冬季保暖,50,男,河南省,是,10,否
118821082,京东京造日常休闲四季通用,京东京造,105,146,72,10,735,95,高端飞织,PU中底,系带设计,日常休闲,四季通用,45,女,福建省,是,17,是
971186021,阿迪达斯工装硬朗秋季百搭,阿迪达斯,119,134,89,1136,380,96,混合材质,混合鞋底,拉链鞋款,工装硬朗,秋季百搭,35,男,山东省,否,12,否
923435033,特步男鞋复古潮鞋四季通用,特步男鞋,240,312,77,478,2169,93,合成革鞋,PU中底,套脚款式,复古潮鞋,四季通用,58,男,福建省,是,23,否
966881938,耐克潮流户外机能夏季透气,耐克潮流,212,321,66,18,554,93,合成革鞋,TPR鞋底,魔术贴鞋,户外机能,夏季透气,51,男,广东省,是,5,是
976494175,京东京造工装硬朗春季新款,京东京造,99,108,92,525,1454,93,布面材质,PU中底,拉链鞋款,工装硬朗,春季新款,45,男,广东省,否,20,否
578095166,安踏运动运动休闲春季新款,安踏运动,208,217,96,1115,25423,100,网布透气,EVA轻底,系带设计,运动休闲,春季新款,52,男,河北省,是,6,否
448012531,阿迪达斯户外机能夏季透气,阿迪达斯,122,149,82,816,170,93,超纤皮鞋,PU中底,系带设计,户外机能,夏季透气,53,男,浙江省,否,11,是
153171669,京东京造运动休闲冬季保暖,京东京造,152,190,80,42,3239,93,布面材质,MD发泡底,拉链鞋款,运动休闲,冬季保暖,33,女,江苏省,否,23,是
309556872,鸿星尔克简约百搭秋季百搭,鸿星尔克,115,172,67,988,795,94,超纤皮鞋,TPR鞋底,系带设计,简约百搭,秋季百搭,45,女,浙江省,否,3,是
206729553,京东京造复古潮鞋冬季保暖,京东京造,155,310,50,1138,1151,91,超纤皮鞋,PU中底,魔术贴鞋,复古潮鞋,冬季保暖,40,男,四川省,是,1,否
453580611,安踏运动潮流高街夏季透气,安踏运动,141,261,54,8,851,91,网布透气,混合鞋底,系带设计,潮流高街,夏季透气,40,男,河北省,否,8,是
110238039,阿迪达斯工装硬朗夏季透气,阿迪达斯,437,874,50,45,968,97,合成革鞋,TPR鞋底,魔术贴鞋,工装硬朗,夏季透气,58,男,河北省,是,18,是
669715625,京东京造工装硬朗春季新款,京东京造,99,180,55,469,485,94,混合材质,PU中底,套脚款式,工装硬朗,春季新款,45,男,湖北省,是,9,否
702530098,耐克潮流运动休闲春季新款,耐克潮流,209,367,57,548,1568,92,真皮柔软,PU中底,拉链鞋款,运动休闲,春季新款,53,男,浙江省,否,6,否
132847700,阿迪达斯复古潮鞋四季通用,阿迪达斯,99,168,59,133,971,88,合成革鞋,EVA轻底,魔术贴鞋,复古潮鞋,四季通用,49,男,广东省,否,23,是
142965419,李宁休闲潮流高街秋季百搭,李宁休闲,149,164,91,6,1646,93,飞织面料,TPR鞋底,拉链鞋款,潮流高街,秋季百搭,47,女,山东省,否,11,否
525577271,李宁休闲户外机能夏季透气,李宁休闲,314,334,94,11,2003,98,布面材质,MD发泡底,套脚款式,户外机能,夏季透气,44,男,广东省,是,17,是
411723603,斯凯奇潮运动休闲秋季百搭,斯凯奇潮,178,258,69,3189,3088,87,网布透气,PU中底,松紧带鞋,运动休闲,秋季百搭,58,男,安徽省,否,10,否
551661696,阿迪达斯户外机能春季新款,阿迪达斯,99,116,85,29,3509,92,超纤皮鞋,PU中底,套脚款式,户外机能,春季新款,45,女,安徽省,否,0,是
285958746,鸿星尔克户外机能秋季百搭,鸿星尔克,139,181,77,1,10315,91,真皮柔软,TPR鞋底,套脚款式,户外机能,秋季百搭,50,女,河北省,是,10,是
615384186,阿迪达斯简约百搭春季新款,阿迪达斯,99,109,91,1416,608,85,布面材质,MD发泡底,套脚款式,简约百搭,春季新款,56,女,江苏省,否,9,是
274751508,李宁休闲潮流高街春季新款,李宁休闲,169,307,55,98,7804,97,超纤皮鞋,橡胶大底,拉链鞋款,潮流高街,春季新款,39,男,河北省,是,7,是
854783233,阿迪达斯简约百搭夏季透气,阿迪达斯,274,464,59,950,1422,99,布面材质,EVA轻底,系带设计,简约百搭,夏季透气,59,男,江苏省,是,12,否
519153981,鸿星尔克潮流高街四季通用,鸿星尔克,127,144,88,4265,879,87,飞织面料,PU中底,套脚款式,潮流高街,四季通用,39,女,浙江省,否,12,否
418824682,阿迪达斯复古潮鞋秋季百搭,阿迪达斯,99,180,55,16,393,92,合成革鞋,EVA轻底,系带设计,复古潮鞋,秋季百搭,53,女,河北省,是,9,否
890391593,其他品牌潮流高街四季通用,其他品牌,181,312,58,1377,1125,91,混合材质,混合鞋底,系带设计,潮流高街,四季通用,51,男,安徽省,否,23,否
355712166,耐克潮流日常休闲秋季百搭,耐克潮流,99,104,95,1089,645,94,真皮柔软,PU中底,松紧带鞋,日常休闲,秋季百搭,55,女,河南省,是,13,否
640145309,耐克潮流复古潮鞋春季新款,耐克潮流,99,162,61,946,1041,93,超纤皮鞋,EVA轻底,系带设计,复古潮鞋,春季新款,18,男,广东省,是,19,否
694351381,耐克潮流户外机能秋季百搭,耐克潮流,99,146,68,767,270,97,布面材质,MD发泡底,松紧带鞋,户外机能,秋季百搭,54,女,福建省,否,13,是
586174958,耐克潮流工装硬朗冬季保暖,耐克潮流,458,545,84,663,697,97,网布透气,PU中底,松紧带鞋,工装硬朗,冬季保暖,52,男,广东省,是,7,否
403613427,鸿星尔克工装硬朗夏季透气,鸿星尔克,140,215,65,856,1178,94,超纤皮鞋,MD发泡底,套脚款式,工装硬朗,夏季透气,47,男,河南省,是,19,否
893383203,特步男鞋工装硬朗四季通用,特步男鞋,118,203,58,8,3828,93,真皮柔软,PU中底,套脚款式,工装硬朗,四季通用,51,女,河北省,是,16,是
903851438,耐克潮流日常休闲春季新款,耐克潮流,113,141,80,1198,1885,99,高端飞织,橡胶大底,拉链鞋款,日常休闲,春季新款,48,女,江苏省,是,21,否
300992575,耐克潮流潮流高街春季新款,耐克潮流,99,134,74,265,7224,96,合成革鞋,TPR鞋底,套脚款式,潮流高街,春季新款,55,男,湖北省,是,6,否
248872251,阿迪达斯运动休闲冬季保暖,阿迪达斯,201,300,67,23,921,95,混合材质,PU中底,套脚款式,运动休闲,冬季保暖,50,男,福建省,否,2,否
494306463,安踏运动日常休闲四季通用,安踏运动,138,138,100,739,2191,98,高端飞织,橡胶大底,拉链鞋款,日常休闲,四季通用,52,男,河北省,是,10,否
254489995,斯凯奇潮户外机能冬季保暖,斯凯奇潮,120,143,84,26,1227,87,布面材质,橡胶大底,拉链鞋款,户外机能,冬季保暖,49,女,江苏省,是,4,否
688994648,鸿星尔克运动休闲秋季百搭,鸿星尔克,271,301,90,106,945,90,合成革鞋,橡胶大底,套脚款式,运动休闲,秋季百搭,53,女,河北省,否,20,否
492528209,李宁休闲潮流高街春季新款,李宁休闲,138,194,71,497,7341,92,飞织面料,混合鞋底,魔术贴鞋,潮流高街,春季新款,34,男,山东省,是,16,否
759447356,李宁休闲复古潮鞋四季通用,李宁休闲,162,167,97,41,3306,97,网布透气,EVA轻底,松紧带鞋,复古潮鞋,四季通用,50,女,浙江省,否,10,否
219849337,回力经典日常休闲四季通用,回力经典,99,99,100,1039,705,94,飞织面料,TPR鞋底,系带设计,日常休闲,四季通用,45,女,河南省,否,6,否
590765427,其他品牌潮流高街夏季透气,其他品牌,165,220,75,902,264,96,超纤皮鞋,混合鞋底,松紧带鞋,潮流高街,夏季透气,63,女,河南省,否,4,否
101257114,李宁休闲潮流高街冬季保暖,李宁休闲,99,100,99,968,257,91,混合材质,EVA轻底,魔术贴鞋,潮流高街,冬季保暖,51,男,江苏省,否,22,否
424404396,斯凯奇潮运动休闲春季新款,斯凯奇潮,241,251,96,594,2654,91,布面材质,橡胶大底,套脚款式,运动休闲,春季新款,34,男,江苏省,否,23,是
886440788,耐克潮流工装硬朗春季新款,耐克潮流,102,111,92,3683,1344,91,网布透气,混合鞋底,魔术贴鞋,工装硬朗,春季新款,48,女,山东省,否,3,否
118783402,阿迪达斯复古潮鞋四季通用,阿迪达斯,113,135,84,863,274,100,真皮柔软,混合鞋底,系带设计,复古潮鞋,四季通用,43,女,山东省,否,0,否
968363119,阿迪达斯复古潮鞋夏季透气,阿迪达斯,116,166,70,343,1607,90,布面材质,EVA轻底,套脚款式,复古潮鞋,夏季透气,35,男,浙江省,否,12,是
541730969,安踏运动复古潮鞋四季通用,安踏运动,99,104,95,613,2644,97,混合材质,TPR鞋底,系带设计,复古潮鞋,四季通用,30,男,安徽省,否,22,否
356113200,京东京造复古潮鞋春季新款,京东京造,106,123,86,9,2857,90,网布透气,橡胶大底,松紧带鞋,复古潮鞋,春季新款,44,男,河北省,否,1,否
211380967,特步男鞋工装硬朗秋季百搭,特步男鞋,211,213,99,1428,1159,93,混合材质,混合鞋底,套脚款式,工装硬朗,秋季百搭,47,女,福建省,否,8,否
117048532,斯凯奇潮日常休闲冬季保暖,斯凯奇潮,133,185,72,1309,2948,90,真皮柔软,MD发泡底,拉链鞋款,日常休闲,冬季保暖,19,女,湖北省,否,23,否
824161409,耐克潮流工装硬朗夏季透气,耐克潮流,99,125,79,4185,2225,97,混合材质,橡胶大底,套脚款式,工装硬朗,夏季透气,52,女,河南省,是,11,否
209362429,京东京造户外机能四季通用,京东京造,99,171,58,873,2140,96,高端飞织,MD发泡底,魔术贴鞋,户外机能,四季通用,40,男,四川省,是,16,否
426032749,耐克潮流日常休闲冬季保暖,耐克潮流,227,291,78,27,613,100,高端飞织,TPR鞋底,系带设计,日常休闲,冬季保暖,54,女,山东省,是,20,是
490940327,鸿星尔克户外机能春季新款,鸿星尔克,189,378,50,609,3850,95,混合材质,PU中底,魔术贴鞋,户外机能,春季新款,48,男,江苏省,是,22,否
409596230,斯凯奇潮工装硬朗冬季保暖,斯凯奇潮,114,170,67,758,1839,94,飞织面料,EVA轻底,松紧带鞋,工装硬朗,冬季保暖,43,男,四川省,否,5,否
309641725,京东京造潮流高街四季通用,京东京造,159,241,66,643,2042,93,飞织面料,橡胶大底,系带设计,潮流高街,四季通用,46,男,广东省,是,2,是
518897243,回力经典复古潮鞋四季通用,回力经典,214,225,95,327,2403,92,飞织面料,TPR鞋底,魔术贴鞋,复古潮鞋,四季通用,48,女,江苏省,是,23,是
421864068,阿迪达斯复古潮鞋四季通用,阿迪达斯,190,264,72,423,192,90,混合材质,TPR鞋底,系带设计,复古潮鞋,四季通用,18,女,江苏省,是,22,是
216772265,鸿星尔克工装硬朗四季通用,鸿星尔克,103,156,66,4994,1629,92,超纤皮鞋,EVA轻底,松紧带鞋,工装硬朗,四季通用,44,男,广东省,否,11,是
393312991,回力经典复古潮鞋夏季透气,回力经典,193,244,79,1436,7723,97,高端飞织,TPR鞋底,套脚款式,复古潮鞋,夏季透气,46,男,湖北省,是,21,是
961760570,李宁休闲运动休闲冬季保暖,李宁休闲,140,171,82,2175,9233,92,布面材质,MD发泡底,系带设计,运动休闲,冬季保暖,38,男,广东省,否,11,是
112289384,特步男鞋复古潮鞋四季通用,特步男鞋,114,148,77,181,1252,98,混合材质,混合鞋底,系带设计,复古潮鞋,四季通用,40,男,广东省,是,22,否
703097842,特步男鞋简约百搭秋季百搭,特步男鞋,99,141,70,17,4392,95,高端飞织,PU中底,松紧带鞋,简约百搭,秋季百搭,44,女,广东省,是,23,是
603405732,耐克潮流简约百搭冬季保暖,耐克潮流,272,389,70,296,4640,95,网布透气,混合鞋底,系带设计,简约百搭,冬季保暖,42,男,福建省,是,7,是
948458083,特步男鞋工装硬朗秋季百搭,特步男鞋,220,367,60,3080,1783,97,网布透气,混合鞋底,系带设计,工装硬朗,秋季百搭,47,男,福建省,是,10,否
694224217,京东京造复古潮鞋春季新款,京东京造,99,121,82,695,5483,85,超纤皮鞋,TPR鞋底,魔术贴鞋,复古潮鞋,春季新款,38,女,广东省,是,4,否
217702807,京东京造复古潮鞋春季新款,京东京造,99,171,58,2077,1586,93,网布透气,TPR鞋底,系带设计,复古潮鞋,春季新款,52,男,安徽省,是,10,否
614923174,斯凯奇潮运动休闲冬季保暖,斯凯奇潮,103,105,98,1194,1243,93,混合材质,TPR鞋底,松紧带鞋,运动休闲,冬季保暖,45,女,广东省,否,20,否
217800851,耐克潮流复古潮鞋冬季保暖,耐克潮流,238,290,82,1062,366,90,真皮柔软,EVA轻底,魔术贴鞋,复古潮鞋,冬季保暖,47,女,浙江省,否,21,是
969528445,耐克潮流运动休闲四季通用,耐克潮流,377,546,69,295,1380,97,高端飞织,橡胶大底,松紧带鞋,运动休闲,四季通用,57,男,四川省,否,22,是
133098900,回力经典潮流高街四季通用,回力经典,152,171,89,3838,2540,92,合成革鞋,TPR鞋底,松紧带鞋,潮流高街,四季通用,54,女,安徽省,否,21,否
744057887,京东京造潮流高街冬季保暖,京东京造,123,156,79,332,187,93,飞织面料,EVA轻底,松紧带鞋,潮流高街,冬季保暖,49,男,福建省,是,13,是
672767307,李宁休闲潮流高街四季通用,李宁休闲,162,306,53,779,860,92,高端飞织,混合鞋底,系带设计,潮流高街,四季通用,36,女,江苏省,是,15,是
904671343,特步男鞋运动休闲春季新款,特步男鞋,119,134,89,26,2219,92,飞织面料,PU中底,魔术贴鞋,运动休闲,春季新款,39,女,福建省,否,11,否
538489322,其他品牌简约百搭冬季保暖,其他品牌,170,227,75,306,2700,93,飞织面料,混合鞋底,松紧带鞋,简约百搭,冬季保暖,39,女,河南省,是,13,是
365990538,回力经典户外机能秋季百搭,回力经典,699,822,85,713,1178,95,超纤皮鞋,TPR鞋底,松紧带鞋,户外机能,秋季百搭,52,女,浙江省,是,4,是
559766864,阿迪达斯日常休闲冬季保暖,阿迪达斯,99,102,97,4451,5864,95,真皮柔软,PU中底,系带设计,日常休闲,冬季保暖,46,女,湖北省,是,13,否
820783939,安踏运动潮流高街冬季保暖,安踏运动,99,101,98,760,4319,90,飞织面料,EVA轻底,系带设计,潮流高街,冬季保暖,60,男,福建省,是,16,是
636243890,耐克潮流户外机能春季新款,耐克潮流,148,176,84,10,1055,94,网布透气,TPR鞋底,系带设计,户外机能,春季新款,54,男,安徽省,否,21,是
318237188,京东京造户外机能夏季透气,京东京造,142,161,88,482,2443,97,布面材质,EVA轻底,松紧带鞋,户外机能,夏季透气,57,男,广东省,否,0,是
204473976,斯凯奇潮简约百搭冬季保暖,斯凯奇潮,100,196,51,1057,1831,88,布面材质,橡胶大底,魔术贴鞋,简约百搭,冬季保暖,44,男,河南省,否,4,否
675607935,京东京造户外机能冬季保暖,京东京造,211,391,54,753,3075,91,合成革鞋,MD发泡底,系带设计,户外机能,冬季保暖,38,女,江苏省,否,6,是
897038782,其他品牌工装硬朗冬季保暖,其他品牌,278,296,94,201,3361,99,合成革鞋,TPR鞋底,系带设计,工装硬朗,冬季保暖,48,女,湖北省,否,0,是
490757720,阿迪达斯户外机能冬季保暖,阿迪达斯,284,536,53,1458,4224,97,飞织面料,混合鞋底,魔术贴鞋,户外机能,冬季保暖,38,男,四川省,否,22,是
471926839,斯凯奇潮潮流高街四季通用,斯凯奇潮,199,288,69,1450,951,94,飞织面料,EVA轻底,松紧带鞋,潮流高街,四季通用,51,女,广东省,是,8,是
665038910,阿迪达斯工装硬朗秋季百搭,阿迪达斯,166,332,50,465,119,99,布面材质,混合鞋底,套脚款式,工装硬朗,秋季百搭,38,女,河北省,否,21,否
639409061,安踏运动工装硬朗冬季保暖,安踏运动,101,142,71,4193,496,99,超纤皮鞋,混合鞋底,拉链鞋款,工装硬朗,冬季保暖,57,女,福建省,否,11,否
807988824,李宁休闲复古潮鞋冬季保暖,李宁休闲,99,171,58,959,1703,88,飞织面料,TPR鞋底,魔术贴鞋,复古潮鞋,冬季保暖,37,女,广东省,否,23,是
145481193,阿迪达斯日常休闲四季通用,阿迪达斯,177,322,55,0,471,96,合成革鞋,EVA轻底,套脚款式,日常休闲,四季通用,42,男,湖北省,否,17,否
618874703,李宁休闲日常休闲夏季透气,李宁休闲,99,171,58,39,757,91,超纤皮鞋,TPR鞋底,系带设计,日常休闲,夏季透气,50,女,江苏省,是,6,是
479246934,回力经典简约百搭秋季百搭,回力经典,127,149,85,43,4294,97,飞织面料,橡胶大底,魔术贴鞋,简约百搭,秋季百搭,50,女,四川省,是,23,否
175032769,特步男鞋简约百搭春季新款,特步男鞋,99,102,97,766,1253,87,布面材质,PU中底,套脚款式,简约百搭,春季新款,58,男,河北省,是,0,否
421014131,耐克潮流户外机能冬季保暖,耐克潮流,99,105,94,2382,329,97,合成革鞋,EVA轻底,系带设计,户外机能,冬季保暖,50,女,浙江省,否,21,是
271352689,鸿星尔克简约百搭四季通用,鸿星尔克,163,291,56,277,354,87,真皮柔软,TPR鞋底,系带设计,简约百搭,四季通用,46,男,四川省,否,22,是
542622989,阿迪达斯潮流高街秋季百搭,阿迪达斯,201,234,86,4255,8122,93,网布透气,EVA轻底,套脚款式,潮流高街,秋季百搭,41,男,江苏省,否,20,否
627287311,特步男鞋日常休闲秋季百搭,特步男鞋,99,101,98,1207,657,97,网布透气,混合鞋底,松紧带鞋,日常休闲,秋季百搭,43,女,广东省,是,13,否
333042882,特步男鞋户外机能夏季透气,特步男鞋,264,303,87,608,230,96,布面材质,混合鞋底,系带设计,户外机能,夏季透气,53,男,广东省,否,11,是
405855637,阿迪达斯简约百搭四季通用,阿迪达斯,362,476,76,2479,576,89,超纤皮鞋,混合鞋底,拉链鞋款,简约百搭,四季通用,47,女,浙江省,否,2,否
590438296,阿迪达斯运动休闲冬季保暖,阿迪达斯,231,308,75,1235,845,91,网布透气,EVA轻底,套脚款式,运动休闲,冬季保暖,32,女,山东省,否,17,是
239559457,安踏运动潮流高街冬季保暖,安踏运动,99,194,51,1360,894,93,布面材质,橡胶大底,系带设计,潮流高街,冬季保暖,45,女,广东省,是,22,否
733211060,特步男鞋复古潮鞋春季新款,特步男鞋,113,126,90,1391,1286,96,高端飞织,橡胶大底,系带设计,复古潮鞋,春季新款,44,男,安徽省,是,13,否
174235018,其他品牌工装硬朗春季新款,其他品牌,99,127,78,1027,1312,95,混合材质,PU中底,拉链鞋款,工装硬朗,春季新款,45,男,安徽省,否,10,是
273964960,鸿星尔克潮流高街春季新款,鸿星尔克,159,224,71,98,1133,93,混合材质,TPR鞋底,松紧带鞋,潮流高街,春季新款,53,女,江苏省,是,10,是
917861783,京东京造潮流高街春季新款,京东京造,263,387,68,2899,1127,97,高端飞织,MD发泡底,松紧带鞋,潮流高街,春季新款,52,男,四川省,是,20,是
386386269,安踏运动日常休闲春季新款,安踏运动,99,124,80,47,779,92,超纤皮鞋,混合鞋底,拉链鞋款,日常休闲,春季新款,46,女,河北省,是,17,否
450027150,李宁休闲复古潮鞋春季新款,李宁休闲,135,147,92,433,3208,92,真皮柔软,TPR鞋底,松紧带鞋,复古潮鞋,春季新款,43,男,福建省,否,21,否
474132257,安踏运动运动休闲四季通用,安踏运动,193,201,96,1330,5979,96,真皮柔软,PU中底,松紧带鞋,运动休闲,四季通用,47,女,河南省,否,23,是
557723123,安踏运动日常休闲春季新款,安踏运动,99,160,62,445,2047,98,高端飞织,TPR鞋底,拉链鞋款,日常休闲,春季新款,57,男,浙江省,是,20,是
903328664,鸿星尔克复古潮鞋冬季保暖,鸿星尔克,194,285,68,36,7826,85,飞织面料,TPR鞋底,魔术贴鞋,复古潮鞋,冬季保暖,53,男,山东省,是,22,是
512542934,特步男鞋日常休闲春季新款,特步男鞋,110,180,61,419,692,91,合成革鞋,MD发泡底,套脚款式,日常休闲,春季新款,45,女,安徽省,否,0,是
814323418,耐克潮流简约百搭春季新款,耐克潮流,99,134,74,623,3025,99,超纤皮鞋,混合鞋底,套脚款式,简约百搭,春季新款,54,男,湖北省,否,15,否
770716877,李宁休闲户外机能春季新款,李宁休闲,99,105,94,1149,6094,91,合成革鞋,混合鞋底,松紧带鞋,户外机能,春季新款,31,女,河北省,是,5,是
680428906,李宁休闲潮流高街春季新款,李宁休闲,99,165,60,1326,1403,96,超纤皮鞋,PU中底,松紧带鞋,潮流高街,春季新款,42,女,安徽省,是,22,是
893786763,安踏运动日常休闲春季新款,安踏运动,178,266,67,1052,6424,96,网布透气,混合鞋底,套脚款式,日常休闲,春季新款,59,女,湖北省,否,20,是
780633853,李宁休闲复古潮鞋四季通用,李宁休闲,103,123,84,1388,785,93,混合材质,TPR鞋底,拉链鞋款,复古潮鞋,四季通用,41,男,安徽省,否,23,是
536070024,阿迪达斯工装硬朗四季通用,阿迪达斯,232,297,78,937,589,95,合成革鞋,橡胶大底,系带设计,工装硬朗,四季通用,50,女,浙江省,是,20,是
604278204,特步男鞋简约百搭秋季百搭,特步男鞋,197,232,85,68,4382,94,混合材质,PU中底,系带设计,简约百搭,秋季百搭,35,男,广东省,否,10,否
598833473,京东京造简约百搭四季通用,京东京造,99,198,50,1351,2597,94,布面材质,TPR鞋底,松紧带鞋,简约百搭,四季通用,50,男,江苏省,否,20,是
365889604,斯凯奇潮复古潮鞋春季新款,斯凯奇潮,155,204,76,352,987,94,真皮柔软,TPR鞋底,魔术贴鞋,复古潮鞋,春季新款,41,男,四川省,是,21,是
142913686,耐克潮流简约百搭春季新款,耐克潮流,99,183,54,279,650,96,高端飞织,混合鞋底,魔术贴鞋,简约百搭,春季新款,47,女,湖北省,是,16,否
324438807,特步男鞋简约百搭四季通用,特步男鞋,99,168,59,174,11075,94,高端飞织,EVA轻底,套脚款式,简约百搭,四季通用,53,女,河南省,否,23,是
934675324,回力经典运动休闲春季新款,回力经典,110,186,59,1404,490,93,高端飞织,MD发泡底,松紧带鞋,运动休闲,春季新款,48,女,河南省,是,10,是
533246068,其他品牌潮流高街春季新款,其他品牌,117,121,97,161,8218,89,合成革鞋,橡胶大底,魔术贴鞋,潮流高街,春季新款,47,男,四川省,否,23,是
399440776,鸿星尔克潮流高街夏季透气,鸿星尔克,99,190,52,50,1007,92,合成革鞋,混合鞋底,拉链鞋款,潮流高街,夏季透气,57,女,安徽省,是,22,否
845852310,特步男鞋复古潮鞋春季新款,特步男鞋,99,111,89,3022,3713,99,混合材质,EVA轻底,松紧带鞋,复古潮鞋,春季新款,65,男,山东省,是,17,是
431607609,京东京造潮流高街夏季透气,京东京造,148,228,65,2724,3671,94,超纤皮鞋,MD发泡底,松紧带鞋,潮流高街,夏季透气,51,女,浙江省,否,21,否
914625234,京东京造潮流高街四季通用,京东京造,261,414,63,25,780,95,高端飞织,TPR鞋底,松紧带鞋,潮流高街,四季通用,61,男,河南省,是,11,否
678517803,回力经典简约百搭冬季保暖,回力经典,178,262,68,387,1278,93,超纤皮鞋,混合鞋底,松紧带鞋,简约百搭,冬季保暖,62,男,浙江省,是,1,否
883024877,鸿星尔克户外机能春季新款,鸿星尔克,145,175,83,34,209,100,真皮柔软,橡胶大底,系带设计,户外机能,春季新款,47,女,福建省,是,20,否
537568232,其他品牌工装硬朗四季通用,其他品牌,155,174,89,1156,2606,100,超纤皮鞋,混合鞋底,系带设计,工装硬朗,四季通用,60,男,安徽省,否,21,否
716737243,安踏运动运动休闲春季新款,安踏运动,99,174,57,1045,486,95,合成革鞋,MD发泡底,魔术贴鞋,运动休闲,春季新款,43,女,湖北省,是,13,否
738808658,耐克潮流日常休闲春季新款,耐克潮流,219,429,51,36,167,91,超纤皮鞋,EVA轻底,系带设计,日常休闲,春季新款,56,女,安徽省,否,22,是
515011339,鸿星尔克简约百搭春季新款,鸿星尔克,157,176,89,248,1501,90,真皮柔软,PU中底,魔术贴鞋,简约百搭,春季新款,56,男,江苏省,否,23,是
133986468,其他品牌户外机能冬季保暖,其他品牌,230,343,67,3087,11229,91,飞织面料,MD发泡底,套脚款式,户外机能,冬季保暖,40,男,安徽省,是,17,否
758035965,其他品牌日常休闲夏季透气,其他品牌,399,438,91,49,541,90,布面材质,PU中底,松紧带鞋,日常休闲,夏季透气,47,男,福建省,是,23,否
978174923,斯凯奇潮户外机能四季通用,斯凯奇潮,99,146,68,0,367,97,合成革鞋,MD发泡底,松紧带鞋,户外机能,四季通用,29,男,河南省,是,1,否
944737891,安踏运动潮流高街四季通用,安踏运动,185,193,96,1359,769,98,飞织面料,EVA轻底,松紧带鞋,潮流高街,四季通用,49,男,浙江省,是,23,是
179707304,京东京造运动休闲四季通用,京东京造,106,138,77,1467,589,96,高端飞织,混合鞋底,松紧带鞋,运动休闲,四季通用,48,男,四川省,否,12,是
285168798,斯凯奇潮户外机能夏季透气,斯凯奇潮,133,140,95,470,267,95,高端飞织,PU中底,套脚款式,户外机能,夏季透气,43,男,福建省,是,16,是
181236061,斯凯奇潮潮流高街四季通用,斯凯奇潮,99,111,89,988,1884,96,混合材质,橡胶大底,系带设计,潮流高街,四季通用,39,女,安徽省,是,14,否
918547531,其他品牌简约百搭春季新款,其他品牌,145,199,73,1122,8907,97,高端飞织,橡胶大底,系带设计,简约百搭,春季新款,33,男,四川省,是,19,否
317495514,耐克潮流简约百搭春季新款,耐克潮流,99,174,57,1037,597,88,飞织面料,混合鞋底,套脚款式,简约百搭,春季新款,58,男,湖北省,是,18,是
504708694,京东京造日常休闲冬季保暖,京东京造,99,146,68,4558,5510,100,飞织面料,TPR鞋底,松紧带鞋,日常休闲,冬季保暖,37,女,四川省,是,15,否
768748297,鸿星尔克潮流高街春季新款,鸿星尔克,99,134,74,1443,1897,97,混合材质,橡胶大底,松紧带鞋,潮流高街,春季新款,44,女,安徽省,是,8,否
291904703,耐克潮流潮流高街四季通用,耐克潮流,121,173,70,159,74,96,布面材质,混合鞋底,系带设计,潮流高街,四季通用,43,女,安徽省,是,3,否
886661306,李宁休闲日常休闲四季通用,李宁休闲,99,198,50,1,274,93,合成革鞋,混合鞋底,松紧带鞋,日常休闲,四季通用,40,男,安徽省,是,14,是
994063191,耐克潮流户外机能春季新款,耐克潮流,107,145,74,15,4508,97,超纤皮鞋,EVA轻底,魔术贴鞋,户外机能,春季新款,53,女,福建省,是,21,否
759685028,安踏运动工装硬朗四季通用,安踏运动,130,181,72,717,564,91,布面材质,混合鞋底,套脚款式,工装硬朗,四季通用,36,男,四川省,否,22,是
561384252,阿迪达斯简约百搭秋季百搭,阿迪达斯,130,178,73,45,993,96,布面材质,橡胶大底,魔术贴鞋,简约百搭,秋季百搭,47,女,河南省,是,21,否
102715063,李宁休闲户外机能夏季透气,李宁休闲,99,112,88,612,61,90,超纤皮鞋,TPR鞋底,系带设计,户外机能,夏季透气,47,女,安徽省,否,18,否
988892140,其他品牌日常休闲秋季百搭,其他品牌,112,133,84,1244,508,96,网布透气,MD发泡底,套脚款式,日常休闲,秋季百搭,54,女,江苏省,是,21,否
615171582,李宁休闲运动休闲冬季保暖,李宁休闲,114,146,78,3979,239,93,混合材质,MD发泡底,拉链鞋款,运动休闲,冬季保暖,34,女,江苏省,是,20,否
159243076,其他品牌潮流高街秋季百搭,其他品牌,280,549,51,203,1443,86,超纤皮鞋,TPR鞋底,松紧带鞋,潮流高街,秋季百搭,49,男,河南省,否,4,否
431333813,鸿星尔克简约百搭夏季透气,鸿星尔克,99,114,87,1233,658,91,高端飞织,PU中底,拉链鞋款,简约百搭,夏季透气,51,女,四川省,是,5,否
345687903,斯凯奇潮潮流高街春季新款,斯凯奇潮,99,198,50,784,495,91,真皮柔软,混合鞋底,系带设计,潮流高街,春季新款,44,女,广东省,是,21,是
412211724,耐克潮流复古潮鞋四季通用,耐克潮流,99,174,57,6,4132,86,飞织面料,TPR鞋底,套脚款式,复古潮鞋,四季通用,62,女,浙江省,否,16,否
298305297,京东京造工装硬朗冬季保暖,京东京造,124,210,59,729,3651,91,布面材质,PU中底,套脚款式,工装硬朗,冬季保暖,31,男,河北省,否,12,是
579539170,其他品牌工装硬朗春季新款,其他品牌,163,286,57,597,254,100,飞织面料,EVA轻底,魔术贴鞋,工装硬朗,春季新款,46,女,浙江省,否,21,是
328455732,安踏运动工装硬朗冬季保暖,安踏运动,116,171,68,965,723,88,飞织面料,TPR鞋底,松紧带鞋,工装硬朗,冬季保暖,55,男,福建省,否,8,是
573345234,特步男鞋简约百搭秋季百搭,特步男鞋,99,187,53,709,641,95,超纤皮鞋,PU中底,松紧带鞋,简约百搭,秋季百搭,39,女,河北省,是,3,是
396169545,安踏运动日常休闲春季新款,安踏运动,99,127,78,716,1464,94,真皮柔软,混合鞋底,套脚款式,日常休闲,春季新款,46,男,河南省,否,21,否
327019403,斯凯奇潮工装硬朗秋季百搭,斯凯奇潮,99,146,68,36,647,93,真皮柔软,PU中底,套脚款式,工装硬朗,秋季百搭,49,男,河北省,否,19,是
581166777,耐克潮流工装硬朗夏季透气,耐克潮流,178,241,74,240,6877,90,网布透气,MD发泡底,套脚款式,工装硬朗,夏季透气,56,男,四川省,否,7,否
824499816,安踏运动复古潮鞋秋季百搭,安踏运动,258,274,94,0,1630,93,布面材质,MD发泡底,松紧带鞋,复古潮鞋,秋季百搭,48,女,浙江省,否,20,否
178285650,回力经典日常休闲春季新款,回力经典,100,130,77,467,2449,90,布面材质,橡胶大底,系带设计,日常休闲,春季新款,49,女,山东省,是,22,否
708268654,李宁休闲复古潮鞋春季新款,李宁休闲,99,143,69,434,824,86,飞织面料,PU中底,松紧带鞋,复古潮鞋,春季新款,50,男,湖北省,否,19,是
613120833,其他品牌运动休闲冬季保暖,其他品牌,160,291,55,7,1513,97,布面材质,PU中底,魔术贴鞋,运动休闲,冬季保暖,33,女,河南省,否,21,否
970949641,斯凯奇潮运动休闲春季新款,斯凯奇潮,293,401,73,3031,6707,96,真皮柔软,PU中底,拉链鞋款,运动休闲,春季新款,42,女,河南省,否,16,否
495845071,其他品牌复古潮鞋冬季保暖,其他品牌,191,329,58,1263,37762,97,布面材质,PU中底,魔术贴鞋,复古潮鞋,冬季保暖,36,男,四川省,否,21,是
336490479,安踏运动复古潮鞋夏季透气,安踏运动,133,143,93,3820,65,94,网布透气,橡胶大底,拉链鞋款,复古潮鞋,夏季透气,54,男,湖北省,是,12,是
313075206,李宁休闲复古潮鞋秋季百搭,李宁休闲,99,99,100,1437,742,93,飞织面料,EVA轻底,套脚款式,复古潮鞋,秋季百搭,59,男,安徽省,否,12,是
269833530,李宁休闲潮流高街四季通用,李宁休闲,99,146,68,44,661,100,布面材质,混合鞋底,系带设计,潮流高街,四季通用,59,男,河南省,否,14,是
682028669,耐克潮流复古潮鞋春季新款,耐克潮流,155,199,78,4464,2278,100,高端飞织,TPR鞋底,拉链鞋款,复古潮鞋,春季新款,46,男,湖北省,是,4,否
457369148,鸿星尔克运动休闲冬季保暖,鸿星尔克,162,180,90,612,753,99,布面材质,EVA轻底,魔术贴鞋,运动休闲,冬季保暖,40,女,安徽省,是,23,否
465097363,其他品牌潮流高街四季通用,其他品牌,171,176,97,4160,1762,96,合成革鞋,混合鞋底,魔术贴鞋,潮流高街,四季通用,47,男,安徽省,是,4,否
615179190,鸿星尔克潮流高街夏季透气,鸿星尔克,99,190,52,967,41,98,合成革鞋,MD发泡底,松紧带鞋,潮流高街,夏季透气,55,女,河北省,是,16,是
674587271,回力经典户外机能春季新款,回力经典,105,157,67,845,337,96,布面材质,橡胶大底,套脚款式,户外机能,春季新款,54,女,湖北省,是,12,否
879950145,回力经典复古潮鞋秋季百搭,回力经典,119,149,80,1138,1130,94,超纤皮鞋,TPR鞋底,拉链鞋款,复古潮鞋,秋季百搭,40,男,江苏省,是,1,是
728154515,鸿星尔克日常休闲秋季百搭,鸿星尔克,222,427,52,2279,255,94,飞织面料,PU中底,拉链鞋款,日常休闲,秋季百搭,42,女,福建省,否,2,否
480061530,特步男鞋工装硬朗冬季保暖,特步男鞋,106,112,95,865,4524,98,布面材质,混合鞋底,拉链鞋款,工装硬朗,冬季保暖,37,男,广东省,是,10,否
765087271,安踏运动工装硬朗秋季百搭,安踏运动,208,310,67,703,5089,97,布面材质,TPR鞋底,拉链鞋款,工装硬朗,秋季百搭,50,女,广东省,否,16,是
781140379,其他品牌运动休闲秋季百搭,其他品牌,99,111,89,11,578,95,超纤皮鞋,MD发泡底,松紧带鞋,运动休闲,秋季百搭,43,女,河南省,否,20,否
972833537,回力经典户外机能冬季保暖,回力经典,122,194,63,50,376,96,混合材质,MD发泡底,松紧带鞋,户外机能,冬季保暖,49,女,浙江省,否,4,是
970720199,安踏运动运动休闲春季新款,安踏运动,167,190,88,616,17597,91,布面材质,MD发泡底,拉链鞋款,运动休闲,春季新款,41,男,广东省,是,9,是
510035153,耐克潮流简约百搭春季新款,耐克潮流,233,382,61,3909,1584,99,合成革鞋,EVA轻底,套脚款式,简约百搭,春季新款,46,女,山东省,是,0,否
167245219,斯凯奇潮户外机能秋季百搭,斯凯奇潮,99,130,76,682,1157,97,合成革鞋,TPR鞋底,魔术贴鞋,户外机能,秋季百搭,54,女,广东省,否,12,是
867857866,其他品牌运动休闲四季通用,其他品牌,102,165,62,1158,3188,91,真皮柔软,混合鞋底,魔术贴鞋,运动休闲,四季通用,44,男,四川省,是,19,否
606062891,阿迪达斯简约百搭秋季百搭,阿迪达斯,99,146,68,4762,1442,95,超纤皮鞋,橡胶大底,系带设计,简约百搭,秋季百搭,54,女,广东省,否,0,否
312182276,李宁休闲简约百搭四季通用,李宁休闲,168,218,77,1194,5958,99,布面材质,EVA轻底,系带设计,简约百搭,四季通用,56,女,四川省,是,9,是
673819167,京东京造简约百搭夏季透气,京东京造,147,152,97,677,1270,95,飞织面料,MD发泡底,套脚款式,简约百搭,夏季透气,39,女,福建省,是,22,否
811037397,回力经典工装硬朗冬季保暖,回力经典,180,243,74,1354,513,92,网布透气,混合鞋底,套脚款式,工装硬朗,冬季保暖,54,男,福建省,否,22,否
966200989,特步男鞋日常休闲四季通用,特步男鞋,99,194,51,1241,236,100,高端飞织,混合鞋底,魔术贴鞋,日常休闲,四季通用,46,女,山东省,是,20,否
249293647,安踏运动简约百搭四季通用,安踏运动,220,407,54,850,985,94,混合材质,PU中底,松紧带鞋,简约百搭,四季通用,48,男,河南省,是,20,是
339548346,特步男鞋日常休闲春季新款,特步男鞋,99,111,89,3023,856,92,真皮柔软,橡胶大底,松紧带鞋,日常休闲,春季新款,46,男,福建省,是,22,是
216474721,回力经典户外机能春季新款,回力经典,99,139,71,1366,567,95,飞织面料,混合鞋底,系带设计,户外机能,春季新款,36,女,安徽省,是,21,否
562658257,回力经典潮流高街四季通用,回力经典,160,172,93,371,2224,95,真皮柔软,MD发泡底,魔术贴鞋,潮流高街,四季通用,51,女,福建省,是,15,否
391726338,特步男鞋工装硬朗夏季透气,特步男鞋,119,192,62,1457,68,90,超纤皮鞋,橡胶大底,拉链鞋款,工装硬朗,夏季透气,39,男,湖北省,否,23,否
643189884,回力经典工装硬朗冬季保暖,回力经典,164,273,60,737,1971,92,真皮柔软,EVA轻底,拉链鞋款,工装硬朗,冬季保暖,39,男,江苏省,否,21,否
623389145,京东京造复古潮鞋夏季透气,京东京造,164,189,87,856,377,93,合成革鞋,TPR鞋底,系带设计,复古潮鞋,夏季透气,52,女,山东省,否,8,否
278839783,阿迪达斯简约百搭夏季透气,阿迪达斯,177,236,75,47,1996,100,高端飞织,PU中底,松紧带鞋,简约百搭,夏季透气,38,女,湖北省,是,13,是
216935992,鸿星尔克潮流高街冬季保暖,鸿星尔克,169,319,53,1382,5081,96,真皮柔软,PU中底,松紧带鞋,潮流高街,冬季保暖,51,女,江苏省,否,13,是
347238094,其他品牌简约百搭冬季保暖,其他品牌,213,309,69,266,555,95,混合材质,橡胶大底,套脚款式,简约百搭,冬季保暖,46,女,江苏省,否,14,是
466607552,鸿星尔克简约百搭夏季透气,鸿星尔克,122,131,93,270,156,98,超纤皮鞋,橡胶大底,系带设计,简约百搭,夏季透气,62,女,河南省,否,22,是
251741477,特步男鞋简约百搭冬季保暖,特步男鞋,99,115,86,6,1464,90,混合材质,TPR鞋底,套脚款式,简约百搭,冬季保暖,55,女,山东省,否,5,否
806664009,鸿星尔克潮流高街秋季百搭,鸿星尔克,113,140,81,1476,573,92,混合材质,PU中底,拉链鞋款,潮流高街,秋季百搭,56,男,湖北省,是,11,是
125769674,其他品牌复古潮鞋夏季透气,其他品牌,163,179,91,125,275,95,合成革鞋,TPR鞋底,松紧带鞋,复古潮鞋,夏季透气,48,男,广东省,是,7,否
765411850,李宁休闲潮流高街冬季保暖,李宁休闲,99,106,93,208,454,91,布面材质,橡胶大底,魔术贴鞋,潮流高街,冬季保暖,42,男,山东省,否,4,是
259314622,耐克潮流潮流高街四季通用,耐克潮流,99,134,74,4772,594,96,网布透气,PU中底,系带设计,潮流高街,四季通用,41,女,四川省,是,22,否
321584291,鸿星尔克潮流高街春季新款,鸿星尔克,196,245,80,220,71,90,布面材质,MD发泡底,魔术贴鞋,潮流高街,春季新款,50,男,湖北省,是,7,否
350232657,安踏运动户外机能四季通用,安踏运动,101,142,71,720,629,97,真皮柔软,橡胶大底,系带设计,户外机能,四季通用,41,女,河北省,是,21,否
790744903,回力经典复古潮鞋四季通用,回力经典,179,201,89,754,850,94,网布透气,MD发泡底,松紧带鞋,复古潮鞋,四季通用,58,男,湖北省,是,22,否
276552461,特步男鞋简约百搭夏季透气,特步男鞋,155,180,86,295,115,95,布面材质,混合鞋底,魔术贴鞋,简约百搭,夏季透气,51,男,河南省,否,11,否
321551389,斯凯奇潮简约百搭四季通用,斯凯奇潮,227,398,57,4711,1465,97,网布透气,MD发泡底,松紧带鞋,简约百搭,四季通用,59,女,湖北省,是,20,是
302584198,其他品牌复古潮鞋四季通用,其他品牌,251,502,50,4426,1391,95,真皮柔软,MD发泡底,魔术贴鞋,复古潮鞋,四季通用,47,女,浙江省,否,6,是
164888946,其他品牌潮流高街四季通用,其他品牌,99,119,83,445,2029,91,混合材质,EVA轻底,系带设计,潮流高街,四季通用,30,女,河北省,是,19,否
881609497,特步男鞋复古潮鞋秋季百搭,特步男鞋,110,208,53,12,6407,96,超纤皮鞋,混合鞋底,系带设计,复古潮鞋,秋季百搭,47,男,山东省,是,0,否
242966307,其他品牌潮流高街春季新款,其他品牌,206,261,79,1149,484,97,高端飞织,橡胶大底,系带设计,潮流高街,春季新款,34,男,四川省,是,1,否
707838073,特步男鞋日常休闲冬季保暖,特步男鞋,99,146,68,22,2393,94,飞织面料,橡胶大底,套脚款式,日常休闲,冬季保暖,44,女,湖北省,是,12,否
399471701,安踏运动复古潮鞋秋季百搭,安踏运动,241,344,70,36,1036,91,布面材质,TPR鞋底,系带设计,复古潮鞋,秋季百搭,39,女,福建省,否,6,是
858027455,京东京造运动休闲秋季百搭,京东京造,308,328,94,1358,1300,94,布面材质,混合鞋底,魔术贴鞋,运动休闲,秋季百搭,51,男,广东省,是,5,否
649740718,安踏运动工装硬朗秋季百搭,安踏运动,200,215,93,79,514,90,混合材质,PU中底,魔术贴鞋,工装硬朗,秋季百搭,51,男,山东省,否,15,是
305268080,李宁休闲潮流高街春季新款,李宁休闲,308,460,67,1302,1381,95,高端飞织,混合鞋底,松紧带鞋,潮流高街,春季新款,37,男,安徽省,是,14,是
108206091,安踏运动潮流高街夏季透气,安踏运动,319,532,60,18,1168,94,混合材质,MD发泡底,魔术贴鞋,潮流高街,夏季透气,53,女,浙江省,否,14,是
218258976,特步男鞋复古潮鞋秋季百搭,特步男鞋,99,111,89,900,787,98,高端飞织,混合鞋底,魔术贴鞋,复古潮鞋,秋季百搭,23,男,河南省,否,13,否
634411308,京东京造复古潮鞋秋季百搭,京东京造,225,292,77,31,655,90,飞织面料,橡胶大底,套脚款式,复古潮鞋,秋季百搭,58,女,山东省,否,20,是
634300416,其他品牌复古潮鞋春季新款,其他品牌,99,108,92,36,366,96,超纤皮鞋,橡胶大底,魔术贴鞋,复古潮鞋,春季新款,33,男,湖北省,否,20,否
786729656,特步男鞋运动休闲夏季透气,特步男鞋,158,259,61,44,3839,89,真皮柔软,TPR鞋底,套脚款式,运动休闲,夏季透气,19,男,江苏省,是,21,是
597312311,李宁休闲户外机能春季新款,李宁休闲,99,165,60,14,834,97,网布透气,MD发泡底,松紧带鞋,户外机能,春季新款,57,女,山东省,否,16,否
777218729,耐克潮流日常休闲春季新款,耐克潮流,125,223,56,1395,890,95,网布透气,橡胶大底,松紧带鞋,日常休闲,春季新款,55,男,福建省,否,11,否
666884614,京东京造简约百搭秋季百搭,京东京造,107,123,87,105,2277,93,超纤皮鞋,PU中底,拉链鞋款,简约百搭,秋季百搭,47,男,湖北省,否,17,否
926866666,京东京造户外机能秋季百搭,京东京造,213,263,81,2870,932,89,飞织面料,EVA轻底,系带设计,户外机能,秋季百搭,51,女,广东省,否,23,否
657763533,安踏运动复古潮鞋冬季保暖,安踏运动,99,122,81,321,1636,100,网布透气,EVA轻底,套脚款式,复古潮鞋,冬季保暖,45,男,安徽省,是,7,是
350941769,耐克潮流简约百搭夏季透气,耐克潮流,175,197,89,778,663,85,网布透气,MD发泡底,系带设计,简约百搭,夏季透气,42,女,安徽省,否,22,是
248654600,鸿星尔克潮流高街秋季百搭,鸿星尔克,99,104,95,532,902,97,布面材质,混合鞋底,松紧带鞋,潮流高街,秋季百搭,33,男,山东省,是,10,是
825807506,斯凯奇潮工装硬朗四季通用,斯凯奇潮,218,335,65,3610,771,91,合成革鞋,EVA轻底,松紧带鞋,工装硬朗,四季通用,56,男,河北省,是,20,是
981194011,安踏运动潮流高街秋季百搭,安踏运动,99,127,78,1030,1587,89,混合材质,MD发泡底,套脚款式,潮流高街,秋季百搭,61,男,江苏省,否,9,是
832081674,斯凯奇潮潮流高街秋季百搭,斯凯奇潮,132,152,87,477,595,95,混合材质,橡胶大底,松紧带鞋,潮流高街,秋季百搭,53,男,安徽省,否,6,是
773315634,鸿星尔克日常休闲春季新款,鸿星尔克,135,144,94,10,520,95,合成革鞋,PU中底,拉链鞋款,日常休闲,春季新款,53,女,浙江省,否,23,是
441742664,鸿星尔克工装硬朗春季新款,鸿星尔克,169,238,71,1399,1788,97,网布透气,TPR鞋底,套脚款式,工装硬朗,春季新款,57,男,广东省,否,13,是
737207615,李宁休闲日常休闲秋季百搭,李宁休闲,99,148,67,33,151,97,合成革鞋,混合鞋底,系带设计,日常休闲,秋季百搭,59,男,福建省,否,11,否
810051520,特步男鞋简约百搭秋季百搭,特步男鞋,185,226,82,28,546,90,真皮柔软,TPR鞋底,套脚款式,简约百搭,秋季百搭,51,男,河北省,否,11,否
213322441,回力经典复古潮鞋四季通用,回力经典,120,138,87,87,3396,99,网布透气,MD发泡底,系带设计,复古潮鞋,四季通用,48,男,广东省,是,7,否
554787474,斯凯奇潮复古潮鞋冬季保暖,斯凯奇潮,171,219,78,1158,812,91,合成革鞋,混合鞋底,松紧带鞋,复古潮鞋,冬季保暖,56,女,山东省,否,8,是
945861262,阿迪达斯户外机能四季通用,阿迪达斯,99,139,71,1172,4748,97,飞织面料,混合鞋底,套脚款式,户外机能,四季通用,53,男,山东省,否,10,是
995629475,回力经典工装硬朗冬季保暖,回力经典,193,327,59,969,1513,92,混合材质,PU中底,系带设计,工装硬朗,冬季保暖,42,男,河南省,否,20,是
496033773,安踏运动工装硬朗秋季百搭,安踏运动,236,268,88,3798,1631,97,网布透气,EVA轻底,魔术贴鞋,工装硬朗,秋季百搭,48,男,河北省,否,23,是
263811756,鸿星尔克户外机能夏季透气,鸿星尔克,99,138,72,782,4589,86,混合材质,混合鞋底,松紧带鞋,户外机能,夏季透气,65,女,安徽省,否,0,是
769934613,京东京造户外机能春季新款,京东京造,299,453,66,31,202,92,真皮柔软,MD发泡底,系带设计,户外机能,春季新款,52,女,广东省,是,1,是
119026329,李宁休闲日常休闲四季通用,李宁休闲,99,165,60,1101,700,97,真皮柔软,EVA轻底,魔术贴鞋,日常休闲,四季通用,43,男,福建省,是,5,是
158233432,安踏运动复古潮鞋冬季保暖,安踏运动,113,157,72,2912,413,95,合成革鞋,EVA轻底,松紧带鞋,复古潮鞋,冬季保暖,52,男,山东省,是,23,否
815818657,特步男鞋日常休闲四季通用,特步男鞋,170,212,80,408,1485,98,高端飞织,PU中底,松紧带鞋,日常休闲,四季通用,48,女,江苏省,否,12,是
168066638,其他品牌户外机能冬季保暖,其他品牌,152,160,95,68,3922,96,真皮柔软,橡胶大底,系带设计,户外机能,冬季保暖,58,女,河北省,是,21,否
370226641,鸿星尔克运动休闲冬季保暖,鸿星尔克,247,405,61,28,113,95,飞织面料,EVA轻底,拉链鞋款,运动休闲,冬季保暖,46,女,安徽省,是,20,是
777512961,其他品牌日常休闲冬季保暖,其他品牌,99,103,96,702,2760,96,布面材质,混合鞋底,魔术贴鞋,日常休闲,冬季保暖,53,男,湖北省,否,23,否
561373205,安踏运动复古潮鞋春季新款,安踏运动,147,158,93,4368,1685,94,飞织面料,橡胶大底,拉链鞋款,复古潮鞋,春季新款,43,男,广东省,是,15,是
628229520,回力经典简约百搭春季新款,回力经典,129,190,68,22,1435,90,网布透气,EVA轻底,魔术贴鞋,简约百搭,春季新款,35,男,广东省,是,22,是
399574163,回力经典潮流高街冬季保暖,回力经典,133,166,80,846,157,93,网布透气,PU中底,松紧带鞋,潮流高街,冬季保暖,46,男,四川省,否,2,否
969848428,特步男鞋复古潮鞋冬季保暖,特步男鞋,234,239,98,400,534,100,混合材质,TPR鞋底,松紧带鞋,复古潮鞋,冬季保暖,52,男,江苏省,是,20,是
803674212,京东京造日常休闲秋季百搭,京东京造,99,111,89,1293,851,95,布面材质,混合鞋底,套脚款式,日常休闲,秋季百搭,47,男,福建省,是,12,是
758722774,回力经典运动休闲春季新款,回力经典,99,116,85,982,102,95,网布透气,TPR鞋底,套脚款式,运动休闲,春季新款,60,女,湖北省,是,2,是
152929537,耐克潮流简约百搭四季通用,耐克潮流,99,103,96,4858,2539,94,网布透气,混合鞋底,拉链鞋款,简约百搭,四季通用,62,男,安徽省,是,22,否
246582360,鸿星尔克户外机能春季新款,鸿星尔克,131,222,59,923,186,91,合成革鞋,TPR鞋底,系带设计,户外机能,春季新款,29,男,山东省,是,2,否
111192115,回力经典潮流高街冬季保暖,回力经典,184,361,51,382,286,92,合成革鞋,MD发泡底,系带设计,潮流高街,冬季保暖,47,女,江苏省,否,21,是
430978247,阿迪达斯复古潮鞋夏季透气,阿迪达斯,99,157,63,552,124,93,布面材质,PU中底,松紧带鞋,复古潮鞋,夏季透气,46,女,江苏省,否,9,是
872019186,鸿星尔克日常休闲春季新款,鸿星尔克,189,230,82,11,486,98,高端飞织,PU中底,松紧带鞋,日常休闲,春季新款,35,男,广东省,是,20,否
781418845,斯凯奇潮日常休闲春季新款,斯凯奇潮,225,281,80,390,782,94,混合材质,混合鞋底,套脚款式,日常休闲,春季新款,57,女,湖北省,是,23,是
812702893,回力经典工装硬朗四季通用,回力经典,237,439,54,7,1587,94,合成革鞋,TPR鞋底,套脚款式,工装硬朗,四季通用,55,男,浙江省,否,20,否
961664559,耐克潮流户外机能冬季保暖,耐克潮流,128,217,59,1295,11448,100,网布透气,TPR鞋底,魔术贴鞋,户外机能,冬季保暖,43,男,福建省,否,23,是
303328572,李宁休闲简约百搭秋季百搭,李宁休闲,99,168,59,31,1500,99,高端飞织,EVA轻底,套脚款式,简约百搭,秋季百搭,49,男,福建省,是,16,否
632172002,其他品牌复古潮鞋冬季保暖,其他品牌,164,169,97,75,2399,90,高端飞织,橡胶大底,魔术贴鞋,复古潮鞋,冬季保暖,56,女,福建省,是,23,否
964415287,斯凯奇潮户外机能夏季透气,斯凯奇潮,406,655,62,1098,4965,93,网布透气,混合鞋底,松紧带鞋,户外机能,夏季透气,44,男,广东省,是,10,否
157287312,安踏运动日常休闲四季通用,安踏运动,206,271,76,1018,144,96,高端飞织,橡胶大底,松紧带鞋,日常休闲,四季通用,52,男,河南省,否,23,否
509041852,李宁休闲复古潮鞋秋季百搭,李宁休闲,99,171,58,3591,862,93,网布透气,混合鞋底,系带设计,复古潮鞋,秋季百搭,51,女,山东省,否,6,是
798807338,其他品牌工装硬朗春季新款,其他品牌,99,100,99,257,1015,90,高端飞织,EVA轻底,套脚款式,工装硬朗,春季新款,51,男,河北省,是,4,是
120976766,安踏运动运动休闲春季新款,安踏运动,200,241,83,12,500,90,布面材质,PU中底,松紧带鞋,运动休闲,春季新款,43,女,广东省,是,20,是
512298412,阿迪达斯运动休闲四季通用,阿迪达斯,283,298,95,496,1063,99,飞织面料,EVA轻底,松紧带鞋,运动休闲,四季通用,60,女,福建省,是,10,是
532698568,阿迪达斯工装硬朗四季通用,阿迪达斯,99,160,62,1429,684,99,混合材质,EVA轻底,拉链鞋款,工装硬朗,四季通用,48,女,江苏省,是,8,是
795322745,安踏运动日常休闲春季新款,安踏运动,99,119,83,556,1195,90,混合材质,橡胶大底,魔术贴鞋,日常休闲,春季新款,38,男,江苏省,是,21,否
884750224,耐克潮流日常休闲秋季百搭,耐克潮流,105,136,77,2,1585,96,超纤皮鞋,橡胶大底,松紧带鞋,日常休闲,秋季百搭,19,男,福建省,否,22,是
589330527,其他品牌工装硬朗春季新款,其他品牌,99,99,100,11,3417,97,飞织面料,MD发泡底,系带设计,工装硬朗,春季新款,49,男,山东省,是,8,否
111209748,其他品牌潮流高街四季通用,其他品牌,99,112,88,1200,2085,94,超纤皮鞋,EVA轻底,拉链鞋款,潮流高街,四季通用,44,男,安徽省,是,21,否
553242754,安踏运动户外机能夏季透气,安踏运动,99,116,85,955,434,97,真皮柔软,橡胶大底,魔术贴鞋,户外机能,夏季透气,45,女,浙江省,是,17,否
185051878,李宁休闲潮流高街夏季透气,李宁休闲,129,143,90,4095,1734,95,真皮柔软,橡胶大底,系带设计,潮流高街,夏季透气,44,男,广东省,否,18,是
197904053,京东京造工装硬朗夏季透气,京东京造,130,210,62,446,1694,94,合成革鞋,TPR鞋底,套脚款式,工装硬朗,夏季透气,36,女,福建省,否,22,是
211764290,安踏运动户外机能四季通用,安踏运动,99,157,63,47,1639,89,高端飞织,TPR鞋底,魔术贴鞋,户外机能,四季通用,36,男,江苏省,否,17,否
159852263,鸿星尔克日常休闲冬季保暖,鸿星尔克,99,124,80,421,573,89,高端飞织,橡胶大底,套脚款式,日常休闲,冬季保暖,40,男,河北省,否,8,是
918775343,其他品牌潮流高街秋季百搭,其他品牌,117,133,88,141,369,97,混合材质,混合鞋底,系带设计,潮流高街,秋季百搭,44,女,四川省,否,23,是
985200327,特步男鞋潮流高街夏季透气,特步男鞋,234,325,72,4,2068,99,布面材质,MD发泡底,拉链鞋款,潮流高街,夏季透气,43,男,湖北省,是,16,否
222164779,斯凯奇潮工装硬朗春季新款,斯凯奇潮,290,420,69,1262,952,98,混合材质,PU中底,拉链鞋款,工装硬朗,春季新款,46,女,江苏省,是,0,是
663006767,京东京造潮流高街冬季保暖,京东京造,99,187,53,37,1112,98,合成革鞋,橡胶大底,拉链鞋款,潮流高街,冬季保暖,39,女,浙江省,是,20,否
606507642,鸿星尔克复古潮鞋夏季透气,鸿星尔克,99,138,72,789,1188,95,超纤皮鞋,TPR鞋底,系带设计,复古潮鞋,夏季透气,53,女,河北省,是,11,是
995973201,阿迪达斯工装硬朗冬季保暖,阿迪达斯,190,292,65,142,450,91,真皮柔软,MD发泡底,松紧带鞋,工装硬朗,冬季保暖,49,男,四川省,是,1,否
629651621,鸿星尔克运动休闲秋季百搭,鸿星尔克,99,130,76,2464,483,98,高端飞织,混合鞋底,松紧带鞋,运动休闲,秋季百搭,60,男,安徽省,是,19,否
332744257,京东京造复古潮鞋冬季保暖,京东京造,110,212,52,976,152,90,网布透气,PU中底,拉链鞋款,复古潮鞋,冬季保暖,45,男,四川省,否,20,是
483627964,斯凯奇潮工装硬朗秋季百搭,斯凯奇潮,99,132,75,357,843,100,混合材质,TPR鞋底,拉链鞋款,工装硬朗,秋季百搭,54,女,江苏省,否,0,是
900401365,阿迪达斯工装硬朗秋季百搭,阿迪达斯,174,245,71,2229,1374,94,真皮柔软,PU中底,松紧带鞋,工装硬朗,秋季百搭,56,男,山东省,否,1,否
474032249,特步男鞋潮流高街夏季透气,特步男鞋,180,194,93,1036,7579,97,布面材质,混合鞋底,拉链鞋款,潮流高街,夏季透气,33,男,四川省,否,23,否
403210644,特步男鞋简约百搭四季通用,特步男鞋,195,241,81,20,582,89,布面材质,混合鞋底,系带设计,简约百搭,四季通用,53,男,河北省,是,21,是
990973396,其他品牌日常休闲冬季保暖,其他品牌,195,199,98,2133,1968,90,布面材质,MD发泡底,系带设计,日常休闲,冬季保暖,44,男,安徽省,是,20,是
166479255,回力经典简约百搭春季新款,回力经典,145,259,56,3502,460,91,布面材质,PU中底,松紧带鞋,简约百搭,春季新款,43,男,江苏省,否,16,是
901200267,阿迪达斯复古潮鞋夏季透气,阿迪达斯,144,185,78,1176,1394,94,高端飞织,TPR鞋底,拉链鞋款,复古潮鞋,夏季透气,52,女,河南省,是,1,是
409923173,特步男鞋日常休闲四季通用,特步男鞋,234,334,70,4048,891,92,超纤皮鞋,橡胶大底,拉链鞋款,日常休闲,四季通用,52,女,湖北省,否,21,否
314769956,耐克潮流户外机能春季新款,耐克潮流,235,276,85,22,311,96,合成革鞋,MD发泡底,套脚款式,户外机能,春季新款,47,女,湖北省,是,15,是
150202341,耐克潮流工装硬朗四季通用,耐克潮流,177,246,72,1019,186,91,超纤皮鞋,MD发泡底,套脚款式,工装硬朗,四季通用,46,男,广东省,是,21,否
163101877,特步男鞋简约百搭四季通用,特步男鞋,99,134,74,833,3024,94,合成革鞋,TPR鞋底,魔术贴鞋,简约百搭,四季通用,54,男,安徽省,否,18,是
542372718,耐克潮流复古潮鞋四季通用,耐克潮流,99,106,93,156,187,92,混合材质,PU中底,松紧带鞋,复古潮鞋,四季通用,58,女,山东省,是,6,否
870620601,京东京造运动休闲冬季保暖,京东京造,195,320,61,263,645,95,真皮柔软,橡胶大底,魔术贴鞋,运动休闲,冬季保暖,51,女,江苏省,是,20,否
475821671,鸿星尔克简约百搭冬季保暖,鸿星尔克,199,240,83,12,1027,98,混合材质,TPR鞋底,系带设计,简约百搭,冬季保暖,18,女,安徽省,是,21,否
586328782,阿迪达斯户外机能夏季透气,阿迪达斯,99,168,59,112,627,94,飞织面料,混合鞋底,系带设计,户外机能,夏季透气,59,女,四川省,否,16,否
688648638,阿迪达斯日常休闲冬季保暖,阿迪达斯,99,187,53,489,797,91,真皮柔软,MD发泡底,松紧带鞋,日常休闲,冬季保暖,51,男,广东省,否,3,是
927392662,安踏运动复古潮鞋春季新款,安踏运动,157,285,55,2680,778,93,高端飞织,TPR鞋底,系带设计,复古潮鞋,春季新款,18,女,江苏省,是,22,否
971202255,斯凯奇潮日常休闲冬季保暖,斯凯奇潮,276,297,93,649,344,90,真皮柔软,EVA轻底,松紧带鞋,日常休闲,冬季保暖,38,女,河南省,否,22,是
421594889,其他品牌简约百搭秋季百搭,其他品牌,99,125,79,811,1141,91,布面材质,EVA轻底,套脚款式,简约百搭,秋季百搭,51,女,福建省,是,23,否
307951166,其他品牌工装硬朗四季通用,其他品牌,99,116,85,996,18604,96,合成革鞋,TPR鞋底,拉链鞋款,工装硬朗,四季通用,38,女,福建省,否,23,否
790499234,其他品牌复古潮鞋秋季百搭,其他品牌,99,100,99,1483,855,94,超纤皮鞋,橡胶大底,拉链鞋款,复古潮鞋,秋季百搭,50,女,湖北省,否,1,否
487618857,鸿星尔克户外机能夏季透气,鸿星尔克,99,105,94,595,951,96,真皮柔软,MD发泡底,魔术贴鞋,户外机能,夏季透气,46,男,河南省,否,17,是
915409517,鸿星尔克复古潮鞋四季通用,鸿星尔克,177,186,95,5,1644,95,布面材质,混合鞋底,松紧带鞋,复古潮鞋,四季通用,44,男,安徽省,是,22,否
945916518,其他品牌简约百搭夏季透气,其他品牌,202,311,65,739,450,90,真皮柔软,混合鞋底,套脚款式,简约百搭,夏季透气,45,女,浙江省,是,5,否
630885876,鸿星尔克潮流高街春季新款,鸿星尔克,168,329,51,42,662,92,布面材质,混合鞋底,拉链鞋款,潮流高街,春季新款,41,女,河北省,是,22,是
508989199,安踏运动日常休闲冬季保暖,安踏运动,173,279,62,21,13530,90,网布透气,橡胶大底,套脚款式,日常休闲,冬季保暖,47,男,四川省,否,10,是
624912394,鸿星尔克潮流高街冬季保暖,鸿星尔克,206,312,66,1400,1584,96,高端飞织,MD发泡底,系带设计,潮流高街,冬季保暖,47,男,江苏省,否,7,否
570546834,鸿星尔克简约百搭秋季百搭,鸿星尔克,99,162,61,1132,257,100,合成革鞋,MD发泡底,魔术贴鞋,简约百搭,秋季百搭,48,女,广东省,否,15,否
995900031,李宁休闲日常休闲秋季百搭,李宁休闲,303,333,91,931,449,99,网布透气,MD发泡底,拉链鞋款,日常休闲,秋季百搭,57,女,江苏省,否,3,否
578273485,耐克潮流工装硬朗秋季百搭,耐克潮流,113,205,55,2997,697,97,超纤皮鞋,MD发泡底,魔术贴鞋,工装硬朗,秋季百搭,36,男,浙江省,否,11,否
693207622,李宁休闲日常休闲秋季百搭,李宁休闲,129,150,86,4192,978,90,超纤皮鞋,TPR鞋底,拉链鞋款,日常休闲,秋季百搭,55,男,河南省,否,17,是
469220482,鸿星尔克运动休闲春季新款,鸿星尔克,178,196,91,856,2408,91,飞织面料,TPR鞋底,套脚款式,运动休闲,春季新款,56,女,河北省,否,17,是
910544169,特步男鞋日常休闲春季新款,特步男鞋,138,138,100,649,8181,85,高端飞织,EVA轻底,魔术贴鞋,日常休闲,春季新款,52,女,安徽省,否,21,否
241881660,李宁休闲工装硬朗四季通用,李宁休闲,99,99,100,1238,3463,95,真皮柔软,橡胶大底,拉链鞋款,工装硬朗,四季通用,49,女,河北省,是,2,否
473057082,安踏运动简约百搭春季新款,安踏运动,100,152,66,894,798,94,合成革鞋,PU中底,魔术贴鞋,简约百搭,春季新款,51,男,山东省,否,4,是
776863497,耐克潮流日常休闲冬季保暖,耐克潮流,99,106,93,391,3917,98,网布透气,橡胶大底,系带设计,日常休闲,冬季保暖,41,男,浙江省,否,17,否
348959735,耐克潮流日常休闲春季新款,耐克潮流,170,246,69,1117,1851,96,混合材质,混合鞋底,松紧带鞋,日常休闲,春季新款,18,女,广东省,是,12,是
682880037,其他品牌日常休闲秋季百搭,其他品牌,138,226,61,141,955,92,高端飞织,混合鞋底,系带设计,日常休闲,秋季百搭,36,女,湖北省,否,15,否
270586645,特步男鞋运动休闲秋季百搭,特步男鞋,189,236,80,334,988,92,超纤皮鞋,MD发泡底,松紧带鞋,运动休闲,秋季百搭,34,女,湖北省,是,20,是
480780528,回力经典日常休闲冬季保暖,回力经典,99,198,50,42,3124,93,真皮柔软,橡胶大底,套脚款式,日常休闲,冬季保暖,41,女,山东省,否,14,是
483193766,阿迪达斯日常休闲夏季透气,阿迪达斯,99,118,84,2142,1587,99,布面材质,EVA轻底,松紧带鞋,日常休闲,夏季透气,43,男,广东省,否,0,否
373847873,回力经典运动休闲冬季保暖,回力经典,99,103,96,758,479,99,超纤皮鞋,TPR鞋底,系带设计,运动休闲,冬季保暖,46,男,河南省,否,21,否
297010126,耐克潮流潮流高街秋季百搭,耐克潮流,255,345,74,842,276,94,高端飞织,TPR鞋底,套脚款式,潮流高街,秋季百搭,41,女,河北省,是,2,否
826093245,阿迪达斯运动休闲秋季百搭,阿迪达斯,186,258,72,751,534,98,混合材质,MD发泡底,松紧带鞋,运动休闲,秋季百搭,41,女,江苏省,否,20,否
867247527,李宁休闲简约百搭秋季百搭,李宁休闲,181,297,61,874,7076,98,布面材质,TPR鞋底,套脚款式,简约百搭,秋季百搭,60,女,江苏省,否,14,否
247822008,京东京造日常休闲秋季百搭,京东京造,217,434,50,1400,2769,95,合成革鞋,混合鞋底,松紧带鞋,日常休闲,秋季百搭,50,男,四川省,否,22,否
379212351,安踏运动潮流高街夏季透气,安踏运动,123,195,63,1427,1526,95,真皮柔软,PU中底,套脚款式,潮流高街,夏季透气,32,男,江苏省,否,1,否
990817245,安踏运动日常休闲夏季透气,安踏运动,99,198,50,516,1158,91,合成革鞋,MD发泡底,系带设计,日常休闲,夏季透气,49,男,广东省,是,20,否
542076321,李宁休闲工装硬朗秋季百搭,李宁休闲,99,103,96,1241,548,95,混合材质,PU中底,魔术贴鞋,工装硬朗,秋季百搭,60,女,四川省,是,17,是
415459466,安踏运动工装硬朗冬季保暖,安踏运动,99,160,62,1403,4089,93,布面材质,MD发泡底,松紧带鞋,工装硬朗,冬季保暖,55,女,江苏省,否,18,否
560887444,斯凯奇潮户外机能夏季透气,斯凯奇潮,208,416,50,2095,1052,95,合成革鞋,橡胶大底,系带设计,户外机能,夏季透气,31,女,四川省,是,4,是
171304316,特步男鞋户外机能秋季百搭,特步男鞋,99,103,96,54,342,94,真皮柔软,EVA轻底,套脚款式,户外机能,秋季百搭,46,女,浙江省,是,23,否
930161614,阿迪达斯户外机能春季新款,阿迪达斯,118,142,83,2211,686,91,高端飞织,橡胶大底,拉链鞋款,户外机能,春季新款,45,男,广东省,是,20,是
420339744,安踏运动户外机能春季新款,安踏运动,99,103,96,2097,602,94,合成革鞋,EVA轻底,系带设计,户外机能,春季新款,36,女,安徽省,是,20,否
616143725,特步男鞋潮流高街冬季保暖,特步男鞋,99,132,75,259,783,96,合成革鞋,MD发泡底,系带设计,潮流高街,冬季保暖,47,女,湖北省,是,11,是
581973125,斯凯奇潮简约百搭冬季保暖,斯凯奇潮,112,126,89,5,208,93,真皮柔软,EVA轻底,套脚款式,简约百搭,冬季保暖,49,女,广东省,是,23,否
887465985,京东京造户外机能四季通用,京东京造,449,898,50,1042,242,92,飞织面料,EVA轻底,松紧带鞋,户外机能,四季通用,35,男,福建省,否,0,否
344543187,阿迪达斯工装硬朗四季通用,阿迪达斯,275,320,86,710,1533,96,飞织面料,MD发泡底,松紧带鞋,工装硬朗,四季通用,22,女,湖北省,否,18,是
828081462,阿迪达斯潮流高街四季通用,阿迪达斯,170,283,60,1,490,94,飞织面料,EVA轻底,拉链鞋款,潮流高街,四季通用,45,男,河南省,是,13,否
650058131,耐克潮流运动休闲冬季保暖,耐克潮流,99,129,77,169,53,97,超纤皮鞋,TPR鞋底,松紧带鞋,运动休闲,冬季保暖,58,女,河南省,否,23,是
865117451,鸿星尔克日常休闲秋季百搭,鸿星尔克,320,427,75,2029,206,90,真皮柔软,EVA轻底,拉链鞋款,日常休闲,秋季百搭,52,男,山东省,是,23,否
877831780,斯凯奇潮简约百搭春季新款,斯凯奇潮,160,168,95,937,1149,93,布面材质,PU中底,系带设计,简约百搭,春季新款,45,女,浙江省,否,19,否
614648991,京东京造户外机能秋季百搭,京东京造,99,122,81,619,1533,90,超纤皮鞋,MD发泡底,魔术贴鞋,户外机能,秋季百搭,56,男,湖北省,否,9,是
221032715,其他品牌简约百搭春季新款,其他品牌,99,183,54,1131,1566,91,高端飞织,混合鞋底,拉链鞋款,简约百搭,春季新款,42,女,河北省,是,19,是
644183918,耐克潮流户外机能四季通用,耐克潮流,99,136,73,338,283,99,飞织面料,混合鞋底,魔术贴鞋,户外机能,四季通用,59,女,浙江省,是,8,是
522559229,京东京造户外机能四季通用,京东京造,99,121,82,1187,6425,98,飞织面料,MD发泡底,松紧带鞋,户外机能,四季通用,63,女,安徽省,是,1,否
393303213,特步男鞋复古潮鞋春季新款,特步男鞋,110,186,59,1032,15533,93,超纤皮鞋,混合鞋底,套脚款式,复古潮鞋,春季新款,49,男,山东省,否,20,是
138273216,斯凯奇潮户外机能四季通用,斯凯奇潮,99,155,64,3726,516,100,合成革鞋,EVA轻底,套脚款式,户外机能,四季通用,41,女,江苏省,是,9,否
478510160,鸿星尔克简约百搭春季新款,鸿星尔克,279,416,67,1155,2426,98,高端飞织,橡胶大底,套脚款式,简约百搭,春季新款,48,女,安徽省,否,23,否
122125313,其他品牌户外机能冬季保暖,其他品牌,99,106,93,4975,3992,96,合成革鞋,MD发泡底,拉链鞋款,户外机能,冬季保暖,57,男,河南省,是,13,是
979188806,李宁休闲日常休闲秋季百搭,李宁休闲,99,110,90,108,2262,91,真皮柔软,橡胶大底,系带设计,日常休闲,秋季百搭,34,女,河南省,是,5,是
187747661,其他品牌潮流高街夏季透气,其他品牌,300,312,96,651,498,95,超纤皮鞋,PU中底,松紧带鞋,潮流高街,夏季透气,47,男,安徽省,是,15,是
318741769,阿迪达斯简约百搭冬季保暖,阿迪达斯,99,100,99,871,1106,99,合成革鞋,MD发泡底,松紧带鞋,简约百搭,冬季保暖,43,女,福建省,否,20,否
440157230,安踏运动户外机能四季通用,安踏运动,111,123,90,473,12268,96,真皮柔软,PU中底,魔术贴鞋,户外机能,四季通用,46,女,浙江省,是,0,否
258518674,京东京造工装硬朗冬季保暖,京东京造,99,134,74,2067,947,98,高端飞织,EVA轻底,魔术贴鞋,工装硬朗,冬季保暖,47,女,浙江省,否,14,否
778875265,京东京造户外机能四季通用,京东京造,224,255,88,929,2169,96,高端飞织,PU中底,套脚款式,户外机能,四季通用,55,女,安徽省,是,23,是
624551155,鸿星尔克潮流高街春季新款,鸿星尔克,133,168,79,31,3926,100,混合材质,TPR鞋底,魔术贴鞋,潮流高街,春季新款,39,女,浙江省,否,5,是
530504862,回力经典简约百搭春季新款,回力经典,99,116,85,1400,342,94,布面材质,橡胶大底,套脚款式,简约百搭,春季新款,56,男,广东省,是,18,是
618161498,阿迪达斯简约百搭冬季保暖,阿迪达斯,128,135,95,1272,589,93,网布透气,PU中底,松紧带鞋,简约百搭,冬季保暖,53,男,山东省,是,20,否
423945184,安踏运动日常休闲秋季百搭,安踏运动,186,310,60,2,1489,94,飞织面料,橡胶大底,松紧带鞋,日常休闲,秋季百搭,46,女,河北省,是,21,是
885018346,斯凯奇潮工装硬朗秋季百搭,斯凯奇潮,190,247,77,50,879,99,合成革鞋,TPR鞋底,魔术贴鞋,工装硬朗,秋季百搭,54,男,湖北省,是,17,是
317252230,京东京造日常休闲夏季透气,京东京造,99,136,73,561,868,92,布面材质,混合鞋底,拉链鞋款,日常休闲,夏季透气,47,女,福建省,是,3,否
753282564,阿迪达斯日常休闲春季新款,阿迪达斯,146,180,81,1383,2503,90,合成革鞋,TPR鞋底,魔术贴鞋,日常休闲,春季新款,18,男,江苏省,是,20,是
350270233,李宁休闲工装硬朗春季新款,李宁休闲,99,180,55,275,1616,95,超纤皮鞋,橡胶大底,拉链鞋款,工装硬朗,春季新款,44,男,四川省,是,16,否
269524938,其他品牌日常休闲春季新款,其他品牌,103,166,62,420,2086,92,高端飞织,PU中底,系带设计,日常休闲,春季新款,35,女,湖北省,否,23,否
372097971,京东京造简约百搭四季通用,京东京造,110,139,79,512,4339,98,超纤皮鞋,MD发泡底,系带设计,简约百搭,四季通用,62,男,福建省,否,10,否
980573658,耐克潮流户外机能冬季保暖,耐克潮流,99,129,77,204,252,91,合成革鞋,MD发泡底,松紧带鞋,户外机能,冬季保暖,50,女,江苏省,是,13,是
838277332,其他品牌日常休闲秋季百搭,其他品牌,99,124,80,1482,596,86,飞织面料,MD发泡底,拉链鞋款,日常休闲,秋季百搭,46,女,四川省,是,14,是
942600293,京东京造工装硬朗秋季百搭,京东京造,149,157,95,570,2343,92,超纤皮鞋,TPR鞋底,系带设计,工装硬朗,秋季百搭,36,男,江苏省,是,18,否
264851349,回力经典工装硬朗秋季百搭,回力经典,99,190,52,1168,913,86,真皮柔软,EVA轻底,系带设计,工装硬朗,秋季百搭,54,男,福建省,是,12,否
988713135,斯凯奇潮复古潮鞋四季通用,斯凯奇潮,197,303,65,853,407,92,真皮柔软,混合鞋底,魔术贴鞋,复古潮鞋,四季通用,46,女,河北省,否,10,是
660772954,斯凯奇潮简约百搭夏季透气,斯凯奇潮,330,363,91,492,777,95,高端飞织,MD发泡底,系带设计,简约百搭,夏季透气,41,男,广东省,是,22,是
487993182,阿迪达斯运动休闲冬季保暖,阿迪达斯,102,120,85,952,346,93,布面材质,橡胶大底,系带设计,运动休闲,冬季保暖,48,女,江苏省,是,7,是
102282748,鸿星尔克运动休闲秋季百搭,鸿星尔克,99,134,74,144,5949,93,布面材质,MD发泡底,魔术贴鞋,运动休闲,秋季百搭,50,男,福建省,否,7,是
711005125,回力经典日常休闲夏季透气,回力经典,163,185,88,3251,709,94,布面材质,PU中底,套脚款式,日常休闲,夏季透气,52,男,湖北省,是,3,是
218235009,安踏运动复古潮鞋四季通用,安踏运动,182,308,59,1109,380,90,混合材质,混合鞋底,拉链鞋款,复古潮鞋,四季通用,42,男,广东省,是,10,否
559390928,京东京造日常休闲夏季透气,京东京造,246,332,74,1325,902,97,飞织面料,EVA轻底,松紧带鞋,日常休闲,夏季透气,45,女,四川省,否,12,否
739530111,斯凯奇潮运动休闲夏季透气,斯凯奇潮,110,128,86,471,1797,96,网布透气,橡胶大底,拉链鞋款,运动休闲,夏季透气,52,男,江苏省,否,0,否
256364997,李宁休闲运动休闲夏季透气,李宁休闲,99,138,72,30,3092,92,超纤皮鞋,PU中底,套脚款式,运动休闲,夏季透气,44,男,山东省,否,21,是
954613539,阿迪达斯工装硬朗四季通用,阿迪达斯,159,167,95,15,1668,97,真皮柔软,PU中底,套脚款式,工装硬朗,四季通用,58,男,广东省,是,5,否
644079950,安踏运动潮流高街夏季透气,安踏运动,223,319,70,1273,141,92,真皮柔软,橡胶大底,系带设计,潮流高街,夏季透气,58,女,河南省,否,3,否
627445079,耐克潮流运动休闲秋季百搭,耐克潮流,130,160,81,694,5821,96,真皮柔软,EVA轻底,系带设计,运动休闲,秋季百搭,41,男,浙江省,是,7,是
591129964,安踏运动简约百搭四季通用,安踏运动,99,125,79,34,3265,88,飞织面料,混合鞋底,松紧带鞋,简约百搭,四季通用,39,男,四川省,是,9,是
972223849,京东京造户外机能春季新款,京东京造,145,171,85,735,115,86,飞织面料,TPR鞋底,系带设计,户外机能,春季新款,33,男,湖北省,否,15,否
105754969,其他品牌工装硬朗秋季百搭,其他品牌,237,239,99,1206,805,91,高端飞织,TPR鞋底,拉链鞋款,工装硬朗,秋季百搭,55,女,广东省,是,20,是
399232514,鸿星尔克工装硬朗春季新款,鸿星尔克,99,165,60,439,15487,94,真皮柔软,MD发泡底,系带设计,工装硬朗,春季新款,49,男,广东省,是,20,否
760319576,李宁休闲工装硬朗四季通用,李宁休闲,129,243,53,352,2150,94,网布透气,EVA轻底,套脚款式,工装硬朗,四季通用,50,女,山东省,是,18,是
151762552,特步男鞋日常休闲冬季保暖,特步男鞋,120,128,94,190,1876,91,合成革鞋,MD发泡底,套脚款式,日常休闲,冬季保暖,56,女,广东省,是,21,是
102513240,京东京造简约百搭夏季透气,京东京造,99,143,69,46,1272,100,超纤皮鞋,橡胶大底,魔术贴鞋,简约百搭,夏季透气,41,女,河南省,否,20,否
733269758,其他品牌户外机能秋季百搭,其他品牌,108,124,87,44,7208,97,合成革鞋,EVA轻底,松紧带鞋,户外机能,秋季百搭,53,女,广东省,否,13,否
613040984,耐克潮流户外机能夏季透气,耐克潮流,171,295,58,3353,23173,95,真皮柔软,混合鞋底,拉链鞋款,户外机能,夏季透气,51,男,湖北省,是,8,否
902217605,其他品牌日常休闲春季新款,其他品牌,205,281,73,1268,5604,90,高端飞织,PU中底,松紧带鞋,日常休闲,春季新款,44,女,福建省,是,23,是
377901978,斯凯奇潮日常休闲四季通用,斯凯奇潮,99,100,99,1181,3650,96,超纤皮鞋,PU中底,系带设计,日常休闲,四季通用,42,男,山东省,是,16,否
675245740,耐克潮流简约百搭秋季百搭,耐克潮流,118,134,88,1465,2782,95,高端飞织,混合鞋底,套脚款式,简约百搭,秋季百搭,18,女,江苏省,否,7,否
921270679,特步男鞋日常休闲四季通用,特步男鞋,104,153,68,1484,1294,93,网布透气,橡胶大底,系带设计,日常休闲,四季通用,45,男,浙江省,是,9,否
969971444,斯凯奇潮工装硬朗冬季保暖,斯凯奇潮,131,162,81,291,1880,93,超纤皮鞋,混合鞋底,系带设计,工装硬朗,冬季保暖,56,女,江苏省,是,22,否
881240896,安踏运动复古潮鞋秋季百搭,安踏运动,179,199,90,551,2631,96,布面材质,橡胶大底,拉链鞋款,复古潮鞋,秋季百搭,48,女,安徽省,否,17,是
190220033,特步男鞋日常休闲四季通用,特步男鞋,99,198,50,0,841,94,布面材质,TPR鞋底,松紧带鞋,日常休闲,四季通用,43,女,安徽省,否,16,是
910974948,安踏运动户外机能春季新款,安踏运动,110,193,57,808,795,91,超纤皮鞋,TPR鞋底,系带设计,户外机能,春季新款,40,女,福建省,否,23,否
427046377,回力经典户外机能夏季透气,回力经典,152,262,58,844,481,97,飞织面料,橡胶大底,系带设计,户外机能,夏季透气,45,女,江苏省,否,7,是
355191006,回力经典潮流高街秋季百搭,回力经典,196,288,68,1408,182,91,合成革鞋,混合鞋底,系带设计,潮流高街,秋季百搭,44,男,浙江省,是,2,否
517160223,阿迪达斯简约百搭四季通用,阿迪达斯,99,118,84,2045,739,95,飞织面料,橡胶大底,系带设计,简约百搭,四季通用,50,男,河南省,是,6,是
534219043,安踏运动户外机能冬季保暖,安踏运动,178,196,91,1393,1101,99,合成革鞋,TPR鞋底,拉链鞋款,户外机能,冬季保暖,59,女,四川省,是,17,否
323990014,特步男鞋简约百搭春季新款,特步男鞋,285,401,71,348,210,91,高端飞织,EVA轻底,套脚款式,简约百搭,春季新款,44,男,广东省,否,21,否
606562278,鸿星尔克潮流高街秋季百搭,鸿星尔克,636,883,72,897,3101,89,超纤皮鞋,PU中底,魔术贴鞋,潮流高街,秋季百搭,47,女,广东省,否,20,是
523975612,回力经典简约百搭春季新款,回力经典,99,102,97,14,3680,90,混合材质,混合鞋底,拉链鞋款,简约百搭,春季新款,56,女,山东省,是,6,否
776099289,安踏运动运动休闲夏季透气,安踏运动,664,991,67,29,663,91,高端飞织,PU中底,松紧带鞋,运动休闲,夏季透气,50,男,河北省,是,3,否
430540780,斯凯奇潮日常休闲春季新款,斯凯奇潮,260,338,77,1014,362,99,网布透气,MD发泡底,套脚款式,日常休闲,春季新款,20,男,广东省,否,2,否
228591281,京东京造户外机能冬季保暖,京东京造,99,124,80,19,1288,90,飞织面料,TPR鞋底,松紧带鞋,户外机能,冬季保暖,49,女,河北省,否,22,否
484256355,安踏运动复古潮鞋春季新款,安踏运动,129,170,76,1496,254,99,混合材质,MD发泡底,松紧带鞋,复古潮鞋,春季新款,41,女,广东省,是,15,否
392442559,其他品牌运动休闲冬季保暖,其他品牌,163,233,70,1333,580,91,混合材质,MD发泡底,拉链鞋款,运动休闲,冬季保暖,38,男,河北省,是,1,是
387819775,京东京造潮流高街秋季百搭,京东京造,106,123,86,858,1612,93,网布透气,TPR鞋底,松紧带鞋,潮流高街,秋季百搭,44,男,河北省,否,22,否
424149543,其他品牌潮流高街冬季保暖,其他品牌,188,216,87,8,6102,87,布面材质,橡胶大底,系带设计,潮流高街,冬季保暖,49,女,安徽省,是,6,否
407753163,阿迪达斯简约百搭春季新款,阿迪达斯,184,184,100,900,83,95,高端飞织,橡胶大底,拉链鞋款,简约百搭,春季新款,41,男,安徽省,否,9,否
641570285,李宁休闲潮流高街春季新款,李宁休闲,99,160,62,4142,3342,99,真皮柔软,混合鞋底,松紧带鞋,潮流高街,春季新款,51,男,浙江省,否,1,是
823322488,斯凯奇潮复古潮鞋秋季百搭,斯凯奇潮,124,185,67,1395,523,99,飞织面料,PU中底,系带设计,复古潮鞋,秋季百搭,58,女,河南省,否,0,是
436277204,耐克潮流日常休闲春季新款,耐克潮流,174,328,53,835,1169,99,高端飞织,PU中底,套脚款式,日常休闲,春季新款,49,女,福建省,否,2,否
210087058,鸿星尔克户外机能夏季透气,鸿星尔克,123,208,59,3817,21802,91,飞织面料,TPR鞋底,魔术贴鞋,户外机能,夏季透气,21,女,山东省,是,20,是
140839080,李宁休闲工装硬朗冬季保暖,李宁休闲,298,304,98,735,1337,92,合成革鞋,TPR鞋底,系带设计,工装硬朗,冬季保暖,36,女,福建省,是,4,是
109858339,耐克潮流复古潮鞋秋季百搭,耐克潮流,162,172,94,767,654,95,网布透气,混合鞋底,系带设计,复古潮鞋,秋季百搭,38,男,江苏省,否,21,否
961382182,鸿星尔克运动休闲冬季保暖,鸿星尔克,109,154,71,1340,4651,94,超纤皮鞋,MD发泡底,魔术贴鞋,运动休闲,冬季保暖,32,女,安徽省,是,4,否
185948220,安踏运动工装硬朗秋季百搭,安踏运动,127,244,52,1451,1206,97,混合材质,MD发泡底,系带设计,工装硬朗,秋季百搭,40,女,山东省,否,20,否
789815982,阿迪达斯工装硬朗冬季保暖,阿迪达斯,99,177,56,584,109,88,合成革鞋,PU中底,套脚款式,工装硬朗,冬季保暖,54,女,山东省,是,15,是
300845857,耐克潮流复古潮鞋冬季保暖,耐克潮流,256,382,67,28,121,97,超纤皮鞋,TPR鞋底,拉链鞋款,复古潮鞋,冬季保暖,61,女,福建省,否,22,是
273379139,回力经典工装硬朗秋季百搭,回力经典,105,111,95,2586,1080,91,网布透气,橡胶大底,系带设计,工装硬朗,秋季百搭,50,男,河南省,否,23,是
749360523,阿迪达斯工装硬朗冬季保暖,阿迪达斯,100,135,74,605,3604,95,飞织面料,MD发泡底,魔术贴鞋,工装硬朗,冬季保暖,43,女,四川省,是,22,否
471809123,李宁休闲运动休闲春季新款,李宁休闲,99,114,87,1395,3457,96,布面材质,橡胶大底,系带设计,运动休闲,春季新款,35,女,河南省,是,5,否
511184043,斯凯奇潮潮流高街冬季保暖,斯凯奇潮,99,124,80,1270,50000,91,混合材质,EVA轻底,魔术贴鞋,潮流高街,冬季保暖,46,男,安徽省,否,10,是
195007251,其他品牌户外机能夏季透气,其他品牌,143,191,75,31,3278,95,网布透气,EVA轻底,系带设计,户外机能,夏季透气,45,男,浙江省,否,21,是
312057066,京东京造工装硬朗夏季透气,京东京造,290,330,88,196,1494,90,飞织面料,橡胶大底,魔术贴鞋,工装硬朗,夏季透气,42,女,山东省,否,16,是
666033225,其他品牌户外机能秋季百搭,其他品牌,205,289,71,1378,1444,93,网布透气,橡胶大底,拉链鞋款,户外机能,秋季百搭,53,男,广东省,否,22,否
751699433,斯凯奇潮潮流高街冬季保暖,斯凯奇潮,99,108,92,1250,5920,90,真皮柔软,EVA轻底,套脚款式,潮流高街,冬季保暖,54,男,福建省,否,5,否
783817270,鸿星尔克复古潮鞋冬季保暖,鸿星尔克,248,279,89,4735,6807,95,超纤皮鞋,MD发泡底,套脚款式,复古潮鞋,冬季保暖,39,男,湖北省,是,2,是
921091094,鸿星尔克简约百搭春季新款,鸿星尔克,169,307,55,749,547,97,合成革鞋,EVA轻底,系带设计,简约百搭,春季新款,49,男,江苏省,否,14,是
435056235,阿迪达斯简约百搭四季通用,阿迪达斯,167,226,74,87,175,89,飞织面料,PU中底,套脚款式,简约百搭,四季通用,37,男,湖北省,否,21,是
111198609,耐克潮流潮流高街冬季保暖,耐克潮流,172,261,66,410,1202,97,合成革鞋,MD发泡底,魔术贴鞋,潮流高街,冬季保暖,53,男,浙江省,是,1,是
985899218,特步男鞋户外机能四季通用,特步男鞋,99,119,83,31,243,98,超纤皮鞋,混合鞋底,拉链鞋款,户外机能,四季通用,53,男,四川省,是,20,是
211383202,阿迪达斯潮流高街夏季透气,阿迪达斯,130,144,90,1232,2199,94,混合材质,MD发泡底,拉链鞋款,潮流高街,夏季透气,57,男,广东省,否,9,是
938822306,安踏运动户外机能秋季百搭,安踏运动,225,296,76,1436,450,96,真皮柔软,EVA轻底,套脚款式,户外机能,秋季百搭,53,男,四川省,是,23,否
739257282,耐克潮流复古潮鞋秋季百搭,耐克潮流,105,157,67,44,1828,95,真皮柔软,PU中底,套脚款式,复古潮鞋,秋季百搭,53,男,河南省,否,19,是
950500253,安踏运动复古潮鞋夏季透气,安踏运动,144,288,50,622,615,97,混合材质,橡胶大底,拉链鞋款,复古潮鞋,夏季透气,41,女,河南省,是,10,是
619511505,安踏运动潮流高街秋季百搭,安踏运动,131,208,63,1233,903,92,网布透气,MD发泡底,套脚款式,潮流高街,秋季百搭,53,男,河北省,否,21,否
533250353,其他品牌潮流高街冬季保暖,其他品牌,123,212,58,804,1174,93,混合材质,EVA轻底,松紧带鞋,潮流高街,冬季保暖,55,女,四川省,是,23,是
279838329,李宁休闲运动休闲秋季百搭,李宁休闲,99,136,73,276,1722,99,高端飞织,混合鞋底,拉链鞋款,运动休闲,秋季百搭,39,男,湖北省,是,15,否
825042661,阿迪达斯日常休闲春季新款,阿迪达斯,124,163,76,1089,453,99,合成革鞋,TPR鞋底,松紧带鞋,日常休闲,春季新款,54,女,广东省,是,23,否
113571142,鸿星尔克户外机能春季新款,鸿星尔克,252,286,88,4805,1766,99,超纤皮鞋,MD发泡底,系带设计,户外机能,春季新款,40,女,四川省,是,8,否
539803641,斯凯奇潮潮流高街秋季百搭,斯凯奇潮,179,303,59,33,1815,91,合成革鞋,橡胶大底,魔术贴鞋,潮流高街,秋季百搭,36,男,江苏省,否,20,否
323915004,鸿星尔克日常休闲夏季透气,鸿星尔克,175,307,57,1430,638,98,真皮柔软,橡胶大底,系带设计,日常休闲,夏季透气,48,女,河北省,否,10,否
472300797,京东京造潮流高街四季通用,京东京造,99,183,54,2186,5126,97,飞织面料,EVA轻底,松紧带鞋,潮流高街,四季通用,49,女,四川省,否,21,是
660239635,特步男鞋潮流高街秋季百搭,特步男鞋,130,255,51,1438,5156,94,网布透气,橡胶大底,松紧带鞋,潮流高街,秋季百搭,63,男,江苏省,否,3,否
504208770,回力经典简约百搭秋季百搭,回力经典,201,254,79,3,11390,91,网布透气,TPR鞋底,套脚款式,简约百搭,秋季百搭,35,女,安徽省,是,16,否
369380882,安踏运动运动休闲夏季透气,安踏运动,99,138,72,33,2636,96,飞织面料,PU中底,套脚款式,运动休闲,夏季透气,42,男,山东省,否,11,是
407360983,鸿星尔克潮流高街四季通用,鸿星尔克,151,166,91,688,416,93,混合材质,TPR鞋底,魔术贴鞋,潮流高街,四季通用,54,女,浙江省,是,13,否
610256102,京东京造日常休闲四季通用,京东京造,99,115,86,46,210,96,混合材质,EVA轻底,拉链鞋款,日常休闲,四季通用,48,女,浙江省,是,5,是
985154080,阿迪达斯运动休闲冬季保暖,阿迪达斯,99,101,98,1303,538,93,高端飞织,TPR鞋底,松紧带鞋,运动休闲,冬季保暖,58,男,广东省,是,19,是
475887609,斯凯奇潮户外机能夏季透气,斯凯奇潮,99,130,76,2871,993,95,网布透气,EVA轻底,松紧带鞋,户外机能,夏季透气,42,男,江苏省,是,14,否
357962717,安踏运动户外机能冬季保暖,安踏运动,254,498,51,6,721,90,高端飞织,PU中底,松紧带鞋,户外机能,冬季保暖,58,女,广东省,否,19,是
749677567,特步男鞋日常休闲四季通用,特步男鞋,363,390,93,610,319,92,混合材质,混合鞋底,套脚款式,日常休闲,四季通用,44,女,河南省,否,23,否
686133550,李宁休闲工装硬朗春季新款,李宁休闲,194,194,100,1012,1311,93,超纤皮鞋,混合鞋底,套脚款式,工装硬朗,春季新款,54,女,福建省,否,1,否
192604864,斯凯奇潮简约百搭秋季百搭,斯凯奇潮,99,125,79,282,6814,96,超纤皮鞋,MD发泡底,系带设计,简约百搭,秋季百搭,43,女,湖北省,是,12,否
916779226,回力经典复古潮鞋夏季透气,回力经典,144,148,97,17,1956,93,飞织面料,混合鞋底,拉链鞋款,复古潮鞋,夏季透气,50,女,安徽省,是,20,否
912867690,斯凯奇潮潮流高街夏季透气,斯凯奇潮,134,161,83,288,250,92,高端飞织,PU中底,魔术贴鞋,潮流高街,夏季透气,58,女,河南省,是,18,是
780509170,阿迪达斯工装硬朗冬季保暖,阿迪达斯,253,460,55,513,1568,95,飞织面料,混合鞋底,魔术贴鞋,工装硬朗,冬季保暖,46,女,河北省,否,23,是
370345969,京东京造运动休闲四季通用,京东京造,99,139,71,395,623,95,布面材质,PU中底,套脚款式,运动休闲,四季通用,38,男,浙江省,是,19,是
800465519,阿迪达斯简约百搭夏季透气,阿迪达斯,225,346,65,4829,786,93,真皮柔软,EVA轻底,松紧带鞋,简约百搭,夏季透气,60,女,河南省,是,12,否
910579672,李宁休闲简约百搭春季新款,李宁休闲,113,140,81,31,499,96,飞织面料,EVA轻底,拉链鞋款,简约百搭,春季新款,38,男,湖北省,是,10,否
619624712,安踏运动简约百搭春季新款,安踏运动,298,489,61,755,3749,89,布面材质,TPR鞋底,套脚款式,简约百搭,春季新款,56,女,江苏省,否,10,否
525713173,回力经典工装硬朗秋季百搭,回力经典,406,527,77,339,59,94,超纤皮鞋,EVA轻底,松紧带鞋,工装硬朗,秋季百搭,50,男,福建省,否,6,是
312377997,特步男鞋户外机能春季新款,特步男鞋,128,256,50,1040,7235,88,飞织面料,TPR鞋底,魔术贴鞋,户外机能,春季新款,33,男,河北省,是,22,是
715696204,回力经典运动休闲春季新款,回力经典,99,109,91,412,3468,90,真皮柔软,EVA轻底,拉链鞋款,运动休闲,春季新款,57,男,广东省,否,15,否
345704370,其他品牌潮流高街夏季透气,其他品牌,149,180,83,876,1492,100,混合材质,EVA轻底,松紧带鞋,潮流高街,夏季透气,53,男,河南省,是,15,是
834183608,其他品牌复古潮鞋四季通用,其他品牌,104,208,50,167,2738,100,飞织面料,TPR鞋底,松紧带鞋,复古潮鞋,四季通用,33,男,浙江省,否,20,否
935545847,阿迪达斯日常休闲四季通用,阿迪达斯,134,239,56,25,777,91,真皮柔软,PU中底,系带设计,日常休闲,四季通用,34,女,河北省,否,6,是
396580691,其他品牌日常休闲四季通用,其他品牌,141,166,85,1260,738,96,网布透气,TPR鞋底,魔术贴鞋,日常休闲,四季通用,32,女,江苏省,是,8,是
932527166,李宁休闲简约百搭秋季百搭,李宁休闲,318,398,80,2758,4684,94,高端飞织,EVA轻底,魔术贴鞋,简约百搭,秋季百搭,36,男,河南省,是,8,是
540976781,安踏运动简约百搭夏季透气,安踏运动,99,112,88,39,3926,93,高端飞织,MD发泡底,松紧带鞋,简约百搭,夏季透气,45,男,四川省,是,20,否
661203244,京东京造户外机能冬季保暖,京东京造,209,218,96,496,8042,95,网布透气,混合鞋底,拉链鞋款,户外机能,冬季保暖,55,女,江苏省,否,21,是
882136129,阿迪达斯运动休闲夏季透气,阿迪达斯,118,159,74,790,44271,92,飞织面料,橡胶大底,松紧带鞋,运动休闲,夏季透气,25,女,河北省,否,1,是
998874452,斯凯奇潮工装硬朗夏季透气,斯凯奇潮,133,146,91,555,14950,94,合成革鞋,MD发泡底,拉链鞋款,工装硬朗,夏季透气,33,女,河北省,否,11,否
760823552,阿迪达斯工装硬朗秋季百搭,阿迪达斯,188,324,58,878,913,91,飞织面料,PU中底,套脚款式,工装硬朗,秋季百搭,39,女,山东省,否,20,是
525115771,鸿星尔克户外机能夏季透气,鸿星尔克,150,227,66,41,797,98,合成革鞋,橡胶大底,魔术贴鞋,户外机能,夏季透气,55,女,江苏省,是,21,是
456482915,特步男鞋运动休闲秋季百搭,特步男鞋,180,305,59,36,992,91,网布透气,混合鞋底,魔术贴鞋,运动休闲,秋季百搭,48,女,广东省,是,20,否
646446630,鸿星尔克工装硬朗四季通用,鸿星尔克,275,399,69,17,352,95,真皮柔软,MD发泡底,松紧带鞋,工装硬朗,四季通用,63,男,浙江省,否,5,否
837949587,斯凯奇潮户外机能春季新款,斯凯奇潮,217,238,91,2421,87,98,布面材质,TPR鞋底,系带设计,户外机能,春季新款,32,女,湖北省,否,2,否
740714741,京东京造潮流高街春季新款,京东京造,420,700,60,1397,2151,92,高端飞织,EVA轻底,松紧带鞋,潮流高街,春季新款,45,男,福建省,否,11,是
215083863,京东京造工装硬朗春季新款,京东京造,99,105,94,559,1635,98,网布透气,PU中底,拉链鞋款,工装硬朗,春季新款,41,女,安徽省,否,0,是
872575344,阿迪达斯复古潮鞋冬季保暖,阿迪达斯,131,247,53,1476,646,99,合成革鞋,MD发泡底,拉链鞋款,复古潮鞋,冬季保暖,53,女,安徽省,否,1,否
248993216,回力经典潮流高街夏季透气,回力经典,99,119,83,34,205,85,混合材质,TPR鞋底,拉链鞋款,潮流高街,夏季透气,48,女,江苏省,是,8,否
448888998,李宁休闲工装硬朗秋季百搭,李宁休闲,174,185,94,469,3413,95,高端飞织,TPR鞋底,魔术贴鞋,工装硬朗,秋季百搭,57,女,四川省,是,22,否
893868822,斯凯奇潮运动休闲春季新款,斯凯奇潮,238,410,58,1203,3029,93,超纤皮鞋,PU中底,松紧带鞋,运动休闲,春季新款,54,男,河南省,是,4,是
828932571,斯凯奇潮日常休闲四季通用,斯凯奇潮,99,115,86,595,1185,98,网布透气,橡胶大底,系带设计,日常休闲,四季通用,49,男,四川省,是,17,否
970950702,斯凯奇潮潮流高街冬季保暖,斯凯奇潮,181,199,91,848,544,92,混合材质,橡胶大底,松紧带鞋,潮流高街,冬季保暖,47,女,安徽省,是,23,否
411143803,其他品牌简约百搭秋季百搭,其他品牌,205,293,70,445,2241,94,合成革鞋,混合鞋底,魔术贴鞋,简约百搭,秋季百搭,47,男,四川省,是,21,否
529671716,李宁休闲简约百搭四季通用,李宁休闲,248,435,57,2720,1020,97,真皮柔软,MD发泡底,松紧带鞋,简约百搭,四季通用,52,男,山东省,否,7,否
679482011,李宁休闲日常休闲夏季透气,李宁休闲,99,99,100,29,3236,93,超纤皮鞋,混合鞋底,套脚款式,日常休闲,夏季透气,49,男,安徽省,是,23,否
457929888,耐克潮流复古潮鞋春季新款,耐克潮流,192,325,59,30,1428,92,超纤皮鞋,EVA轻底,系带设计,复古潮鞋,春季新款,39,男,江苏省,是,19,否
681898973,京东京造简约百搭秋季百搭,京东京造,144,145,99,47,1192,98,飞织面料,PU中底,套脚款式,简约百搭,秋季百搭,40,男,山东省,否,10,否
339409448,耐克潮流户外机能冬季保暖,耐克潮流,172,202,85,2065,2180,95,布面材质,MD发泡底,拉链鞋款,户外机能,冬季保暖,45,男,河北省,否,20,是
468527614,其他品牌简约百搭秋季百搭,其他品牌,99,187,53,38,978,88,合成革鞋,EVA轻底,拉链鞋款,简约百搭,秋季百搭,55,女,安徽省,否,5,是
683716947,耐克潮流潮流高街春季新款,耐克潮流,177,239,74,4733,3823,92,超纤皮鞋,MD发泡底,系带设计,潮流高街,春季新款,56,男,山东省,是,1,否
725362113,回力经典工装硬朗四季通用,回力经典,99,187,53,504,3292,94,布面材质,TPR鞋底,拉链鞋款,工装硬朗,四季通用,43,男,山东省,否,21,是
778139256,耐克潮流潮流高街春季新款,耐克潮流,99,141,70,324,5438,88,合成革鞋,混合鞋底,系带设计,潮流高街,春季新款,45,男,河南省,是,9,否
500308810,京东京造工装硬朗春季新款,京东京造,99,104,95,27,1971,92,超纤皮鞋,PU中底,松紧带鞋,工装硬朗,春季新款,49,男,山东省,是,23,是
309723546,京东京造工装硬朗冬季保暖,京东京造,99,106,93,1180,45,99,混合材质,PU中底,拉链鞋款,工装硬朗,冬季保暖,44,男,山东省,是,8,否
211274342,阿迪达斯潮流高街夏季透气,阿迪达斯,102,144,71,908,2530,93,真皮柔软,混合鞋底,魔术贴鞋,潮流高街,夏季透气,42,女,浙江省,否,15,是
240174673,回力经典潮流高街四季通用,回力经典,99,125,79,39,1635,95,超纤皮鞋,MD发泡底,套脚款式,潮流高街,四季通用,47,女,湖北省,否,2,是
368856383,安踏运动潮流高街夏季透气,安踏运动,163,190,86,654,169,100,网布透气,橡胶大底,魔术贴鞋,潮流高街,夏季透气,54,女,河北省,否,16,否
402680309,耐克潮流户外机能秋季百搭,耐克潮流,149,180,83,553,149,91,混合材质,MD发泡底,魔术贴鞋,户外机能,秋季百搭,47,女,江苏省,是,18,是
405756294,其他品牌工装硬朗冬季保暖,其他品牌,156,294,53,19,1329,95,合成革鞋,混合鞋底,套脚款式,工装硬朗,冬季保暖,56,男,湖北省,是,16,是
934722863,回力经典运动休闲秋季百搭,回力经典,99,183,54,46,984,99,网布透气,TPR鞋底,魔术贴鞋,运动休闲,秋季百搭,43,女,河南省,否,2,是
437367207,其他品牌复古潮鞋夏季透气,其他品牌,154,188,82,1063,3848,90,高端飞织,PU中底,套脚款式,复古潮鞋,夏季透气,45,男,河南省,是,23,否
968486832,回力经典工装硬朗四季通用,回力经典,99,165,60,153,7964,96,超纤皮鞋,TPR鞋底,套脚款式,工装硬朗,四季通用,46,女,安徽省,是,17,是
727329977,耐克潮流工装硬朗春季新款,耐克潮流,159,269,59,1264,6614,94,网布透气,混合鞋底,套脚款式,工装硬朗,春季新款,52,女,山东省,否,14,是
805956150,阿迪达斯运动休闲春季新款,阿迪达斯,99,132,75,4,172,91,合成革鞋,橡胶大底,魔术贴鞋,运动休闲,春季新款,54,女,安徽省,是,21,否
496990939,耐克潮流简约百搭夏季透气,耐克潮流,99,139,71,1065,2059,99,飞织面料,橡胶大底,系带设计,简约百搭,夏季透气,49,男,山东省,否,3,是
827686993,回力经典潮流高街秋季百搭,回力经典,147,156,94,5,4798,86,网布透气,橡胶大底,套脚款式,潮流高街,秋季百搭,52,女,河北省,是,22,是
450854873,京东京造简约百搭四季通用,京东京造,201,234,86,37,201,95,布面材质,MD发泡底,魔术贴鞋,简约百搭,四季通用,41,女,四川省,是,21,否
472702362,鸿星尔克户外机能四季通用,鸿星尔克,113,171,66,1482,1023,87,混合材质,EVA轻底,系带设计,户外机能,四季通用,37,女,四川省,否,8,否
985204985,其他品牌复古潮鞋冬季保暖,其他品牌,124,163,76,565,272,90,超纤皮鞋,MD发泡底,魔术贴鞋,复古潮鞋,冬季保暖,48,女,河北省,否,20,是
950157523,回力经典简约百搭夏季透气,回力经典,99,111,89,14,9751,99,高端飞织,TPR鞋底,套脚款式,简约百搭,夏季透气,35,男,河北省,是,15,是
410398527,安踏运动工装硬朗春季新款,安踏运动,99,160,62,793,185,88,高端飞织,混合鞋底,松紧带鞋,工装硬朗,春季新款,48,男,山东省,是,20,是
122922587,耐克潮流日常休闲冬季保暖,耐克潮流,223,290,77,2574,1293,100,高端飞织,橡胶大底,魔术贴鞋,日常休闲,冬季保暖,51,男,江苏省,否,14,是
756602235,京东京造潮流高街春季新款,京东京造,116,159,73,616,1115,96,布面材质,TPR鞋底,魔术贴鞋,潮流高街,春季新款,59,女,安徽省,是,22,否
714695513,耐克潮流日常休闲秋季百搭,耐克潮流,99,148,67,246,438,88,网布透气,PU中底,拉链鞋款,日常休闲,秋季百搭,45,女,浙江省,是,20,否
363940840,李宁休闲日常休闲夏季透气,李宁休闲,99,168,59,307,2420,97,合成革鞋,橡胶大底,魔术贴鞋,日常休闲,夏季透气,51,男,河北省,否,10,否
891942098,回力经典户外机能春季新款,回力经典,99,162,61,931,1189,92,合成革鞋,EVA轻底,系带设计,户外机能,春季新款,54,男,河南省,否,15,是
961488454,阿迪达斯工装硬朗秋季百搭,阿迪达斯,261,287,91,836,1287,94,布面材质,混合鞋底,松紧带鞋,工装硬朗,秋季百搭,44,女,湖北省,是,22,否
725765995,阿迪达斯复古潮鞋春季新款,阿迪达斯,214,306,70,1459,354,100,飞织面料,EVA轻底,系带设计,复古潮鞋,春季新款,35,女,河北省,否,5,是
142806006,特步男鞋运动休闲夏季透气,特步男鞋,99,162,61,531,421,90,网布透气,混合鞋底,系带设计,运动休闲,夏季透气,59,男,安徽省,是,19,是
444634838,特步男鞋户外机能春季新款,特步男鞋,202,204,99,1240,634,95,飞织面料,TPR鞋底,松紧带鞋,户外机能,春季新款,49,女,浙江省,否,12,否
379407105,其他品牌运动休闲秋季百搭,其他品牌,99,148,67,12,355,93,网布透气,EVA轻底,拉链鞋款,运动休闲,秋季百搭,54,女,四川省,是,19,否
244751320,特步男鞋户外机能春季新款,特步男鞋,230,329,70,3366,231,95,网布透气,EVA轻底,套脚款式,户外机能,春季新款,52,男,湖北省,否,5,否
793725867,耐克潮流运动休闲夏季透气,耐克潮流,132,174,76,3817,2046,90,真皮柔软,EVA轻底,松紧带鞋,运动休闲,夏季透气,54,男,山东省,否,21,是
794674199,京东京造简约百搭夏季透气,京东京造,384,505,76,1037,730,89,高端飞织,混合鞋底,套脚款式,简约百搭,夏季透气,40,女,山东省,是,20,否
574649492,京东京造简约百搭四季通用,京东京造,118,211,56,189,386,92,网布透气,混合鞋底,松紧带鞋,简约百搭,四季通用,57,男,四川省,是,23,是
301383903,其他品牌运动休闲四季通用,其他品牌,100,103,97,975,967,92,合成革鞋,EVA轻底,套脚款式,运动休闲,四季通用,48,女,广东省,否,10,是
931898600,京东京造简约百搭夏季透气,京东京造,99,138,72,1193,793,99,高端飞织,混合鞋底,拉链鞋款,简约百搭,夏季透气,51,女,河南省,是,20,是
486473319,耐克潮流简约百搭秋季百搭,耐克潮流,99,118,84,257,5771,99,合成革鞋,TPR鞋底,魔术贴鞋,简约百搭,秋季百搭,53,女,四川省,否,0,是
615436739,阿迪达斯复古潮鞋冬季保暖,阿迪达斯,210,362,58,1223,371,91,超纤皮鞋,橡胶大底,系带设计,复古潮鞋,冬季保暖,58,女,浙江省,是,9,否
761975776,京东京造户外机能夏季透气,京东京造,99,105,94,25,2297,93,真皮柔软,PU中底,套脚款式,户外机能,夏季透气,24,女,福建省,是,9,否
740486804,特步男鞋复古潮鞋夏季透气,特步男鞋,173,315,55,314,3851,91,网布透气,MD发泡底,系带设计,复古潮鞋,夏季透气,49,女,河南省,否,7,否
935495314,鸿星尔克户外机能春季新款,鸿星尔克,185,189,98,1270,3348,99,超纤皮鞋,EVA轻底,拉链鞋款,户外机能,春季新款,40,男,广东省,否,12,否
560755439,李宁休闲工装硬朗夏季透气,李宁休闲,99,190,52,1319,1248,90,超纤皮鞋,PU中底,系带设计,工装硬朗,夏季透气,48,男,四川省,否,5,否
848842721,特步男鞋工装硬朗秋季百搭,特步男鞋,99,138,72,38,432,97,真皮柔软,MD发泡底,拉链鞋款,工装硬朗,秋季百搭,56,女,福建省,否,21,否
932870257,回力经典户外机能春季新款,回力经典,99,115,86,107,1580,87,布面材质,PU中底,松紧带鞋,户外机能,春季新款,50,男,湖北省,是,21,否
816711423,鸿星尔克复古潮鞋冬季保暖,鸿星尔克,99,132,75,22,754,90,网布透气,EVA轻底,魔术贴鞋,复古潮鞋,冬季保暖,50,男,湖北省,否,1,是
839709184,回力经典潮流高街夏季透气,回力经典,204,272,75,14,1069,96,混合材质,混合鞋底,系带设计,潮流高街,夏季透气,45,女,福建省,是,21,是
632182089,耐克潮流日常休闲四季通用,耐克潮流,142,178,80,245,878,98,真皮柔软,EVA轻底,魔术贴鞋,日常休闲,四季通用,50,女,福建省,否,16,是
117728606,回力经典工装硬朗冬季保暖,回力经典,246,332,74,1485,4188,96,混合材质,EVA轻底,系带设计,工装硬朗,冬季保暖,19,女,湖北省,否,5,否
801037045,京东京造运动休闲秋季百搭,京东京造,179,338,53,1128,343,94,网布透气,橡胶大底,套脚款式,运动休闲,秋季百搭,44,女,湖北省,否,21,否
566625874,斯凯奇潮日常休闲四季通用,斯凯奇潮,99,162,61,1145,1826,95,布面材质,橡胶大底,松紧带鞋,日常休闲,四季通用,32,女,河南省,是,20,是
789006627,李宁休闲复古潮鞋夏季透气,李宁休闲,99,108,92,944,993,95,真皮柔软,EVA轻底,系带设计,复古潮鞋,夏季透气,49,女,河北省,否,18,否
981386919,耐克潮流潮流高街夏季透气,耐克潮流,99,180,55,501,297,93,混合材质,PU中底,魔术贴鞋,潮流高街,夏季透气,56,女,安徽省,是,22,是
646494597,京东京造潮流高街四季通用,京东京造,111,150,74,2,3588,85,合成革鞋,TPR鞋底,拉链鞋款,潮流高街,四季通用,49,女,安徽省,是,21,是
449137539,鸿星尔克运动休闲春季新款,鸿星尔克,99,104,95,1162,832,92,真皮柔软,PU中底,套脚款式,运动休闲,春季新款,64,女,广东省,是,7,否
768070788,鸿星尔克潮流高街冬季保暖,鸿星尔克,99,190,52,2427,4557,94,飞织面料,混合鞋底,套脚款式,潮流高街,冬季保暖,56,女,河北省,是,8,是
495587477,安踏运动复古潮鞋夏季透气,安踏运动,187,288,65,661,3095,91,混合材质,TPR鞋底,松紧带鞋,复古潮鞋,夏季透气,42,男,湖北省,是,20,是
484173332,安踏运动工装硬朗四季通用,安踏运动,132,191,69,558,623,93,混合材质,混合鞋底,松紧带鞋,工装硬朗,四季通用,55,女,浙江省,否,20,否
561886280,安踏运动复古潮鞋四季通用,安踏运动,197,197,100,658,1607,96,混合材质,TPR鞋底,拉链鞋款,复古潮鞋,四季通用,45,女,福建省,是,3,否
782090259,京东京造潮流高街夏季透气,京东京造,99,112,88,1010,1908,93,超纤皮鞋,PU中底,松紧带鞋,潮流高街,夏季透气,44,女,河南省,是,23,是
860416631,耐克潮流简约百搭四季通用,耐克潮流,122,194,63,4102,398,90,超纤皮鞋,混合鞋底,系带设计,简约百搭,四季通用,41,女,四川省,是,23,是
956262683,鸿星尔克复古潮鞋秋季百搭,鸿星尔克,181,201,90,496,315,92,高端飞织,PU中底,系带设计,复古潮鞋,秋季百搭,57,女,山东省,是,18,是
996398927,鸿星尔克潮流高街秋季百搭,鸿星尔克,99,194,51,1497,24127,93,混合材质,橡胶大底,拉链鞋款,潮流高街,秋季百搭,53,女,安徽省,否,10,是
789081174,其他品牌运动休闲冬季保暖,其他品牌,164,225,73,26,1700,96,网布透气,混合鞋底,魔术贴鞋,运动休闲,冬季保暖,45,女,河北省,否,7,是
632134524,斯凯奇潮日常休闲秋季百搭,斯凯奇潮,419,487,86,3881,1469,99,高端飞织,橡胶大底,套脚款式,日常休闲,秋季百搭,47,男,四川省,否,16,是
791327192,安踏运动日常休闲春季新款,安踏运动,313,513,61,29,358,90,飞织面料,混合鞋底,松紧带鞋,日常休闲,春季新款,57,男,四川省,否,17,否
224058150,斯凯奇潮日常休闲夏季透气,斯凯奇潮,217,278,78,34,722,90,超纤皮鞋,MD发泡底,系带设计,日常休闲,夏季透气,33,男,山东省,是,19,是
601756471,特步男鞋简约百搭夏季透气,特步男鞋,169,264,64,4856,949,100,高端飞织,橡胶大底,魔术贴鞋,简约百搭,夏季透气,36,女,福建省,否,13,是
147918225,其他品牌简约百搭冬季保暖,其他品牌,211,240,88,705,3851,99,网布透气,TPR鞋底,系带设计,简约百搭,冬季保暖,29,女,河北省,否,7,否
387833388,阿迪达斯日常休闲秋季百搭,阿迪达斯,116,120,97,866,8459,96,超纤皮鞋,EVA轻底,松紧带鞋,日常休闲,秋季百搭,54,男,山东省,是,21,是
510629655,特步男鞋日常休闲秋季百搭,特步男鞋,99,171,58,133,13323,96,高端飞织,TPR鞋底,系带设计,日常休闲,秋季百搭,48,女,安徽省,否,22,否
829497295,斯凯奇潮工装硬朗冬季保暖,斯凯奇潮,179,179,100,668,2387,90,超纤皮鞋,混合鞋底,套脚款式,工装硬朗,冬季保暖,47,男,河南省,是,20,是
194435161,特步男鞋运动休闲夏季透气,特步男鞋,144,167,86,841,464,86,超纤皮鞋,TPR鞋底,套脚款式,运动休闲,夏季透气,20,女,河北省,否,10,否
813782615,回力经典潮流高街冬季保暖,回力经典,271,459,59,2254,1296,92,混合材质,混合鞋底,拉链鞋款,潮流高街,冬季保暖,55,女,湖北省,否,15,是
640890303,安踏运动复古潮鞋夏季透气,安踏运动,162,242,67,146,1129,94,真皮柔软,混合鞋底,套脚款式,复古潮鞋,夏季透气,54,男,浙江省,是,22,否
935486522,特步男鞋日常休闲夏季透气,特步男鞋,133,156,85,2607,1640,95,混合材质,MD发泡底,魔术贴鞋,日常休闲,夏季透气,32,女,浙江省,否,22,是
351882640,鸿星尔克简约百搭夏季透气,鸿星尔克,99,115,86,31,1103,93,混合材质,PU中底,魔术贴鞋,简约百搭,夏季透气,53,男,河南省,是,17,是
364905582,耐克潮流复古潮鞋夏季透气,耐克潮流,113,149,76,1423,2581,97,高端飞织,混合鞋底,魔术贴鞋,复古潮鞋,夏季透气,52,男,福建省,否,17,是
796362074,鸿星尔克户外机能秋季百搭,鸿星尔克,106,114,93,4824,1438,90,布面材质,橡胶大底,魔术贴鞋,户外机能,秋季百搭,44,男,湖北省,否,22,是
372893952,李宁休闲简约百搭冬季保暖,李宁休闲,99,162,61,923,3886,100,布面材质,EVA轻底,套脚款式,简约百搭,冬季保暖,52,女,山东省,是,1,是
491470455,阿迪达斯运动休闲秋季百搭,阿迪达斯,106,126,84,53,923,92,合成革鞋,MD发泡底,魔术贴鞋,运动休闲,秋季百搭,46,女,湖北省,是,20,否
200530675,京东京造简约百搭春季新款,京东京造,148,197,75,1385,10597,96,混合材质,PU中底,松紧带鞋,简约百搭,春季新款,47,男,浙江省,否,23,否
730515676,安踏运动简约百搭春季新款,安踏运动,99,119,83,113,1325,97,网布透气,EVA轻底,松紧带鞋,简约百搭,春季新款,32,男,四川省,是,10,是
875380783,京东京造户外机能春季新款,京东京造,124,234,53,1344,2615,94,合成革鞋,EVA轻底,魔术贴鞋,户外机能,春季新款,33,男,浙江省,否,15,否
998725756,鸿星尔克运动休闲四季通用,鸿星尔克,152,197,77,16,298,100,网布透气,TPR鞋底,系带设计,运动休闲,四季通用,46,男,浙江省,否,4,否
236532595,安踏运动运动休闲春季新款,安踏运动,182,243,75,399,2867,94,混合材质,橡胶大底,套脚款式,运动休闲,春季新款,41,男,安徽省,否,9,是
606500525,其他品牌工装硬朗秋季百搭,其他品牌,181,218,83,88,3989,86,真皮柔软,TPR鞋底,拉链鞋款,工装硬朗,秋季百搭,53,女,四川省,否,22,是
474386051,李宁休闲工装硬朗秋季百搭,李宁休闲,310,508,61,832,1789,94,混合材质,PU中底,系带设计,工装硬朗,秋季百搭,31,女,福建省,否,17,否
913466176,耐克潮流运动休闲四季通用,耐克潮流,100,147,68,47,1370,93,真皮柔软,MD发泡底,松紧带鞋,运动休闲,四季通用,53,女,安徽省,否,20,是
486840661,李宁休闲简约百搭夏季透气,李宁休闲,99,130,76,4,1398,86,超纤皮鞋,MD发泡底,套脚款式,简约百搭,夏季透气,45,男,河北省,否,21,是
575464004,阿迪达斯复古潮鞋冬季保暖,阿迪达斯,157,238,66,9,1715,93,飞织面料,PU中底,套脚款式,复古潮鞋,冬季保暖,43,男,安徽省,否,2,是
768406185,耐克潮流潮流高街秋季百搭,耐克潮流,270,270,100,4402,727,91,超纤皮鞋,橡胶大底,松紧带鞋,潮流高街,秋季百搭,64,男,安徽省,否,22,是
377631312,李宁休闲日常休闲春季新款,李宁休闲,109,140,78,1377,4612,94,超纤皮鞋,橡胶大底,系带设计,日常休闲,春季新款,48,女,河南省,否,23,是
922641788,鸿星尔克户外机能四季通用,鸿星尔克,186,332,56,3268,966,92,合成革鞋,MD发泡底,套脚款式,户外机能,四季通用,36,女,江苏省,否,20,否
959969277,耐克潮流户外机能冬季保暖,耐克潮流,103,143,72,406,2333,92,布面材质,混合鞋底,套脚款式,户外机能,冬季保暖,54,男,江苏省,是,1,否
498221463,京东京造户外机能夏季透气,京东京造,99,102,97,2918,326,93,高端飞织,PU中底,拉链鞋款,户外机能,夏季透气,52,女,山东省,是,1,否
206103323,耐克潮流户外机能夏季透气,耐克潮流,205,220,93,403,371,91,布面材质,TPR鞋底,套脚款式,户外机能,夏季透气,45,男,河北省,否,5,是
138249146,斯凯奇潮工装硬朗秋季百搭,斯凯奇潮,556,654,85,2869,562,89,混合材质,EVA轻底,套脚款式,工装硬朗,秋季百搭,56,男,广东省,是,14,是
619670507,鸿星尔克日常休闲秋季百搭,鸿星尔克,108,137,79,174,682,97,飞织面料,橡胶大底,拉链鞋款,日常休闲,秋季百搭,47,女,湖北省,是,9,否
353285489,耐克潮流工装硬朗春季新款,耐克潮流,124,136,91,31,7453,94,布面材质,TPR鞋底,拉链鞋款,工装硬朗,春季新款,57,女,四川省,否,11,否
395148963,耐克潮流日常休闲夏季透气,耐克潮流,99,127,78,1068,161,90,超纤皮鞋,EVA轻底,魔术贴鞋,日常休闲,夏季透气,37,女,福建省,否,22,是
231066701,鸿星尔克日常休闲四季通用,鸿星尔克,153,166,92,3660,4586,90,高端飞织,PU中底,系带设计,日常休闲,四季通用,37,女,福建省,否,23,是
435281239,回力经典工装硬朗秋季百搭,回力经典,103,127,81,390,256,91,网布透气,MD发泡底,拉链鞋款,工装硬朗,秋季百搭,44,女,安徽省,是,16,是
805080556,回力经典日常休闲春季新款,回力经典,162,231,70,4909,504,98,真皮柔软,PU中底,系带设计,日常休闲,春季新款,45,女,安徽省,是,16,是
302467066,回力经典潮流高街春季新款,回力经典,100,156,64,145,143,97,混合材质,TPR鞋底,魔术贴鞋,潮流高街,春季新款,50,女,江苏省,否,20,否
845068542,特步男鞋日常休闲冬季保暖,特步男鞋,99,162,61,1335,273,98,超纤皮鞋,MD发泡底,魔术贴鞋,日常休闲,冬季保暖,43,男,湖北省,是,6,是
369460870,耐克潮流日常休闲夏季透气,耐克潮流,255,386,66,38,1458,90,超纤皮鞋,混合鞋底,套脚款式,日常休闲,夏季透气,36,女,江苏省,是,2,是
423913478,阿迪达斯复古潮鞋春季新款,阿迪达斯,180,222,81,959,819,93,超纤皮鞋,PU中底,系带设计,复古潮鞋,春季新款,57,男,福建省,是,13,否
696608286,阿迪达斯复古潮鞋春季新款,阿迪达斯,350,432,81,1204,2206,93,飞织面料,PU中底,松紧带鞋,复古潮鞋,春季新款,35,男,广东省,是,0,是
241601393,阿迪达斯日常休闲夏季透气,阿迪达斯,121,153,79,30,3013,97,超纤皮鞋,混合鞋底,魔术贴鞋,日常休闲,夏季透气,56,男,江苏省,是,21,否
367593230,安踏运动复古潮鞋四季通用,安踏运动,127,219,58,1166,160,95,网布透气,混合鞋底,拉链鞋款,复古潮鞋,四季通用,62,女,广东省,是,11,是
644842649,其他品牌日常休闲四季通用,其他品牌,141,172,82,9,5028,98,高端飞织,MD发泡底,套脚款式,日常休闲,四季通用,41,男,河南省,否,3,否
202700831,其他品牌户外机能秋季百搭,其他品牌,99,110,90,588,2037,94,布面材质,MD发泡底,套脚款式,户外机能,秋季百搭,44,男,安徽省,否,22,是
969831843,耐克潮流运动休闲四季通用,耐克潮流,118,203,58,172,2651,97,真皮柔软,TPR鞋底,松紧带鞋,运动休闲,四季通用,24,女,广东省,否,4,是
812216511,阿迪达斯户外机能秋季百搭,阿迪达斯,99,103,96,1019,566,96,网布透气,橡胶大底,拉链鞋款,户外机能,秋季百搭,47,男,山东省,是,22,是
795774249,其他品牌简约百搭夏季透气,其他品牌,99,104,95,1107,425,92,超纤皮鞋,橡胶大底,魔术贴鞋,简约百搭,夏季透气,42,男,浙江省,是,5,否
845792202,斯凯奇潮户外机能四季通用,斯凯奇潮,103,175,59,499,1129,94,真皮柔软,TPR鞋底,松紧带鞋,户外机能,四季通用,42,男,安徽省,是,1,是
304281410,安踏运动复古潮鞋夏季透气,安踏运动,176,298,59,2,590,90,布面材质,PU中底,系带设计,复古潮鞋,夏季透气,58,男,四川省,是,7,是
777888814,回力经典潮流高街夏季透气,回力经典,99,198,50,248,196,94,高端飞织,混合鞋底,套脚款式,潮流高街,夏季透气,59,女,江苏省,否,17,否
686228276,李宁休闲运动休闲秋季百搭,李宁休闲,139,153,91,325,577,92,合成革鞋,混合鞋底,魔术贴鞋,运动休闲,秋季百搭,38,男,福建省,是,22,是
190453178,京东京造户外机能冬季保暖,京东京造,181,278,65,724,1594,97,合成革鞋,MD发泡底,系带设计,户外机能,冬季保暖,44,女,湖北省,否,1,是
515955795,特步男鞋户外机能冬季保暖,特步男鞋,185,223,83,49,3063,96,布面材质,TPR鞋底,系带设计,户外机能,冬季保暖,41,女,广东省,是,20,是
815313957,阿迪达斯日常休闲四季通用,阿迪达斯,190,264,72,134,112,93,真皮柔软,橡胶大底,魔术贴鞋,日常休闲,四季通用,44,男,江苏省,是,13,是
505191589,回力经典复古潮鞋秋季百搭,回力经典,99,198,50,1356,1269,95,合成革鞋,EVA轻底,松紧带鞋,复古潮鞋,秋季百搭,40,女,江苏省,否,12,否
112936053,阿迪达斯日常休闲夏季透气,阿迪达斯,229,236,97,627,928,87,超纤皮鞋,MD发泡底,系带设计,日常休闲,夏季透气,42,男,河南省,否,8,是
349263415,回力经典复古潮鞋四季通用,回力经典,166,307,54,27,1782,95,合成革鞋,EVA轻底,松紧带鞋,复古潮鞋,四季通用,57,女,福建省,否,18,是
867374356,耐克潮流运动休闲四季通用,耐克潮流,213,260,82,1146,605,97,高端飞织,MD发泡底,系带设计,运动休闲,四季通用,35,女,江苏省,否,13,是
675174760,特步男鞋运动休闲夏季透气,特步男鞋,142,263,54,16,363,92,混合材质,TPR鞋底,魔术贴鞋,运动休闲,夏季透气,44,男,广东省,是,22,否
938961456,李宁休闲复古潮鞋四季通用,李宁休闲,123,173,71,25,215,88,混合材质,EVA轻底,魔术贴鞋,复古潮鞋,四季通用,52,男,河北省,是,21,是
996395344,斯凯奇潮简约百搭四季通用,斯凯奇潮,99,165,60,274,643,91,超纤皮鞋,EVA轻底,拉链鞋款,简约百搭,四季通用,47,男,福建省,是,23,是
730751538,阿迪达斯潮流高街春季新款,阿迪达斯,117,167,70,1053,1965,94,真皮柔软,PU中底,松紧带鞋,潮流高街,春季新款,45,女,河北省,否,4,是
117157428,其他品牌户外机能秋季百搭,其他品牌,99,174,57,1184,368,96,合成革鞋,MD发泡底,魔术贴鞋,户外机能,秋季百搭,52,女,山东省,否,21,是
519271196,斯凯奇潮运动休闲春季新款,斯凯奇潮,99,115,86,2962,1205,96,高端飞织,TPR鞋底,魔术贴鞋,运动休闲,春季新款,49,女,湖北省,否,4,是
374757405,鸿星尔克潮流高街春季新款,鸿星尔克,124,188,66,558,1641,91,布面材质,橡胶大底,系带设计,潮流高街,春季新款,50,男,湖北省,否,10,否
273670465,阿迪达斯简约百搭春季新款,阿迪达斯,102,132,77,1065,2482,90,高端飞织,PU中底,套脚款式,简约百搭,春季新款,50,男,四川省,是,22,否
560305838,特步男鞋户外机能冬季保暖,特步男鞋,285,291,98,337,100,100,布面材质,MD发泡底,魔术贴鞋,户外机能,冬季保暖,52,女,山东省,否,3,是
529412171,鸿星尔克潮流高街夏季透气,鸿星尔克,206,343,60,513,1288,91,超纤皮鞋,TPR鞋底,系带设计,潮流高街,夏季透气,52,女,安徽省,是,20,是
376657447,耐克潮流工装硬朗冬季保暖,耐克潮流,99,136,73,2830,326,98,高端飞织,橡胶大底,套脚款式,工装硬朗,冬季保暖,39,女,广东省,否,6,是
283229076,特步男鞋运动休闲夏季透气,特步男鞋,125,189,66,278,943,96,超纤皮鞋,MD发泡底,拉链鞋款,运动休闲,夏季透气,46,男,河南省,否,1,是
487881492,李宁休闲工装硬朗四季通用,李宁休闲,138,182,76,3438,9801,90,混合材质,MD发泡底,套脚款式,工装硬朗,四季通用,57,男,四川省,是,21,是
874432450,安踏运动工装硬朗冬季保暖,安踏运动,111,135,82,1088,777,94,真皮柔软,TPR鞋底,拉链鞋款,工装硬朗,冬季保暖,43,女,安徽省,是,1,是
726851287,阿迪达斯复古潮鞋春季新款,阿迪达斯,144,253,57,3330,1266,97,超纤皮鞋,MD发泡底,套脚款式,复古潮鞋,春季新款,40,男,湖北省,否,22,否
334167721,回力经典户外机能秋季百搭,回力经典,140,149,94,35,1058,87,飞织面料,EVA轻底,松紧带鞋,户外机能,秋季百搭,47,男,广东省,是,19,是
685355860,鸿星尔克潮流高街冬季保暖,鸿星尔克,300,380,79,29,1975,97,网布透气,MD发泡底,套脚款式,潮流高街,冬季保暖,39,男,山东省,否,6,否
913798601,斯凯奇潮日常休闲春季新款,斯凯奇潮,172,218,79,14,668,92,合成革鞋,EVA轻底,套脚款式,日常休闲,春季新款,50,女,安徽省,是,20,否
393112769,京东京造复古潮鞋冬季保暖,京东京造,115,230,50,977,313,95,真皮柔软,橡胶大底,系带设计,复古潮鞋,冬季保暖,52,男,江苏省,否,7,是
452645959,特步男鞋户外机能四季通用,特步男鞋,99,116,85,4,958,97,混合材质,PU中底,套脚款式,户外机能,四季通用,55,女,江苏省,否,10,是
566170965,鸿星尔克复古潮鞋四季通用,鸿星尔克,211,260,81,1096,5984,91,混合材质,TPR鞋底,松紧带鞋,复古潮鞋,四季通用,55,女,江苏省,否,5,是
423348338,耐克潮流日常休闲秋季百搭,耐克潮流,99,162,61,677,1753,97,网布透气,混合鞋底,魔术贴鞋,日常休闲,秋季百搭,61,男,湖北省,是,22,是
298693948,耐克潮流工装硬朗四季通用,耐克潮流,138,168,82,625,793,90,布面材质,PU中底,松紧带鞋,工装硬朗,四季通用,60,男,安徽省,是,10,否
891539851,李宁休闲简约百搭四季通用,李宁休闲,174,178,98,518,2256,97,超纤皮鞋,混合鞋底,套脚款式,简约百搭,四季通用,41,男,四川省,是,5,否
142860697,斯凯奇潮户外机能四季通用,斯凯奇潮,117,162,72,4575,4879,92,高端飞织,MD发泡底,系带设计,户外机能,四季通用,51,男,福建省,否,1,否
131010678,阿迪达斯复古潮鞋冬季保暖,阿迪达斯,198,239,83,9,2464,92,飞织面料,PU中底,系带设计,复古潮鞋,冬季保暖,48,女,广东省,否,5,否
353321093,斯凯奇潮日常休闲夏季透气,斯凯奇潮,99,129,77,244,4898,94,布面材质,MD发泡底,系带设计,日常休闲,夏季透气,43,男,福建省,是,0,是
194693720,京东京造潮流高街春季新款,京东京造,268,315,85,262,770,99,合成革鞋,MD发泡底,拉链鞋款,潮流高街,春季新款,42,女,安徽省,否,23,是
597728940,斯凯奇潮日常休闲秋季百搭,斯凯奇潮,144,182,79,799,3879,95,网布透气,PU中底,松紧带鞋,日常休闲,秋季百搭,49,男,河北省,是,13,是
677179302,安踏运动日常休闲春季新款,安踏运动,125,140,89,1054,4048,100,网布透气,MD发泡底,系带设计,日常休闲,春季新款,47,女,广东省,是,23,是
657974295,其他品牌日常休闲冬季保暖,其他品牌,166,231,72,835,207,96,混合材质,MD发泡底,系带设计,日常休闲,冬季保暖,54,男,山东省,是,15,否
919613372,安踏运动运动休闲春季新款,安踏运动,99,194,51,169,3541,97,真皮柔软,MD发泡底,系带设计,运动休闲,春季新款,41,女,福建省,否,22,是
420560978,鸿星尔克户外机能夏季透气,鸿星尔克,99,102,97,48,3504,100,布面材质,EVA轻底,魔术贴鞋,户外机能,夏季透气,57,女,山东省,否,1,是
623271856,李宁休闲日常休闲冬季保暖,李宁休闲,99,171,58,2547,493,97,布面材质,橡胶大底,套脚款式,日常休闲,冬季保暖,38,男,湖北省,否,20,是
972097431,京东京造潮流高街秋季百搭,京东京造,118,137,86,302,3779,92,合成革鞋,橡胶大底,系带设计,潮流高街,秋季百搭,41,男,湖北省,是,20,是
695033630,京东京造运动休闲春季新款,京东京造,302,373,81,348,480,90,超纤皮鞋,橡胶大底,系带设计,运动休闲,春季新款,37,女,河南省,是,8,否
516676942,特步男鞋潮流高街四季通用,特步男鞋,194,216,90,40,945,92,真皮柔软,混合鞋底,拉链鞋款,潮流高街,四季通用,51,男,广东省,是,6,否
466290476,阿迪达斯户外机能春季新款,阿迪达斯,134,179,75,15,867,92,飞织面料,TPR鞋底,魔术贴鞋,户外机能,春季新款,49,女,湖北省,是,23,否
460890423,鸿星尔克潮流高街冬季保暖,鸿星尔克,302,521,58,23,659,94,合成革鞋,橡胶大底,松紧带鞋,潮流高街,冬季保暖,33,男,河北省,否,9,是
748681868,阿迪达斯户外机能冬季保暖,阿迪达斯,99,143,69,29,444,93,超纤皮鞋,橡胶大底,魔术贴鞋,户外机能,冬季保暖,50,男,山东省,是,23,是
188533195,京东京造潮流高街冬季保暖,京东京造,241,284,85,538,3411,91,布面材质,橡胶大底,拉链鞋款,潮流高街,冬季保暖,39,女,山东省,否,7,是
245384679,特步男鞋户外机能秋季百搭,特步男鞋,287,404,71,1047,4124,92,混合材质,混合鞋底,拉链鞋款,户外机能,秋季百搭,59,男,四川省,是,20,是
507705393,李宁休闲潮流高街春季新款,李宁休闲,161,171,94,1249,6898,94,飞织面料,TPR鞋底,系带设计,潮流高街,春季新款,48,女,山东省,是,9,否
370395072,回力经典户外机能夏季透气,回力经典,170,321,53,49,3733,93,布面材质,MD发泡底,松紧带鞋,户外机能,夏季透气,57,男,河南省,是,22,否
642907026,李宁休闲潮流高街夏季透气,李宁休闲,105,112,94,3170,63,92,网布透气,TPR鞋底,松紧带鞋,潮流高街,夏季透气,50,男,福建省,否,20,否
884073573,鸿星尔克运动休闲秋季百搭,鸿星尔克,125,162,77,14,327,95,高端飞织,MD发泡底,套脚款式,运动休闲,秋季百搭,40,女,安徽省,否,12,是
516833672,斯凯奇潮潮流高街夏季透气,斯凯奇潮,114,178,64,16,507,94,高端飞织,PU中底,拉链鞋款,潮流高街,夏季透气,53,女,浙江省,否,21,是
345149190,耐克潮流复古潮鞋夏季透气,耐克潮流,99,102,97,508,790,97,合成革鞋,TPR鞋底,魔术贴鞋,复古潮鞋,夏季透气,59,男,河北省,是,16,否
629911112,特步男鞋复古潮鞋冬季保暖,特步男鞋,99,177,56,1008,479,89,超纤皮鞋,橡胶大底,拉链鞋款,复古潮鞋,冬季保暖,47,男,浙江省,是,23,是
949717525,斯凯奇潮运动休闲四季通用,斯凯奇潮,116,141,82,1187,937,97,飞织面料,EVA轻底,魔术贴鞋,运动休闲,四季通用,52,男,浙江省,是,10,是
672709587,李宁休闲潮流高街夏季透气,李宁休闲,99,165,60,274,7350,95,超纤皮鞋,PU中底,拉链鞋款,潮流高街,夏季透气,43,女,浙江省,是,16,否
301818059,安踏运动日常休闲冬季保暖,安踏运动,116,223,52,1383,3630,90,真皮柔软,混合鞋底,拉链鞋款,日常休闲,冬季保暖,47,男,河南省,是,12,是
821486596,特步男鞋复古潮鞋春季新款,特步男鞋,169,174,97,1140,1036,92,飞织面料,混合鞋底,拉链鞋款,复古潮鞋,春季新款,36,男,河南省,是,9,是
986834535,阿迪达斯日常休闲四季通用,阿迪达斯,152,169,90,1066,967,99,飞织面料,橡胶大底,魔术贴鞋,日常休闲,四季通用,58,女,河北省,是,11,否
118898873,其他品牌日常休闲冬季保暖,其他品牌,112,127,88,21,4300,96,超纤皮鞋,橡胶大底,系带设计,日常休闲,冬季保暖,37,女,广东省,否,23,否
581822207,京东京造运动休闲四季通用,京东京造,174,174,100,411,1051,99,飞织面料,橡胶大底,系带设计,运动休闲,四季通用,60,女,山东省,否,14,是
958473273,京东京造户外机能四季通用,京东京造,99,105,94,3057,2587,96,布面材质,MD发泡底,拉链鞋款,户外机能,四季通用,34,男,浙江省,否,14,否
820910448,斯凯奇潮户外机能夏季透气,斯凯奇潮,121,153,79,691,4431,95,布面材质,MD发泡底,拉链鞋款,户外机能,夏季透气,55,女,广东省,否,3,是
496536190,阿迪达斯工装硬朗四季通用,阿迪达斯,109,151,72,395,13454,91,真皮柔软,橡胶大底,魔术贴鞋,工装硬朗,四季通用,42,男,河南省,否,18,否
463295168,李宁休闲工装硬朗冬季保暖,李宁休闲,116,151,77,1225,775,95,高端飞织,混合鞋底,魔术贴鞋,工装硬朗,冬季保暖,47,男,福建省,否,10,是
245661203,特步男鞋运动休闲秋季百搭,特步男鞋,134,156,86,839,2361,85,飞织面料,MD发泡底,松紧带鞋,运动休闲,秋季百搭,39,男,河南省,是,21,是
444840527,特步男鞋户外机能冬季保暖,特步男鞋,325,602,54,1169,2221,91,高端飞织,MD发泡底,套脚款式,户外机能,冬季保暖,52,男,广东省,否,20,是
734587568,其他品牌运动休闲四季通用,其他品牌,99,141,70,9,367,93,网布透气,EVA轻底,拉链鞋款,运动休闲,四季通用,46,男,四川省,否,18,否
752045678,京东京造简约百搭夏季透气,京东京造,106,112,95,24,904,96,真皮柔软,TPR鞋底,套脚款式,简约百搭,夏季透气,58,女,湖北省,是,16,否
498039252,京东京造日常休闲秋季百搭,京东京造,261,287,91,329,3037,94,网布透气,MD发泡底,魔术贴鞋,日常休闲,秋季百搭,48,男,湖北省,是,6,否
641129323,京东京造日常休闲秋季百搭,京东京造,410,410,100,151,651,94,网布透气,TPR鞋底,套脚款式,日常休闲,秋季百搭,55,男,安徽省,是,9,否
327998458,回力经典潮流高街夏季透气,回力经典,141,193,73,237,370,96,超纤皮鞋,EVA轻底,松紧带鞋,潮流高街,夏季透气,52,男,安徽省,否,5,否
811479563,鸿星尔克户外机能冬季保暖,鸿星尔克,189,278,68,1301,576,100,合成革鞋,TPR鞋底,套脚款式,户外机能,冬季保暖,48,男,广东省,否,22,是
439374006,特步男鞋复古潮鞋春季新款,特步男鞋,167,199,84,1260,336,94,布面材质,EVA轻底,拉链鞋款,复古潮鞋,春季新款,52,女,江苏省,是,23,否
718520403,耐克潮流复古潮鞋冬季保暖,耐克潮流,99,152,65,4592,1411,92,真皮柔软,混合鞋底,系带设计,复古潮鞋,冬季保暖,49,男,江苏省,是,6,是
139748492,回力经典复古潮鞋秋季百搭,回力经典,99,146,68,28,5850,96,超纤皮鞋,PU中底,松紧带鞋,复古潮鞋,秋季百搭,51,男,湖北省,是,16,是
420095384,其他品牌复古潮鞋冬季保暖,其他品牌,99,143,69,607,223,93,飞织面料,橡胶大底,系带设计,复古潮鞋,冬季保暖,52,女,山东省,是,23,否
533152545,鸿星尔克户外机能秋季百搭,鸿星尔克,145,199,73,632,298,94,超纤皮鞋,橡胶大底,套脚款式,户外机能,秋季百搭,36,男,四川省,是,11,否
198164953,京东京造日常休闲夏季透气,京东京造,211,245,86,622,556,91,网布透气,橡胶大底,松紧带鞋,日常休闲,夏季透气,36,男,山东省,否,17,否
554696697,其他品牌复古潮鞋秋季百搭,其他品牌,99,138,72,348,412,99,真皮柔软,橡胶大底,魔术贴鞋,复古潮鞋,秋季百搭,34,女,江苏省,否,11,否
601580321,阿迪达斯复古潮鞋冬季保暖,阿迪达斯,99,121,82,1037,3698,93,网布透气,混合鞋底,系带设计,复古潮鞋,冬季保暖,58,男,广东省,否,23,是
932630904,阿迪达斯日常休闲秋季百搭,阿迪达斯,99,108,92,27,1744,95,网布透气,橡胶大底,系带设计,日常休闲,秋季百搭,59,男,福建省,是,5,是
889719729,耐克潮流潮流高街春季新款,耐克潮流,99,112,88,17,6820,100,超纤皮鞋,橡胶大底,系带设计,潮流高街,春季新款,43,男,浙江省,否,6,是
749637589,特步男鞋运动休闲冬季保暖,特步男鞋,288,379,76,512,9665,96,超纤皮鞋,EVA轻底,松紧带鞋,运动休闲,冬季保暖,49,女,四川省,是,12,是
331320616,安踏运动日常休闲夏季透气,安踏运动,139,149,93,6,701,92,网布透气,MD发泡底,系带设计,日常休闲,夏季透气,44,女,浙江省,是,21,是
773772365,特步男鞋日常休闲秋季百搭,特步男鞋,178,180,99,6,668,95,超纤皮鞋,EVA轻底,松紧带鞋,日常休闲,秋季百搭,38,女,安徽省,是,7,否
988373880,耐克潮流运动休闲四季通用,耐克潮流,135,136,99,862,122,94,飞织面料,橡胶大底,系带设计,运动休闲,四季通用,59,女,安徽省,是,22,否
976235486,鸿星尔克户外机能四季通用,鸿星尔克,237,447,53,792,485,86,飞织面料,TPR鞋底,系带设计,户外机能,四季通用,42,男,湖北省,是,18,是
210659556,回力经典户外机能冬季保暖,回力经典,149,298,50,213,4505,87,合成革鞋,TPR鞋底,套脚款式,户外机能,冬季保暖,38,女,湖北省,是,2,否
441445284,安踏运动运动休闲春季新款,安踏运动,252,475,53,50,641,90,超纤皮鞋,混合鞋底,魔术贴鞋,运动休闲,春季新款,49,男,江苏省,否,8,是
653526321,耐克潮流工装硬朗夏季透气,耐克潮流,187,260,72,960,4891,91,飞织面料,EVA轻底,套脚款式,工装硬朗,夏季透气,54,男,广东省,否,14,否
466692818,李宁休闲日常休闲夏季透气,李宁休闲,99,180,55,830,107,96,布面材质,MD发泡底,套脚款式,日常休闲,夏季透气,61,男,河北省,是,23,是
852437508,阿迪达斯复古潮鞋夏季透气,阿迪达斯,99,108,92,10,189,91,真皮柔软,PU中底,魔术贴鞋,复古潮鞋,夏季透气,53,女,安徽省,是,19,是
790878580,京东京造潮流高街夏季透气,京东京造,151,275,55,177,685,91,网布透气,混合鞋底,松紧带鞋,潮流高街,夏季透气,41,男,福建省,是,23,是
799960558,斯凯奇潮简约百搭冬季保暖,斯凯奇潮,187,334,56,26,937,94,合成革鞋,橡胶大底,拉链鞋款,简约百搭,冬季保暖,61,女,广东省,否,22,否
656066654,耐克潮流户外机能春季新款,耐克潮流,127,144,88,4051,2009,100,网布透气,PU中底,松紧带鞋,户外机能,春季新款,59,女,湖北省,否,5,是
850620403,斯凯奇潮简约百搭春季新款,斯凯奇潮,153,163,94,1454,7525,99,真皮柔软,EVA轻底,系带设计,简约百搭,春季新款,44,女,江苏省,是,17,否
911186200,特步男鞋简约百搭春季新款,特步男鞋,231,330,70,363,1149,93,布面材质,PU中底,系带设计,简约百搭,春季新款,47,男,广东省,否,18,是
442861692,安踏运动简约百搭四季通用,安踏运动,127,181,70,618,6990,90,飞织面料,TPR鞋底,套脚款式,简约百搭,四季通用,43,女,广东省,是,6,否
787998525,阿迪达斯日常休闲秋季百搭,阿迪达斯,99,136,73,900,16120,96,布面材质,MD发泡底,拉链鞋款,日常休闲,秋季百搭,38,女,四川省,否,14,否
377252617,其他品牌潮流高街冬季保暖,其他品牌,361,656,55,378,1675,87,混合材质,TPR鞋底,套脚款式,潮流高街,冬季保暖,50,女,福建省,否,21,否
703747455,斯凯奇潮潮流高街冬季保暖,斯凯奇潮,228,400,57,179,1124,93,飞织面料,MD发泡底,魔术贴鞋,潮流高街,冬季保暖,43,男,河南省,是,2,否
704340883,耐克潮流日常休闲夏季透气,耐克潮流,99,146,68,1453,444,90,高端飞织,TPR鞋底,拉链鞋款,日常休闲,夏季透气,54,男,广东省,否,15,是
787893412,斯凯奇潮潮流高街秋季百搭,斯凯奇潮,158,287,55,1094,1409,95,混合材质,混合鞋底,魔术贴鞋,潮流高街,秋季百搭,38,男,湖北省,否,8,否
905228280,特步男鞋工装硬朗夏季透气,特步男鞋,205,281,73,597,7009,99,网布透气,TPR鞋底,魔术贴鞋,工装硬朗,夏季透气,58,女,山东省,是,8,否
124483782,特步男鞋工装硬朗秋季百搭,特步男鞋,99,103,96,863,92,91,超纤皮鞋,橡胶大底,魔术贴鞋,工装硬朗,秋季百搭,18,女,安徽省,否,13,否
656541844,安踏运动潮流高街夏季透气,安踏运动,210,350,60,680,637,90,网布透气,MD发泡底,松紧带鞋,潮流高街,夏季透气,57,女,福建省,否,20,是
979779190,安踏运动潮流高街夏季透气,安踏运动,99,99,100,1250,787,100,混合材质,EVA轻底,系带设计,潮流高街,夏季透气,45,男,安徽省,是,15,否
831557802,其他品牌日常休闲夏季透气,其他品牌,99,146,68,42,3852,92,合成革鞋,MD发泡底,系带设计,日常休闲,夏季透气,35,男,湖北省,是,6,否
932788146,李宁休闲户外机能冬季保暖,李宁休闲,99,127,78,367,213,96,合成革鞋,TPR鞋底,魔术贴鞋,户外机能,冬季保暖,63,男,浙江省,否,21,是
509488585,安踏运动简约百搭四季通用,安踏运动,134,170,79,1317,1348,92,超纤皮鞋,混合鞋底,套脚款式,简约百搭,四季通用,41,女,安徽省,是,22,否
604160058,其他品牌日常休闲夏季透气,其他品牌,278,302,92,500,842,97,高端飞织,TPR鞋底,系带设计,日常休闲,夏季透气,41,女,江苏省,是,15,是
665233648,回力经典简约百搭秋季百搭,回力经典,106,120,88,29,628,89,合成革鞋,MD发泡底,系带设计,简约百搭,秋季百搭,48,男,河北省,否,19,是
670446705,安踏运动日常休闲冬季保暖,安踏运动,99,187,53,40,974,94,布面材质,TPR鞋底,魔术贴鞋,日常休闲,冬季保暖,52,女,浙江省,是,6,否
762400756,李宁休闲复古潮鞋夏季透气,李宁休闲,172,249,69,2746,2147,94,布面材质,混合鞋底,拉链鞋款,复古潮鞋,夏季透气,47,女,江苏省,否,7,是
491860750,阿迪达斯工装硬朗春季新款,阿迪达斯,99,171,58,1014,852,94,高端飞织,EVA轻底,拉链鞋款,工装硬朗,春季新款,40,男,安徽省,否,18,是
165059634,京东京造潮流高街冬季保暖,京东京造,113,123,92,46,2228,96,混合材质,PU中底,魔术贴鞋,潮流高街,冬季保暖,32,女,四川省,否,1,是
797630258,李宁休闲潮流高街四季通用,李宁休闲,133,177,75,1439,444,95,飞织面料,PU中底,系带设计,潮流高街,四季通用,53,男,河南省,否,6,否
400406401,耐克潮流运动休闲夏季透气,耐克潮流,275,509,54,270,1558,92,超纤皮鞋,MD发泡底,系带设计,运动休闲,夏季透气,47,女,浙江省,否,19,是
957527721,李宁休闲运动休闲春季新款,李宁休闲,334,341,98,205,7645,94,高端飞织,TPR鞋底,套脚款式,运动休闲,春季新款,42,女,山东省,否,11,否
757007033,阿迪达斯日常休闲秋季百搭,阿迪达斯,135,250,54,606,11365,89,合成革鞋,混合鞋底,魔术贴鞋,日常休闲,秋季百搭,63,男,浙江省,否,21,是
968302544,鸿星尔克日常休闲夏季透气,鸿星尔克,166,302,55,1129,1101,88,真皮柔软,EVA轻底,拉链鞋款,日常休闲,夏季透气,32,女,湖北省,否,22,否
150811866,斯凯奇潮工装硬朗四季通用,斯凯奇潮,178,209,85,1159,1693,94,网布透气,TPR鞋底,套脚款式,工装硬朗,四季通用,45,男,江苏省,是,23,否
382614253,其他品牌日常休闲四季通用,其他品牌,128,246,52,41,3201,93,超纤皮鞋,TPR鞋底,系带设计,日常休闲,四季通用,25,男,江苏省,是,21,是
802324387,京东京造简约百搭秋季百搭,京东京造,142,237,60,475,2571,90,真皮柔软,MD发泡底,松紧带鞋,简约百搭,秋季百搭,43,男,湖北省,否,20,否
158247886,阿迪达斯运动休闲四季通用,阿迪达斯,191,205,93,29,40998,97,超纤皮鞋,混合鞋底,松紧带鞋,运动休闲,四季通用,47,女,山东省,否,8,否
621996519,鸿星尔克运动休闲冬季保暖,鸿星尔克,99,106,93,181,217,94,布面材质,TPR鞋底,拉链鞋款,运动休闲,冬季保暖,51,女,浙江省,否,21,否
293194087,鸿星尔克潮流高街四季通用,鸿星尔克,129,184,70,542,1637,90,超纤皮鞋,TPR鞋底,套脚款式,潮流高街,四季通用,47,女,河南省,否,16,是
204126736,京东京造简约百搭夏季透气,京东京造,252,434,58,1143,8992,93,网布透气,混合鞋底,魔术贴鞋,简约百搭,夏季透气,48,女,湖北省,是,8,否
884272679,安踏运动工装硬朗四季通用,安踏运动,105,138,76,31,309,90,飞织面料,混合鞋底,魔术贴鞋,工装硬朗,四季通用,48,男,湖北省,是,21,否
557713785,耐克潮流运动休闲四季通用,耐克潮流,99,160,62,911,1220,97,合成革鞋,橡胶大底,拉链鞋款,运动休闲,四季通用,42,女,福建省,是,1,是
892641229,特步男鞋工装硬朗春季新款,特步男鞋,145,169,86,150,259,100,高端飞织,MD发泡底,魔术贴鞋,工装硬朗,春季新款,41,女,浙江省,是,9,否
561299820,特步男鞋运动休闲四季通用,特步男鞋,187,225,83,1291,86,97,真皮柔软,混合鞋底,松紧带鞋,运动休闲,四季通用,52,男,浙江省,否,10,否
969763939,斯凯奇潮潮流高街春季新款,斯凯奇潮,99,121,82,15,180,94,超纤皮鞋,TPR鞋底,魔术贴鞋,潮流高街,春季新款,32,女,山东省,是,20,是
900054200,安踏运动潮流高街春季新款,安踏运动,99,141,70,1188,6173,90,混合材质,混合鞋底,魔术贴鞋,潮流高街,春季新款,57,男,安徽省,是,23,是
139135919,特步男鞋潮流高街春季新款,特步男鞋,149,173,86,627,106,100,高端飞织,EVA轻底,魔术贴鞋,潮流高街,春季新款,50,男,湖北省,否,20,否
955409575,安踏运动日常休闲冬季保暖,安踏运动,99,111,89,2103,347,93,飞织面料,PU中底,套脚款式,日常休闲,冬季保暖,31,男,江苏省,否,1,否
959021269,特步男鞋工装硬朗夏季透气,特步男鞋,119,209,57,1107,1593,95,合成革鞋,橡胶大底,松紧带鞋,工装硬朗,夏季透气,60,女,山东省,是,2,是
342643405,其他品牌复古潮鞋秋季百搭,其他品牌,314,320,98,512,2445,89,混合材质,混合鞋底,系带设计,复古潮鞋,秋季百搭,58,男,广东省,否,8,是
391727705,回力经典运动休闲秋季百搭,回力经典,104,155,67,30,2460,96,飞织面料,橡胶大底,套脚款式,运动休闲,秋季百搭,50,女,山东省,是,23,是
401871663,回力经典户外机能春季新款,回力经典,99,187,53,1003,1159,91,超纤皮鞋,EVA轻底,魔术贴鞋,户外机能,春季新款,47,女,广东省,是,22,是
706712363,耐克潮流工装硬朗春季新款,耐克潮流,167,174,96,163,2561,94,真皮柔软,TPR鞋底,松紧带鞋,工装硬朗,春季新款,50,女,四川省,是,8,是
141712736,耐克潮流工装硬朗夏季透气,耐克潮流,104,186,56,100,455,90,合成革鞋,EVA轻底,套脚款式,工装硬朗,夏季透气,50,男,湖北省,是,12,否
850103983,特步男鞋复古潮鞋冬季保暖,特步男鞋,283,372,76,13,1208,97,混合材质,MD发泡底,松紧带鞋,复古潮鞋,冬季保暖,51,男,河北省,否,22,否
408481980,其他品牌工装硬朗四季通用,其他品牌,172,261,66,1214,3770,94,网布透气,TPR鞋底,松紧带鞋,工装硬朗,四季通用,24,女,江苏省,否,18,否
833572829,李宁休闲日常休闲四季通用,李宁休闲,265,402,66,2248,73,93,网布透气,TPR鞋底,魔术贴鞋,日常休闲,四季通用,49,男,广东省,否,9,否
401465667,斯凯奇潮工装硬朗秋季百搭,斯凯奇潮,125,142,88,19,733,95,飞织面料,TPR鞋底,拉链鞋款,工装硬朗,秋季百搭,29,女,福建省,否,23,否
503042180,阿迪达斯复古潮鞋冬季保暖,阿迪达斯,99,157,63,1090,1241,90,布面材质,TPR鞋底,拉链鞋款,复古潮鞋,冬季保暖,36,女,安徽省,是,13,是
714910131,安踏运动简约百搭春季新款,安踏运动,163,163,100,1382,323,95,超纤皮鞋,橡胶大底,拉链鞋款,简约百搭,春季新款,41,女,河北省,否,10,是
245845457,阿迪达斯简约百搭四季通用,阿迪达斯,99,111,89,1182,2150,97,合成革鞋,TPR鞋底,松紧带鞋,简约百搭,四季通用,55,男,河北省,是,11,是
144258778,李宁休闲工装硬朗春季新款,李宁休闲,118,231,51,527,6368,96,布面材质,橡胶大底,魔术贴鞋,工装硬朗,春季新款,46,男,福建省,是,22,否
584887961,安踏运动潮流高街秋季百搭,安踏运动,108,144,75,550,1564,93,飞织面料,TPR鞋底,系带设计,潮流高街,秋季百搭,22,男,山东省,是,23,否
810353268,京东京造复古潮鞋春季新款,京东京造,172,242,71,948,914,100,混合材质,EVA轻底,套脚款式,复古潮鞋,春季新款,35,女,浙江省,否,1,否
627122658,安踏运动户外机能夏季透气,安踏运动,142,222,64,783,19717,90,网布透气,橡胶大底,魔术贴鞋,户外机能,夏季透气,35,男,安徽省,否,14,否
893510141,斯凯奇潮户外机能秋季百搭,斯凯奇潮,122,154,79,3634,441,89,高端飞织,TPR鞋底,拉链鞋款,户外机能,秋季百搭,42,男,江苏省,否,13,否
735004124,安踏运动简约百搭四季通用,安踏运动,244,478,51,633,645,97,网布透气,TPR鞋底,魔术贴鞋,简约百搭,四季通用,51,女,安徽省,否,23,否
493055990,京东京造运动休闲秋季百搭,京东京造,104,137,76,319,553,99,超纤皮鞋,混合鞋底,松紧带鞋,运动休闲,秋季百搭,53,男,浙江省,是,19,是
723141378,阿迪达斯日常休闲冬季保暖,阿迪达斯,151,270,56,302,141,92,混合材质,MD发泡底,松紧带鞋,日常休闲,冬季保暖,51,男,山东省,是,14,是
625710421,特步男鞋户外机能四季通用,特步男鞋,110,139,79,1026,5736,96,网布透气,EVA轻底,拉链鞋款,户外机能,四季通用,54,男,广东省,是,15,否
231395981,耐克潮流复古潮鞋冬季保暖,耐克潮流,120,203,59,16,185,94,高端飞织,TPR鞋底,松紧带鞋,复古潮鞋,冬季保暖,44,男,安徽省,否,10,是
467856541,耐克潮流复古潮鞋四季通用,耐克潮流,105,108,97,25,765,91,高端飞织,EVA轻底,系带设计,复古潮鞋,四季通用,36,女,河南省,是,23,否
977432655,耐克潮流工装硬朗四季通用,耐克潮流,99,148,67,572,387,99,飞织面料,EVA轻底,拉链鞋款,工装硬朗,四季通用,43,女,河南省,是,17,否
170235426,其他品牌简约百搭春季新款,其他品牌,558,1094,51,519,3716,93,混合材质,PU中底,拉链鞋款,简约百搭,春季新款,48,男,河北省,是,19,否
233074487,李宁休闲复古潮鞋夏季透气,李宁休闲,99,177,56,44,1687,93,高端飞织,MD发泡底,套脚款式,复古潮鞋,夏季透气,53,男,山东省,否,10,是
880450087,耐克潮流运动休闲秋季百搭,耐克潮流,132,174,76,203,1039,100,混合材质,混合鞋底,魔术贴鞋,运动休闲,秋季百搭,55,女,河南省,是,6,否
393673592,李宁休闲工装硬朗夏季透气,李宁休闲,179,331,54,40,371,94,飞织面料,MD发泡底,系带设计,工装硬朗,夏季透气,60,女,福建省,否,19,是
614327857,斯凯奇潮运动休闲冬季保暖,斯凯奇潮,99,119,83,14,2639,94,网布透气,混合鞋底,拉链鞋款,运动休闲,冬季保暖,35,女,河南省,是,19,是
106478891,鸿星尔克工装硬朗四季通用,鸿星尔克,262,323,81,19,899,85,高端飞织,EVA轻底,套脚款式,工装硬朗,四季通用,36,男,安徽省,是,21,是
621280594,斯凯奇潮日常休闲夏季透气,斯凯奇潮,144,218,66,1400,3232,94,高端飞织,PU中底,松紧带鞋,日常休闲,夏季透气,61,女,福建省,是,15,否
430789234,特步男鞋户外机能夏季透气,特步男鞋,329,346,95,674,488,99,高端飞织,EVA轻底,套脚款式,户外机能,夏季透气,44,女,湖北省,否,21,是
460544904,安踏运动潮流高街秋季百搭,安踏运动,99,109,91,1350,206,97,超纤皮鞋,混合鞋底,套脚款式,潮流高街,秋季百搭,50,女,福建省,否,10,否
944350632,京东京造复古潮鞋夏季透气,京东京造,147,288,51,4,5559,90,真皮柔软,PU中底,套脚款式,复古潮鞋,夏季透气,48,女,四川省,是,1,是
267395994,斯凯奇潮复古潮鞋春季新款,斯凯奇潮,99,127,78,247,3019,91,合成革鞋,MD发泡底,套脚款式,复古潮鞋,春季新款,52,男,安徽省,是,18,是
453902868,京东京造运动休闲四季通用,京东京造,374,527,71,626,1111,94,高端飞织,MD发泡底,拉链鞋款,运动休闲,四季通用,40,男,湖北省,是,7,是
917818181,安踏运动复古潮鞋春季新款,安踏运动,99,122,81,42,1319,96,真皮柔软,PU中底,魔术贴鞋,复古潮鞋,春季新款,41,男,江苏省,是,0,是
638474972,李宁休闲日常休闲春季新款,李宁休闲,159,241,66,13,310,97,混合材质,MD发泡底,系带设计,日常休闲,春季新款,35,男,四川省,是,22,否
484765696,斯凯奇潮工装硬朗夏季透气,斯凯奇潮,126,221,57,359,213,97,高端飞织,橡胶大底,拉链鞋款,工装硬朗,夏季透气,31,女,湖北省,否,14,是
836655520,阿迪达斯复古潮鞋秋季百搭,阿迪达斯,196,327,60,30,5783,97,布面材质,EVA轻底,魔术贴鞋,复古潮鞋,秋季百搭,45,男,安徽省,否,22,是
274609346,阿迪达斯简约百搭夏季透气,阿迪达斯,210,259,81,11,1426,93,混合材质,EVA轻底,魔术贴鞋,简约百搭,夏季透气,48,男,湖北省,否,8,是
910795873,斯凯奇潮工装硬朗冬季保暖,斯凯奇潮,99,116,85,805,1775,85,超纤皮鞋,MD发泡底,魔术贴鞋,工装硬朗,冬季保暖,35,男,浙江省,是,19,是
836809030,京东京造运动休闲夏季透气,京东京造,99,198,50,907,200,90,高端飞织,橡胶大底,拉链鞋款,运动休闲,夏季透气,53,男,福建省,否,18,是
838794327,鸿星尔克复古潮鞋春季新款,鸿星尔克,99,99,100,1153,577,96,布面材质,PU中底,系带设计,复古潮鞋,春季新款,49,男,广东省,是,18,否
954501837,李宁休闲潮流高街春季新款,李宁休闲,153,207,74,3087,783,92,高端飞织,TPR鞋底,套脚款式,潮流高街,春季新款,60,女,浙江省,否,22,否
395439953,李宁休闲复古潮鞋四季通用,李宁休闲,150,254,59,198,1665,92,真皮柔软,橡胶大底,拉链鞋款,复古潮鞋,四季通用,25,男,山东省,否,10,是
344134887,回力经典复古潮鞋冬季保暖,回力经典,180,254,71,341,1736,94,飞织面料,TPR鞋底,套脚款式,复古潮鞋,冬季保暖,44,女,福建省,否,16,是
971805084,耐克潮流日常休闲秋季百搭,耐克潮流,99,122,81,1074,544,97,高端飞织,混合鞋底,套脚款式,日常休闲,秋季百搭,59,男,安徽省,否,17,否
646664345,特步男鞋简约百搭四季通用,特步男鞋,99,121,82,195,975,94,合成革鞋,混合鞋底,魔术贴鞋,简约百搭,四季通用,55,男,四川省,否,21,否
665715909,李宁休闲复古潮鞋春季新款,李宁休闲,228,415,55,3327,453,85,飞织面料,MD发泡底,拉链鞋款,复古潮鞋,春季新款,43,女,湖北省,是,21,否
927560994,李宁休闲运动休闲夏季透气,李宁休闲,204,224,91,191,428,100,布面材质,PU中底,系带设计,运动休闲,夏季透气,59,女,河北省,是,18,否
701587705,特步男鞋运动休闲秋季百搭,特步男鞋,264,311,85,1371,2124,96,高端飞织,TPR鞋底,魔术贴鞋,运动休闲,秋季百搭,46,男,河南省,否,21,是
701884675,斯凯奇潮简约百搭秋季百搭,斯凯奇潮,99,198,50,664,1899,94,合成革鞋,MD发泡底,松紧带鞋,简约百搭,秋季百搭,54,女,湖北省,是,23,否
939589219,特步男鞋潮流高街春季新款,特步男鞋,181,226,80,660,1297,100,高端飞织,PU中底,松紧带鞋,潮流高街,春季新款,53,男,河南省,是,22,否
841489830,阿迪达斯户外机能夏季透气,阿迪达斯,99,141,70,341,1135,95,布面材质,TPR鞋底,套脚款式,户外机能,夏季透气,55,女,河南省,否,14,是
826767616,回力经典复古潮鞋冬季保暖,回力经典,141,142,99,26,4255,94,合成革鞋,EVA轻底,套脚款式,复古潮鞋,冬季保暖,55,女,广东省,否,6,是
745078741,回力经典运动休闲冬季保暖,回力经典,194,290,67,914,333,91,飞织面料,MD发泡底,套脚款式,运动休闲,冬季保暖,57,男,河北省,是,22,是
452723832,安踏运动工装硬朗夏季透气,安踏运动,99,174,57,35,1012,90,网布透气,MD发泡底,套脚款式,工装硬朗,夏季透气,48,男,湖北省,否,23,否
141252832,阿迪达斯运动休闲冬季保暖,阿迪达斯,123,220,56,1041,8706,90,高端飞织,橡胶大底,系带设计,运动休闲,冬季保暖,38,女,江苏省,是,17,否
225771961,耐克潮流简约百搭秋季百搭,耐克潮流,99,105,94,1012,1122,90,飞织面料,PU中底,魔术贴鞋,简约百搭,秋季百搭,63,男,河北省,否,3,是
909613331,安踏运动复古潮鞋秋季百搭,安踏运动,104,155,67,797,2188,95,合成革鞋,PU中底,拉链鞋款,复古潮鞋,秋季百搭,36,男,广东省,是,5,是
623387799,回力经典户外机能春季新款,回力经典,117,165,71,1239,2734,94,真皮柔软,EVA轻底,拉链鞋款,户外机能,春季新款,54,女,江苏省,否,13,是
483107233,回力经典简约百搭夏季透气,回力经典,99,168,59,812,7727,88,网布透气,混合鞋底,套脚款式,简约百搭,夏季透气,32,女,安徽省,是,21,是
339698319,李宁休闲户外机能秋季百搭,李宁休闲,99,148,67,265,143,99,混合材质,TPR鞋底,系带设计,户外机能,秋季百搭,38,男,浙江省,是,1,否
816051188,斯凯奇潮复古潮鞋秋季百搭,斯凯奇潮,99,114,87,1207,1194,98,飞织面料,PU中底,魔术贴鞋,复古潮鞋,秋季百搭,44,女,山东省,否,22,是
325271329,耐克潮流运动休闲秋季百搭,耐克潮流,99,127,78,1011,1035,95,飞织面料,EVA轻底,套脚款式,运动休闲,秋季百搭,38,男,河北省,是,22,是
160627033,耐克潮流运动休闲四季通用,耐克潮流,121,202,60,31,1333,94,超纤皮鞋,MD发泡底,松紧带鞋,运动休闲,四季通用,52,女,福建省,否,15,是
516301883,阿迪达斯日常休闲秋季百搭,阿迪达斯,99,136,73,867,3404,98,超纤皮鞋,橡胶大底,松紧带鞋,日常休闲,秋季百搭,59,男,浙江省,否,9,是
878281070,回力经典工装硬朗夏季透气,回力经典,199,252,79,1040,3037,100,高端飞织,TPR鞋底,魔术贴鞋,工装硬朗,夏季透气,53,男,湖北省,否,22,否
596665820,京东京造简约百搭四季通用,京东京造,99,102,97,336,6622,97,超纤皮鞋,混合鞋底,松紧带鞋,简约百搭,四季通用,49,女,安徽省,是,22,否
614475165,鸿星尔克运动休闲冬季保暖,鸿星尔克,99,130,76,1410,2791,95,合成革鞋,EVA轻底,魔术贴鞋,运动休闲,冬季保暖,50,男,福建省,是,1,否
853100573,鸿星尔克运动休闲夏季透气,鸿星尔克,140,171,82,1193,1268,94,合成革鞋,EVA轻底,系带设计,运动休闲,夏季透气,46,女,浙江省,是,21,是
438480323,李宁休闲户外机能夏季透气,李宁休闲,99,194,51,4255,1935,94,网布透气,橡胶大底,松紧带鞋,户外机能,夏季透气,51,女,山东省,是,6,否
622367911,京东京造潮流高街夏季透气,京东京造,108,150,72,506,381,94,合成革鞋,橡胶大底,松紧带鞋,潮流高街,夏季透气,32,男,山东省,否,22,否
395249800,李宁休闲简约百搭冬季保暖,李宁休闲,109,163,67,899,698,91,高端飞织,EVA轻底,套脚款式,简约百搭,冬季保暖,49,男,福建省,否,10,否
815526679,特步男鞋运动休闲四季通用,特步男鞋,99,121,82,1169,1369,99,真皮柔软,橡胶大底,系带设计,运动休闲,四季通用,53,女,安徽省,否,20,是
366769398,京东京造日常休闲冬季保暖,京东京造,107,111,96,1054,1354,90,高端飞织,PU中底,套脚款式,日常休闲,冬季保暖,50,男,四川省,是,4,否
325896946,其他品牌运动休闲春季新款,其他品牌,169,192,88,120,613,94,合成革鞋,EVA轻底,魔术贴鞋,运动休闲,春季新款,60,男,福建省,是,3,是
944312191,阿迪达斯工装硬朗四季通用,阿迪达斯,99,114,87,1471,266,92,合成革鞋,TPR鞋底,拉链鞋款,工装硬朗,四季通用,41,女,安徽省,否,10,否
521805918,京东京造简约百搭秋季百搭,京东京造,99,111,89,32,2361,96,真皮柔软,EVA轻底,拉链鞋款,简约百搭,秋季百搭,51,女,福建省,是,16,否
384533188,特步男鞋工装硬朗夏季透气,特步男鞋,175,318,55,826,3979,87,超纤皮鞋,MD发泡底,松紧带鞋,工装硬朗,夏季透气,38,男,浙江省,否,20,否
946754343,斯凯奇潮运动休闲冬季保暖,斯凯奇潮,99,132,75,1181,698,89,合成革鞋,EVA轻底,拉链鞋款,运动休闲,冬季保暖,39,女,湖北省,否,17,否
815517187,回力经典潮流高街秋季百搭,回力经典,315,553,57,839,722,91,合成革鞋,橡胶大底,拉链鞋款,潮流高街,秋季百搭,54,男,山东省,否,5,否
593294242,斯凯奇潮运动休闲夏季透气,斯凯奇潮,99,121,82,22,866,90,布面材质,混合鞋底,系带设计,运动休闲,夏季透气,50,男,湖北省,是,0,否
589947200,鸿星尔克日常休闲四季通用,鸿星尔克,99,103,96,41,644,91,布面材质,混合鞋底,套脚款式,日常休闲,四季通用,45,男,湖北省,否,21,是
134809540,特步男鞋运动休闲夏季透气,特步男鞋,149,271,55,136,475,90,飞织面料,MD发泡底,魔术贴鞋,运动休闲,夏季透气,49,男,江苏省,是,8,是
178797807,斯凯奇潮工装硬朗冬季保暖,斯凯奇潮,122,122,100,4022,4001,94,网布透气,橡胶大底,系带设计,工装硬朗,冬季保暖,45,女,河北省,是,8,是
454919168,李宁休闲日常休闲春季新款,李宁休闲,227,273,83,617,237,88,真皮柔软,PU中底,魔术贴鞋,日常休闲,春季新款,45,女,河南省,是,16,是
789751346,耐克潮流简约百搭夏季透气,耐克潮流,140,140,100,2064,551,91,网布透气,橡胶大底,拉链鞋款,简约百搭,夏季透气,55,男,河南省,是,16,否
925177341,安踏运动日常休闲秋季百搭,安踏运动,105,133,79,1415,228,93,高端飞织,混合鞋底,系带设计,日常休闲,秋季百搭,54,男,山东省,是,14,否
872560826,安踏运动户外机能夏季透气,安踏运动,109,218,50,782,1019,97,真皮柔软,混合鞋底,套脚款式,户外机能,夏季透气,57,男,浙江省,是,22,否
370202044,安踏运动潮流高街秋季百搭,安踏运动,199,398,50,50,7342,93,真皮柔软,PU中底,系带设计,潮流高街,秋季百搭,54,男,安徽省,是,10,否
326851153,安踏运动潮流高街冬季保暖,安踏运动,167,274,61,219,563,97,合成革鞋,MD发泡底,套脚款式,潮流高街,冬季保暖,52,女,河南省,否,21,是
164418514,李宁休闲户外机能夏季透气,李宁休闲,254,416,61,22,3114,94,高端飞织,TPR鞋底,魔术贴鞋,户外机能,夏季透气,51,男,安徽省,否,11,否
482328523,特步男鞋潮流高街冬季保暖,特步男鞋,99,109,91,1348,527,95,真皮柔软,TPR鞋底,套脚款式,潮流高街,冬季保暖,47,男,广东省,是,22,否
459453343,李宁休闲复古潮鞋冬季保暖,李宁休闲,111,146,76,431,1316,92,高端飞织,PU中底,系带设计,复古潮鞋,冬季保暖,42,男,四川省,否,8,是
342017769,斯凯奇潮日常休闲四季通用,斯凯奇潮,105,178,59,861,6581,90,合成革鞋,PU中底,魔术贴鞋,日常休闲,四季通用,50,女,江苏省,是,22,否
400489850,李宁休闲工装硬朗四季通用,李宁休闲,104,173,60,6,193,97,真皮柔软,PU中底,拉链鞋款,工装硬朗,四季通用,35,男,河北省,否,22,否
239418726,斯凯奇潮简约百搭冬季保暖,斯凯奇潮,99,115,86,18,2116,87,布面材质,EVA轻底,魔术贴鞋,简约百搭,冬季保暖,42,男,安徽省,是,9,是
219006759,李宁休闲日常休闲冬季保暖,李宁休闲,99,130,76,4,231,90,混合材质,MD发泡底,松紧带鞋,日常休闲,冬季保暖,50,女,山东省,是,22,是
493732592,其他品牌潮流高街冬季保暖,其他品牌,201,275,73,1455,642,92,飞织面料,EVA轻底,松紧带鞋,潮流高街,冬季保暖,53,女,福建省,否,2,否
799200390,其他品牌运动休闲冬季保暖,其他品牌,99,190,52,341,3981,86,布面材质,TPR鞋底,魔术贴鞋,运动休闲,冬季保暖,50,女,四川省,否,11,是
904301810,特步男鞋简约百搭冬季保暖,特步男鞋,99,157,63,893,679,98,混合材质,TPR鞋底,系带设计,简约百搭,冬季保暖,45,男,山东省,是,6,否
887385028,特步男鞋工装硬朗夏季透气,特步男鞋,99,110,90,1,2296,98,高端飞织,EVA轻底,系带设计,工装硬朗,夏季透气,45,男,河南省,否,23,否
512130220,其他品牌简约百搭秋季百搭,其他品牌,154,169,91,4266,3871,97,网布透气,EVA轻底,套脚款式,简约百搭,秋季百搭,41,女,山东省,否,12,是
517739891,耐克潮流户外机能夏季透气,耐克潮流,99,141,70,859,1577,96,超纤皮鞋,混合鞋底,松紧带鞋,户外机能,夏季透气,53,女,河南省,是,8,否
210107010,安踏运动潮流高街四季通用,安踏运动,99,103,96,2556,261,91,超纤皮鞋,混合鞋底,拉链鞋款,潮流高街,四季通用,22,男,安徽省,否,21,否
911202646,回力经典户外机能春季新款,回力经典,99,165,60,241,319,93,高端飞织,PU中底,拉链鞋款,户外机能,春季新款,40,女,湖北省,是,9,是
219012566,安踏运动潮流高街秋季百搭,安踏运动,142,145,98,972,3081,95,混合材质,MD发泡底,魔术贴鞋,潮流高街,秋季百搭,39,女,四川省,否,22,否
955685296,特步男鞋户外机能春季新款,特步男鞋,477,900,53,3109,447,92,合成革鞋,EVA轻底,松紧带鞋,户外机能,春季新款,47,女,四川省,否,7,否
476419111,李宁休闲户外机能秋季百搭,李宁休闲,188,348,54,3322,1764,95,超纤皮鞋,MD发泡底,系带设计,户外机能,秋季百搭,54,男,四川省,是,20,否
311346767,特步男鞋户外机能四季通用,特步男鞋,180,247,73,1221,4091,100,高端飞织,混合鞋底,拉链鞋款,户外机能,四季通用,50,男,湖北省,否,15,是
828930438,特步男鞋简约百搭夏季透气,特步男鞋,140,147,95,20,392,93,合成革鞋,混合鞋底,拉链鞋款,简约百搭,夏季透气,38,女,浙江省,否,23,否
151365721,回力经典简约百搭春季新款,回力经典,99,138,72,1085,1826,99,超纤皮鞋,MD发泡底,拉链鞋款,简约百搭,春季新款,62,男,安徽省,是,23,否
579020594,安踏运动工装硬朗四季通用,安踏运动,250,446,56,957,978,97,超纤皮鞋,混合鞋底,系带设计,工装硬朗,四季通用,52,女,浙江省,否,20,否
674838032,其他品牌潮流高街四季通用,其他品牌,217,319,68,297,2018,85,混合材质,PU中底,松紧带鞋,潮流高街,四季通用,52,女,河北省,否,0,否
524049998,回力经典潮流高街四季通用,回力经典,147,230,64,2009,10820,90,飞织面料,混合鞋底,魔术贴鞋,潮流高街,四季通用,54,女,四川省,否,15,否
511112965,鸿星尔克简约百搭秋季百搭,鸿星尔克,134,258,52,341,399,91,混合材质,MD发泡底,系带设计,简约百搭,秋季百搭,64,女,广东省,否,15,否
944917798,李宁休闲工装硬朗冬季保暖,李宁休闲,306,326,94,1203,712,88,网布透气,MD发泡底,拉链鞋款,工装硬朗,冬季保暖,42,男,湖北省,是,15,否
698780505,其他品牌户外机能冬季保暖,其他品牌,185,185,100,44,950,97,布面材质,混合鞋底,系带设计,户外机能,冬季保暖,39,女,福建省,是,7,是
683873926,其他品牌日常休闲秋季百搭,其他品牌,699,1092,64,1080,1362,85,超纤皮鞋,橡胶大底,松紧带鞋,日常休闲,秋季百搭,43,女,湖北省,是,16,是
511016135,鸿星尔克日常休闲四季通用,鸿星尔克,128,132,97,861,2333,91,合成革鞋,混合鞋底,系带设计,日常休闲,四季通用,40,女,江苏省,是,1,否
390469004,耐克潮流简约百搭四季通用,耐克潮流,104,112,93,281,3629,93,真皮柔软,EVA轻底,魔术贴鞋,简约百搭,四季通用,42,男,河北省,否,11,是
317222162,李宁休闲户外机能春季新款,李宁休闲,317,634,50,2599,46,96,飞织面料,MD发泡底,魔术贴鞋,户外机能,春季新款,52,女,四川省,否,0,否
654677333,其他品牌潮流高街夏季透气,其他品牌,162,186,87,368,11477,95,合成革鞋,MD发泡底,松紧带鞋,潮流高街,夏季透气,45,男,河北省,否,11,否
918118565,其他品牌简约百搭冬季保暖,其他品牌,181,262,69,12,607,96,超纤皮鞋,混合鞋底,魔术贴鞋,简约百搭,冬季保暖,40,女,福建省,是,0,否
666604626,回力经典工装硬朗秋季百搭,回力经典,176,178,99,771,215,92,合成革鞋,MD发泡底,松紧带鞋,工装硬朗,秋季百搭,54,男,山东省,否,23,否
799057532,回力经典潮流高街春季新款,回力经典,99,143,69,597,554,95,网布透气,TPR鞋底,拉链鞋款,潮流高街,春季新款,46,男,四川省,否,9,否
982713274,其他品牌运动休闲四季通用,其他品牌,99,141,70,1213,13402,93,超纤皮鞋,混合鞋底,拉链鞋款,运动休闲,四季通用,48,女,四川省,是,21,否
669204940,李宁休闲潮流高街四季通用,李宁休闲,203,376,54,8,1798,92,超纤皮鞋,TPR鞋底,系带设计,潮流高街,四季通用,52,男,河南省,是,16,是
853401464,鸿星尔克工装硬朗春季新款,鸿星尔克,187,346,54,1349,1093,91,飞织面料,混合鞋底,套脚款式,工装硬朗,春季新款,54,女,四川省,否,7,是
715404366,安踏运动简约百搭秋季百搭,安踏运动,100,109,92,3599,1025,97,合成革鞋,EVA轻底,魔术贴鞋,简约百搭,秋季百搭,29,男,江苏省,否,19,是
727850151,李宁休闲日常休闲四季通用,李宁休闲,117,195,60,931,1240,93,超纤皮鞋,橡胶大底,松紧带鞋,日常休闲,四季通用,40,男,浙江省,否,1,否
212979761,阿迪达斯复古潮鞋秋季百搭,阿迪达斯,99,157,63,36,875,100,网布透气,MD发泡底,魔术贴鞋,复古潮鞋,秋季百搭,51,女,湖北省,是,20,否
852568360,京东京造工装硬朗四季通用,京东京造,104,127,82,204,154,91,飞织面料,TPR鞋底,魔术贴鞋,工装硬朗,四季通用,34,男,广东省,否,18,否
181976000,耐克潮流运动休闲夏季透气,耐克潮流,165,190,87,1021,368,96,飞织面料,橡胶大底,系带设计,运动休闲,夏季透气,43,男,四川省,否,10,是
274379410,其他品牌简约百搭秋季百搭,其他品牌,99,138,72,399,4227,95,合成革鞋,混合鞋底,系带设计,简约百搭,秋季百搭,52,男,山东省,否,1,否
362799061,鸿星尔克简约百搭夏季透气,鸿星尔克,104,118,88,29,2385,91,高端飞织,TPR鞋底,套脚款式,简约百搭,夏季透气,47,男,江苏省,否,2,否
402293312,阿迪达斯运动休闲冬季保暖,阿迪达斯,99,112,88,336,210,93,混合材质,EVA轻底,松紧带鞋,运动休闲,冬季保暖,50,男,湖北省,否,17,是
577785246,安踏运动运动休闲夏季透气,安踏运动,99,139,71,2877,3475,91,合成革鞋,MD发泡底,拉链鞋款,运动休闲,夏季透气,43,女,河南省,是,3,否
692903743,其他品牌运动休闲夏季透气,其他品牌,238,410,58,647,399,90,真皮柔软,PU中底,松紧带鞋,运动休闲,夏季透气,59,男,浙江省,否,9,否
454449012,回力经典运动休闲春季新款,回力经典,281,385,73,1382,110,100,超纤皮鞋,混合鞋底,拉链鞋款,运动休闲,春季新款,49,女,四川省,否,10,否
309749008,李宁休闲日常休闲春季新款,李宁休闲,168,213,79,10,447,91,高端飞织,EVA轻底,套脚款式,日常休闲,春季新款,52,男,江苏省,否,21,是
717896543,其他品牌复古潮鞋夏季透气,其他品牌,113,118,96,47,1461,94,合成革鞋,橡胶大底,系带设计,复古潮鞋,夏季透气,46,女,湖北省,是,6,是
824338158,安踏运动工装硬朗冬季保暖,安踏运动,99,194,51,675,2387,92,网布透气,橡胶大底,魔术贴鞋,工装硬朗,冬季保暖,52,男,河北省,是,23,是
406253332,耐克潮流日常休闲夏季透气,耐克潮流,99,102,97,881,1973,91,网布透气,混合鞋底,拉链鞋款,日常休闲,夏季透气,55,男,河南省,否,21,否
711568611,京东京造日常休闲冬季保暖,京东京造,114,200,57,344,2121,96,真皮柔软,MD发泡底,套脚款式,日常休闲,冬季保暖,53,男,河南省,是,9,否
575820897,特步男鞋简约百搭冬季保暖,特步男鞋,117,217,54,2008,7863,97,高端飞织,PU中底,拉链鞋款,简约百搭,冬季保暖,44,男,山东省,是,21,是
715276140,其他品牌日常休闲秋季百搭,其他品牌,238,441,54,1371,2241,93,网布透气,橡胶大底,松紧带鞋,日常休闲,秋季百搭,34,男,河南省,是,21,是
174672965,阿迪达斯潮流高街秋季百搭,阿迪达斯,121,138,88,2404,6038,98,混合材质,EVA轻底,套脚款式,潮流高街,秋季百搭,39,女,湖北省,是,17,否
733236884,李宁休闲户外机能春季新款,李宁休闲,163,259,63,3536,441,95,合成革鞋,橡胶大底,拉链鞋款,户外机能,春季新款,46,女,河南省,是,12,是
335033056,京东京造工装硬朗冬季保暖,京东京造,171,197,87,13,351,91,混合材质,橡胶大底,松紧带鞋,工装硬朗,冬季保暖,45,男,山东省,否,12,是
806831131,回力经典运动休闲四季通用,回力经典,290,468,62,261,2689,90,合成革鞋,MD发泡底,拉链鞋款,运动休闲,四季通用,54,女,浙江省,否,21,是
152778162,斯凯奇潮潮流高街冬季保暖,斯凯奇潮,118,146,81,4762,234,92,超纤皮鞋,MD发泡底,套脚款式,潮流高街,冬季保暖,34,男,江苏省,否,21,是
691742603,回力经典复古潮鞋冬季保暖,回力经典,99,116,85,981,4114,98,混合材质,TPR鞋底,魔术贴鞋,复古潮鞋,冬季保暖,65,女,山东省,否,8,否
250733940,鸿星尔克复古潮鞋四季通用,鸿星尔克,213,296,72,34,6305,94,飞织面料,TPR鞋底,套脚款式,复古潮鞋,四季通用,48,男,江苏省,是,3,否
340153381,李宁休闲工装硬朗四季通用,李宁休闲,120,120,100,1419,485,96,超纤皮鞋,TPR鞋底,拉链鞋款,工装硬朗,四季通用,48,女,浙江省,是,23,是
847420866,特步男鞋日常休闲夏季透气,特步男鞋,99,122,81,291,690,97,飞织面料,PU中底,魔术贴鞋,日常休闲,夏季透气,36,男,河南省,否,6,是
629325166,鸿星尔克简约百搭春季新款,鸿星尔克,115,139,83,25,801,96,网布透气,MD发泡底,拉链鞋款,简约百搭,春季新款,41,男,浙江省,是,5,否
228839486,回力经典简约百搭夏季透气,回力经典,185,247,75,18,1154,100,飞织面料,EVA轻底,套脚款式,简约百搭,夏季透气,56,男,河北省,是,19,是
201360351,斯凯奇潮潮流高街秋季百搭,斯凯奇潮,99,119,83,3194,609,91,超纤皮鞋,MD发泡底,松紧带鞋,潮流高街,秋季百搭,46,男,河南省,否,13,是
783930653,李宁休闲户外机能秋季百搭,李宁休闲,99,162,61,4629,3191,93,真皮柔软,混合鞋底,松紧带鞋,户外机能,秋季百搭,45,女,浙江省,是,23,是
552784989,特步男鞋日常休闲冬季保暖,特步男鞋,303,522,58,31,1306,95,布面材质,橡胶大底,魔术贴鞋,日常休闲,冬季保暖,31,女,河北省,否,21,否
878890373,李宁休闲工装硬朗夏季透气,李宁休闲,267,534,50,27,295,90,真皮柔软,TPR鞋底,套脚款式,工装硬朗,夏季透气,49,男,广东省,是,23,否
977436332,回力经典潮流高街夏季透气,回力经典,99,180,55,4706,2581,95,飞织面料,橡胶大底,拉链鞋款,潮流高街,夏季透气,57,女,四川省,是,20,是
234464644,其他品牌工装硬朗四季通用,其他品牌,226,286,79,397,1294,98,飞织面料,橡胶大底,松紧带鞋,工装硬朗,四季通用,55,男,广东省,否,13,否
982571175,阿迪达斯日常休闲夏季透气,阿迪达斯,118,126,94,1364,216,99,飞织面料,橡胶大底,系带设计,日常休闲,夏季透气,47,男,河南省,是,1,是
237367358,斯凯奇潮简约百搭秋季百搭,斯凯奇潮,214,228,94,904,7583,90,飞织面料,PU中底,松紧带鞋,简约百搭,秋季百搭,49,女,湖北省,否,9,是
559417097,李宁休闲工装硬朗秋季百搭,李宁休闲,154,203,76,784,726,96,超纤皮鞋,混合鞋底,套脚款式,工装硬朗,秋季百搭,46,女,广东省,是,18,否
573493690,京东京造日常休闲冬季保暖,京东京造,99,160,62,834,431,94,超纤皮鞋,MD发泡底,魔术贴鞋,日常休闲,冬季保暖,54,男,广东省,否,20,否
410460096,斯凯奇潮户外机能冬季保暖,斯凯奇潮,407,558,73,42,4607,90,合成革鞋,EVA轻底,魔术贴鞋,户外机能,冬季保暖,45,女,安徽省,是,20,否
330923958,斯凯奇潮日常休闲四季通用,斯凯奇潮,104,165,63,1476,1142,96,飞织面料,橡胶大底,松紧带鞋,日常休闲,四季通用,57,男,四川省,是,22,是
966791855,李宁休闲简约百搭夏季透气,李宁休闲,124,148,84,874,276,90,布面材质,TPR鞋底,魔术贴鞋,简约百搭,夏季透气,59,女,浙江省,否,21,否
264944462,回力经典日常休闲秋季百搭,回力经典,135,178,76,676,2793,92,混合材质,橡胶大底,系带设计,日常休闲,秋季百搭,36,女,安徽省,是,0,否
391506324,安踏运动日常休闲冬季保暖,安踏运动,99,109,91,40,5312,95,混合材质,TPR鞋底,拉链鞋款,日常休闲,冬季保暖,53,男,河南省,是,6,是
999534425,鸿星尔克日常休闲秋季百搭,鸿星尔克,158,186,85,31,2800,97,超纤皮鞋,EVA轻底,松紧带鞋,日常休闲,秋季百搭,50,女,湖北省,否,11,否
678122152,阿迪达斯日常休闲冬季保暖,阿迪达斯,111,119,93,3817,11404,91,真皮柔软,EVA轻底,松紧带鞋,日常休闲,冬季保暖,58,女,河北省,是,7,否
263743613,阿迪达斯工装硬朗夏季透气,阿迪达斯,272,275,99,685,698,96,高端飞织,PU中底,套脚款式,工装硬朗,夏季透气,51,男,河北省,是,22,是
340069615,鸿星尔克简约百搭夏季透气,鸿星尔克,99,104,95,795,705,96,布面材质,EVA轻底,套脚款式,简约百搭,夏季透气,56,女,江苏省,是,19,是
814130819,耐克潮流简约百搭秋季百搭,耐克潮流,153,165,93,1440,1091,97,高端飞织,EVA轻底,拉链鞋款,简约百搭,秋季百搭,58,男,浙江省,是,13,否
990235973,鸿星尔克潮流高街夏季透气,鸿星尔克,99,106,93,1359,19469,92,合成革鞋,橡胶大底,魔术贴鞋,潮流高街,夏季透气,44,女,河北省,否,7,否
297071913,鸿星尔克工装硬朗春季新款,鸿星尔克,99,160,62,736,1698,96,超纤皮鞋,MD发泡底,套脚款式,工装硬朗,春季新款,42,女,湖北省,否,21,是
654872133,京东京造潮流高街秋季百搭,京东京造,226,269,84,31,1701,96,高端飞织,PU中底,魔术贴鞋,潮流高街,秋季百搭,39,男,广东省,是,21,否
411806511,鸿星尔克潮流高街秋季百搭,鸿星尔克,99,198,50,1032,1325,92,混合材质,橡胶大底,套脚款式,潮流高街,秋季百搭,38,男,福建省,是,11,是
757895125,李宁休闲日常休闲夏季透气,李宁休闲,99,132,75,4770,128,90,布面材质,混合鞋底,魔术贴鞋,日常休闲,夏季透气,36,女,安徽省,否,10,否
391590749,耐克潮流复古潮鞋四季通用,耐克潮流,249,323,77,1296,25667,91,超纤皮鞋,EVA轻底,系带设计,复古潮鞋,四季通用,53,男,河北省,否,22,是
996366885,斯凯奇潮运动休闲秋季百搭,斯凯奇潮,99,162,61,14,2161,90,混合材质,混合鞋底,松紧带鞋,运动休闲,秋季百搭,48,男,河北省,否,16,否
477884994,耐克潮流运动休闲春季新款,耐克潮流,99,138,72,242,232,98,合成革鞋,MD发泡底,系带设计,运动休闲,春季新款,42,女,四川省,否,22,是
603642185,其他品牌潮流高街四季通用,其他品牌,146,209,70,2175,1001,95,飞织面料,MD发泡底,松紧带鞋,潮流高街,四季通用,51,男,四川省,是,23,是
347123957,安踏运动日常休闲夏季透气,安踏运动,109,156,70,1218,611,98,真皮柔软,MD发泡底,松紧带鞋,日常休闲,夏季透气,38,女,浙江省,是,17,否
104278347,其他品牌日常休闲春季新款,其他品牌,145,238,61,977,110,97,合成革鞋,橡胶大底,套脚款式,日常休闲,春季新款,52,女,河北省,是,19,否
773664483,斯凯奇潮复古潮鞋春季新款,斯凯奇潮,99,122,81,978,6159,98,高端飞织,混合鞋底,拉链鞋款,复古潮鞋,春季新款,51,女,浙江省,是,22,否
772006675,耐克潮流简约百搭夏季透气,耐克潮流,170,230,74,4339,27,90,布面材质,MD发泡底,松紧带鞋,简约百搭,夏季透气,55,男,福建省,是,0,否
245394187,安踏运动工装硬朗秋季百搭,安踏运动,99,171,58,967,2902,86,混合材质,PU中底,系带设计,工装硬朗,秋季百搭,40,女,山东省,是,23,否
829829011,李宁休闲潮流高街四季通用,李宁休闲,107,126,85,6,743,95,布面材质,EVA轻底,系带设计,潮流高街,四季通用,18,男,山东省,否,21,是
195899591,特步男鞋运动休闲夏季透气,特步男鞋,129,157,82,44,6083,93,合成革鞋,PU中底,系带设计,运动休闲,夏季透气,52,女,湖北省,是,2,否
551795907,鸿星尔克日常休闲春季新款,鸿星尔克,110,138,80,1179,3019,94,飞织面料,TPR鞋底,拉链鞋款,日常休闲,春季新款,52,女,江苏省,否,20,是
762008564,鸿星尔克复古潮鞋冬季保暖,鸿星尔克,99,141,70,209,1966,90,网布透气,PU中底,松紧带鞋,复古潮鞋,冬季保暖,49,女,江苏省,否,18,否
743239195,回力经典简约百搭四季通用,回力经典,99,114,87,87,2384,90,飞织面料,混合鞋底,拉链鞋款,简约百搭,四季通用,53,男,江苏省,否,21,否
176645749,耐克潮流简约百搭春季新款,耐克潮流,139,236,59,3166,129,85,飞织面料,PU中底,魔术贴鞋,简约百搭,春季新款,53,女,河北省,是,5,否
283712722,安踏运动运动休闲夏季透气,安踏运动,218,396,55,1071,2486,91,合成革鞋,橡胶大底,系带设计,运动休闲,夏季透气,52,男,湖北省,是,4,否
750152153,回力经典潮流高街春季新款,回力经典,99,177,56,826,784,90,飞织面料,TPR鞋底,松紧带鞋,潮流高街,春季新款,44,男,江苏省,否,11,是
998591831,耐克潮流运动休闲四季通用,耐克潮流,162,222,73,320,3220,94,布面材质,TPR鞋底,松紧带鞋,运动休闲,四季通用,45,女,广东省,是,21,是
866359693,京东京造潮流高街四季通用,京东京造,208,315,66,181,454,99,超纤皮鞋,TPR鞋底,拉链鞋款,潮流高街,四季通用,37,女,安徽省,否,11,否
833796519,鸿星尔克简约百搭秋季百搭,鸿星尔克,132,210,63,1320,503,96,飞织面料,橡胶大底,系带设计,简约百搭,秋季百搭,36,女,山东省,否,23,否
783549410,特步男鞋复古潮鞋四季通用,特步男鞋,125,142,88,44,960,90,布面材质,EVA轻底,魔术贴鞋,复古潮鞋,四季通用,60,男,河南省,是,13,否
830419108,李宁休闲潮流高街夏季透气,李宁休闲,143,247,58,22,141,100,高端飞织,橡胶大底,松紧带鞋,潮流高街,夏季透气,48,女,四川省,否,13,是
632699877,特步男鞋工装硬朗冬季保暖,特步男鞋,128,151,85,31,523,93,高端飞织,混合鞋底,系带设计,工装硬朗,冬季保暖,41,男,四川省,是,19,是
768570851,斯凯奇潮工装硬朗四季通用,斯凯奇潮,123,198,62,2738,1509,99,飞织面料,EVA轻底,系带设计,工装硬朗,四季通用,53,男,河南省,是,14,是
381167925,安踏运动运动休闲夏季透气,安踏运动,99,105,94,490,351,97,超纤皮鞋,TPR鞋底,套脚款式,运动休闲,夏季透气,31,女,山东省,是,19,否
147915372,回力经典运动休闲春季新款,回力经典,147,160,92,4540,461,94,飞织面料,TPR鞋底,套脚款式,运动休闲,春季新款,39,男,四川省,否,16,是
944049513,其他品牌潮流高街四季通用,其他品牌,99,115,86,1301,1200,90,飞织面料,橡胶大底,套脚款式,潮流高街,四季通用,44,女,安徽省,是,22,否
628862007,鸿星尔克户外机能春季新款,鸿星尔克,99,157,63,3131,2300,95,网布透气,混合鞋底,套脚款式,户外机能,春季新款,42,男,湖北省,否,21,是
726343882,斯凯奇潮工装硬朗冬季保暖,斯凯奇潮,217,356,61,614,639,98,真皮柔软,TPR鞋底,魔术贴鞋,工装硬朗,冬季保暖,50,女,福建省,否,4,否
378467866,其他品牌复古潮鞋春季新款,其他品牌,186,214,87,96,2171,94,布面材质,混合鞋底,拉链鞋款,复古潮鞋,春季新款,44,男,河北省,是,21,否
156505747,耐克潮流户外机能四季通用,耐克潮流,155,180,86,472,96,91,高端飞织,MD发泡底,拉链鞋款,户外机能,四季通用,48,男,广东省,否,18,否
913579149,鸿星尔克潮流高街冬季保暖,鸿星尔克,281,293,96,1029,3171,92,混合材质,混合鞋底,系带设计,潮流高街,冬季保暖,45,男,湖北省,是,1,是
711786051,鸿星尔克户外机能夏季透气,鸿星尔克,472,800,59,331,24598,95,真皮柔软,橡胶大底,系带设计,户外机能,夏季透气,53,男,山东省,否,0,否
685564809,鸿星尔克复古潮鞋秋季百搭,鸿星尔克,193,333,58,75,650,94,真皮柔软,TPR鞋底,套脚款式,复古潮鞋,秋季百搭,45,女,河南省,否,17,是
366968791,李宁休闲简约百搭四季通用,李宁休闲,215,287,75,3808,174,94,合成革鞋,PU中底,松紧带鞋,简约百搭,四季通用,38,男,浙江省,是,20,否
280756321,其他品牌复古潮鞋秋季百搭,其他品牌,114,187,61,1063,151,92,高端飞织,EVA轻底,魔术贴鞋,复古潮鞋,秋季百搭,38,女,河南省,否,3,否
657748918,安踏运动日常休闲四季通用,安踏运动,139,207,67,9,263,92,布面材质,PU中底,拉链鞋款,日常休闲,四季通用,44,女,江苏省,是,22,是
755557847,其他品牌运动休闲冬季保暖,其他品牌,174,264,66,246,672,95,高端飞织,EVA轻底,拉链鞋款,运动休闲,冬季保暖,46,男,湖北省,是,23,否
375688152,鸿星尔克运动休闲春季新款,鸿星尔克,118,139,85,9,5807,91,混合材质,混合鞋底,魔术贴鞋,运动休闲,春季新款,37,女,山东省,是,15,是
938692069,特步男鞋简约百搭夏季透气,特步男鞋,297,479,62,210,899,91,真皮柔软,EVA轻底,拉链鞋款,简约百搭,夏季透气,52,男,河北省,是,15,否
743867076,李宁休闲简约百搭春季新款,李宁休闲,208,242,86,4151,2654,99,高端飞织,EVA轻底,系带设计,简约百搭,春季新款,54,女,四川省,否,20,否
387420719,其他品牌潮流高街冬季保暖,其他品牌,134,152,88,216,27757,90,混合材质,MD发泡底,套脚款式,潮流高街,冬季保暖,49,男,湖北省,是,20,否
936516662,其他品牌工装硬朗夏季透气,其他品牌,99,146,68,180,829,97,真皮柔软,橡胶大底,套脚款式,工装硬朗,夏季透气,47,女,湖北省,否,0,否
991819040,京东京造户外机能夏季透气,京东京造,149,171,87,3143,3145,88,超纤皮鞋,PU中底,松紧带鞋,户外机能,夏季透气,46,男,四川省,是,20,是
953029244,京东京造工装硬朗夏季透气,京东京造,99,106,93,1272,114,90,混合材质,混合鞋底,松紧带鞋,工装硬朗,夏季透气,38,女,河北省,否,3,否
864135577,鸿星尔克日常休闲冬季保暖,鸿星尔克,122,140,87,622,1601,95,布面材质,MD发泡底,拉链鞋款,日常休闲,冬季保暖,46,女,山东省,是,23,是
560142570,耐克潮流工装硬朗秋季百搭,耐克潮流,195,279,70,192,355,98,合成革鞋,MD发泡底,套脚款式,工装硬朗,秋季百搭,44,女,河北省,是,8,是
268231223,京东京造运动休闲秋季百搭,京东京造,99,125,79,49,4183,94,混合材质,EVA轻底,魔术贴鞋,运动休闲,秋季百搭,65,女,河北省,是,22,是
211626757,回力经典简约百搭春季新款,回力经典,282,300,94,11,4170,91,布面材质,混合鞋底,拉链鞋款,简约百搭,春季新款,44,男,河南省,是,19,否
410711629,耐克潮流潮流高街四季通用,耐克潮流,352,356,99,557,6937,86,飞织面料,EVA轻底,魔术贴鞋,潮流高街,四季通用,40,男,江苏省,是,21,否
560318527,特步男鞋简约百搭春季新款,特步男鞋,242,244,99,1463,3973,88,合成革鞋,混合鞋底,拉链鞋款,简约百搭,春季新款,45,女,山东省,是,15,否
772356073,耐克潮流潮流高街四季通用,耐克潮流,381,680,56,3032,4687,90,网布透气,橡胶大底,松紧带鞋,潮流高街,四季通用,48,男,浙江省,否,7,是
708327800,斯凯奇潮运动休闲四季通用,斯凯奇潮,140,192,73,877,802,91,网布透气,橡胶大底,套脚款式,运动休闲,四季通用,46,男,山东省,否,22,是
649689149,耐克潮流日常休闲冬季保暖,耐克潮流,99,115,86,1474,79,87,高端飞织,MD发泡底,套脚款式,日常休闲,冬季保暖,60,女,浙江省,是,12,是
595870743,李宁休闲运动休闲四季通用,李宁休闲,99,129,77,46,2307,93,真皮柔软,PU中底,松紧带鞋,运动休闲,四季通用,45,男,浙江省,是,12,否
940347055,阿迪达斯户外机能夏季透气,阿迪达斯,147,155,95,41,2659,91,混合材质,MD发泡底,系带设计,户外机能,夏季透气,40,男,山东省,是,16,是
616411789,耐克潮流日常休闲夏季透气,耐克潮流,203,398,51,1380,543,94,合成革鞋,混合鞋底,系带设计,日常休闲,夏季透气,51,男,湖北省,否,9,是
821715042,安踏运动工装硬朗冬季保暖,安踏运动,99,180,55,84,249,97,布面材质,PU中底,系带设计,工装硬朗,冬季保暖,34,男,山东省,否,3,否
976447748,斯凯奇潮日常休闲秋季百搭,斯凯奇潮,200,222,90,572,5865,94,合成革鞋,EVA轻底,系带设计,日常休闲,秋季百搭,54,男,河南省,否,7,否
529373576,阿迪达斯运动休闲冬季保暖,阿迪达斯,99,122,81,1419,5084,89,混合材质,MD发泡底,系带设计,运动休闲,冬季保暖,46,女,广东省,是,9,是
831197201,斯凯奇潮日常休闲夏季透气,斯凯奇潮,99,124,80,1197,11647,93,合成革鞋,混合鞋底,套脚款式,日常休闲,夏季透气,42,女,福建省,否,23,否
736879010,鸿星尔克运动休闲春季新款,鸿星尔克,289,314,92,41,388,91,超纤皮鞋,橡胶大底,松紧带鞋,运动休闲,春季新款,36,女,广东省,否,6,是
635705217,特步男鞋运动休闲四季通用,特步男鞋,99,187,53,48,1337,93,超纤皮鞋,TPR鞋底,套脚款式,运动休闲,四季通用,47,男,安徽省,是,13,否
878479080,斯凯奇潮日常休闲春季新款,斯凯奇潮,99,103,96,2257,184,96,布面材质,EVA轻底,魔术贴鞋,日常休闲,春季新款,51,男,河北省,否,4,是
743825783,安踏运动户外机能冬季保暖,安踏运动,99,129,77,410,685,85,合成革鞋,MD发泡底,魔术贴鞋,户外机能,冬季保暖,54,男,河南省,是,16,是
611439310,鸿星尔克潮流高街秋季百搭,鸿星尔克,99,162,61,243,324,91,飞织面料,EVA轻底,松紧带鞋,潮流高街,秋季百搭,20,男,湖北省,否,13,是
119562736,鸿星尔克运动休闲四季通用,鸿星尔克,153,201,76,1024,2003,96,超纤皮鞋,PU中底,松紧带鞋,运动休闲,四季通用,45,男,河南省,否,1,是
104074735,回力经典户外机能夏季透气,回力经典,134,138,97,46,435,93,合成革鞋,PU中底,拉链鞋款,户外机能,夏季透气,35,女,江苏省,是,22,是
187552813,特步男鞋简约百搭春季新款,特步男鞋,124,132,94,550,1302,95,网布透气,MD发泡底,松紧带鞋,简约百搭,春季新款,48,男,安徽省,否,17,是
970562950,其他品牌复古潮鞋秋季百搭,其他品牌,134,268,50,47,549,100,合成革鞋,TPR鞋底,系带设计,复古潮鞋,秋季百搭,51,女,湖北省,是,8,是
129306731,李宁休闲复古潮鞋四季通用,李宁休闲,99,102,97,4017,1240,96,网布透气,TPR鞋底,松紧带鞋,复古潮鞋,四季通用,39,女,浙江省,是,12,是
347003501,李宁休闲潮流高街秋季百搭,李宁休闲,99,125,79,39,87,94,飞织面料,PU中底,拉链鞋款,潮流高街,秋季百搭,63,男,湖北省,是,1,是
596744177,其他品牌运动休闲夏季透气,其他品牌,201,251,80,1272,365,94,高端飞织,橡胶大底,套脚款式,运动休闲,夏季透气,40,女,湖北省,否,20,是
209573536,鸿星尔克工装硬朗四季通用,鸿星尔克,99,106,93,116,551,97,高端飞织,PU中底,套脚款式,工装硬朗,四季通用,63,男,安徽省,否,9,是
521285023,京东京造户外机能冬季保暖,京东京造,99,160,62,206,2637,95,高端飞织,MD发泡底,套脚款式,户外机能,冬季保暖,51,男,河北省,否,22,否
960141967,李宁休闲户外机能秋季百搭,李宁休闲,99,139,71,628,1407,99,合成革鞋,混合鞋底,拉链鞋款,户外机能,秋季百搭,52,女,浙江省,否,23,否
982667535,鸿星尔克简约百搭冬季保暖,鸿星尔克,447,514,87,793,1360,91,真皮柔软,橡胶大底,系带设计,简约百搭,冬季保暖,50,女,山东省,否,13,是
856578841,阿迪达斯日常休闲四季通用,阿迪达斯,311,357,87,2148,1866,95,布面材质,PU中底,魔术贴鞋,日常休闲,四季通用,45,女,山东省,是,23,是
266696017,京东京造复古潮鞋冬季保暖,京东京造,136,184,74,3,3390,98,布面材质,MD发泡底,松紧带鞋,复古潮鞋,冬季保暖,41,女,广东省,否,21,否
528164520,特步男鞋运动休闲夏季透气,特步男鞋,153,180,85,46,575,90,真皮柔软,混合鞋底,拉链鞋款,运动休闲,夏季透气,41,男,广东省,否,1,否
139464356,安踏运动日常休闲春季新款,安踏运动,155,254,61,935,2196,92,布面材质,混合鞋底,松紧带鞋,日常休闲,春季新款,44,男,河南省,否,6,否
213646956,耐克潮流复古潮鞋春季新款,耐克潮流,225,402,56,3495,4492,92,真皮柔软,MD发泡底,松紧带鞋,复古潮鞋,春季新款,44,男,浙江省,是,22,否
795358920,京东京造潮流高街夏季透气,京东京造,99,152,65,366,1360,97,布面材质,PU中底,拉链鞋款,潮流高街,夏季透气,51,女,浙江省,是,12,否
427944572,阿迪达斯复古潮鞋冬季保暖,阿迪达斯,99,194,51,1146,1769,91,超纤皮鞋,混合鞋底,系带设计,复古潮鞋,冬季保暖,55,男,福建省,否,8,否
395562196,李宁休闲简约百搭秋季百搭,李宁休闲,151,213,71,515,2175,98,合成革鞋,橡胶大底,套脚款式,简约百搭,秋季百搭,47,女,山东省,是,22,否
420826103,耐克潮流日常休闲四季通用,耐克潮流,99,190,52,629,5649,99,真皮柔软,TPR鞋底,拉链鞋款,日常休闲,四季通用,42,男,福建省,否,21,否
903103985,耐克潮流户外机能春季新款,耐克潮流,99,122,81,150,418,99,混合材质,EVA轻底,松紧带鞋,户外机能,春季新款,51,女,广东省,是,0,是
264290915,特步男鞋工装硬朗夏季透气,特步男鞋,99,127,78,10,218,91,混合材质,EVA轻底,套脚款式,工装硬朗,夏季透气,37,男,湖北省,是,16,是
303006374,京东京造潮流高街春季新款,京东京造,99,104,95,41,978,97,高端飞织,橡胶大底,魔术贴鞋,潮流高街,春季新款,43,男,四川省,否,12,否
517056345,特步男鞋户外机能夏季透气,特步男鞋,99,110,90,513,2577,91,超纤皮鞋,橡胶大底,系带设计,户外机能,夏季透气,46,男,河南省,是,5,否
737108894,耐克潮流运动休闲春季新款,耐克潮流,123,171,72,379,77,91,飞织面料,MD发泡底,拉链鞋款,运动休闲,春季新款,58,男,河南省,是,20,否
748591130,京东京造复古潮鞋四季通用,京东京造,120,174,69,720,1147,99,混合材质,EVA轻底,拉链鞋款,复古潮鞋,四季通用,39,男,江苏省,是,18,是
875098274,特步男鞋简约百搭秋季百搭,特步男鞋,99,127,78,817,799,93,网布透气,橡胶大底,松紧带鞋,简约百搭,秋季百搭,42,女,江苏省,是,15,否
374510527,京东京造潮流高街秋季百搭,京东京造,146,206,71,14,940,95,飞织面料,混合鞋底,拉链鞋款,潮流高街,秋季百搭,41,男,福建省,是,6,否
144083753,京东京造运动休闲四季通用,京东京造,99,101,98,305,1141,95,布面材质,PU中底,松紧带鞋,运动休闲,四季通用,44,女,河北省,否,10,是
852410433,安踏运动日常休闲四季通用,安踏运动,122,144,85,4361,481,85,网布透气,橡胶大底,魔术贴鞋,日常休闲,四季通用,55,男,湖北省,否,21,否
958227592,耐克潮流复古潮鞋春季新款,耐克潮流,99,111,89,183,783,91,布面材质,混合鞋底,松紧带鞋,复古潮鞋,春季新款,45,男,安徽省,否,9,是
415810313,斯凯奇潮简约百搭冬季保暖,斯凯奇潮,189,286,66,2862,2271,96,合成革鞋,TPR鞋底,套脚款式,简约百搭,冬季保暖,35,女,广东省,是,6,是
294521330,回力经典潮流高街四季通用,回力经典,103,104,99,303,4676,96,真皮柔软,PU中底,套脚款式,潮流高街,四季通用,37,男,河北省,是,20,否
250504110,鸿星尔克复古潮鞋秋季百搭,鸿星尔克,143,280,51,4,523,93,真皮柔软,橡胶大底,拉链鞋款,复古潮鞋,秋季百搭,58,女,安徽省,否,18,是
583358578,其他品牌运动休闲冬季保暖,其他品牌,99,162,61,617,783,92,网布透气,TPR鞋底,系带设计,运动休闲,冬季保暖,57,女,福建省,是,0,否
840462774,回力经典简约百搭冬季保暖,回力经典,266,313,85,1360,177,94,网布透气,橡胶大底,系带设计,简约百搭,冬季保暖,33,女,四川省,否,4,否
280114742,斯凯奇潮复古潮鞋四季通用,斯凯奇潮,99,146,68,15,195,99,混合材质,EVA轻底,魔术贴鞋,复古潮鞋,四季通用,43,女,江苏省,是,11,否
503997395,京东京造潮流高街春季新款,京东京造,99,171,58,1196,1587,96,高端飞织,PU中底,套脚款式,潮流高街,春季新款,49,男,浙江省,是,4,否
466293063,京东京造日常休闲夏季透气,京东京造,147,179,82,37,665,97,超纤皮鞋,TPR鞋底,套脚款式,日常休闲,夏季透气,43,男,河南省,否,14,否
250263497,京东京造运动休闲夏季透气,京东京造,99,146,68,627,1811,96,网布透气,橡胶大底,松紧带鞋,运动休闲,夏季透气,61,男,广东省,是,12,是
387583037,斯凯奇潮日常休闲四季通用,斯凯奇潮,161,206,78,314,2318,87,合成革鞋,MD发泡底,拉链鞋款,日常休闲,四季通用,44,男,河南省,否,7,否
305527795,阿迪达斯运动休闲夏季透气,阿迪达斯,302,355,85,3707,742,97,布面材质,MD发泡底,魔术贴鞋,运动休闲,夏季透气,40,女,山东省,否,3,是
282124671,京东京造简约百搭秋季百搭,京东京造,100,145,69,4791,624,95,高端飞织,混合鞋底,松紧带鞋,简约百搭,秋季百搭,49,男,四川省,是,14,否
961864679,耐克潮流工装硬朗秋季百搭,耐克潮流,229,279,82,1082,332,94,飞织面料,EVA轻底,松紧带鞋,工装硬朗,秋季百搭,50,女,四川省,否,21,是
424763255,其他品牌运动休闲春季新款,其他品牌,121,125,97,1170,143,95,飞织面料,橡胶大底,松紧带鞋,运动休闲,春季新款,44,男,山东省,否,3,否
319487698,斯凯奇潮户外机能四季通用,斯凯奇潮,130,255,51,610,403,91,真皮柔软,MD发泡底,松紧带鞋,户外机能,四季通用,48,女,四川省,是,10,是
603824626,安踏运动工装硬朗夏季透气,安踏运动,99,155,64,169,955,96,混合材质,混合鞋底,拉链鞋款,工装硬朗,夏季透气,53,男,浙江省,是,2,是
456618007,其他品牌简约百搭秋季百搭,其他品牌,154,181,85,424,2010,90,布面材质,TPR鞋底,拉链鞋款,简约百搭,秋季百搭,47,男,广东省,是,17,否
522496992,特步男鞋户外机能春季新款,特步男鞋,99,125,79,201,402,97,布面材质,PU中底,系带设计,户外机能,春季新款,47,女,山东省,否,20,否
565403775,阿迪达斯工装硬朗四季通用,阿迪达斯,99,139,71,1209,454,95,超纤皮鞋,PU中底,拉链鞋款,工装硬朗,四季通用,51,女,安徽省,是,12,否
399476660,李宁休闲潮流高街秋季百搭,李宁休闲,99,162,61,681,50000,90,网布透气,MD发泡底,拉链鞋款,潮流高街,秋季百搭,50,女,浙江省,是,3,否
353770094,阿迪达斯复古潮鞋夏季透气,阿迪达斯,99,146,68,275,7449,96,真皮柔软,橡胶大底,拉链鞋款,复古潮鞋,夏季透气,41,女,四川省,否,11,是
125175677,安踏运动复古潮鞋冬季保暖,安踏运动,99,108,92,185,1341,95,真皮柔软,EVA轻底,拉链鞋款,复古潮鞋,冬季保暖,62,男,福建省,是,20,是
724373789,耐克潮流运动休闲冬季保暖,耐克潮流,99,129,77,723,1299,96,合成革鞋,TPR鞋底,魔术贴鞋,运动休闲,冬季保暖,47,女,河北省,是,16,否
212721381,李宁休闲户外机能夏季透气,李宁休闲,99,119,83,2274,2798,95,网布透气,PU中底,系带设计,户外机能,夏季透气,54,男,浙江省,是,6,否
238496818,回力经典工装硬朗春季新款,回力经典,99,124,80,154,1546,95,布面材质,混合鞋底,拉链鞋款,工装硬朗,春季新款,41,男,湖北省,是,7,是
216561332,鸿星尔克复古潮鞋秋季百搭,鸿星尔克,151,248,61,4064,2781,95,真皮柔软,橡胶大底,套脚款式,复古潮鞋,秋季百搭,45,男,河南省,是,0,否
235171883,鸿星尔克工装硬朗四季通用,鸿星尔克,152,190,80,4419,783,86,超纤皮鞋,橡胶大底,松紧带鞋,工装硬朗,四季通用,43,男,广东省,是,5,是
360911166,京东京造简约百搭冬季保暖,京东京造,253,309,82,36,583,90,混合材质,橡胶大底,松紧带鞋,简约百搭,冬季保暖,48,女,四川省,是,22,是
117502267,阿迪达斯工装硬朗春季新款,阿迪达斯,168,230,73,3479,363,85,网布透气,混合鞋底,系带设计,工装硬朗,春季新款,63,女,河南省,否,10,否
446679535,阿迪达斯工装硬朗春季新款,阿迪达斯,99,171,58,4814,335,92,高端飞织,PU中底,套脚款式,工装硬朗,春季新款,41,女,安徽省,否,21,否
140829734,特步男鞋复古潮鞋春季新款,特步男鞋,282,495,57,1436,3931,93,网布透气,EVA轻底,拉链鞋款,复古潮鞋,春季新款,45,男,山东省,是,23,否
919484484,特步男鞋日常休闲夏季透气,特步男鞋,99,187,53,476,256,92,布面材质,TPR鞋底,套脚款式,日常休闲,夏季透气,54,男,福建省,是,19,否
759647555,阿迪达斯工装硬朗夏季透气,阿迪达斯,113,217,52,514,2355,90,飞织面料,EVA轻底,套脚款式,工装硬朗,夏季透气,49,男,安徽省,是,21,是
770011562,回力经典户外机能秋季百搭,回力经典,99,115,86,848,1212,85,布面材质,TPR鞋底,套脚款式,户外机能,秋季百搭,29,男,山东省,是,21,否
244201271,耐克潮流潮流高街秋季百搭,耐克潮流,176,275,64,359,2172,96,混合材质,EVA轻底,套脚款式,潮流高街,秋季百搭,46,男,安徽省,否,11,否
148474909,安踏运动复古潮鞋春季新款,安踏运动,152,179,85,1218,763,99,飞织面料,混合鞋底,魔术贴鞋,复古潮鞋,春季新款,38,女,安徽省,是,22,是
943152215,京东京造潮流高街冬季保暖,京东京造,237,300,79,1138,462,97,真皮柔软,PU中底,套脚款式,潮流高街,冬季保暖,41,女,四川省,是,17,否
831460753,鸿星尔克日常休闲冬季保暖,鸿星尔克,118,153,77,17,3620,96,真皮柔软,EVA轻底,拉链鞋款,日常休闲,冬季保暖,51,男,江苏省,是,10,否
941576332,回力经典工装硬朗四季通用,回力经典,142,225,63,103,1139,91,布面材质,MD发泡底,魔术贴鞋,工装硬朗,四季通用,45,男,四川省,是,10,是
453241738,回力经典潮流高街冬季保暖,回力经典,99,132,75,3711,1203,98,飞织面料,混合鞋底,拉链鞋款,潮流高街,冬季保暖,52,女,福建省,是,22,否
197447282,特步男鞋工装硬朗夏季透气,特步男鞋,99,106,93,210,364,91,布面材质,MD发泡底,系带设计,工装硬朗,夏季透气,49,男,福建省,是,8,否
703476317,其他品牌简约百搭春季新款,其他品牌,99,139,71,477,10753,96,布面材质,MD发泡底,魔术贴鞋,简约百搭,春季新款,51,男,湖北省,是,6,是
931771962,其他品牌日常休闲四季通用,其他品牌,174,264,66,1312,971,95,布面材质,TPR鞋底,套脚款式,日常休闲,四季通用,46,男,安徽省,否,8,否
290732638,回力经典复古潮鞋冬季保暖,回力经典,153,289,53,997,1064,94,布面材质,TPR鞋底,套脚款式,复古潮鞋,冬季保暖,41,男,湖北省,是,23,否
379025352,其他品牌复古潮鞋冬季保暖,其他品牌,143,223,64,4,483,92,超纤皮鞋,MD发泡底,套脚款式,复古潮鞋,冬季保暖,40,女,河南省,是,6,否
554274229,斯凯奇潮复古潮鞋冬季保暖,斯凯奇潮,264,267,99,4835,2543,93,飞织面料,混合鞋底,套脚款式,复古潮鞋,冬季保暖,46,女,四川省,否,21,否
569613774,其他品牌运动休闲冬季保暖,其他品牌,211,340,62,15,2084,100,混合材质,橡胶大底,系带设计,运动休闲,冬季保暖,50,男,浙江省,否,14,否
875669130,安踏运动简约百搭四季通用,安踏运动,291,359,81,44,900,94,飞织面料,橡胶大底,魔术贴鞋,简约百搭,四季通用,53,男,四川省,是,17,是
659462602,阿迪达斯复古潮鞋春季新款,阿迪达斯,141,214,66,403,916,95,布面材质,混合鞋底,松紧带鞋,复古潮鞋,春季新款,57,男,浙江省,否,4,否
556384068,特步男鞋简约百搭夏季透气,特步男鞋,699,1271,55,215,1050,96,布面材质,混合鞋底,松紧带鞋,简约百搭,夏季透气,53,男,四川省,否,0,否
760520113,回力经典复古潮鞋春季新款,回力经典,99,102,97,310,5552,94,布面材质,EVA轻底,套脚款式,复古潮鞋,春季新款,49,男,河南省,否,22,是
481500156,鸿星尔克工装硬朗夏季透气,鸿星尔克,250,500,50,2433,1485,95,真皮柔软,混合鞋底,系带设计,工装硬朗,夏季透气,52,女,福建省,是,11,是
871256019,特步男鞋户外机能冬季保暖,特步男鞋,246,424,58,3613,13600,96,布面材质,TPR鞋底,套脚款式,户外机能,冬季保暖,28,男,安徽省,否,20,否
267200307,其他品牌复古潮鞋四季通用,其他品牌,118,223,53,632,943,95,飞织面料,EVA轻底,拉链鞋款,复古潮鞋,四季通用,41,男,河北省,否,14,否
441399062,耐克潮流运动休闲秋季百搭,耐克潮流,99,125,79,14,3389,98,网布透气,橡胶大底,魔术贴鞋,运动休闲,秋季百搭,49,男,四川省,是,11,否
284531803,耐克潮流工装硬朗冬季保暖,耐克潮流,99,122,81,1455,1943,97,高端飞织,PU中底,松紧带鞋,工装硬朗,冬季保暖,49,男,浙江省,否,13,否
799004805,鸿星尔克复古潮鞋秋季百搭,鸿星尔克,109,182,60,2849,690,96,布面材质,EVA轻底,松紧带鞋,复古潮鞋,秋季百搭,55,男,河南省,否,22,是
536607883,斯凯奇潮工装硬朗夏季透气,斯凯奇潮,103,130,79,1122,167,97,飞织面料,EVA轻底,松紧带鞋,工装硬朗,夏季透气,49,女,浙江省,是,23,否
220136518,李宁休闲运动休闲秋季百搭,李宁休闲,164,195,84,731,388,97,合成革鞋,PU中底,魔术贴鞋,运动休闲,秋季百搭,53,男,福建省,是,15,是
101304166,李宁休闲简约百搭春季新款,李宁休闲,214,351,61,4,2088,98,布面材质,TPR鞋底,系带设计,简约百搭,春季新款,44,男,河北省,是,13,是
189984491,回力经典户外机能秋季百搭,回力经典,245,255,96,3287,16973,96,超纤皮鞋,EVA轻底,松紧带鞋,户外机能,秋季百搭,62,男,广东省,否,9,否
177792988,阿迪达斯潮流高街春季新款,阿迪达斯,99,162,61,253,455,99,合成革鞋,橡胶大底,系带设计,潮流高街,春季新款,58,男,四川省,是,23,否
452770029,耐克潮流日常休闲四季通用,耐克潮流,99,157,63,40,1259,91,飞织面料,混合鞋底,拉链鞋款,日常休闲,四季通用,63,女,福建省,否,4,是
104602639,回力经典户外机能冬季保暖,回力经典,99,134,74,922,594,96,网布透气,橡胶大底,系带设计,户外机能,冬季保暖,49,女,江苏省,是,23,否
764167553,安踏运动日常休闲秋季百搭,安踏运动,189,203,93,2080,3789,91,真皮柔软,MD发泡底,松紧带鞋,日常休闲,秋季百搭,51,女,四川省,否,1,是
580219970,特步男鞋户外机能四季通用,特步男鞋,142,206,69,24,788,93,真皮柔软,混合鞋底,拉链鞋款,户外机能,四季通用,42,男,山东省,是,23,是
206651880,回力经典户外机能秋季百搭,回力经典,99,150,66,2626,852,90,合成革鞋,橡胶大底,拉链鞋款,户外机能,秋季百搭,53,女,河南省,是,19,是
211035969,鸿星尔克日常休闲四季通用,鸿星尔克,694,901,77,499,2426,92,真皮柔软,PU中底,系带设计,日常休闲,四季通用,45,男,浙江省,否,22,否
800920395,安踏运动潮流高街冬季保暖,安踏运动,103,121,85,450,410,90,合成革鞋,橡胶大底,魔术贴鞋,潮流高街,冬季保暖,51,女,安徽省,是,13,否
100098576,耐克潮流简约百搭秋季百搭,耐克潮流,99,150,66,1198,921,95,飞织面料,TPR鞋底,系带设计,简约百搭,秋季百搭,45,女,广东省,是,18,否
260711262,斯凯奇潮户外机能夏季透气,斯凯奇潮,149,219,68,1252,279,90,高端飞织,EVA轻底,拉链鞋款,户外机能,夏季透气,47,女,河南省,否,17,是
452690957,李宁休闲工装硬朗夏季透气,李宁休闲,99,124,80,2937,885,97,超纤皮鞋,混合鞋底,系带设计,工装硬朗,夏季透气,51,女,江苏省,是,7,是
646507487,其他品牌工装硬朗四季通用,其他品牌,230,311,74,3125,1006,94,超纤皮鞋,EVA轻底,系带设计,工装硬朗,四季通用,43,男,山东省,是,15,是
935408528,回力经典运动休闲秋季百搭,回力经典,105,117,90,47,2023,95,高端飞织,橡胶大底,魔术贴鞋,运动休闲,秋季百搭,43,男,福建省,否,21,是
548811951,安踏运动复古潮鞋秋季百搭,安踏运动,99,104,95,167,2010,93,网布透气,EVA轻底,松紧带鞋,复古潮鞋,秋季百搭,50,男,河南省,否,0,否
637600123,其他品牌日常休闲四季通用,其他品牌,99,165,60,165,3320,91,合成革鞋,PU中底,拉链鞋款,日常休闲,四季通用,52,男,福建省,否,5,是
771348633,京东京造潮流高街秋季百搭,京东京造,100,179,56,129,96,90,真皮柔软,混合鞋底,魔术贴鞋,潮流高街,秋季百搭,53,男,江苏省,是,9,否
700525214,鸿星尔克复古潮鞋四季通用,鸿星尔克,124,248,50,1139,5634,95,网布透气,TPR鞋底,松紧带鞋,复古潮鞋,四季通用,48,女,安徽省,是,22,是
689990598,斯凯奇潮户外机能秋季百搭,斯凯奇潮,245,471,52,1226,5560,96,混合材质,橡胶大底,魔术贴鞋,户外机能,秋季百搭,44,男,广东省,否,14,否
286749888,李宁休闲工装硬朗冬季保暖,李宁休闲,99,139,71,4203,3790,96,飞织面料,EVA轻底,拉链鞋款,工装硬朗,冬季保暖,54,女,江苏省,否,20,否
473715818,其他品牌潮流高街春季新款,其他品牌,137,157,87,906,2540,96,高端飞织,混合鞋底,套脚款式,潮流高街,春季新款,38,女,河北省,否,2,否
162286526,特步男鞋潮流高街四季通用,特步男鞋,99,183,54,43,13742,92,混合材质,MD发泡底,套脚款式,潮流高街,四季通用,35,女,浙江省,否,1,是
706965128,阿迪达斯日常休闲秋季百搭,阿迪达斯,109,158,69,1103,990,97,高端飞织,MD发泡底,魔术贴鞋,日常休闲,秋季百搭,51,男,江苏省,否,2,否
455755840,京东京造户外机能秋季百搭,京东京造,99,136,73,319,14393,94,布面材质,EVA轻底,松紧带鞋,户外机能,秋季百搭,55,男,四川省,是,20,否
779195022,回力经典运动休闲春季新款,回力经典,144,157,92,2080,580,97,混合材质,混合鞋底,系带设计,运动休闲,春季新款,45,女,河北省,否,23,是
522917460,耐克潮流复古潮鞋四季通用,耐克潮流,165,220,75,4075,1211,96,合成革鞋,MD发泡底,拉链鞋款,复古潮鞋,四季通用,57,女,浙江省,是,18,否
613182957,李宁休闲户外机能四季通用,李宁休闲,99,118,84,206,7268,97,合成革鞋,TPR鞋底,松紧带鞋,户外机能,四季通用,47,女,山东省,是,9,是
999334139,李宁休闲日常休闲春季新款,李宁休闲,223,228,98,50,1209,90,高端飞织,MD发泡底,松紧带鞋,日常休闲,春季新款,22,女,江苏省,否,10,是
440489569,斯凯奇潮日常休闲冬季保暖,斯凯奇潮,99,171,58,1449,1610,94,高端飞织,EVA轻底,套脚款式,日常休闲,冬季保暖,45,女,湖北省,否,17,是
158325617,特步男鞋简约百搭四季通用,特步男鞋,159,306,52,50,5426,98,超纤皮鞋,TPR鞋底,套脚款式,简约百搭,四季通用,54,女,四川省,否,23,否
945843421,回力经典复古潮鞋秋季百搭,回力经典,99,162,61,3020,3578,94,布面材质,混合鞋底,松紧带鞋,复古潮鞋,秋季百搭,51,男,江苏省,是,9,是
713501448,特步男鞋工装硬朗冬季保暖,特步男鞋,145,186,78,306,4104,90,超纤皮鞋,EVA轻底,魔术贴鞋,工装硬朗,冬季保暖,57,女,广东省,是,9,否
215981980,安踏运动日常休闲秋季百搭,安踏运动,108,120,90,671,287,98,合成革鞋,EVA轻底,套脚款式,日常休闲,秋季百搭,34,男,河北省,否,21,否
738927977,其他品牌运动休闲夏季透气,其他品牌,164,171,96,46,1991,97,飞织面料,混合鞋底,魔术贴鞋,运动休闲,夏季透气,42,男,湖北省,是,23,否
641770345,特步男鞋日常休闲夏季透气,特步男鞋,140,219,64,110,2690,93,网布透气,EVA轻底,套脚款式,日常休闲,夏季透气,44,男,福建省,是,13,是
388914902,鸿星尔克运动休闲春季新款,鸿星尔克,257,467,55,3825,393,96,高端飞织,EVA轻底,套脚款式,运动休闲,春季新款,45,女,江苏省,否,22,是
905685771,安踏运动复古潮鞋秋季百搭,安踏运动,99,180,55,219,860,98,飞织面料,MD发泡底,魔术贴鞋,复古潮鞋,秋季百搭,60,女,浙江省,否,17,是
360125609,回力经典工装硬朗冬季保暖,回力经典,102,110,93,257,733,94,飞织面料,橡胶大底,拉链鞋款,工装硬朗,冬季保暖,52,男,河南省,是,16,否
490193462,京东京造工装硬朗秋季百搭,京东京造,137,258,53,6,113,96,高端飞织,TPR鞋底,系带设计,工装硬朗,秋季百搭,38,男,河南省,否,16,是
816926387,斯凯奇潮简约百搭春季新款,斯凯奇潮,99,121,82,4178,1696,89,布面材质,PU中底,套脚款式,简约百搭,春季新款,51,男,山东省,是,11,否
922926187,阿迪达斯潮流高街夏季透气,阿迪达斯,99,157,63,0,833,86,合成革鞋,PU中底,松紧带鞋,潮流高街,夏季透气,52,女,河北省,否,11,否
900368932,鸿星尔克潮流高街四季通用,鸿星尔克,130,141,92,389,441,94,混合材质,EVA轻底,松紧带鞋,潮流高街,四季通用,41,男,山东省,否,23,是
499041338,鸿星尔克工装硬朗夏季透气,鸿星尔克,135,233,58,463,356,93,混合材质,MD发泡底,魔术贴鞋,工装硬朗,夏季透气,29,女,浙江省,是,21,是
278906328,耐克潮流工装硬朗秋季百搭,耐克潮流,137,225,61,4759,28,96,合成革鞋,PU中底,松紧带鞋,工装硬朗,秋季百搭,53,男,山东省,否,23,否
261244144,其他品牌日常休闲春季新款,其他品牌,403,545,74,880,2881,94,合成革鞋,混合鞋底,系带设计,日常休闲,春季新款,45,女,四川省,是,12,是
212802382,回力经典复古潮鞋四季通用,回力经典,373,419,89,3888,335,91,超纤皮鞋,TPR鞋底,松紧带鞋,复古潮鞋,四季通用,38,男,河南省,是,23,是
392933266,耐克潮流简约百搭春季新款,耐克潮流,99,118,84,1002,527,90,超纤皮鞋,MD发泡底,松紧带鞋,简约百搭,春季新款,38,男,山东省,否,20,否
553536154,阿迪达斯运动休闲秋季百搭,阿迪达斯,99,108,92,5,2028,97,真皮柔软,混合鞋底,魔术贴鞋,运动休闲,秋季百搭,45,男,河南省,是,12,是
794521367,阿迪达斯潮流高街秋季百搭,阿迪达斯,304,334,91,1213,420,96,合成革鞋,PU中底,套脚款式,潮流高街,秋季百搭,60,男,广东省,否,23,是
233004443,耐克潮流户外机能春季新款,耐克潮流,99,105,94,279,2348,96,混合材质,MD发泡底,套脚款式,户外机能,春季新款,31,男,河南省,是,10,否
444599593,耐克潮流日常休闲秋季百搭,耐克潮流,99,160,62,1436,848,100,混合材质,TPR鞋底,魔术贴鞋,日常休闲,秋季百搭,45,女,广东省,否,4,否
548361790,耐克潮流户外机能夏季透气,耐克潮流,130,134,97,28,119,92,布面材质,TPR鞋底,魔术贴鞋,户外机能,夏季透气,50,男,山东省,是,20,是
271795005,耐克潮流工装硬朗春季新款,耐克潮流,99,177,56,17,155,93,超纤皮鞋,TPR鞋底,系带设计,工装硬朗,春季新款,49,男,四川省,否,23,否
588393358,其他品牌复古潮鞋冬季保暖,其他品牌,99,180,55,104,521,93,布面材质,TPR鞋底,魔术贴鞋,复古潮鞋,冬季保暖,42,男,河北省,否,22,是
123448849,斯凯奇潮潮流高街冬季保暖,斯凯奇潮,102,140,73,4795,2341,94,超纤皮鞋,EVA轻底,系带设计,潮流高街,冬季保暖,57,男,福建省,是,13,否
367198175,李宁休闲潮流高街夏季透气,李宁休闲,339,628,54,1334,332,90,真皮柔软,EVA轻底,魔术贴鞋,潮流高街,夏季透气,61,男,河南省,是,20,是
962522596,鸿星尔克潮流高街四季通用,鸿星尔克,176,185,95,882,88,96,飞织面料,TPR鞋底,套脚款式,潮流高街,四季通用,44,女,河南省,否,8,否
704268346,阿迪达斯户外机能夏季透气,阿迪达斯,99,111,89,778,958,92,混合材质,混合鞋底,魔术贴鞋,户外机能,夏季透气,49,男,江苏省,否,21,否
483052149,李宁休闲简约百搭冬季保暖,李宁休闲,115,167,69,0,2102,92,布面材质,EVA轻底,套脚款式,简约百搭,冬季保暖,56,男,安徽省,是,19,否
770213632,京东京造潮流高街冬季保暖,京东京造,181,235,77,4045,333,96,真皮柔软,PU中底,系带设计,潮流高街,冬季保暖,38,男,河北省,否,9,否
872852109,其他品牌简约百搭秋季百搭,其他品牌,204,249,82,896,1227,92,超纤皮鞋,EVA轻底,松紧带鞋,简约百搭,秋季百搭,47,女,四川省,否,0,否
966241882,鸿星尔克潮流高街夏季透气,鸿星尔克,99,119,83,4624,526,99,高端飞织,PU中底,套脚款式,潮流高街,夏季透气,20,男,江苏省,是,21,是
942670813,京东京造复古潮鞋四季通用,京东京造,280,412,68,36,285,90,超纤皮鞋,混合鞋底,魔术贴鞋,复古潮鞋,四季通用,55,女,江苏省,否,21,否
933883249,鸿星尔克户外机能春季新款,鸿星尔克,186,365,51,566,1708,97,飞织面料,橡胶大底,拉链鞋款,户外机能,春季新款,32,女,山东省,否,23,是
830273452,耐克潮流简约百搭四季通用,耐克潮流,145,154,94,43,783,93,网布透气,EVA轻底,松紧带鞋,简约百搭,四季通用,35,女,山东省,是,18,否
529488833,鸿星尔克潮流高街冬季保暖,鸿星尔克,113,130,87,43,129,93,合成革鞋,MD发泡底,拉链鞋款,潮流高街,冬季保暖,62,女,河北省,否,18,否
591970342,耐克潮流工装硬朗夏季透气,耐克潮流,261,475,55,583,273,94,高端飞织,TPR鞋底,松紧带鞋,工装硬朗,夏季透气,47,女,广东省,是,4,是
185001421,阿迪达斯复古潮鞋冬季保暖,阿迪达斯,101,101,100,180,4920,95,飞织面料,EVA轻底,松紧带鞋,复古潮鞋,冬季保暖,54,女,河南省,否,6,是
838427370,其他品牌工装硬朗秋季百搭,其他品牌,99,177,56,890,568,98,飞织面料,PU中底,魔术贴鞋,工装硬朗,秋季百搭,45,男,四川省,是,21,否
626348715,鸿星尔克户外机能四季通用,鸿星尔克,99,119,83,975,983,91,网布透气,PU中底,松紧带鞋,户外机能,四季通用,49,男,四川省,否,23,是
279198788,安踏运动复古潮鞋冬季保暖,安踏运动,178,231,77,34,459,86,飞织面料,MD发泡底,魔术贴鞋,复古潮鞋,冬季保暖,50,女,四川省,是,1,是
374109258,鸿星尔克复古潮鞋春季新款,鸿星尔克,103,123,84,1244,739,95,超纤皮鞋,MD发泡底,魔术贴鞋,复古潮鞋,春季新款,45,女,四川省,否,4,是
983821883,阿迪达斯户外机能春季新款,阿迪达斯,99,108,92,576,3237,97,超纤皮鞋,混合鞋底,系带设计,户外机能,春季新款,49,女,浙江省,是,13,是
532399891,鸿星尔克户外机能春季新款,鸿星尔克,206,375,55,659,1280,96,飞织面料,PU中底,拉链鞋款,户外机能,春季新款,48,女,广东省,否,4,是
213120468,回力经典运动休闲秋季百搭,回力经典,115,119,97,32,526,94,网布透气,MD发泡底,系带设计,运动休闲,秋季百搭,34,女,广东省,是,20,是
476547100,京东京造日常休闲四季通用,京东京造,181,193,94,1243,1127,93,超纤皮鞋,PU中底,拉链鞋款,日常休闲,四季通用,46,女,广东省,是,12,否
667427947,京东京造日常休闲春季新款,京东京造,443,703,63,2418,356,90,飞织面料,EVA轻底,魔术贴鞋,日常休闲,春季新款,33,女,江苏省,是,1,是
672013691,阿迪达斯潮流高街四季通用,阿迪达斯,99,139,71,1048,162,94,网布透气,橡胶大底,系带设计,潮流高街,四季通用,54,女,四川省,否,2,否
420399337,阿迪达斯复古潮鞋冬季保暖,阿迪达斯,99,118,84,805,6395,91,合成革鞋,PU中底,系带设计,复古潮鞋,冬季保暖,42,女,江苏省,否,22,是
853388263,特步男鞋简约百搭冬季保暖,特步男鞋,129,215,60,450,14297,100,超纤皮鞋,EVA轻底,魔术贴鞋,简约百搭,冬季保暖,46,女,浙江省,否,9,是
331192900,耐克潮流工装硬朗秋季百搭,耐克潮流,199,362,55,398,9308,87,网布透气,混合鞋底,拉链鞋款,工装硬朗,秋季百搭,58,女,河北省,否,20,否
269571601,京东京造复古潮鞋冬季保暖,京东京造,99,134,74,1463,313,99,布面材质,混合鞋底,系带设计,复古潮鞋,冬季保暖,42,男,福建省,否,20,是
800049793,李宁休闲复古潮鞋夏季透气,李宁休闲,203,274,74,4763,239,92,飞织面料,EVA轻底,系带设计,复古潮鞋,夏季透气,50,男,福建省,是,15,否
311077811,特步男鞋简约百搭秋季百搭,特步男鞋,124,168,74,907,2469,94,网布透气,MD发泡底,系带设计,简约百搭,秋季百搭,57,男,湖北省,否,22,是
569282436,李宁休闲运动休闲四季通用,李宁休闲,99,115,86,480,862,99,网布透气,混合鞋底,魔术贴鞋,运动休闲,四季通用,49,女,安徽省,否,20,是
154504739,回力经典工装硬朗秋季百搭,回力经典,162,235,69,38,1022,91,布面材质,混合鞋底,松紧带鞋,工装硬朗,秋季百搭,62,男,河南省,是,2,否
611716889,耐克潮流潮流高街冬季保暖,耐克潮流,161,185,87,2416,2469,92,网布透气,MD发泡底,魔术贴鞋,潮流高街,冬季保暖,52,女,安徽省,是,14,是
843504731,特步男鞋潮流高街四季通用,特步男鞋,99,127,78,1465,5157,96,合成革鞋,混合鞋底,拉链鞋款,潮流高街,四季通用,36,女,安徽省,否,18,否
798524223,其他品牌复古潮鞋四季通用,其他品牌,199,337,59,312,1633,95,网布透气,TPR鞋底,系带设计,复古潮鞋,四季通用,34,女,浙江省,否,12,是
642387342,安踏运动户外机能秋季百搭,安踏运动,228,345,66,132,14105,92,真皮柔软,橡胶大底,套脚款式,户外机能,秋季百搭,58,男,山东省,是,0,否
305832403,特步男鞋潮流高街冬季保暖,特步男鞋,101,131,77,3350,2513,90,飞织面料,MD发泡底,套脚款式,潮流高街,冬季保暖,58,女,广东省,是,13,是
305359374,李宁休闲户外机能夏季透气,李宁休闲,157,176,89,473,865,95,混合材质,TPR鞋底,拉链鞋款,户外机能,夏季透气,47,男,山东省,是,14,是
991344131,京东京造潮流高街秋季百搭,京东京造,111,132,84,0,1951,92,真皮柔软,EVA轻底,松紧带鞋,潮流高街,秋季百搭,42,男,河南省,否,1,否
539442841,鸿星尔克简约百搭四季通用,鸿星尔克,107,143,75,1398,535,87,混合材质,PU中底,套脚款式,简约百搭,四季通用,54,男,河南省,是,1,否
299428688,安踏运动复古潮鞋秋季百搭,安踏运动,282,291,97,898,2171,97,超纤皮鞋,MD发泡底,套脚款式,复古潮鞋,秋季百搭,62,男,湖北省,是,11,否
463818280,斯凯奇潮潮流高街秋季百搭,斯凯奇潮,113,151,75,310,4565,95,布面材质,PU中底,魔术贴鞋,潮流高街,秋季百搭,40,女,河南省,是,21,是
623780383,京东京造工装硬朗夏季透气,京东京造,264,290,91,1385,3785,92,混合材质,PU中底,松紧带鞋,工装硬朗,夏季透气,53,女,安徽省,是,13,是
890602537,回力经典运动休闲冬季保暖,回力经典,305,430,71,845,1014,95,高端飞织,TPR鞋底,松紧带鞋,运动休闲,冬季保暖,44,女,江苏省,否,2,是
246391037,京东京造潮流高街冬季保暖,京东京造,123,138,89,47,127,96,混合材质,混合鞋底,松紧带鞋,潮流高街,冬季保暖,46,女,湖北省,否,16,是
965995284,安踏运动日常休闲春季新款,安踏运动,99,190,52,1354,101,93,混合材质,TPR鞋底,套脚款式,日常休闲,春季新款,43,男,湖北省,是,13,否
392293584,特步男鞋日常休闲夏季透气,特步男鞋,99,130,76,241,2176,93,超纤皮鞋,橡胶大底,系带设计,日常休闲,夏季透气,48,女,四川省,是,6,是
220743642,李宁休闲工装硬朗秋季百搭,李宁休闲,118,134,88,2088,684,93,超纤皮鞋,PU中底,拉链鞋款,工装硬朗,秋季百搭,41,女,浙江省,否,23,否
677519339,斯凯奇潮潮流高街春季新款,斯凯奇潮,173,173,100,44,290,92,飞织面料,TPR鞋底,套脚款式,潮流高街,春季新款,47,男,河南省,否,23,是
561881761,特步男鞋运动休闲夏季透气,特步男鞋,113,155,73,1437,1328,93,飞织面料,EVA轻底,拉链鞋款,运动休闲,夏季透气,51,男,浙江省,否,21,否
877216810,鸿星尔克简约百搭夏季透气,鸿星尔克,99,136,73,14,2442,97,网布透气,橡胶大底,魔术贴鞋,简约百搭,夏季透气,49,男,浙江省,否,3,否
333109780,阿迪达斯日常休闲春季新款,阿迪达斯,382,647,59,1096,231,94,混合材质,PU中底,松紧带鞋,日常休闲,春季新款,41,女,四川省,否,23,否
412524470,回力经典复古潮鞋夏季透气,回力经典,99,136,73,4033,1618,96,混合材质,混合鞋底,套脚款式,复古潮鞋,夏季透气,49,男,江苏省,否,14,否
980851648,耐克潮流工装硬朗夏季透气,耐克潮流,201,261,77,47,344,98,真皮柔软,PU中底,魔术贴鞋,工装硬朗,夏季透气,59,女,安徽省,否,21,是
981712169,回力经典户外机能秋季百搭,回力经典,337,455,74,22,224,97,超纤皮鞋,EVA轻底,拉链鞋款,户外机能,秋季百搭,35,女,广东省,是,22,否
849498615,安踏运动工装硬朗秋季百搭,安踏运动,99,114,87,411,3165,98,飞织面料,EVA轻底,魔术贴鞋,工装硬朗,秋季百搭,51,女,广东省,是,18,是
566291537,阿迪达斯日常休闲秋季百搭,阿迪达斯,143,227,63,447,2295,94,超纤皮鞋,MD发泡底,拉链鞋款,日常休闲,秋季百搭,46,男,湖北省,是,13,是
561343500,斯凯奇潮运动休闲四季通用,斯凯奇潮,112,153,73,1026,315,95,网布透气,EVA轻底,套脚款式,运动休闲,四季通用,45,男,浙江省,否,20,否
159489335,回力经典复古潮鞋四季通用,回力经典,300,526,57,631,11094,91,真皮柔软,PU中底,套脚款式,复古潮鞋,四季通用,45,男,河北省,是,23,是
821486265,阿迪达斯日常休闲春季新款,阿迪达斯,99,141,70,197,422,97,布面材质,橡胶大底,系带设计,日常休闲,春季新款,36,男,河北省,否,16,否
865944470,鸿星尔克运动休闲春季新款,鸿星尔克,99,146,68,1281,1020,94,混合材质,MD发泡底,魔术贴鞋,运动休闲,春季新款,39,男,湖北省,是,2,是
275506200,特步男鞋运动休闲春季新款,特步男鞋,99,136,73,4270,912,90,真皮柔软,混合鞋底,拉链鞋款,运动休闲,春季新款,38,男,河北省,是,4,是
279541749,京东京造简约百搭夏季透气,京东京造,213,245,87,1449,2613,95,网布透气,混合鞋底,系带设计,简约百搭,夏季透气,50,女,河北省,否,0,否
424346832,特步男鞋日常休闲四季通用,特步男鞋,99,124,80,462,2932,94,飞织面料,混合鞋底,套脚款式,日常休闲,四季通用,56,女,湖北省,否,20,是
818708481,耐克潮流工装硬朗秋季百搭,耐克潮流,99,165,60,902,1573,85,高端飞织,MD发泡底,拉链鞋款,工装硬朗,秋季百搭,49,男,山东省,否,23,是
336713959,阿迪达斯运动休闲冬季保暖,阿迪达斯,99,165,60,1493,246,92,网布透气,橡胶大底,系带设计,运动休闲,冬季保暖,64,女,江苏省,否,5,否
919901496,京东京造户外机能秋季百搭,京东京造,232,464,50,4439,531,90,混合材质,TPR鞋底,套脚款式,户外机能,秋季百搭,55,女,四川省,否,16,是
429539411,特步男鞋复古潮鞋冬季保暖,特步男鞋,124,148,84,313,1088,96,飞织面料,橡胶大底,魔术贴鞋,复古潮鞋,冬季保暖,49,女,安徽省,是,4,是
728879379,斯凯奇潮运动休闲夏季透气,斯凯奇潮,99,105,94,407,1692,90,超纤皮鞋,EVA轻底,拉链鞋款,运动休闲,夏季透气,58,女,安徽省,否,16,否
892598833,耐克潮流运动休闲秋季百搭,耐克潮流,105,105,100,1128,1341,91,混合材质,EVA轻底,套脚款式,运动休闲,秋季百搭,57,女,安徽省,是,16,否
588188378,回力经典复古潮鞋春季新款,回力经典,114,134,85,942,440,95,合成革鞋,橡胶大底,拉链鞋款,复古潮鞋,春季新款,47,男,河南省,否,19,否
424533688,其他品牌简约百搭冬季保暖,其他品牌,177,177,100,3595,5469,93,混合材质,混合鞋底,魔术贴鞋,简约百搭,冬季保暖,45,女,江苏省,是,20,是
802242328,安踏运动工装硬朗冬季保暖,安踏运动,197,281,70,2170,2907,90,飞织面料,EVA轻底,魔术贴鞋,工装硬朗,冬季保暖,40,男,江苏省,是,11,是
154454941,斯凯奇潮复古潮鞋四季通用,斯凯奇潮,161,179,90,4469,658,94,布面材质,MD发泡底,拉链鞋款,复古潮鞋,四季通用,54,男,福建省,否,16,是
294803379,阿迪达斯工装硬朗春季新款,阿迪达斯,146,164,89,742,199,91,真皮柔软,橡胶大底,系带设计,工装硬朗,春季新款,55,男,湖北省,是,17,否
249907305,其他品牌简约百搭冬季保暖,其他品牌,104,158,66,1039,240,98,网布透气,MD发泡底,松紧带鞋,简约百搭,冬季保暖,41,女,江苏省,是,21,是
889367848,鸿星尔克工装硬朗四季通用,鸿星尔克,143,179,80,1444,384,85,飞织面料,TPR鞋底,系带设计,工装硬朗,四季通用,44,男,江苏省,否,23,是
360683421,特步男鞋日常休闲夏季透气,特步男鞋,99,122,81,1385,443,95,混合材质,橡胶大底,松紧带鞋,日常休闲,夏季透气,51,男,山东省,是,17,是
530397827,李宁休闲工装硬朗夏季透气,李宁休闲,99,177,56,39,910,90,布面材质,MD发泡底,松紧带鞋,工装硬朗,夏季透气,51,女,安徽省,是,7,是
382654840,安踏运动日常休闲秋季百搭,安踏运动,99,136,73,4634,1899,100,飞织面料,橡胶大底,套脚款式,日常休闲,秋季百搭,45,女,河北省,是,14,否
246946880,阿迪达斯户外机能夏季透气,阿迪达斯,155,310,50,4657,9184,99,混合材质,混合鞋底,拉链鞋款,户外机能,夏季透气,58,男,河南省,是,20,否
306549731,回力经典户外机能冬季保暖,回力经典,99,162,61,991,1191,90,网布透气,橡胶大底,套脚款式,户外机能,冬季保暖,31,男,广东省,是,23,是
865679374,安踏运动日常休闲夏季透气,安踏运动,286,572,50,31,3456,93,合成革鞋,MD发泡底,套脚款式,日常休闲,夏季透气,45,女,浙江省,是,21,是
825491685,其他品牌复古潮鞋春季新款,其他品牌,200,206,97,37,2546,88,网布透气,混合鞋底,套脚款式,复古潮鞋,春季新款,51,女,江苏省,是,21,是
976777763,安踏运动户外机能春季新款,安踏运动,99,198,50,1254,616,98,混合材质,PU中底,套脚款式,户外机能,春季新款,65,女,湖北省,是,7,是
945465726,耐克潮流户外机能秋季百搭,耐克潮流,295,557,53,29,563,96,网布透气,橡胶大底,套脚款式,户外机能,秋季百搭,52,女,湖北省,是,4,否
369390132,回力经典潮流高街春季新款,回力经典,99,99,100,691,1796,90,网布透气,EVA轻底,系带设计,潮流高街,春季新款,41,男,福建省,是,8,否
240606198,斯凯奇潮运动休闲冬季保暖,斯凯奇潮,246,273,90,3554,3195,98,高端飞织,EVA轻底,系带设计,运动休闲,冬季保暖,40,女,广东省,否,0,否
292971136,其他品牌工装硬朗夏季透气,其他品牌,127,174,73,624,181,89,网布透气,MD发泡底,套脚款式,工装硬朗,夏季透气,34,男,河南省,否,22,是
713230275,回力经典日常休闲冬季保暖,回力经典,99,139,71,50,8219,91,飞织面料,EVA轻底,松紧带鞋,日常休闲,冬季保暖,45,女,福建省,是,6,是
377249366,回力经典简约百搭夏季透气,回力经典,99,122,81,1452,4726,90,混合材质,MD发泡底,系带设计,简约百搭,夏季透气,45,女,河北省,否,16,是
741572395,鸿星尔克运动休闲秋季百搭,鸿星尔克,204,358,57,1410,414,97,网布透气,MD发泡底,魔术贴鞋,运动休闲,秋季百搭,47,女,河北省,是,20,否
512793288,阿迪达斯日常休闲冬季保暖,阿迪达斯,99,116,85,931,194,92,飞织面料,MD发泡底,系带设计,日常休闲,冬季保暖,56,女,福建省,否,1,是
940178776,鸿星尔克简约百搭夏季透气,鸿星尔克,362,470,77,38,871,91,合成革鞋,PU中底,系带设计,简约百搭,夏季透气,53,女,湖北省,否,10,是
970891063,其他品牌日常休闲秋季百搭,其他品牌,99,121,82,2957,3110,97,网布透气,PU中底,套脚款式,日常休闲,秋季百搭,39,男,四川省,否,22,是
780472553,回力经典复古潮鞋秋季百搭,回力经典,212,353,60,1417,654,96,高端飞织,EVA轻底,套脚款式,复古潮鞋,秋季百搭,41,男,河南省,是,10,否
806092603,耐克潮流户外机能秋季百搭,耐克潮流,99,105,94,1370,81,98,混合材质,PU中底,拉链鞋款,户外机能,秋季百搭,51,女,山东省,是,1,是
275286405,斯凯奇潮户外机能冬季保暖,斯凯奇潮,99,180,55,38,428,100,高端飞织,PU中底,系带设计,户外机能,冬季保暖,30,男,浙江省,否,21,否
670847266,鸿星尔克运动休闲四季通用,鸿星尔克,99,130,76,353,3019,98,真皮柔软,TPR鞋底,魔术贴鞋,运动休闲,四季通用,36,男,山东省,否,22,是
920912671,耐克潮流户外机能秋季百搭,耐克潮流,150,273,55,1364,474,97,混合材质,MD发泡底,松紧带鞋,户外机能,秋季百搭,36,男,江苏省,否,6,否
984674346,李宁休闲简约百搭冬季保暖,李宁休闲,116,153,76,2345,564,85,真皮柔软,PU中底,松紧带鞋,简约百搭,冬季保暖,57,女,河北省,是,23,否
389958212,李宁休闲日常休闲冬季保暖,李宁休闲,467,481,97,4957,2998,90,布面材质,橡胶大底,系带设计,日常休闲,冬季保暖,36,女,安徽省,否,9,否
248415386,李宁休闲复古潮鞋秋季百搭,李宁休闲,99,152,65,4618,1287,95,超纤皮鞋,混合鞋底,套脚款式,复古潮鞋,秋季百搭,58,女,福建省,否,0,否
948249660,回力经典潮流高街夏季透气,回力经典,99,105,94,162,177,100,网布透气,混合鞋底,拉链鞋款,潮流高街,夏季透气,53,女,广东省,否,6,否
674974808,阿迪达斯潮流高街秋季百搭,阿迪达斯,157,253,62,579,388,92,飞织面料,MD发泡底,套脚款式,潮流高街,秋季百搭,40,男,湖北省,否,2,否
125771798,其他品牌简约百搭秋季百搭,其他品牌,337,518,65,648,555,97,超纤皮鞋,橡胶大底,系带设计,简约百搭,秋季百搭,46,女,四川省,否,4,是
793292768,耐克潮流运动休闲冬季保暖,耐克潮流,191,289,66,2014,1929,100,超纤皮鞋,MD发泡底,魔术贴鞋,运动休闲,冬季保暖,39,男,安徽省,否,16,是
478079757,其他品牌复古潮鞋春季新款,其他品牌,99,127,78,867,1065,91,合成革鞋,EVA轻底,套脚款式,复古潮鞋,春季新款,57,男,山东省,否,10,是
742440854,安踏运动简约百搭夏季透气,安踏运动,99,132,75,974,844,94,超纤皮鞋,MD发泡底,拉链鞋款,简约百搭,夏季透气,46,女,湖北省,否,12,否
481146339,耐克潮流简约百搭夏季透气,耐克潮流,153,222,69,13,75,100,高端飞织,EVA轻底,套脚款式,简约百搭,夏季透气,43,男,广东省,否,23,否
574130787,阿迪达斯户外机能四季通用,阿迪达斯,99,136,73,1464,2474,100,混合材质,TPR鞋底,系带设计,户外机能,四季通用,43,女,四川省,否,15,否
575041532,安踏运动简约百搭秋季百搭,安踏运动,131,208,63,3718,3796,86,网布透气,PU中底,拉链鞋款,简约百搭,秋季百搭,61,男,浙江省,否,7,否
749477109,耐克潮流日常休闲春季新款,耐克潮流,195,368,53,3116,2030,90,真皮柔软,TPR鞋底,魔术贴鞋,日常休闲,春季新款,54,男,河南省,否,1,否
781212880,耐克潮流日常休闲冬季保暖,耐克潮流,168,171,98,572,3221,93,飞织面料,MD发泡底,拉链鞋款,日常休闲,冬季保暖,59,女,浙江省,是,2,是
265776775,李宁休闲复古潮鞋夏季透气,李宁休闲,581,618,94,39,995,92,飞织面料,混合鞋底,拉链鞋款,复古潮鞋,夏季透气,49,女,广东省,是,12,否
450097003,其他品牌运动休闲春季新款,其他品牌,134,138,97,858,674,91,网布透气,TPR鞋底,松紧带鞋,运动休闲,春季新款,51,男,山东省,否,23,是
910771808,安踏运动日常休闲秋季百搭,安踏运动,99,138,72,1373,590,98,超纤皮鞋,橡胶大底,松紧带鞋,日常休闲,秋季百搭,53,男,安徽省,否,8,否
837857349,鸿星尔克运动休闲四季通用,鸿星尔克,165,324,51,1113,5546,95,网布透气,橡胶大底,拉链鞋款,运动休闲,四季通用,43,女,福建省,是,5,否
991255757,特步男鞋日常休闲夏季透气,特步男鞋,114,141,81,12,1913,95,混合材质,EVA轻底,系带设计,日常休闲,夏季透气,47,男,山东省,是,17,否
130232528,阿迪达斯运动休闲夏季透气,阿迪达斯,99,180,55,3988,1670,85,飞织面料,混合鞋底,拉链鞋款,运动休闲,夏季透气,57,女,广东省,否,1,是
911283566,其他品牌运动休闲四季通用,其他品牌,112,145,77,554,448,99,合成革鞋,橡胶大底,系带设计,运动休闲,四季通用,32,男,安徽省,是,22,否
387174737,回力经典日常休闲夏季透气,回力经典,99,122,81,2750,1991,92,高端飞织,混合鞋底,系带设计,日常休闲,夏季透气,52,女,河北省,否,22,是
625498758,李宁休闲潮流高街四季通用,李宁休闲,99,171,58,3220,2589,96,布面材质,混合鞋底,拉链鞋款,潮流高街,四季通用,43,女,四川省,否,22,是
414625344,京东京造潮流高街春季新款,京东京造,132,236,56,1347,2473,95,高端飞织,混合鞋底,系带设计,潮流高街,春季新款,55,女,河南省,是,5,否
853447872,安踏运动简约百搭冬季保暖,安踏运动,163,196,83,1123,164,93,超纤皮鞋,PU中底,系带设计,简约百搭,冬季保暖,42,男,安徽省,否,20,否
504880478,回力经典复古潮鞋冬季保暖,回力经典,246,251,98,410,6082,93,飞织面料,TPR鞋底,魔术贴鞋,复古潮鞋,冬季保暖,49,男,河南省,否,0,否
995260244,鸿星尔克复古潮鞋夏季透气,鸿星尔克,121,242,50,915,1409,94,网布透气,EVA轻底,系带设计,复古潮鞋,夏季透气,44,男,四川省,是,22,否
920235034,耐克潮流复古潮鞋四季通用,耐克潮流,233,268,87,1161,2219,93,布面材质,橡胶大底,系带设计,复古潮鞋,四季通用,43,女,安徽省,是,17,是
484311275,鸿星尔克潮流高街秋季百搭,鸿星尔克,133,185,72,47,560,95,混合材质,EVA轻底,拉链鞋款,潮流高街,秋季百搭,64,女,浙江省,是,14,是
543631431,回力经典日常休闲夏季透气,回力经典,99,152,65,984,513,94,合成革鞋,混合鞋底,拉链鞋款,日常休闲,夏季透气,37,女,福建省,否,10,是
629593127,耐克潮流简约百搭四季通用,耐克潮流,99,177,56,702,2024,92,超纤皮鞋,混合鞋底,拉链鞋款,简约百搭,四季通用,52,女,四川省,否,4,是
149355252,斯凯奇潮运动休闲秋季百搭,斯凯奇潮,247,305,81,8,1250,96,合成革鞋,MD发泡底,松紧带鞋,运动休闲,秋季百搭,50,女,浙江省,否,4,否
476474193,鸿星尔克户外机能秋季百搭,鸿星尔克,99,111,89,1163,390,90,合成革鞋,TPR鞋底,松紧带鞋,户外机能,秋季百搭,56,女,湖北省,否,22,否
220815249,其他品牌简约百搭冬季保暖,其他品牌,99,198,50,40,92,94,高端飞织,PU中底,拉链鞋款,简约百搭,冬季保暖,55,女,浙江省,否,13,是
734946074,斯凯奇潮复古潮鞋冬季保暖,斯凯奇潮,126,183,69,539,1107,88,混合材质,MD发泡底,套脚款式,复古潮鞋,冬季保暖,51,男,福建省,否,2,是
215744866,李宁休闲运动休闲春季新款,李宁休闲,99,106,93,94,33265,95,混合材质,混合鞋底,系带设计,运动休闲,春季新款,52,男,福建省,是,2,否
509156690,特步男鞋工装硬朗秋季百搭,特步男鞋,112,158,71,8,2478,88,网布透气,EVA轻底,魔术贴鞋,工装硬朗,秋季百搭,61,女,广东省,是,21,是
274772093,鸿星尔克简约百搭夏季透气,鸿星尔克,150,185,81,1119,859,95,布面材质,TPR鞋底,拉链鞋款,简约百搭,夏季透气,53,女,江苏省,否,21,否
407886897,鸿星尔克简约百搭四季通用,鸿星尔克,99,155,64,979,1904,97,超纤皮鞋,PU中底,魔术贴鞋,简约百搭,四季通用,50,女,安徽省,否,20,否
906508855,斯凯奇潮日常休闲秋季百搭,斯凯奇潮,99,136,73,33,626,90,合成革鞋,橡胶大底,套脚款式,日常休闲,秋季百搭,37,男,湖北省,是,20,否
341703940,其他品牌工装硬朗春季新款,其他品牌,104,170,61,4949,2317,95,真皮柔软,MD发泡底,拉链鞋款,工装硬朗,春季新款,49,女,浙江省,是,5,是
102367911,京东京造日常休闲四季通用,京东京造,99,148,67,3644,1240,98,混合材质,TPR鞋底,系带设计,日常休闲,四季通用,49,男,浙江省,是,17,否
252385625,回力经典工装硬朗春季新款,回力经典,111,141,79,79,1084,85,高端飞织,TPR鞋底,松紧带鞋,工装硬朗,春季新款,42,女,江苏省,是,19,是
984962457,回力经典日常休闲四季通用,回力经典,99,162,61,912,2877,93,布面材质,混合鞋底,拉链鞋款,日常休闲,四季通用,49,男,河北省,否,13,否
838573712,其他品牌复古潮鞋四季通用,其他品牌,134,140,96,1217,844,93,合成革鞋,PU中底,套脚款式,复古潮鞋,四季通用,42,女,浙江省,是,21,否
372242139,李宁休闲日常休闲秋季百搭,李宁休闲,194,298,65,34,192,99,合成革鞋,TPR鞋底,套脚款式,日常休闲,秋季百搭,53,男,安徽省,是,14,否
455540061,其他品牌日常休闲四季通用,其他品牌,241,271,89,395,3253,91,合成革鞋,橡胶大底,魔术贴鞋,日常休闲,四季通用,48,男,山东省,否,9,否
496061514,京东京造运动休闲冬季保暖,京东京造,124,144,86,845,540,90,网布透气,MD发泡底,系带设计,运动休闲,冬季保暖,53,女,福建省,是,6,是
368376901,特步男鞋工装硬朗冬季保暖,特步男鞋,183,277,66,649,5061,91,超纤皮鞋,PU中底,套脚款式,工装硬朗,冬季保暖,41,女,浙江省,是,6,是
642171546,回力经典简约百搭秋季百搭,回力经典,99,115,86,1444,75,89,高端飞织,EVA轻底,套脚款式,简约百搭,秋季百搭,62,男,河北省,否,23,是
474610973,京东京造潮流高街夏季透气,京东京造,151,290,52,888,608,92,合成革鞋,MD发泡底,魔术贴鞋,潮流高街,夏季透气,43,女,河南省,是,12,是
247958007,京东京造工装硬朗冬季保暖,京东京造,133,155,86,1398,762,94,合成革鞋,PU中底,松紧带鞋,工装硬朗,冬季保暖,41,女,河南省,是,8,是
289361697,安踏运动日常休闲四季通用,安踏运动,162,176,92,8,568,93,合成革鞋,PU中底,魔术贴鞋,日常休闲,四季通用,49,女,安徽省,是,19,否
278164193,安踏运动运动休闲四季通用,安踏运动,156,190,82,595,2495,96,混合材质,EVA轻底,松紧带鞋,运动休闲,四季通用,43,男,广东省,否,22,否
340765011,回力经典户外机能冬季保暖,回力经典,99,134,74,1400,959,98,飞织面料,TPR鞋底,松紧带鞋,户外机能,冬季保暖,35,男,安徽省,是,8,是
392719315,耐克潮流潮流高街夏季透气,耐克潮流,99,99,100,36,3155,96,超纤皮鞋,TPR鞋底,松紧带鞋,潮流高街,夏季透气,46,男,福建省,否,13,否
885848994,斯凯奇潮复古潮鞋春季新款,斯凯奇潮,120,140,86,1462,2554,90,网布透气,混合鞋底,拉链鞋款,复古潮鞋,春季新款,47,男,山东省,是,11,是
402087040,京东京造运动休闲春季新款,京东京造,103,175,59,849,436,92,布面材质,混合鞋底,拉链鞋款,运动休闲,春季新款,48,女,湖北省,是,12,是
851528714,回力经典潮流高街秋季百搭,回力经典,139,178,78,427,915,90,布面材质,EVA轻底,松紧带鞋,潮流高街,秋季百搭,51,女,安徽省,否,20,否
970618671,京东京造日常休闲四季通用,京东京造,149,175,85,1297,605,92,高端飞织,EVA轻底,魔术贴鞋,日常休闲,四季通用,38,女,广东省,否,12,是
499694151,回力经典潮流高街夏季透气,回力经典,246,324,76,15,3769,93,混合材质,混合鞋底,拉链鞋款,潮流高街,夏季透气,58,男,浙江省,否,23,否
926587136,特步男鞋潮流高街夏季透气,特步男鞋,99,112,88,7,304,100,布面材质,PU中底,松紧带鞋,潮流高街,夏季透气,56,男,江苏省,是,21,是
374932009,京东京造潮流高街四季通用,京东京造,246,304,81,97,3272,92,飞织面料,MD发泡底,系带设计,潮流高街,四季通用,33,女,河北省,否,2,是
814698809,阿迪达斯户外机能夏季透气,阿迪达斯,99,187,53,1309,322,90,飞织面料,橡胶大底,系带设计,户外机能,夏季透气,36,女,山东省,是,12,是
441395262,其他品牌潮流高街四季通用,其他品牌,119,127,94,1166,2426,91,布面材质,EVA轻底,魔术贴鞋,潮流高街,四季通用,40,女,四川省,否,22,否
704718584,耐克潮流运动休闲夏季透气,耐克潮流,230,460,50,1036,2590,94,高端飞织,橡胶大底,魔术贴鞋,运动休闲,夏季透气,56,女,湖北省,是,20,是
508190053,耐克潮流日常休闲夏季透气,耐克潮流,99,104,95,551,4210,92,布面材质,TPR鞋底,魔术贴鞋,日常休闲,夏季透气,54,女,安徽省,否,10,否
621513014,阿迪达斯复古潮鞋冬季保暖,阿迪达斯,219,413,53,35,3587,92,飞织面料,MD发泡底,套脚款式,复古潮鞋,冬季保暖,60,男,山东省,否,20,否
991724813,特步男鞋日常休闲春季新款,特步男鞋,205,281,73,1223,76,95,网布透气,MD发泡底,魔术贴鞋,日常休闲,春季新款,48,女,四川省,否,17,否
735669896,斯凯奇潮潮流高街春季新款,斯凯奇潮,138,238,58,3,6528,95,高端飞织,混合鞋底,魔术贴鞋,潮流高街,春季新款,42,女,山东省,是,23,否
855136638,阿迪达斯日常休闲夏季透气,阿迪达斯,99,183,54,9,935,93,超纤皮鞋,橡胶大底,套脚款式,日常休闲,夏季透气,44,男,浙江省,否,10,是
336354934,京东京造潮流高街秋季百搭,京东京造,153,259,59,459,3391,93,超纤皮鞋,MD发泡底,松紧带鞋,潮流高街,秋季百搭,44,男,湖北省,否,3,否
413023907,京东京造日常休闲夏季透气,京东京造,99,119,83,435,8513,87,真皮柔软,橡胶大底,系带设计,日常休闲,夏季透气,46,男,河北省,是,5,是
555034101,京东京造户外机能四季通用,京东京造,216,322,67,47,906,95,合成革鞋,PU中底,套脚款式,户外机能,四季通用,47,女,浙江省,否,22,是
310873516,特步男鞋简约百搭冬季保暖,特步男鞋,99,99,100,457,148,94,飞织面料,EVA轻底,套脚款式,简约百搭,冬季保暖,46,男,河南省,否,23,否
405349577,京东京造日常休闲冬季保暖,京东京造,133,233,57,1356,1492,96,布面材质,混合鞋底,松紧带鞋,日常休闲,冬季保暖,49,男,湖北省,是,21,是
562768454,耐克潮流潮流高街冬季保暖,耐克潮流,107,155,69,175,349,91,混合材质,混合鞋底,魔术贴鞋,潮流高街,冬季保暖,37,男,广东省,是,21,是
355321949,耐克潮流复古潮鞋夏季透气,耐克潮流,156,193,81,91,689,91,高端飞织,PU中底,系带设计,复古潮鞋,夏季透气,46,女,四川省,否,23,否
924360689,京东京造复古潮鞋秋季百搭,京东京造,99,148,67,1027,219,88,超纤皮鞋,橡胶大底,松紧带鞋,复古潮鞋,秋季百搭,41,女,浙江省,是,0,是
534046982,耐克潮流简约百搭春季新款,耐克潮流,187,340,55,1231,2538,97,飞织面料,TPR鞋底,魔术贴鞋,简约百搭,春季新款,44,女,河南省,是,21,否
408038216,斯凯奇潮工装硬朗冬季保暖,斯凯奇潮,405,422,96,4063,4556,96,合成革鞋,混合鞋底,松紧带鞋,工装硬朗,冬季保暖,40,女,福建省,否,7,否
226933662,鸿星尔克潮流高街春季新款,鸿星尔克,152,160,95,3392,166,92,合成革鞋,MD发泡底,套脚款式,潮流高街,春季新款,38,男,福建省,是,14,是
975378024,京东京造简约百搭冬季保暖,京东京造,99,104,95,536,2077,90,高端飞织,PU中底,拉链鞋款,简约百搭,冬季保暖,43,女,河南省,否,3,否
237095380,京东京造日常休闲冬季保暖,京东京造,99,134,74,1486,310,90,混合材质,EVA轻底,套脚款式,日常休闲,冬季保暖,51,女,四川省,是,12,是
629473831,安踏运动复古潮鞋冬季保暖,安踏运动,99,130,76,831,2748,90,合成革鞋,TPR鞋底,拉链鞋款,复古潮鞋,冬季保暖,56,男,广东省,是,21,否
612469371,斯凯奇潮日常休闲冬季保暖,斯凯奇潮,107,134,80,3601,1232,87,高端飞织,橡胶大底,松紧带鞋,日常休闲,冬季保暖,60,男,江苏省,否,11,是
455557877,特步男鞋日常休闲四季通用,特步男鞋,163,212,77,32,20727,97,高端飞织,混合鞋底,拉链鞋款,日常休闲,四季通用,46,男,安徽省,是,23,是
589751071,耐克潮流复古潮鞋冬季保暖,耐克潮流,171,192,89,547,666,90,超纤皮鞋,橡胶大底,拉链鞋款,复古潮鞋,冬季保暖,37,女,河北省,是,23,否
291839111,耐克潮流简约百搭冬季保暖,耐克潮流,99,124,80,20,16536,86,飞织面料,EVA轻底,松紧带鞋,简约百搭,冬季保暖,59,女,安徽省,否,8,否
735778868,京东京造简约百搭秋季百搭,京东京造,99,119,83,3641,2185,95,高端飞织,EVA轻底,套脚款式,简约百搭,秋季百搭,58,男,湖北省,是,10,否
306623769,回力经典复古潮鞋四季通用,回力经典,99,99,100,848,1556,96,合成革鞋,EVA轻底,系带设计,复古潮鞋,四季通用,42,女,安徽省,否,13,否
838418248,鸿星尔克运动休闲春季新款,鸿星尔克,148,151,98,786,1877,93,混合材质,混合鞋底,松紧带鞋,运动休闲,春季新款,43,男,安徽省,否,21,否
518703510,鸿星尔克日常休闲秋季百搭,鸿星尔克,202,227,89,2858,897,93,超纤皮鞋,橡胶大底,拉链鞋款,日常休闲,秋季百搭,45,女,福建省,否,9,是
102959493,耐克潮流工装硬朗夏季透气,耐克潮流,312,318,98,3627,738,92,混合材质,PU中底,套脚款式,工装硬朗,夏季透气,60,女,湖北省,是,8,否
338601484,李宁休闲运动休闲四季通用,李宁休闲,124,214,58,970,727,96,混合材质,混合鞋底,魔术贴鞋,运动休闲,四季通用,29,女,山东省,是,2,是
125517813,李宁休闲运动休闲冬季保暖,李宁休闲,133,155,86,35,1905,90,高端飞织,混合鞋底,松紧带鞋,运动休闲,冬季保暖,50,男,广东省,否,22,是
105280537,特步男鞋潮流高街四季通用,特步男鞋,130,149,87,793,5128,91,合成革鞋,橡胶大底,套脚款式,潮流高街,四季通用,34,男,山东省,否,22,是
936793956,李宁休闲复古潮鞋冬季保暖,李宁休闲,125,184,68,891,3920,100,超纤皮鞋,混合鞋底,系带设计,复古潮鞋,冬季保暖,43,女,安徽省,否,6,否
953126627,李宁休闲户外机能春季新款,李宁休闲,99,119,83,48,3512,97,真皮柔软,PU中底,魔术贴鞋,户外机能,春季新款,56,女,湖北省,否,9,否
336365602,鸿星尔克潮流高街四季通用,鸿星尔克,261,287,91,4972,1064,90,网布透气,TPR鞋底,松紧带鞋,潮流高街,四季通用,44,男,福建省,是,5,是
361146965,其他品牌运动休闲冬季保暖,其他品牌,99,152,65,539,2276,96,合成革鞋,EVA轻底,系带设计,运动休闲,冬季保暖,48,女,河南省,否,22,是
672081414,鸿星尔克运动休闲夏季透气,鸿星尔克,186,224,83,3585,539,86,合成革鞋,TPR鞋底,拉链鞋款,运动休闲,夏季透气,45,男,安徽省,否,14,是
724064159,其他品牌复古潮鞋夏季透气,其他品牌,197,226,87,796,6042,95,布面材质,混合鞋底,魔术贴鞋,复古潮鞋,夏季透气,44,男,安徽省,是,7,是
390182912,鸿星尔克复古潮鞋冬季保暖,鸿星尔克,251,285,88,1085,598,96,高端飞织,TPR鞋底,系带设计,复古潮鞋,冬季保暖,54,男,四川省,否,16,否
614069190,鸿星尔克工装硬朗四季通用,鸿星尔克,117,124,94,862,776,100,布面材质,PU中底,魔术贴鞋,工装硬朗,四季通用,37,女,河北省,否,9,是
933691803,特步男鞋运动休闲春季新款,特步男鞋,99,174,57,746,60,91,混合材质,PU中底,拉链鞋款,运动休闲,春季新款,51,女,湖北省,否,3,否
821973536,耐克潮流工装硬朗夏季透气,耐克潮流,166,187,89,1176,3497,90,网布透气,EVA轻底,魔术贴鞋,工装硬朗,夏季透气,40,女,广东省,是,9,否
678463532,鸿星尔克日常休闲四季通用,鸿星尔克,163,172,95,763,4419,94,网布透气,PU中底,套脚款式,日常休闲,四季通用,55,男,广东省,是,22,是
328721987,特步男鞋运动休闲冬季保暖,特步男鞋,151,156,97,892,1318,92,合成革鞋,EVA轻底,拉链鞋款,运动休闲,冬季保暖,41,女,安徽省,否,10,否
310428301,鸿星尔克日常休闲冬季保暖,鸿星尔克,165,214,77,1091,293,95,混合材质,混合鞋底,松紧带鞋,日常休闲,冬季保暖,35,女,安徽省,是,21,否
337985423,其他品牌运动休闲春季新款,其他品牌,99,146,68,157,82,95,高端飞织,橡胶大底,松紧带鞋,运动休闲,春季新款,34,男,福建省,否,12,是
300189005,耐克潮流运动休闲冬季保暖,耐克潮流,131,252,52,0,22929,91,飞织面料,EVA轻底,系带设计,运动休闲,冬季保暖,44,女,江苏省,是,5,是
358991522,特步男鞋复古潮鞋秋季百搭,特步男鞋,118,118,100,3252,846,93,高端飞织,EVA轻底,拉链鞋款,复古潮鞋,秋季百搭,52,男,江苏省,是,2,是
679823583,阿迪达斯简约百搭春季新款,阿迪达斯,99,102,97,3326,208,90,布面材质,混合鞋底,系带设计,简约百搭,春季新款,61,男,浙江省,是,15,否
205036848,回力经典潮流高街秋季百搭,回力经典,99,111,89,1296,502,97,网布透气,TPR鞋底,魔术贴鞋,潮流高街,秋季百搭,48,男,浙江省,是,14,否
712423028,其他品牌户外机能春季新款,其他品牌,180,209,86,34,2202,98,合成革鞋,PU中底,套脚款式,户外机能,春季新款,42,男,四川省,否,22,是
671872839,特步男鞋复古潮鞋冬季保暖,特步男鞋,111,198,56,547,4639,92,网布透气,EVA轻底,松紧带鞋,复古潮鞋,冬季保暖,60,男,山东省,否,17,否
195379091,回力经典运动休闲夏季透气,回力经典,233,256,91,385,1087,95,混合材质,PU中底,套脚款式,运动休闲,夏季透气,45,女,安徽省,否,13,否
191486827,李宁休闲简约百搭夏季透气,李宁休闲,144,215,67,4563,5892,92,真皮柔软,PU中底,松紧带鞋,简约百搭,夏季透气,43,男,河南省,是,23,是
366422779,回力经典潮流高街春季新款,回力经典,160,178,90,2271,1603,100,合成革鞋,EVA轻底,套脚款式,潮流高街,春季新款,52,男,广东省,是,16,否
975373330,耐克潮流简约百搭秋季百搭,耐克潮流,99,115,86,20,1397,98,网布透气,橡胶大底,拉链鞋款,简约百搭,秋季百搭,46,男,江苏省,是,7,否
313661439,鸿星尔克运动休闲春季新款,鸿星尔克,99,141,70,974,4481,92,布面材质,橡胶大底,魔术贴鞋,运动休闲,春季新款,45,女,安徽省,否,21,否
618328933,京东京造复古潮鞋春季新款,京东京造,99,124,80,671,2063,96,超纤皮鞋,TPR鞋底,系带设计,复古潮鞋,春季新款,53,女,山东省,是,0,否
282666355,斯凯奇潮简约百搭春季新款,斯凯奇潮,99,165,60,36,2578,97,网布透气,MD发泡底,系带设计,简约百搭,春季新款,49,女,河北省,否,7,是
657127677,其他品牌户外机能四季通用,其他品牌,153,161,95,60,959,99,飞织面料,PU中底,系带设计,户外机能,四季通用,30,男,广东省,否,0,否
116719168,斯凯奇潮潮流高街冬季保暖,斯凯奇潮,99,112,88,1002,1043,95,布面材质,TPR鞋底,拉链鞋款,潮流高街,冬季保暖,49,女,四川省,是,7,是
472077358,其他品牌运动休闲春季新款,其他品牌,144,197,73,363,1714,92,飞织面料,EVA轻底,系带设计,运动休闲,春季新款,55,女,山东省,是,7,是
674841352,耐克潮流复古潮鞋四季通用,耐克潮流,99,114,87,62,831,88,飞织面料,PU中底,系带设计,复古潮鞋,四季通用,44,女,河南省,是,23,是
526906545,回力经典工装硬朗夏季透气,回力经典,99,162,61,795,1034,96,真皮柔软,混合鞋底,拉链鞋款,工装硬朗,夏季透气,23,男,四川省,是,20,是
101117232,回力经典复古潮鞋春季新款,回力经典,99,116,85,1171,2673,91,超纤皮鞋,混合鞋底,拉链鞋款,复古潮鞋,春季新款,40,女,福建省,是,11,是
635028356,回力经典日常休闲四季通用,回力经典,99,132,75,2125,880,90,高端飞织,橡胶大底,松紧带鞋,日常休闲,四季通用,55,女,湖北省,是,1,是
252471575,京东京造日常休闲夏季透气,京东京造,100,111,90,1375,142,90,网布透气,EVA轻底,魔术贴鞋,日常休闲,夏季透气,56,女,湖北省,否,13,否
727295569,京东京造简约百搭夏季透气,京东京造,99,115,86,3902,1069,99,网布透气,TPR鞋底,拉链鞋款,简约百搭,夏季透气,52,女,浙江省,是,12,是
974732147,特步男鞋日常休闲夏季透气,特步男鞋,232,438,53,196,1956,93,布面材质,橡胶大底,系带设计,日常休闲,夏季透气,44,男,广东省,否,6,否
905056163,阿迪达斯工装硬朗夏季透气,阿迪达斯,304,563,54,0,927,94,飞织面料,混合鞋底,套脚款式,工装硬朗,夏季透气,33,女,福建省,是,3,是
962230310,安踏运动户外机能秋季百搭,安踏运动,224,448,50,4720,1948,94,布面材质,EVA轻底,套脚款式,户外机能,秋季百搭,47,女,浙江省,否,20,是
892440286,李宁休闲简约百搭四季通用,李宁休闲,167,327,51,12,9191,94,网布透气,混合鞋底,套脚款式,简约百搭,四季通用,34,女,江苏省,否,10,否
609869837,阿迪达斯运动休闲冬季保暖,阿迪达斯,111,218,51,532,804,96,真皮柔软,TPR鞋底,系带设计,运动休闲,冬季保暖,63,女,山东省,否,2,是
329013373,其他品牌潮流高街夏季透气,其他品牌,127,157,81,27,173,93,合成革鞋,EVA轻底,魔术贴鞋,潮流高街,夏季透气,56,女,河南省,是,15,否
500668676,鸿星尔克工装硬朗夏季透气,鸿星尔克,313,497,63,3470,8766,99,高端飞织,TPR鞋底,松紧带鞋,工装硬朗,夏季透气,30,男,山东省,是,22,是
237955710,耐克潮流简约百搭夏季透气,耐克潮流,196,251,78,1399,411,91,网布透气,EVA轻底,拉链鞋款,简约百搭,夏季透气,36,女,安徽省,否,10,否
449925359,京东京造简约百搭夏季透气,京东京造,145,201,72,4912,671,86,混合材质,TPR鞋底,魔术贴鞋,简约百搭,夏季透气,54,男,广东省,是,18,是
641189522,回力经典潮流高街四季通用,回力经典,99,125,79,25,992,94,超纤皮鞋,EVA轻底,套脚款式,潮流高街,四季通用,54,男,四川省,是,3,是
465042524,回力经典运动休闲四季通用,回力经典,139,172,81,556,291,96,合成革鞋,MD发泡底,拉链鞋款,运动休闲,四季通用,49,男,河南省,是,0,是
896179117,李宁休闲日常休闲秋季百搭,李宁休闲,116,157,74,680,1181,91,网布透气,EVA轻底,魔术贴鞋,日常休闲,秋季百搭,49,女,江苏省,否,16,是
561359081,安踏运动潮流高街夏季透气,安踏运动,182,280,65,3414,554,94,超纤皮鞋,MD发泡底,套脚款式,潮流高街,夏季透气,40,男,湖北省,是,23,否
604658336,京东京造工装硬朗四季通用,京东京造,311,404,77,1210,2670,90,合成革鞋,EVA轻底,系带设计,工装硬朗,四季通用,37,男,山东省,是,4,是
700303494,回力经典日常休闲四季通用,回力经典,127,190,67,49,1275,92,超纤皮鞋,TPR鞋底,拉链鞋款,日常休闲,四季通用,47,男,四川省,否,0,是
801645345,阿迪达斯户外机能夏季透气,阿迪达斯,99,109,91,1081,1081,95,真皮柔软,EVA轻底,系带设计,户外机能,夏季透气,43,女,河北省,否,23,否
225226851,其他品牌简约百搭冬季保暖,其他品牌,99,109,91,21,1283,91,飞织面料,橡胶大底,套脚款式,简约百搭,冬季保暖,64,女,安徽省,是,8,是
786271382,鸿星尔克运动休闲秋季百搭,鸿星尔克,99,157,63,991,360,98,合成革鞋,PU中底,松紧带鞋,运动休闲,秋季百搭,45,男,河南省,否,13,是
962870425,鸿星尔克复古潮鞋四季通用,鸿星尔克,115,209,55,33,2212,90,网布透气,EVA轻底,松紧带鞋,复古潮鞋,四季通用,42,男,山东省,是,23,是
968715219,回力经典简约百搭秋季百搭,回力经典,196,236,83,969,754,95,高端飞织,橡胶大底,松紧带鞋,简约百搭,秋季百搭,38,男,福建省,否,21,是
987238154,李宁休闲日常休闲四季通用,李宁休闲,128,164,78,1292,2644,90,真皮柔软,TPR鞋底,系带设计,日常休闲,四季通用,30,女,湖北省,否,21,否
929026088,斯凯奇潮工装硬朗夏季透气,斯凯奇潮,140,197,71,16,560,97,飞织面料,PU中底,魔术贴鞋,工装硬朗,夏季透气,40,女,浙江省,否,22,否
338836998,安踏运动运动休闲四季通用,安踏运动,123,135,91,1308,1190,94,网布透气,EVA轻底,魔术贴鞋,运动休闲,四季通用,50,女,江苏省,是,15,是
695389049,回力经典简约百搭四季通用,回力经典,114,190,60,24,888,97,网布透气,EVA轻底,松紧带鞋,简约百搭,四季通用,57,女,湖北省,否,16,否
723232114,李宁休闲户外机能夏季透气,李宁休闲,99,101,98,693,1058,96,布面材质,TPR鞋底,套脚款式,户外机能,夏季透气,49,男,广东省,是,10,是
255249758,回力经典运动休闲四季通用,回力经典,110,117,94,151,938,94,混合材质,混合鞋底,松紧带鞋,运动休闲,四季通用,60,男,山东省,否,18,是
215992107,阿迪达斯简约百搭四季通用,阿迪达斯,291,393,74,2627,395,92,合成革鞋,橡胶大底,系带设计,简约百搭,四季通用,55,男,广东省,否,3,否
580149407,李宁休闲工装硬朗冬季保暖,李宁休闲,177,227,78,42,585,92,网布透气,PU中底,魔术贴鞋,工装硬朗,冬季保暖,50,女,广东省,是,6,是
792538343,耐克潮流日常休闲秋季百搭,耐克潮流,110,129,85,547,3767,94,网布透气,PU中底,魔术贴鞋,日常休闲,秋季百搭,52,女,四川省,是,5,是
691432388,李宁休闲日常休闲冬季保暖,李宁休闲,99,177,56,145,1812,90,混合材质,橡胶大底,系带设计,日常休闲,冬季保暖,56,女,广东省,否,20,是
486615337,鸿星尔克潮流高街夏季透气,鸿星尔克,99,122,81,623,510,97,高端飞织,MD发泡底,系带设计,潮流高街,夏季透气,46,女,江苏省,是,10,否
914067926,回力经典潮流高街冬季保暖,回力经典,243,304,80,1131,1057,96,合成革鞋,TPR鞋底,松紧带鞋,潮流高街,冬季保暖,54,男,浙江省,否,17,是
740559351,其他品牌日常休闲夏季透气,其他品牌,215,265,81,274,173,85,超纤皮鞋,EVA轻底,魔术贴鞋,日常休闲,夏季透气,47,女,浙江省,是,17,是
765239350,斯凯奇潮复古潮鞋夏季透气,斯凯奇潮,495,669,74,99,1813,97,超纤皮鞋,PU中底,松紧带鞋,复古潮鞋,夏季透气,40,男,河南省,否,21,否
218347787,耐克潮流工装硬朗春季新款,耐克潮流,128,233,55,3346,1861,94,真皮柔软,TPR鞋底,系带设计,工装硬朗,春季新款,45,女,安徽省,否,22,是
264844341,其他品牌复古潮鞋春季新款,其他品牌,139,151,92,876,459,90,合成革鞋,PU中底,松紧带鞋,复古潮鞋,春季新款,35,女,河北省,否,14,是
260797828,阿迪达斯户外机能春季新款,阿迪达斯,99,122,81,362,4356,92,飞织面料,PU中底,松紧带鞋,户外机能,春季新款,46,男,山东省,是,22,否
228889371,鸿星尔克运动休闲秋季百搭,鸿星尔克,104,125,83,87,2040,97,超纤皮鞋,MD发泡底,拉链鞋款,运动休闲,秋季百搭,46,男,江苏省,是,11,是
878965465,安踏运动简约百搭夏季透气,安踏运动,145,169,86,686,329,94,超纤皮鞋,PU中底,系带设计,简约百搭,夏季透气,46,女,福建省,是,12,否
361764234,京东京造复古潮鞋秋季百搭,京东京造,99,119,83,54,1476,95,布面材质,TPR鞋底,系带设计,复古潮鞋,秋季百搭,45,女,四川省,否,20,是
872140228,回力经典复古潮鞋秋季百搭,回力经典,175,350,50,625,243,98,飞织面料,橡胶大底,松紧带鞋,复古潮鞋,秋季百搭,44,女,河北省,是,23,否
938224626,京东京造工装硬朗春季新款,京东京造,104,182,57,46,1211,96,高端飞织,MD发泡底,系带设计,工装硬朗,春季新款,44,男,河北省,是,11,是
824971181,安踏运动日常休闲四季通用,安踏运动,144,267,54,756,779,90,混合材质,EVA轻底,松紧带鞋,日常休闲,四季通用,53,女,湖北省,否,22,否
728796652,特步男鞋复古潮鞋四季通用,特步男鞋,99,127,78,1356,826,85,网布透气,橡胶大底,拉链鞋款,复古潮鞋,四季通用,50,女,四川省,否,13,否
329342741,京东京造日常休闲夏季透气,京东京造,99,148,67,1289,1219,100,真皮柔软,MD发泡底,套脚款式,日常休闲,夏季透气,51,男,河南省,否,9,是
975273143,安踏运动复古潮鞋秋季百搭,安踏运动,205,301,68,933,643,87,超纤皮鞋,EVA轻底,系带设计,复古潮鞋,秋季百搭,48,女,广东省,否,22,是
513257089,回力经典复古潮鞋春季新款,回力经典,99,132,75,28,881,99,合成革鞋,混合鞋底,松紧带鞋,复古潮鞋,春季新款,33,男,河北省,否,19,是
762595803,安踏运动运动休闲夏季透气,安踏运动,99,150,66,1041,4425,93,网布透气,MD发泡底,拉链鞋款,运动休闲,夏季透气,50,女,广东省,否,1,是
306218021,耐克潮流运动休闲春季新款,耐克潮流,309,312,99,33,180,93,布面材质,EVA轻底,松紧带鞋,运动休闲,春季新款,36,女,四川省,是,10,否
550797796,特步男鞋复古潮鞋四季通用,特步男鞋,102,167,61,138,826,97,混合材质,EVA轻底,魔术贴鞋,复古潮鞋,四季通用,46,男,福建省,否,6,否
109412035,斯凯奇潮工装硬朗冬季保暖,斯凯奇潮,99,138,72,140,2315,95,飞织面料,TPR鞋底,松紧带鞋,工装硬朗,冬季保暖,40,女,安徽省,是,20,否
586932211,鸿星尔克复古潮鞋夏季透气,鸿星尔克,194,216,90,4902,705,99,飞织面料,MD发泡底,魔术贴鞋,复古潮鞋,夏季透气,42,女,河北省,是,18,否
557482955,特步男鞋日常休闲夏季透气,特步男鞋,99,114,87,959,969,94,布面材质,TPR鞋底,魔术贴鞋,日常休闲,夏季透气,41,男,安徽省,是,13,是
238971028,耐克潮流运动休闲春季新款,耐克潮流,148,231,64,635,172,97,真皮柔软,EVA轻底,套脚款式,运动休闲,春季新款,42,女,安徽省,是,0,否
484329900,耐克潮流潮流高街冬季保暖,耐克潮流,99,136,73,4,190,95,飞织面料,MD发泡底,套脚款式,潮流高街,冬季保暖,64,男,江苏省,是,21,是
233755265,回力经典户外机能春季新款,回力经典,142,222,64,1028,4989,94,真皮柔软,混合鞋底,套脚款式,户外机能,春季新款,41,女,安徽省,否,1,是
872905565,阿迪达斯日常休闲秋季百搭,阿迪达斯,102,173,59,9,13327,94,网布透气,混合鞋底,套脚款式,日常休闲,秋季百搭,49,男,河北省,否,9,否
525575051,京东京造复古潮鞋秋季百搭,京东京造,99,155,64,946,299,96,布面材质,PU中底,魔术贴鞋,复古潮鞋,秋季百搭,48,女,浙江省,否,15,否
448207164,斯凯奇潮潮流高街春季新款,斯凯奇潮,99,129,77,39,2317,93,飞织面料,橡胶大底,拉链鞋款,潮流高街,春季新款,41,男,河北省,否,21,否
865190222,特步男鞋运动休闲春季新款,特步男鞋,99,127,78,4240,1639,92,高端飞织,MD发泡底,套脚款式,运动休闲,春季新款,41,女,广东省,否,13,否
270500922,鸿星尔克工装硬朗冬季保暖,鸿星尔克,99,114,87,10,35,100,布面材质,EVA轻底,魔术贴鞋,工装硬朗,冬季保暖,52,女,江苏省,是,7,否
457186940,阿迪达斯运动休闲四季通用,阿迪达斯,99,108,92,6,1022,92,飞织面料,PU中底,拉链鞋款,运动休闲,四季通用,61,男,浙江省,否,1,否
815840641,京东京造工装硬朗夏季透气,京东京造,331,637,52,797,557,93,混合材质,MD发泡底,系带设计,工装硬朗,夏季透气,56,女,河南省,否,0,是
370843061,回力经典运动休闲四季通用,回力经典,129,198,65,358,1351,91,超纤皮鞋,TPR鞋底,拉链鞋款,运动休闲,四季通用,55,女,湖北省,否,4,否
173587121,特步男鞋潮流高街春季新款,特步男鞋,125,136,92,858,1889,91,飞织面料,MD发泡底,松紧带鞋,潮流高街,春季新款,42,男,四川省,是,8,否
880989138,回力经典日常休闲春季新款,回力经典,99,146,68,560,5007,92,混合材质,TPR鞋底,魔术贴鞋,日常休闲,春季新款,61,女,浙江省,是,22,否
503194206,特步男鞋工装硬朗四季通用,特步男鞋,211,315,67,1238,336,99,合成革鞋,PU中底,系带设计,工装硬朗,四季通用,48,女,湖北省,是,21,是
191209628,京东京造运动休闲四季通用,京东京造,99,119,83,727,7932,97,合成革鞋,TPR鞋底,松紧带鞋,运动休闲,四季通用,42,女,河南省,是,21,是
104982677,安踏运动运动休闲秋季百搭,安踏运动,269,283,95,1227,1730,92,高端飞织,PU中底,套脚款式,运动休闲,秋季百搭,55,女,河南省,否,0,否
288007538,斯凯奇潮户外机能春季新款,斯凯奇潮,99,146,68,27,1452,100,超纤皮鞋,TPR鞋底,拉链鞋款,户外机能,春季新款,48,男,福建省,否,15,是
179501446,回力经典日常休闲秋季百搭,回力经典,253,309,82,996,1919,97,真皮柔软,橡胶大底,系带设计,日常休闲,秋季百搭,52,男,山东省,否,1,否
648162816,斯凯奇潮运动休闲四季通用,斯凯奇潮,225,281,80,1280,3254,90,真皮柔软,EVA轻底,松紧带鞋,运动休闲,四季通用,45,男,浙江省,是,4,是
879309109,鸿星尔克日常休闲春季新款,鸿星尔克,205,209,98,339,646,96,布面材质,MD发泡底,魔术贴鞋,日常休闲,春季新款,59,女,福建省,否,18,是
434659518,耐克潮流运动休闲冬季保暖,耐克潮流,175,194,90,3534,607,95,混合材质,PU中底,系带设计,运动休闲,冬季保暖,48,男,湖北省,否,6,否
330949086,特步男鞋简约百搭冬季保暖,特步男鞋,201,300,67,426,937,94,超纤皮鞋,混合鞋底,套脚款式,简约百搭,冬季保暖,36,女,福建省,是,20,否
389952405,耐克潮流潮流高街四季通用,耐克潮流,102,120,85,23,368,97,混合材质,PU中底,系带设计,潮流高街,四季通用,44,男,浙江省,否,18,否
754321828,回力经典潮流高街四季通用,回力经典,99,100,99,1484,1310,96,高端飞织,EVA轻底,套脚款式,潮流高街,四季通用,54,女,湖北省,是,13,否
368580960,其他品牌运动休闲春季新款,其他品牌,99,177,56,1270,331,93,飞织面料,橡胶大底,套脚款式,运动休闲,春季新款,36,男,湖北省,是,3,否
806494045,耐克潮流日常休闲春季新款,耐克潮流,99,112,88,1357,292,92,布面材质,混合鞋底,系带设计,日常休闲,春季新款,39,男,山东省,是,23,是
928970095,鸿星尔克工装硬朗夏季透气,鸿星尔克,100,156,64,1074,1368,90,混合材质,TPR鞋底,魔术贴鞋,工装硬朗,夏季透气,47,女,江苏省,否,1,是
400286680,斯凯奇潮简约百搭夏季透气,斯凯奇潮,223,251,89,525,161,96,高端飞织,橡胶大底,套脚款式,简约百搭,夏季透气,50,女,福建省,是,5,否
766602300,安踏运动日常休闲夏季透气,安踏运动,123,137,90,40,1645,92,布面材质,橡胶大底,套脚款式,日常休闲,夏季透气,55,男,浙江省,是,22,是
138530612,李宁休闲户外机能冬季保暖,李宁休闲,99,157,63,1317,726,93,高端飞织,MD发泡底,魔术贴鞋,户外机能,冬季保暖,43,女,河南省,否,9,是
656581112,京东京造潮流高街秋季百搭,京东京造,316,451,70,173,2663,92,布面材质,PU中底,系带设计,潮流高街,秋季百搭,36,女,浙江省,是,0,否
491252387,鸿星尔克潮流高街秋季百搭,鸿星尔克,99,150,66,573,5270,97,布面材质,EVA轻底,拉链鞋款,潮流高街,秋季百搭,56,女,河南省,否,10,是
954952164,耐克潮流工装硬朗冬季保暖,耐克潮流,99,122,81,3128,743,96,超纤皮鞋,PU中底,拉链鞋款,工装硬朗,冬季保暖,62,女,福建省,否,12,是
409796543,回力经典日常休闲夏季透气,回力经典,99,106,93,492,1750,86,高端飞织,TPR鞋底,拉链鞋款,日常休闲,夏季透气,43,男,广东省,否,5,是
728859775,阿迪达斯复古潮鞋夏季透气,阿迪达斯,105,140,75,997,2702,95,合成革鞋,PU中底,套脚款式,复古潮鞋,夏季透气,55,女,山东省,否,17,是
911270643,斯凯奇潮简约百搭秋季百搭,斯凯奇潮,138,175,79,1164,1120,92,布面材质,混合鞋底,拉链鞋款,简约百搭,秋季百搭,57,女,四川省,否,22,是
454819707,斯凯奇潮日常休闲秋季百搭,斯凯奇潮,125,125,100,968,68,91,混合材质,TPR鞋底,系带设计,日常休闲,秋季百搭,18,男,福建省,否,22,是
382748887,耐克潮流运动休闲夏季透气,耐克潮流,99,101,98,1,8706,96,超纤皮鞋,EVA轻底,拉链鞋款,运动休闲,夏季透气,60,女,湖北省,否,13,否
240990668,安踏运动工装硬朗夏季透气,安踏运动,99,168,59,2,410,92,超纤皮鞋,EVA轻底,拉链鞋款,工装硬朗,夏季透气,56,男,江苏省,否,8,否
396442549,京东京造潮流高街夏季透气,京东京造,166,325,51,1058,703,91,网布透气,MD发泡底,松紧带鞋,潮流高街,夏季透气,55,男,河南省,是,9,否
215264238,京东京造日常休闲四季通用,京东京造,212,290,73,1051,4215,90,真皮柔软,混合鞋底,松紧带鞋,日常休闲,四季通用,48,女,安徽省,否,1,否
931164269,李宁休闲户外机能夏季透气,李宁休闲,150,205,73,4714,386,88,布面材质,MD发泡底,系带设计,户外机能,夏季透气,53,女,四川省,是,22,是
138571366,鸿星尔克复古潮鞋夏季透气,鸿星尔克,99,100,99,50,445,92,真皮柔软,PU中底,松紧带鞋,复古潮鞋,夏季透气,49,女,河南省,否,5,是
382370525,斯凯奇潮日常休闲秋季百搭,斯凯奇潮,220,275,80,1136,2635,97,混合材质,PU中底,套脚款式,日常休闲,秋季百搭,65,女,河北省,是,13,是
218973952,其他品牌工装硬朗冬季保暖,其他品牌,99,134,74,2703,27924,93,合成革鞋,TPR鞋底,松紧带鞋,工装硬朗,冬季保暖,48,女,河北省,否,9,是
478678469,回力经典运动休闲秋季百搭,回力经典,209,227,92,785,226,91,合成革鞋,MD发泡底,松紧带鞋,运动休闲,秋季百搭,45,男,广东省,否,0,否
269556770,鸿星尔克日常休闲夏季透气,鸿星尔克,102,200,51,36,934,95,布面材质,EVA轻底,魔术贴鞋,日常休闲,夏季透气,49,女,四川省,是,6,否
714357640,斯凯奇潮日常休闲四季通用,斯凯奇潮,140,163,86,1150,279,99,合成革鞋,MD发泡底,魔术贴鞋,日常休闲,四季通用,47,男,湖北省,是,17,是
931111262,其他品牌日常休闲春季新款,其他品牌,239,368,65,2880,1439,91,高端飞织,TPR鞋底,松紧带鞋,日常休闲,春季新款,56,女,河南省,否,21,是
433006694,回力经典工装硬朗四季通用,回力经典,99,122,81,888,7828,100,布面材质,混合鞋底,系带设计,工装硬朗,四季通用,53,男,四川省,否,7,否
165299888,斯凯奇潮工装硬朗冬季保暖,斯凯奇潮,145,204,71,40,1554,97,真皮柔软,EVA轻底,套脚款式,工装硬朗,冬季保暖,46,男,湖北省,否,12,否
464393414,回力经典复古潮鞋夏季透气,回力经典,252,300,84,807,3695,96,超纤皮鞋,EVA轻底,套脚款式,复古潮鞋,夏季透气,51,女,四川省,否,10,是
647202643,鸿星尔克运动休闲冬季保暖,鸿星尔克,99,112,88,32,271,96,超纤皮鞋,TPR鞋底,系带设计,运动休闲,冬季保暖,49,女,浙江省,是,22,否
130097740,其他品牌复古潮鞋秋季百搭,其他品牌,123,135,91,1236,848,91,合成革鞋,橡胶大底,松紧带鞋,复古潮鞋,秋季百搭,62,女,江苏省,否,21,是
548283822,阿迪达斯日常休闲夏季透气,阿迪达斯,264,440,60,1381,1046,95,网布透气,EVA轻底,魔术贴鞋,日常休闲,夏季透气,52,女,广东省,是,0,是
396078071,特步男鞋运动休闲秋季百搭,特步男鞋,99,146,68,1191,3546,98,高端飞织,TPR鞋底,套脚款式,运动休闲,秋季百搭,31,女,广东省,否,14,是
330969677,安踏运动运动休闲四季通用,安踏运动,260,426,61,2387,1461,97,网布透气,MD发泡底,松紧带鞋,运动休闲,四季通用,47,男,河北省,否,17,是
878754881,阿迪达斯户外机能春季新款,阿迪达斯,311,565,55,808,56,91,合成革鞋,混合鞋底,松紧带鞋,户外机能,春季新款,54,女,广东省,否,20,是
664085454,鸿星尔克日常休闲冬季保暖,鸿星尔克,150,158,95,15,980,93,高端飞织,橡胶大底,系带设计,日常休闲,冬季保暖,59,男,河南省,是,13,是
355180305,京东京造复古潮鞋春季新款,京东京造,143,155,92,48,110,93,网布透气,EVA轻底,魔术贴鞋,复古潮鞋,春季新款,51,男,福建省,是,22,否
518994420,京东京造工装硬朗春季新款,京东京造,266,286,93,8,2053,94,飞织面料,MD发泡底,系带设计,工装硬朗,春季新款,41,女,四川省,是,22,是
165362487,李宁休闲工装硬朗秋季百搭,李宁休闲,113,157,72,4993,962,95,超纤皮鞋,TPR鞋底,魔术贴鞋,工装硬朗,秋季百搭,38,男,广东省,否,20,否
848762632,安踏运动潮流高街冬季保暖,安踏运动,99,157,63,198,161,96,真皮柔软,橡胶大底,系带设计,潮流高街,冬季保暖,34,男,浙江省,是,21,否
286201260,京东京造潮流高街春季新款,京东京造,99,146,68,16,786,97,混合材质,PU中底,拉链鞋款,潮流高街,春季新款,58,男,湖北省,是,20,是
735476870,鸿星尔克户外机能冬季保暖,鸿星尔克,99,148,67,840,405,95,超纤皮鞋,TPR鞋底,魔术贴鞋,户外机能,冬季保暖,60,男,湖北省,否,10,否
995841632,特步男鞋户外机能秋季百搭,特步男鞋,135,153,88,26,1241,97,网布透气,混合鞋底,魔术贴鞋,户外机能,秋季百搭,27,女,安徽省,否,3,否
834864899,斯凯奇潮潮流高街秋季百搭,斯凯奇潮,119,123,97,743,2549,87,布面材质,MD发泡底,拉链鞋款,潮流高街,秋季百搭,52,女,湖北省,否,5,是
567481021,京东京造简约百搭春季新款,京东京造,275,382,72,35,4315,96,超纤皮鞋,混合鞋底,松紧带鞋,简约百搭,春季新款,42,男,广东省,否,17,是
215396845,斯凯奇潮工装硬朗四季通用,斯凯奇潮,99,119,83,1082,1802,91,混合材质,橡胶大底,拉链鞋款,工装硬朗,四季通用,50,女,河北省,是,4,是
273252141,京东京造户外机能春季新款,京东京造,156,264,59,1117,6683,94,超纤皮鞋,TPR鞋底,系带设计,户外机能,春季新款,26,男,福建省,否,0,是
519005128,特步男鞋户外机能春季新款,特步男鞋,99,139,71,1143,1854,89,真皮柔软,MD发泡底,松紧带鞋,户外机能,春季新款,44,男,安徽省,是,19,是
334833306,阿迪达斯日常休闲冬季保暖,阿迪达斯,99,187,53,1353,5624,92,飞织面料,混合鞋底,拉链鞋款,日常休闲,冬季保暖,51,女,四川省,是,2,否
704389156,特步男鞋运动休闲冬季保暖,特步男鞋,135,144,94,788,1294,96,布面材质,橡胶大底,拉链鞋款,运动休闲,冬季保暖,31,男,湖北省,否,0,是
756858307,阿迪达斯潮流高街夏季透气,阿迪达斯,103,104,99,16,762,100,飞织面料,橡胶大底,系带设计,潮流高街,夏季透气,45,女,湖北省,否,1,否
153943590,李宁休闲复古潮鞋四季通用,李宁休闲,268,282,95,28,2623,99,超纤皮鞋,EVA轻底,系带设计,复古潮鞋,四季通用,50,男,河南省,是,6,是
724099343,回力经典复古潮鞋四季通用,回力经典,207,345,60,593,5110,92,布面材质,PU中底,魔术贴鞋,复古潮鞋,四季通用,46,女,江苏省,是,6,是
521796384,其他品牌工装硬朗冬季保暖,其他品牌,115,213,54,1035,1035,94,飞织面料,TPR鞋底,魔术贴鞋,工装硬朗,冬季保暖,58,男,四川省,是,13,否
477215528,阿迪达斯日常休闲秋季百搭,阿迪达斯,549,566,97,6,112,100,飞织面料,TPR鞋底,松紧带鞋,日常休闲,秋季百搭,52,男,湖北省,是,15,否
343461996,阿迪达斯工装硬朗夏季透气,阿迪达斯,99,152,65,1381,2582,91,飞织面料,MD发泡底,魔术贴鞋,工装硬朗,夏季透气,32,男,江苏省,是,23,是
589042932,鸿星尔克运动休闲春季新款,鸿星尔克,196,344,57,1413,4420,100,真皮柔软,EVA轻底,系带设计,运动休闲,春季新款,57,男,河北省,否,22,是
611049376,京东京造简约百搭冬季保暖,京东京造,99,121,82,1404,833,93,网布透气,橡胶大底,拉链鞋款,简约百搭,冬季保暖,52,女,湖北省,是,15,是
177311514,回力经典运动休闲春季新款,回力经典,124,230,54,808,2843,99,布面材质,混合鞋底,拉链鞋款,运动休闲,春季新款,55,女,四川省,否,22,否
451995621,特步男鞋简约百搭冬季保暖,特步男鞋,131,131,100,50,2031,85,布面材质,橡胶大底,松紧带鞋,简约百搭,冬季保暖,52,男,湖北省,否,23,是
907635088,回力经典运动休闲冬季保暖,回力经典,264,377,70,4353,381,94,真皮柔软,MD发泡底,松紧带鞋,运动休闲,冬季保暖,43,女,安徽省,是,2,是
984097865,特步男鞋运动休闲冬季保暖,特步男鞋,99,157,63,775,720,93,布面材质,PU中底,拉链鞋款,运动休闲,冬季保暖,32,女,江苏省,否,21,否
882001702,鸿星尔克工装硬朗四季通用,鸿星尔克,99,162,61,2195,617,100,网布透气,橡胶大底,松紧带鞋,工装硬朗,四季通用,63,男,安徽省,否,2,是
783994562,京东京造户外机能四季通用,京东京造,99,157,63,1359,1798,90,布面材质,MD发泡底,拉链鞋款,户外机能,四季通用,45,男,安徽省,是,20,否
497040696,鸿星尔克工装硬朗秋季百搭,鸿星尔克,99,174,57,12,11868,93,合成革鞋,TPR鞋底,松紧带鞋,工装硬朗,秋季百搭,45,男,河南省,是,15,否
276305212,斯凯奇潮复古潮鞋夏季透气,斯凯奇潮,116,159,73,2699,2756,96,混合材质,橡胶大底,系带设计,复古潮鞋,夏季透气,39,男,山东省,否,20,否
863093478,京东京造户外机能四季通用,京东京造,371,700,53,937,316,97,混合材质,PU中底,系带设计,户外机能,四季通用,50,女,浙江省,是,21,是
615179990,回力经典简约百搭春季新款,回力经典,100,114,88,26,634,90,飞织面料,MD发泡底,拉链鞋款,简约百搭,春季新款,52,男,安徽省,是,23,否
178201425,斯凯奇潮工装硬朗四季通用,斯凯奇潮,99,155,64,715,150,97,合成革鞋,橡胶大底,拉链鞋款,工装硬朗,四季通用,63,男,四川省,是,14,是
680097263,耐克潮流复古潮鞋冬季保暖,耐克潮流,99,132,75,1230,3308,97,真皮柔软,MD发泡底,魔术贴鞋,复古潮鞋,冬季保暖,60,女,江苏省,是,3,否
512460221,李宁休闲简约百搭秋季百搭,李宁休闲,109,142,77,28,5501,95,网布透气,TPR鞋底,拉链鞋款,简约百搭,秋季百搭,62,男,山东省,否,3,否
376149002,鸿星尔克潮流高街夏季透气,鸿星尔克,99,190,52,32,2246,91,合成革鞋,MD发泡底,魔术贴鞋,潮流高街,夏季透气,41,女,山东省,否,21,否
769357436,特步男鞋复古潮鞋夏季透气,特步男鞋,304,405,75,13,6676,88,飞织面料,混合鞋底,拉链鞋款,复古潮鞋,夏季透气,61,男,湖北省,否,7,否
435243670,斯凯奇潮运动休闲四季通用,斯凯奇潮,243,296,82,22,1986,91,网布透气,EVA轻底,魔术贴鞋,运动休闲,四季通用,52,男,江苏省,否,11,是
839330077,斯凯奇潮复古潮鞋冬季保暖,斯凯奇潮,243,264,92,4990,3420,96,高端飞织,橡胶大底,松紧带鞋,复古潮鞋,冬季保暖,41,男,四川省,否,10,是
433359474,京东京造潮流高街四季通用,京东京造,99,136,73,35,4126,94,高端飞织,EVA轻底,系带设计,潮流高街,四季通用,41,女,河南省,否,20,是
978963615,斯凯奇潮工装硬朗冬季保暖,斯凯奇潮,214,223,96,14,2126,90,真皮柔软,EVA轻底,拉链鞋款,工装硬朗,冬季保暖,51,女,河北省,否,21,否
689584108,斯凯奇潮复古潮鞋夏季透气,斯凯奇潮,621,927,67,383,414,95,高端飞织,EVA轻底,套脚款式,复古潮鞋,夏季透气,46,男,河北省,否,21,否
307881590,鸿星尔克工装硬朗春季新款,鸿星尔克,178,287,62,345,2374,97,混合材质,混合鞋底,系带设计,工装硬朗,春季新款,42,男,四川省,是,11,否
227255422,特步男鞋日常休闲秋季百搭,特步男鞋,99,168,59,37,3578,91,真皮柔软,TPR鞋底,松紧带鞋,日常休闲,秋季百搭,41,女,广东省,是,5,是
811710051,李宁休闲复古潮鞋秋季百搭,李宁休闲,163,170,96,73,747,91,网布透气,MD发泡底,系带设计,复古潮鞋,秋季百搭,49,男,江苏省,否,21,是
553321342,阿迪达斯户外机能冬季保暖,阿迪达斯,99,180,55,532,9776,91,混合材质,橡胶大底,魔术贴鞋,户外机能,冬季保暖,57,男,广东省,是,21,否
292563549,李宁休闲复古潮鞋春季新款,李宁休闲,134,191,70,718,118,95,飞织面料,MD发泡底,套脚款式,复古潮鞋,春季新款,57,女,河北省,是,23,是
474838568,阿迪达斯日常休闲冬季保暖,阿迪达斯,150,174,86,728,183,96,真皮柔软,橡胶大底,系带设计,日常休闲,冬季保暖,44,男,江苏省,是,12,是
186750012,安踏运动日常休闲秋季百搭,安踏运动,211,320,66,257,717,90,混合材质,TPR鞋底,套脚款式,日常休闲,秋季百搭,51,女,安徽省,否,22,否
940519128,京东京造户外机能春季新款,京东京造,125,174,72,26,2027,90,高端飞织,橡胶大底,套脚款式,户外机能,春季新款,55,女,湖北省,是,20,否
564570514,斯凯奇潮简约百搭冬季保暖,斯凯奇潮,110,155,71,5,795,95,网布透气,混合鞋底,系带设计,简约百搭,冬季保暖,46,女,河北省,否,10,是
858292094,特步男鞋日常休闲春季新款,特步男鞋,387,395,98,997,1185,97,混合材质,混合鞋底,系带设计,日常休闲,春季新款,34,男,广东省,是,21,否
398010764,斯凯奇潮运动休闲夏季透气,斯凯奇潮,99,127,78,238,971,96,布面材质,PU中底,系带设计,运动休闲,夏季透气,52,男,福建省,否,21,是
668673865,京东京造日常休闲四季通用,京东京造,127,144,88,20,169,96,超纤皮鞋,PU中底,魔术贴鞋,日常休闲,四季通用,44,女,山东省,是,23,是
431431964,耐克潮流运动休闲夏季透气,耐克潮流,139,174,80,765,73,100,飞织面料,PU中底,魔术贴鞋,运动休闲,夏季透气,47,男,四川省,否,22,是
263778268,其他品牌复古潮鞋冬季保暖,其他品牌,99,114,87,16,930,96,网布透气,混合鞋底,魔术贴鞋,复古潮鞋,冬季保暖,45,男,福建省,是,11,是
111523951,特步男鞋复古潮鞋春季新款,特步男鞋,99,111,89,1490,131,92,布面材质,PU中底,魔术贴鞋,复古潮鞋,春季新款,46,男,山东省,否,5,是
588295035,斯凯奇潮工装硬朗冬季保暖,斯凯奇潮,306,600,51,569,298,88,布面材质,橡胶大底,拉链鞋款,工装硬朗,冬季保暖,42,男,江苏省,否,23,是
225619265,回力经典潮流高街春季新款,回力经典,211,257,82,703,90,97,超纤皮鞋,混合鞋底,拉链鞋款,潮流高街,春季新款,48,女,河北省,否,22,是
814474721,李宁休闲运动休闲秋季百搭,李宁休闲,99,118,84,225,3829,99,飞织面料,橡胶大底,系带设计,运动休闲,秋季百搭,58,女,山东省,是,20,否
131801828,回力经典工装硬朗春季新款,回力经典,324,377,86,1197,824,94,布面材质,橡胶大底,拉链鞋款,工装硬朗,春季新款,46,男,广东省,是,5,是
105229524,京东京造户外机能冬季保暖,京东京造,99,180,55,2039,363,94,真皮柔软,MD发泡底,魔术贴鞋,户外机能,冬季保暖,57,男,河北省,是,19,是
519768125,安踏运动户外机能夏季透气,安踏运动,133,185,72,3595,1262,92,超纤皮鞋,EVA轻底,松紧带鞋,户外机能,夏季透气,41,男,浙江省,否,17,是
734016819,阿迪达斯运动休闲四季通用,阿迪达斯,164,238,69,625,1768,98,真皮柔软,混合鞋底,松紧带鞋,运动休闲,四季通用,41,女,湖北省,否,23,是
957770785,阿迪达斯潮流高街冬季保暖,阿迪达斯,99,155,64,419,210,90,布面材质,橡胶大底,魔术贴鞋,潮流高街,冬季保暖,51,女,浙江省,否,21,是
538821398,李宁休闲复古潮鞋秋季百搭,李宁休闲,182,184,99,4391,2405,93,布面材质,MD发泡底,松紧带鞋,复古潮鞋,秋季百搭,38,女,四川省,是,11,是
119714688,回力经典运动休闲夏季透气,回力经典,99,198,50,575,2895,94,超纤皮鞋,TPR鞋底,松紧带鞋,运动休闲,夏季透气,44,女,河北省,否,22,是
711997112,特步男鞋潮流高街春季新款,特步男鞋,158,186,85,115,10416,92,布面材质,TPR鞋底,拉链鞋款,潮流高街,春季新款,52,男,湖北省,否,11,是
867788802,京东京造户外机能四季通用,京东京造,311,451,69,31,1599,97,超纤皮鞋,MD发泡底,套脚款式,户外机能,四季通用,58,男,江苏省,是,1,是
418091907,京东京造户外机能春季新款,京东京造,99,162,61,1205,419,99,超纤皮鞋,混合鞋底,套脚款式,户外机能,春季新款,39,男,湖北省,是,21,是
672696463,斯凯奇潮日常休闲冬季保暖,斯凯奇潮,157,171,92,2556,1683,96,布面材质,EVA轻底,魔术贴鞋,日常休闲,冬季保暖,47,男,广东省,是,8,是
108806124,鸿星尔克日常休闲秋季百搭,鸿星尔克,275,335,82,15,1072,97,布面材质,PU中底,拉链鞋款,日常休闲,秋季百搭,53,男,安徽省,是,23,否
884546010,京东京造户外机能秋季百搭,京东京造,367,612,60,13,9506,95,高端飞织,EVA轻底,系带设计,户外机能,秋季百搭,37,女,福建省,否,7,是
460983818,安踏运动复古潮鞋秋季百搭,安踏运动,99,139,71,476,726,85,真皮柔软,TPR鞋底,系带设计,复古潮鞋,秋季百搭,63,女,河北省,是,14,是
826564906,回力经典日常休闲秋季百搭,回力经典,99,150,66,1015,11328,92,真皮柔软,橡胶大底,系带设计,日常休闲,秋季百搭,54,男,河南省,是,21,否
781437504,阿迪达斯运动休闲春季新款,阿迪达斯,99,141,70,755,458,96,真皮柔软,TPR鞋底,系带设计,运动休闲,春季新款,50,男,山东省,是,14,是
554570815,回力经典潮流高街四季通用,回力经典,99,129,77,339,916,98,真皮柔软,EVA轻底,拉链鞋款,潮流高街,四季通用,44,女,山东省,否,21,否
897560073,鸿星尔克户外机能夏季透气,鸿星尔克,99,190,52,15,979,97,混合材质,混合鞋底,拉链鞋款,户外机能,夏季透气,49,女,福建省,否,3,否
228403332,安踏运动户外机能秋季百搭,安踏运动,360,493,73,1045,1372,96,布面材质,混合鞋底,套脚款式,户外机能,秋季百搭,45,女,广东省,是,21,是
286626117,鸿星尔克复古潮鞋冬季保暖,鸿星尔克,99,174,57,3556,449,98,布面材质,MD发泡底,松紧带鞋,复古潮鞋,冬季保暖,37,女,河北省,否,9,是
294448004,安踏运动复古潮鞋秋季百搭,安踏运动,99,198,50,285,306,85,合成革鞋,混合鞋底,魔术贴鞋,复古潮鞋,秋季百搭,56,女,浙江省,是,15,否
911721392,京东京造日常休闲四季通用,京东京造,245,288,85,46,276,100,真皮柔软,EVA轻底,系带设计,日常休闲,四季通用,43,男,河南省,否,21,是
254116775,特步男鞋简约百搭春季新款,特步男鞋,99,190,52,25,1549,93,合成革鞋,EVA轻底,拉链鞋款,简约百搭,春季新款,55,女,江苏省,是,17,否
742246042,其他品牌户外机能四季通用,其他品牌,271,493,55,3009,177,94,飞织面料,PU中底,套脚款式,户外机能,四季通用,41,男,四川省,否,2,否
419703790,斯凯奇潮简约百搭四季通用,斯凯奇潮,104,141,74,754,213,90,布面材质,PU中底,系带设计,简约百搭,四季通用,45,男,河南省,否,17,否
708628295,京东京造复古潮鞋冬季保暖,京东京造,110,208,53,964,219,95,布面材质,TPR鞋底,魔术贴鞋,复古潮鞋,冬季保暖,44,男,广东省,是,23,是
255061869,斯凯奇潮工装硬朗秋季百搭,斯凯奇潮,99,102,97,1090,1295,94,真皮柔软,橡胶大底,拉链鞋款,工装硬朗,秋季百搭,41,男,河北省,否,19,是
259061250,其他品牌工装硬朗夏季透气,其他品牌,99,106,93,619,757,91,超纤皮鞋,橡胶大底,拉链鞋款,工装硬朗,夏季透气,52,男,河北省,是,15,是
800929264,特步男鞋工装硬朗春季新款,特步男鞋,99,152,65,218,277,91,网布透气,PU中底,系带设计,工装硬朗,春季新款,44,男,浙江省,是,3,否
467522492,鸿星尔克运动休闲四季通用,鸿星尔克,99,160,62,4578,4297,96,真皮柔软,混合鞋底,套脚款式,运动休闲,四季通用,43,男,安徽省,是,21,否
250690225,其他品牌运动休闲冬季保暖,其他品牌,99,102,97,674,778,98,混合材质,PU中底,魔术贴鞋,运动休闲,冬季保暖,35,男,浙江省,否,22,否
614020957,阿迪达斯日常休闲春季新款,阿迪达斯,542,571,95,198,619,94,真皮柔软,MD发泡底,拉链鞋款,日常休闲,春季新款,53,女,福建省,是,21,是
895771180,阿迪达斯户外机能夏季透气,阿迪达斯,117,225,52,502,433,96,真皮柔软,MD发泡底,系带设计,户外机能,夏季透气,39,女,河南省,是,21,是
593779589,京东京造潮流高街冬季保暖,京东京造,138,141,98,1013,4935,99,混合材质,MD发泡底,松紧带鞋,潮流高街,冬季保暖,60,男,福建省,是,2,是
526755433,回力经典潮流高街冬季保暖,回力经典,242,361,67,906,4178,96,高端飞织,混合鞋底,拉链鞋款,潮流高街,冬季保暖,57,男,江苏省,否,0,否
887571514,李宁休闲运动休闲冬季保暖,李宁休闲,334,557,60,84,1084,96,飞织面料,PU中底,松紧带鞋,运动休闲,冬季保暖,47,女,浙江省,否,2,否
747612689,斯凯奇潮简约百搭四季通用,斯凯奇潮,144,212,68,309,30882,97,网布透气,TPR鞋底,系带设计,简约百搭,四季通用,47,女,江苏省,是,20,是
678051522,李宁休闲户外机能冬季保暖,李宁休闲,101,115,88,1483,741,95,布面材质,混合鞋底,系带设计,户外机能,冬季保暖,43,男,河南省,否,21,是
221338430,特步男鞋户外机能夏季透气,特步男鞋,329,392,84,612,339,97,飞织面料,混合鞋底,拉链鞋款,户外机能,夏季透气,38,女,安徽省,是,20,否
993492757,李宁休闲户外机能冬季保暖,李宁休闲,138,219,63,45,984,96,超纤皮鞋,PU中底,拉链鞋款,户外机能,冬季保暖,56,男,江苏省,否,21,是
838697311,鸿星尔克复古潮鞋春季新款,鸿星尔克,316,632,50,440,1181,90,飞织面料,PU中底,魔术贴鞋,复古潮鞋,春季新款,40,女,湖北省,否,22,是
206090821,李宁休闲运动休闲四季通用,李宁休闲,166,213,78,155,286,94,网布透气,EVA轻底,系带设计,运动休闲,四季通用,47,女,四川省,是,20,否
376947883,斯凯奇潮工装硬朗四季通用,斯凯奇潮,160,254,63,49,287,92,合成革鞋,混合鞋底,系带设计,工装硬朗,四季通用,53,女,浙江省,是,21,是
738688654,特步男鞋工装硬朗冬季保暖,特步男鞋,99,157,63,1031,2667,90,超纤皮鞋,PU中底,魔术贴鞋,工装硬朗,冬季保暖,32,男,山东省,是,3,否
606405647,安踏运动简约百搭四季通用,安踏运动,178,196,91,413,836,92,合成革鞋,TPR鞋底,拉链鞋款,简约百搭,四季通用,35,女,安徽省,是,1,否
688201307,京东京造日常休闲春季新款,京东京造,190,190,100,1305,3435,97,合成革鞋,TPR鞋底,拉链鞋款,日常休闲,春季新款,46,女,四川省,否,16,是
674018123,李宁休闲工装硬朗春季新款,李宁休闲,320,533,60,606,1496,91,网布透气,混合鞋底,松紧带鞋,工装硬朗,春季新款,56,男,福建省,是,18,是
363044924,安踏运动运动休闲秋季百搭,安踏运动,99,160,62,327,870,94,合成革鞋,MD发泡底,松紧带鞋,运动休闲,秋季百搭,49,男,河南省,否,16,是
775178592,回力经典户外机能秋季百搭,回力经典,99,119,83,1023,1435,93,高端飞织,MD发泡底,松紧带鞋,户外机能,秋季百搭,59,女,江苏省,是,14,否
751905287,阿迪达斯潮流高街秋季百搭,阿迪达斯,99,146,68,13,4117,93,高端飞织,MD发泡底,魔术贴鞋,潮流高街,秋季百搭,31,男,河南省,是,4,是
745107246,特步男鞋户外机能秋季百搭,特步男鞋,112,147,76,31,731,90,布面材质,EVA轻底,拉链鞋款,户外机能,秋季百搭,59,女,福建省,是,20,否
559770249,安踏运动户外机能春季新款,安踏运动,99,102,97,3414,931,92,布面材质,TPR鞋底,拉链鞋款,户外机能,春季新款,58,女,福建省,否,2,是
603854755,安踏运动户外机能冬季保暖,安踏运动,217,286,76,36,2693,95,合成革鞋,MD发泡底,魔术贴鞋,户外机能,冬季保暖,54,女,河南省,否,9,否
969533028,回力经典工装硬朗秋季百搭,回力经典,148,148,100,736,1356,97,网布透气,PU中底,系带设计,工装硬朗,秋季百搭,50,女,河北省,否,0,否
136425579,耐克潮流户外机能冬季保暖,耐克潮流,103,136,76,906,2446,91,真皮柔软,混合鞋底,系带设计,户外机能,冬季保暖,60,男,湖北省,否,1,是
584213412,其他品牌复古潮鞋春季新款,其他品牌,99,198,50,237,629,91,超纤皮鞋,PU中底,魔术贴鞋,复古潮鞋,春季新款,55,女,浙江省,是,22,否
458103612,京东京造潮流高街夏季透气,京东京造,111,202,55,0,894,91,高端飞织,MD发泡底,系带设计,潮流高街,夏季透气,38,女,福建省,是,23,是
956237054,特步男鞋复古潮鞋冬季保暖,特步男鞋,276,325,85,1025,542,100,布面材质,EVA轻底,松紧带鞋,复古潮鞋,冬季保暖,55,女,湖北省,否,3,否
121323416,京东京造户外机能四季通用,京东京造,169,214,79,533,789,95,超纤皮鞋,MD发泡底,松紧带鞋,户外机能,四季通用,47,男,广东省,是,7,是
763513418,京东京造潮流高街春季新款,京东京造,171,251,68,2413,1414,85,真皮柔软,PU中底,拉链鞋款,潮流高街,春季新款,40,男,河北省,否,20,否
508456599,耐克潮流工装硬朗四季通用,耐克潮流,128,129,99,1365,2654,93,飞织面料,MD发泡底,系带设计,工装硬朗,四季通用,42,男,湖北省,否,4,否
385147171,鸿星尔克潮流高街秋季百搭,鸿星尔克,99,116,85,29,141,94,超纤皮鞋,MD发泡底,套脚款式,潮流高街,秋季百搭,57,女,浙江省,否,22,否
139911280,耐克潮流日常休闲秋季百搭,耐克潮流,226,290,78,2045,163,97,超纤皮鞋,EVA轻底,魔术贴鞋,日常休闲,秋季百搭,61,女,广东省,是,1,否
896436971,回力经典复古潮鞋四季通用,回力经典,128,168,76,1455,1439,85,真皮柔软,MD发泡底,魔术贴鞋,复古潮鞋,四季通用,50,女,福建省,是,6,否
149103501,回力经典运动休闲四季通用,回力经典,99,152,65,1081,2166,98,混合材质,混合鞋底,松紧带鞋,运动休闲,四季通用,60,女,河南省,是,5,是
185247543,鸿星尔克日常休闲四季通用,鸿星尔克,269,427,63,1,412,93,飞织面料,TPR鞋底,拉链鞋款,日常休闲,四季通用,32,男,福建省,是,1,是
823851192,安踏运动复古潮鞋春季新款,安踏运动,198,367,54,316,1317,89,布面材质,TPR鞋底,松紧带鞋,复古潮鞋,春季新款,53,女,四川省,否,15,是
916391435,特步男鞋复古潮鞋秋季百搭,特步男鞋,275,377,73,941,908,92,混合材质,MD发泡底,松紧带鞋,复古潮鞋,秋季百搭,56,男,安徽省,是,22,是
314723580,京东京造日常休闲四季通用,京东京造,306,528,58,1499,205,93,布面材质,MD发泡底,松紧带鞋,日常休闲,四季通用,44,女,山东省,是,16,否
667407992,特步男鞋运动休闲冬季保暖,特步男鞋,204,314,65,47,312,98,布面材质,TPR鞋底,魔术贴鞋,运动休闲,冬季保暖,55,女,山东省,是,7,是
254820538,耐克潮流日常休闲夏季透气,耐克潮流,382,695,55,518,710,96,真皮柔软,橡胶大底,套脚款式,日常休闲,夏季透气,58,男,湖北省,否,21,是
421128982,安踏运动运动休闲春季新款,安踏运动,116,126,92,683,391,94,超纤皮鞋,PU中底,系带设计,运动休闲,春季新款,43,女,湖北省,是,2,否
357033177,斯凯奇潮工装硬朗四季通用,斯凯奇潮,99,141,70,246,1318,91,布面材质,TPR鞋底,魔术贴鞋,工装硬朗,四季通用,31,女,湖北省,否,9,否
208402054,其他品牌复古潮鞋四季通用,其他品牌,590,756,78,632,1605,95,布面材质,MD发泡底,系带设计,复古潮鞋,四季通用,42,男,福建省,是,8,否
778685500,安踏运动复古潮鞋冬季保暖,安踏运动,119,163,73,0,2349,90,合成革鞋,EVA轻底,系带设计,复古潮鞋,冬季保暖,37,男,河南省,否,19,否
582400437,李宁休闲户外机能夏季透气,李宁休闲,125,128,98,1064,641,91,飞织面料,EVA轻底,套脚款式,户外机能,夏季透气,47,男,山东省,否,17,否
623580294,鸿星尔克工装硬朗秋季百搭,鸿星尔克,99,190,52,9,374,100,混合材质,PU中底,魔术贴鞋,工装硬朗,秋季百搭,55,男,四川省,是,6,是
166072224,阿迪达斯户外机能冬季保暖,阿迪达斯,99,103,96,41,227,97,合成革鞋,PU中底,拉链鞋款,户外机能,冬季保暖,40,男,安徽省,是,16,否
653457990,回力经典潮流高街冬季保暖,回力经典,99,165,60,12,833,92,合成革鞋,TPR鞋底,魔术贴鞋,潮流高街,冬季保暖,37,女,浙江省,否,19,否
285459340,回力经典简约百搭冬季保暖,回力经典,538,585,92,730,725,95,混合材质,PU中底,松紧带鞋,简约百搭,冬季保暖,49,男,湖北省,否,0,否
348404200,斯凯奇潮户外机能冬季保暖,斯凯奇潮,300,600,50,9,1069,97,混合材质,混合鞋底,魔术贴鞋,户外机能,冬季保暖,45,男,湖北省,是,22,否
419473156,阿迪达斯工装硬朗春季新款,阿迪达斯,130,141,92,814,296,96,飞织面料,TPR鞋底,魔术贴鞋,工装硬朗,春季新款,36,女,河北省,否,14,是
254481531,阿迪达斯户外机能秋季百搭,阿迪达斯,254,279,91,740,6578,94,混合材质,PU中底,魔术贴鞋,户外机能,秋季百搭,51,女,江苏省,是,16,否
542616290,斯凯奇潮工装硬朗春季新款,斯凯奇潮,312,335,93,454,220,90,飞织面料,PU中底,拉链鞋款,工装硬朗,春季新款,46,女,安徽省,是,11,否
959193064,安踏运动工装硬朗夏季透气,安踏运动,99,111,89,1459,4410,91,网布透气,PU中底,松紧带鞋,工装硬朗,夏季透气,28,女,江苏省,是,10,是
302031372,安踏运动复古潮鞋春季新款,安踏运动,116,207,56,2175,2541,92,飞织面料,TPR鞋底,松紧带鞋,复古潮鞋,春季新款,40,男,江苏省,是,6,是
528329001,回力经典简约百搭夏季透气,回力经典,99,115,86,17,1103,97,合成革鞋,PU中底,系带设计,简约百搭,夏季透气,55,男,江苏省,是,1,是
631060711,李宁休闲工装硬朗春季新款,李宁休闲,99,122,81,372,1746,99,高端飞织,MD发泡底,套脚款式,工装硬朗,春季新款,22,女,安徽省,是,11,是
129468000,回力经典日常休闲春季新款,回力经典,99,165,60,1148,177,91,飞织面料,MD发泡底,系带设计,日常休闲,春季新款,53,女,河南省,是,0,否
934974941,京东京造工装硬朗秋季百搭,京东京造,126,229,55,1041,298,96,真皮柔软,橡胶大底,拉链鞋款,工装硬朗,秋季百搭,58,女,江苏省,否,22,否
810995348,李宁休闲户外机能夏季透气,李宁休闲,99,198,50,4825,278,90,飞织面料,橡胶大底,魔术贴鞋,户外机能,夏季透气,50,女,山东省,是,23,否
424422507,京东京造简约百搭春季新款,京东京造,99,165,60,4142,2403,95,布面材质,PU中底,松紧带鞋,简约百搭,春季新款,43,女,浙江省,否,8,否
774790462,其他品牌运动休闲四季通用,其他品牌,110,136,81,647,385,94,高端飞织,TPR鞋底,拉链鞋款,运动休闲,四季通用,55,女,福建省,是,0,否
853403857,回力经典潮流高街四季通用,回力经典,131,146,90,44,3293,97,飞织面料,MD发泡底,拉链鞋款,潮流高街,四季通用,50,女,四川省,是,9,否
303446611,鸿星尔克复古潮鞋四季通用,鸿星尔克,99,183,54,3053,356,89,混合材质,TPR鞋底,拉链鞋款,复古潮鞋,四季通用,50,男,河北省,否,23,否
786158959,耐克潮流日常休闲夏季透气,耐克潮流,230,426,54,1291,505,99,高端飞织,TPR鞋底,魔术贴鞋,日常休闲,夏季透气,30,女,河南省,否,8,是
443720823,京东京造潮流高街四季通用,京东京造,108,135,80,159,648,95,真皮柔软,混合鞋底,套脚款式,潮流高街,四季通用,46,男,河南省,否,3,否
676973143,李宁休闲复古潮鞋秋季百搭,李宁休闲,99,125,79,4195,1231,91,真皮柔软,TPR鞋底,系带设计,复古潮鞋,秋季百搭,46,女,浙江省,是,9,是
156164940,安踏运动复古潮鞋春季新款,安踏运动,438,635,69,245,786,89,网布透气,TPR鞋底,松紧带鞋,复古潮鞋,春季新款,43,女,广东省,否,23,否
765692822,阿迪达斯运动休闲秋季百搭,阿迪达斯,99,118,84,556,2002,90,飞织面料,PU中底,魔术贴鞋,运动休闲,秋季百搭,56,男,安徽省,否,17,是
231862422,其他品牌日常休闲秋季百搭,其他品牌,131,179,73,1356,1751,92,飞织面料,TPR鞋底,拉链鞋款,日常休闲,秋季百搭,37,男,浙江省,是,16,否
755190780,安踏运动简约百搭冬季保暖,安踏运动,138,212,65,49,719,97,超纤皮鞋,PU中底,套脚款式,简约百搭,冬季保暖,40,男,河南省,否,5,否
895127562,京东京造复古潮鞋夏季透气,京东京造,99,138,72,840,556,96,真皮柔软,MD发泡底,拉链鞋款,复古潮鞋,夏季透气,51,女,四川省,是,17,否
359390398,京东京造户外机能夏季透气,京东京造,99,165,60,49,999,96,合成革鞋,PU中底,魔术贴鞋,户外机能,夏季透气,32,女,四川省,否,23,是
879740744,耐克潮流日常休闲冬季保暖,耐克潮流,162,270,60,1063,151,93,合成革鞋,混合鞋底,套脚款式,日常休闲,冬季保暖,38,男,山东省,是,22,是
672443760,特步男鞋工装硬朗四季通用,特步男鞋,117,156,75,1257,357,95,布面材质,EVA轻底,套脚款式,工装硬朗,四季通用,57,男,河北省,是,16,是
477568679,回力经典日常休闲秋季百搭,回力经典,99,112,88,30,532,98,飞织面料,TPR鞋底,拉链鞋款,日常休闲,秋季百搭,41,女,四川省,否,12,是
292816304,安踏运动简约百搭冬季保暖,安踏运动,158,310,51,115,653,99,混合材质,混合鞋底,松紧带鞋,简约百搭,冬季保暖,46,男,江苏省,是,1,是
173906140,安踏运动简约百搭四季通用,安踏运动,99,115,86,15,4532,96,合成革鞋,MD发泡底,拉链鞋款,简约百搭,四季通用,51,女,福建省,否,23,否
998721336,斯凯奇潮简约百搭冬季保暖,斯凯奇潮,99,134,74,18,576,91,飞织面料,TPR鞋底,系带设计,简约百搭,冬季保暖,43,男,山东省,是,0,否
282741203,回力经典潮流高街四季通用,回力经典,99,100,99,2167,328,87,混合材质,PU中底,系带设计,潮流高街,四季通用,50,女,湖北省,是,6,否
244766172,李宁休闲户外机能夏季透气,李宁休闲,134,143,94,20,1042,89,超纤皮鞋,MD发泡底,魔术贴鞋,户外机能,夏季透气,43,女,江苏省,是,21,是
744330074,斯凯奇潮工装硬朗秋季百搭,斯凯奇潮,232,305,76,38,5514,92,合成革鞋,PU中底,松紧带鞋,工装硬朗,秋季百搭,41,男,江苏省,否,23,否
104662652,特步男鞋潮流高街秋季百搭,特步男鞋,99,119,83,3,3365,96,混合材质,橡胶大底,套脚款式,潮流高街,秋季百搭,44,女,广东省,是,5,是
512400064,耐克潮流工装硬朗冬季保暖,耐克潮流,177,285,62,1197,281,96,合成革鞋,橡胶大底,拉链鞋款,工装硬朗,冬季保暖,29,女,河南省,是,20,是
410842063,京东京造户外机能秋季百搭,京东京造,99,100,99,4067,429,97,布面材质,MD发泡底,松紧带鞋,户外机能,秋季百搭,53,男,安徽省,是,4,是
365893410,阿迪达斯简约百搭冬季保暖,阿迪达斯,147,253,58,190,62,96,高端飞织,橡胶大底,拉链鞋款,简约百搭,冬季保暖,31,男,四川省,是,22,是
310815303,安踏运动户外机能秋季百搭,安踏运动,99,136,73,1201,970,95,混合材质,橡胶大底,魔术贴鞋,户外机能,秋季百搭,36,男,浙江省,否,17,是
323014334,其他品牌运动休闲秋季百搭,其他品牌,99,143,69,4784,795,95,布面材质,混合鞋底,套脚款式,运动休闲,秋季百搭,47,女,浙江省,是,7,是
576715185,耐克潮流工装硬朗春季新款,耐克潮流,268,271,99,683,859,95,布面材质,橡胶大底,系带设计,工装硬朗,春季新款,52,男,湖北省,否,3,否
792853277,特步男鞋户外机能四季通用,特步男鞋,99,122,81,1149,588,90,混合材质,EVA轻底,系带设计,户外机能,四季通用,54,女,广东省,否,17,否
897922772,阿迪达斯简约百搭冬季保暖,阿迪达斯,99,108,92,3386,183,97,网布透气,PU中底,系带设计,简约百搭,冬季保暖,44,女,江苏省,是,9,是
958465338,阿迪达斯工装硬朗冬季保暖,阿迪达斯,545,690,79,972,289,93,网布透气,橡胶大底,松紧带鞋,工装硬朗,冬季保暖,34,女,江苏省,否,13,是
138875154,回力经典潮流高街秋季百搭,回力经典,99,162,61,1172,632,99,合成革鞋,混合鞋底,拉链鞋款,潮流高街,秋季百搭,46,男,河北省,否,22,否
509730614,其他品牌日常休闲春季新款,其他品牌,99,157,63,50,19203,96,高端飞织,PU中底,魔术贴鞋,日常休闲,春季新款,48,女,浙江省,否,10,否
959993799,阿迪达斯工装硬朗四季通用,阿迪达斯,103,106,97,1451,361,96,布面材质,MD发泡底,套脚款式,工装硬朗,四季通用,45,男,山东省,否,2,否
718656229,特步男鞋工装硬朗春季新款,特步男鞋,166,180,92,4791,1248,93,混合材质,橡胶大底,套脚款式,工装硬朗,春季新款,39,男,河南省,是,13,是
530183626,耐克潮流户外机能夏季透气,耐克潮流,99,141,70,394,556,91,布面材质,PU中底,松紧带鞋,户外机能,夏季透气,40,男,河南省,否,4,是
781986650,鸿星尔克日常休闲冬季保暖,鸿星尔克,188,303,62,4043,594,92,合成革鞋,TPR鞋底,拉链鞋款,日常休闲,冬季保暖,35,男,山东省,是,21,否
312989168,阿迪达斯运动休闲夏季透气,阿迪达斯,443,624,71,34,557,97,布面材质,PU中底,松紧带鞋,运动休闲,夏季透气,56,男,浙江省,是,20,是
639249892,安踏运动户外机能春季新款,安踏运动,100,105,95,19,597,96,真皮柔软,EVA轻底,系带设计,户外机能,春季新款,55,男,江苏省,是,22,否
614072710,安踏运动日常休闲四季通用,安踏运动,99,124,80,1166,274,90,飞织面料,PU中底,套脚款式,日常休闲,四季通用,44,男,福建省,否,1,否
806893938,耐克潮流日常休闲秋季百搭,耐克潮流,589,1033,57,1203,693,95,布面材质,混合鞋底,系带设计,日常休闲,秋季百搭,57,女,安徽省,否,19,否
175849829,回力经典户外机能秋季百搭,回力经典,122,197,62,93,473,94,布面材质,MD发泡底,拉链鞋款,户外机能,秋季百搭,41,女,江苏省,否,21,是
811238661,鸿星尔克复古潮鞋夏季透气,鸿星尔克,99,129,77,33,3231,91,超纤皮鞋,混合鞋底,松紧带鞋,复古潮鞋,夏季透气,50,女,河南省,否,19,是
601001967,其他品牌工装硬朗春季新款,其他品牌,99,109,91,1355,3783,91,高端飞织,橡胶大底,魔术贴鞋,工装硬朗,春季新款,48,女,湖北省,否,7,是
230739140,其他品牌简约百搭夏季透气,其他品牌,121,195,62,1312,1742,96,高端飞织,橡胶大底,系带设计,简约百搭,夏季透气,43,男,安徽省,否,10,否
441935572,阿迪达斯简约百搭夏季透气,阿迪达斯,99,146,68,49,6393,90,真皮柔软,TPR鞋底,魔术贴鞋,简约百搭,夏季透气,55,男,浙江省,是,7,是
609747964,阿迪达斯工装硬朗冬季保暖,阿迪达斯,159,312,51,1265,932,96,混合材质,TPR鞋底,套脚款式,工装硬朗,冬季保暖,38,男,福建省,否,11,是
404294671,阿迪达斯潮流高街冬季保暖,阿迪达斯,99,127,78,29,229,96,真皮柔软,混合鞋底,拉链鞋款,潮流高街,冬季保暖,59,女,山东省,是,17,是
633260824,阿迪达斯日常休闲四季通用,阿迪达斯,172,239,72,1183,705,97,合成革鞋,橡胶大底,拉链鞋款,日常休闲,四季通用,52,女,河北省,是,20,是
633318658,回力经典工装硬朗夏季透气,回力经典,116,197,59,893,459,92,网布透气,EVA轻底,拉链鞋款,工装硬朗,夏季透气,50,男,四川省,是,20,否
467932987,安踏运动复古潮鞋秋季百搭,安踏运动,128,141,91,1357,3603,91,真皮柔软,混合鞋底,拉链鞋款,复古潮鞋,秋季百搭,52,男,湖北省,是,23,否
995183653,李宁休闲工装硬朗秋季百搭,李宁休闲,99,162,61,47,13650,98,合成革鞋,EVA轻底,系带设计,工装硬朗,秋季百搭,40,女,广东省,否,23,是
891921130,斯凯奇潮工装硬朗夏季透气,斯凯奇潮,99,124,80,1278,1686,93,飞织面料,混合鞋底,系带设计,工装硬朗,夏季透气,46,女,江苏省,否,23,否
309071566,安踏运动日常休闲春季新款,安踏运动,99,101,98,37,7249,96,混合材质,橡胶大底,拉链鞋款,日常休闲,春季新款,43,女,山东省,是,14,是
926401690,耐克潮流工装硬朗夏季透气,耐克潮流,139,170,82,1315,3973,100,混合材质,混合鞋底,松紧带鞋,工装硬朗,夏季透气,44,男,河北省,是,13,否
881046930,京东京造日常休闲冬季保暖,京东京造,194,323,60,826,486,95,超纤皮鞋,MD发泡底,系带设计,日常休闲,冬季保暖,41,男,河北省,是,5,是
410051719,阿迪达斯日常休闲夏季透气,阿迪达斯,401,466,86,1294,1209,95,超纤皮鞋,TPR鞋底,魔术贴鞋,日常休闲,夏季透气,42,女,广东省,否,5,是
532323198,李宁休闲复古潮鞋四季通用,李宁休闲,226,305,74,14,546,94,布面材质,EVA轻底,套脚款式,复古潮鞋,四季通用,46,男,江苏省,否,17,否
792647204,李宁休闲简约百搭夏季透气,李宁休闲,99,174,57,4462,2339,93,网布透气,MD发泡底,拉链鞋款,简约百搭,夏季透气,34,女,浙江省,是,3,否
311782254,特步男鞋工装硬朗秋季百搭,特步男鞋,104,133,78,723,2705,98,布面材质,TPR鞋底,松紧带鞋,工装硬朗,秋季百搭,49,男,江苏省,是,17,否
690859055,耐克潮流潮流高街夏季透气,耐克潮流,99,134,74,948,3131,98,飞织面料,TPR鞋底,拉链鞋款,潮流高街,夏季透气,54,男,江苏省,是,1,是
402893224,特步男鞋潮流高街春季新款,特步男鞋,237,272,87,371,3986,100,布面材质,EVA轻底,套脚款式,潮流高街,春季新款,34,女,湖北省,是,20,否
622707655,安踏运动运动休闲冬季保暖,安踏运动,409,499,82,15,2822,95,超纤皮鞋,TPR鞋底,松紧带鞋,运动休闲,冬季保暖,49,男,安徽省,否,4,否
917093970,京东京造复古潮鞋春季新款,京东京造,102,115,89,994,591,97,高端飞织,EVA轻底,套脚款式,复古潮鞋,春季新款,52,男,安徽省,否,16,否
561594986,特步男鞋日常休闲夏季透气,特步男鞋,188,336,56,27,2516,88,合成革鞋,混合鞋底,魔术贴鞋,日常休闲,夏季透气,37,女,山东省,否,23,是
344489794,李宁休闲日常休闲夏季透气,李宁休闲,138,276,50,611,8998,93,真皮柔软,PU中底,魔术贴鞋,日常休闲,夏季透气,41,男,广东省,是,7,否
635599128,阿迪达斯运动休闲夏季透气,阿迪达斯,192,243,79,2,390,93,真皮柔软,混合鞋底,系带设计,运动休闲,夏季透气,44,男,浙江省,否,6,否
536683112,斯凯奇潮运动休闲秋季百搭,斯凯奇潮,186,230,81,44,1556,94,真皮柔软,TPR鞋底,拉链鞋款,运动休闲,秋季百搭,50,女,湖北省,是,23,否
796843910,其他品牌简约百搭夏季透气,其他品牌,139,262,53,3826,1131,95,超纤皮鞋,橡胶大底,松紧带鞋,简约百搭,夏季透气,55,女,安徽省,否,8,否
228386215,特步男鞋工装硬朗冬季保暖,特步男鞋,120,197,61,973,1464,90,真皮柔软,橡胶大底,松紧带鞋,工装硬朗,冬季保暖,57,女,山东省,是,21,是
972647775,特步男鞋简约百搭冬季保暖,特步男鞋,273,300,91,2538,3532,93,超纤皮鞋,EVA轻底,拉链鞋款,简约百搭,冬季保暖,54,女,河南省,是,23,是
110940672,其他品牌工装硬朗夏季透气,其他品牌,262,276,95,886,2454,93,合成革鞋,TPR鞋底,魔术贴鞋,工装硬朗,夏季透气,50,男,广东省,否,21,否
814038650,阿迪达斯简约百搭四季通用,阿迪达斯,131,142,92,32,1613,94,真皮柔软,MD发泡底,松紧带鞋,简约百搭,四季通用,51,男,河北省,否,7,否
984954773,阿迪达斯工装硬朗夏季透气,阿迪达斯,141,201,70,1258,879,90,高端飞织,TPR鞋底,拉链鞋款,工装硬朗,夏季透气,45,女,广东省,是,13,是
833419618,斯凯奇潮日常休闲春季新款,斯凯奇潮,176,303,58,150,5507,91,真皮柔软,TPR鞋底,系带设计,日常休闲,春季新款,24,女,江苏省,否,14,否
465323190,鸿星尔克日常休闲冬季保暖,鸿星尔克,99,116,85,16,7002,96,真皮柔软,PU中底,套脚款式,日常休闲,冬季保暖,48,男,安徽省,否,9,否
556083768,鸿星尔克户外机能春季新款,鸿星尔克,168,243,69,933,28964,99,超纤皮鞋,TPR鞋底,松紧带鞋,户外机能,春季新款,48,女,江苏省,否,19,是
918332165,斯凯奇潮潮流高街秋季百搭,斯凯奇潮,99,111,89,774,880,97,布面材质,混合鞋底,套脚款式,潮流高街,秋季百搭,44,女,四川省,是,1,是
304314505,回力经典潮流高街春季新款,回力经典,150,197,76,130,1949,97,真皮柔软,TPR鞋底,套脚款式,潮流高街,春季新款,59,女,福建省,是,20,否
158782260,京东京造户外机能春季新款,京东京造,114,142,80,2074,883,93,网布透气,PU中底,拉链鞋款,户外机能,春季新款,36,女,安徽省,是,23,否
258435282,斯凯奇潮日常休闲四季通用,斯凯奇潮,99,130,76,677,947,96,合成革鞋,PU中底,系带设计,日常休闲,四季通用,54,男,安徽省,否,9,是
390118474,斯凯奇潮运动休闲秋季百搭,斯凯奇潮,241,241,100,25,1962,94,合成革鞋,TPR鞋底,魔术贴鞋,运动休闲,秋季百搭,43,女,江苏省,是,8,否
394688370,安踏运动日常休闲四季通用,安踏运动,99,165,60,1363,1819,97,合成革鞋,TPR鞋底,系带设计,日常休闲,四季通用,35,男,广东省,否,9,是
737053617,安踏运动复古潮鞋春季新款,安踏运动,99,102,97,20,917,91,超纤皮鞋,混合鞋底,魔术贴鞋,复古潮鞋,春季新款,38,男,江苏省,是,13,否
704333526,阿迪达斯复古潮鞋夏季透气,阿迪达斯,99,194,51,1255,464,90,合成革鞋,EVA轻底,拉链鞋款,复古潮鞋,夏季透气,49,男,山东省,是,20,是
346789153,鸿星尔克工装硬朗秋季百搭,鸿星尔克,161,173,93,284,1025,95,飞织面料,橡胶大底,套脚款式,工装硬朗,秋季百搭,46,男,广东省,是,8,否
196340540,阿迪达斯工装硬朗春季新款,阿迪达斯,130,167,78,796,1045,90,超纤皮鞋,橡胶大底,魔术贴鞋,工装硬朗,春季新款,49,男,安徽省,是,22,是
447778152,京东京造工装硬朗四季通用,京东京造,99,134,74,257,1219,86,高端飞织,PU中底,魔术贴鞋,工装硬朗,四季通用,49,女,江苏省,是,1,是
456552612,鸿星尔克潮流高街四季通用,鸿星尔克,144,225,64,2011,1355,96,真皮柔软,PU中底,松紧带鞋,潮流高街,四季通用,57,男,河北省,否,18,是
843791079,斯凯奇潮户外机能冬季保暖,斯凯奇潮,196,288,68,50,1201,97,高端飞织,混合鞋底,松紧带鞋,户外机能,冬季保暖,44,男,四川省,否,23,否
725835560,安踏运动简约百搭四季通用,安踏运动,99,138,72,823,797,96,网布透气,EVA轻底,松紧带鞋,简约百搭,四季通用,42,男,浙江省,否,1,否
936743365,阿迪达斯工装硬朗冬季保暖,阿迪达斯,144,200,72,1253,106,98,真皮柔软,混合鞋底,拉链鞋款,工装硬朗,冬季保暖,52,女,浙江省,否,21,否
108857368,耐克潮流工装硬朗夏季透气,耐克潮流,109,168,65,1164,163,95,超纤皮鞋,PU中底,套脚款式,工装硬朗,夏季透气,42,男,四川省,否,8,否
520007317,耐克潮流户外机能夏季透气,耐克潮流,138,184,75,11,14155,91,真皮柔软,混合鞋底,魔术贴鞋,户外机能,夏季透气,37,男,山东省,否,9,是
397594327,李宁休闲简约百搭秋季百搭,李宁休闲,113,171,66,513,8543,85,网布透气,MD发泡底,魔术贴鞋,简约百搭,秋季百搭,43,男,湖北省,否,11,是
568873163,阿迪达斯工装硬朗冬季保暖,阿迪达斯,174,181,96,949,373,94,布面材质,EVA轻底,松紧带鞋,工装硬朗,冬季保暖,50,男,福建省,是,13,否
871141714,京东京造工装硬朗秋季百搭,京东京造,324,381,85,638,2071,96,飞织面料,橡胶大底,系带设计,工装硬朗,秋季百搭,41,男,湖北省,是,10,否
144381457,阿迪达斯日常休闲冬季保暖,阿迪达斯,290,345,84,132,360,88,网布透气,EVA轻底,拉链鞋款,日常休闲,冬季保暖,52,女,山东省,否,3,否
571104095,京东京造简约百搭春季新款,京东京造,99,139,71,499,495,91,超纤皮鞋,PU中底,魔术贴鞋,简约百搭,春季新款,53,男,江苏省,否,23,否
490910950,其他品牌潮流高街春季新款,其他品牌,117,217,54,1153,1625,92,合成革鞋,EVA轻底,套脚款式,潮流高街,春季新款,38,女,山东省,否,23,否
370322123,其他品牌简约百搭秋季百搭,其他品牌,108,204,53,977,280,90,布面材质,EVA轻底,套脚款式,简约百搭,秋季百搭,60,女,湖北省,是,21,是
564052583,安踏运动日常休闲秋季百搭,安踏运动,99,148,67,474,186,90,超纤皮鞋,MD发泡底,魔术贴鞋,日常休闲,秋季百搭,37,女,安徽省,是,21,是
167734840,耐克潮流运动休闲春季新款,耐克潮流,699,945,74,897,1065,93,飞织面料,TPR鞋底,魔术贴鞋,运动休闲,春季新款,47,女,四川省,是,8,是
511670562,特步男鞋日常休闲冬季保暖,特步男鞋,111,161,69,523,522,99,飞织面料,PU中底,套脚款式,日常休闲,冬季保暖,32,男,广东省,是,23,否
114949867,京东京造户外机能春季新款,京东京造,99,152,65,1063,567,93,超纤皮鞋,混合鞋底,系带设计,户外机能,春季新款,37,男,浙江省,是,13,否
395351442,安踏运动潮流高街四季通用,安踏运动,99,111,89,4618,5692,97,混合材质,TPR鞋底,松紧带鞋,潮流高街,四季通用,53,男,山东省,否,18,否
651930503,京东京造潮流高街冬季保暖,京东京造,105,133,79,825,677,99,合成革鞋,橡胶大底,系带设计,潮流高街,冬季保暖,33,男,河北省,是,21,是
358770325,安踏运动工装硬朗春季新款,安踏运动,113,222,51,747,1188,92,合成革鞋,PU中底,魔术贴鞋,工装硬朗,春季新款,61,男,四川省,否,11,是
893513322,特步男鞋复古潮鞋冬季保暖,特步男鞋,152,217,70,982,1057,95,布面材质,橡胶大底,系带设计,复古潮鞋,冬季保暖,45,女,湖北省,否,22,否
777302628,京东京造工装硬朗夏季透气,京东京造,106,126,84,3061,4129,97,真皮柔软,MD发泡底,拉链鞋款,工装硬朗,夏季透气,57,女,江苏省,是,22,否
858175382,阿迪达斯工装硬朗春季新款,阿迪达斯,264,412,64,635,4392,90,合成革鞋,EVA轻底,魔术贴鞋,工装硬朗,春季新款,50,女,广东省,否,20,否
672108465,阿迪达斯工装硬朗秋季百搭,阿迪达斯,118,119,99,23,2926,90,高端飞织,混合鞋底,系带设计,工装硬朗,秋季百搭,51,女,江苏省,是,13,是
884574279,其他品牌简约百搭春季新款,其他品牌,101,120,84,1074,2970,90,网布透气,橡胶大底,系带设计,简约百搭,春季新款,43,男,福建省,否,15,是
835768623,耐克潮流潮流高街春季新款,耐克潮流,99,157,63,342,1195,91,网布透气,TPR鞋底,套脚款式,潮流高街,春季新款,46,女,湖北省,是,14,否
391155949,阿迪达斯简约百搭四季通用,阿迪达斯,140,187,75,505,3462,100,网布透气,MD发泡底,拉链鞋款,简约百搭,四季通用,58,女,浙江省,否,22,否
308163972,回力经典运动休闲夏季透气,回力经典,101,135,75,961,2151,97,飞织面料,TPR鞋底,魔术贴鞋,运动休闲,夏季透气,45,女,浙江省,否,23,否
874642275,阿迪达斯简约百搭夏季透气,阿迪达斯,122,182,67,260,5171,100,网布透气,橡胶大底,套脚款式,简约百搭,夏季透气,45,女,广东省,否,6,是
384112115,其他品牌工装硬朗冬季保暖,其他品牌,99,108,92,1290,680,97,真皮柔软,TPR鞋底,系带设计,工装硬朗,冬季保暖,49,女,湖北省,是,23,否
996668757,特步男鞋工装硬朗四季通用,特步男鞋,99,143,69,363,285,91,飞织面料,MD发泡底,魔术贴鞋,工装硬朗,四季通用,46,女,四川省,否,6,否
392096382,安踏运动简约百搭春季新款,安踏运动,140,215,65,861,3376,97,真皮柔软,橡胶大底,拉链鞋款,简约百搭,春季新款,45,男,安徽省,否,4,是
577182901,其他品牌日常休闲春季新款,其他品牌,99,198,50,598,571,92,网布透气,橡胶大底,魔术贴鞋,日常休闲,春季新款,49,男,安徽省,是,3,是
649827676,阿迪达斯运动休闲秋季百搭,阿迪达斯,272,296,92,473,1048,95,高端飞织,混合鞋底,系带设计,运动休闲,秋季百搭,56,女,四川省,是,14,是
930170229,耐克潮流简约百搭四季通用,耐克潮流,145,145,100,42,933,90,布面材质,MD发泡底,魔术贴鞋,简约百搭,四季通用,51,女,四川省,否,23,否
157977471,安踏运动复古潮鞋夏季透气,安踏运动,105,188,56,309,2631,94,合成革鞋,橡胶大底,系带设计,复古潮鞋,夏季透气,59,女,福建省,否,3,是
911781993,其他品牌简约百搭春季新款,其他品牌,158,166,95,1053,3963,92,高端飞织,TPR鞋底,系带设计,简约百搭,春季新款,50,女,浙江省,否,2,否
514044903,李宁休闲复古潮鞋夏季透气,李宁休闲,260,388,67,1409,5317,98,混合材质,EVA轻底,套脚款式,复古潮鞋,夏季透气,40,男,山东省,否,23,否
780156932,阿迪达斯潮流高街四季通用,阿迪达斯,148,296,50,2253,1890,99,真皮柔软,PU中底,魔术贴鞋,潮流高街,四季通用,56,男,广东省,否,20,否
697058096,回力经典工装硬朗春季新款,回力经典,105,144,73,111,978,91,高端飞织,混合鞋底,拉链鞋款,工装硬朗,春季新款,45,女,四川省,否,14,否
327417642,安踏运动潮流高街秋季百搭,安踏运动,99,174,57,568,5438,91,混合材质,橡胶大底,拉链鞋款,潮流高街,秋季百搭,58,男,浙江省,是,6,否
732813933,鸿星尔克日常休闲冬季保暖,鸿星尔克,99,105,94,4074,1424,98,真皮柔软,TPR鞋底,魔术贴鞋,日常休闲,冬季保暖,49,男,湖北省,是,0,否
764324887,鸿星尔克复古潮鞋冬季保暖,鸿星尔克,172,191,90,3401,1835,89,真皮柔软,EVA轻底,松紧带鞋,复古潮鞋,冬季保暖,62,女,河南省,是,22,否
291648113,阿迪达斯简约百搭秋季百搭,阿迪达斯,99,143,69,413,1086,97,真皮柔软,TPR鞋底,套脚款式,简约百搭,秋季百搭,45,女,湖北省,是,5,否
306186771,耐克潮流潮流高街冬季保暖,耐克潮流,136,227,60,920,3481,98,飞织面料,橡胶大底,松紧带鞋,潮流高街,冬季保暖,49,男,安徽省,否,18,是
884382371,特步男鞋运动休闲四季通用,特步男鞋,106,128,83,838,1392,93,布面材质,MD发泡底,套脚款式,运动休闲,四季通用,48,男,河北省,否,23,是
340309051,其他品牌复古潮鞋四季通用,其他品牌,99,99,100,55,4769,90,混合材质,MD发泡底,魔术贴鞋,复古潮鞋,四季通用,50,女,湖北省,是,13,否
658765828,李宁休闲复古潮鞋四季通用,李宁休闲,139,228,61,105,2238,85,高端飞织,PU中底,魔术贴鞋,复古潮鞋,四季通用,42,女,浙江省,否,20,是
945309415,其他品牌复古潮鞋四季通用,其他品牌,99,148,67,404,753,98,真皮柔软,混合鞋底,松紧带鞋,复古潮鞋,四季通用,39,男,安徽省,否,21,否
306314321,其他品牌日常休闲四季通用,其他品牌,161,264,61,322,12459,97,合成革鞋,TPR鞋底,魔术贴鞋,日常休闲,四季通用,45,男,安徽省,是,19,否
145890149,耐克潮流简约百搭春季新款,耐克潮流,102,182,56,457,1205,92,超纤皮鞋,橡胶大底,松紧带鞋,简约百搭,春季新款,55,女,江苏省,否,1,是
476077264,京东京造复古潮鞋秋季百搭,京东京造,99,148,67,13,7629,97,高端飞织,MD发泡底,魔术贴鞋,复古潮鞋,秋季百搭,52,男,四川省,是,23,是
220142979,阿迪达斯日常休闲夏季透气,阿迪达斯,99,101,98,323,5268,94,网布透气,TPR鞋底,套脚款式,日常休闲,夏季透气,26,女,四川省,是,11,否
316822899,耐克潮流工装硬朗夏季透气,耐克潮流,124,203,61,40,747,95,混合材质,TPR鞋底,松紧带鞋,工装硬朗,夏季透气,44,男,四川省,是,1,是
243831888,阿迪达斯潮流高街夏季透气,阿迪达斯,151,219,69,1481,345,91,飞织面料,MD发泡底,套脚款式,潮流高街,夏季透气,39,男,河南省,是,13,否
405671822,京东京造潮流高街秋季百搭,京东京造,114,173,66,677,53,98,网布透气,MD发泡底,系带设计,潮流高街,秋季百搭,51,女,湖北省,是,5,否
999680699,李宁休闲简约百搭四季通用,李宁休闲,163,206,79,837,13506,92,布面材质,PU中底,松紧带鞋,简约百搭,四季通用,44,女,湖北省,否,3,是
609053404,回力经典户外机能春季新款,回力经典,99,198,50,4474,3892,90,布面材质,TPR鞋底,拉链鞋款,户外机能,春季新款,34,女,山东省,否,20,否
709054699,耐克潮流运动休闲春季新款,耐克潮流,146,195,75,543,32,96,飞织面料,EVA轻底,套脚款式,运动休闲,春季新款,50,男,山东省,否,22,否
904699710,鸿星尔克日常休闲夏季透气,鸿星尔克,127,131,97,485,485,90,真皮柔软,EVA轻底,套脚款式,日常休闲,夏季透气,59,女,河北省,是,2,是
360518149,耐克潮流复古潮鞋秋季百搭,耐克潮流,145,177,82,3420,1145,97,混合材质,EVA轻底,套脚款式,复古潮鞋,秋季百搭,60,女,江苏省,否,4,否
226030161,京东京造潮流高街四季通用,京东京造,99,187,53,817,487,94,布面材质,MD发泡底,系带设计,潮流高街,四季通用,42,女,福建省,是,5,否
449229086,斯凯奇潮复古潮鞋四季通用,斯凯奇潮,331,591,56,272,1815,95,真皮柔软,PU中底,套脚款式,复古潮鞋,四季通用,47,男,安徽省,是,20,否
745028027,回力经典复古潮鞋春季新款,回力经典,588,919,64,67,2337,91,合成革鞋,MD发泡底,拉链鞋款,复古潮鞋,春季新款,54,男,河南省,是,20,否
634689461,特步男鞋复古潮鞋冬季保暖,特步男鞋,99,104,95,539,299,90,网布透气,混合鞋底,魔术贴鞋,复古潮鞋,冬季保暖,52,女,河南省,是,0,是
199946967,安踏运动工装硬朗冬季保暖,安踏运动,99,111,89,192,4423,90,合成革鞋,TPR鞋底,套脚款式,工装硬朗,冬季保暖,37,男,浙江省,是,4,否
801016067,阿迪达斯复古潮鞋四季通用,阿迪达斯,99,108,92,981,200,91,超纤皮鞋,MD发泡底,拉链鞋款,复古潮鞋,四季通用,39,男,河北省,否,23,否
103422311,李宁休闲工装硬朗冬季保暖,李宁休闲,99,127,78,27,591,92,网布透气,MD发泡底,套脚款式,工装硬朗,冬季保暖,51,女,浙江省,否,21,是
512225254,耐克潮流运动休闲四季通用,耐克潮流,145,161,90,2450,919,98,网布透气,TPR鞋底,拉链鞋款,运动休闲,四季通用,51,女,四川省,是,6,是
342366378,阿迪达斯简约百搭秋季百搭,阿迪达斯,119,238,50,1439,3717,93,合成革鞋,EVA轻底,系带设计,简约百搭,秋季百搭,56,男,广东省,是,15,是
306633955,鸿星尔克简约百搭夏季透气,鸿星尔克,99,124,80,49,372,90,布面材质,MD发泡底,松紧带鞋,简约百搭,夏季透气,44,女,江苏省,是,21,是
181168595,其他品牌运动休闲秋季百搭,其他品牌,100,175,57,803,10969,93,高端飞织,PU中底,拉链鞋款,运动休闲,秋季百搭,56,女,福建省,是,22,否
745193519,李宁休闲运动休闲秋季百搭,李宁休闲,99,162,61,366,494,94,高端飞织,橡胶大底,套脚款式,运动休闲,秋季百搭,48,女,广东省,是,20,否
256821505,阿迪达斯工装硬朗四季通用,阿迪达斯,99,138,72,2337,1174,95,合成革鞋,混合鞋底,套脚款式,工装硬朗,四季通用,52,女,浙江省,否,23,否
603308398,特步男鞋简约百搭四季通用,特步男鞋,99,155,64,15,1225,90,真皮柔软,PU中底,拉链鞋款,简约百搭,四季通用,43,男,湖北省,是,19,否
271467243,斯凯奇潮简约百搭秋季百搭,斯凯奇潮,153,184,83,3571,7414,93,混合材质,PU中底,松紧带鞋,简约百搭,秋季百搭,35,女,河南省,是,23,否
648379297,李宁休闲简约百搭春季新款,李宁休闲,99,110,90,33,407,93,网布透气,EVA轻底,套脚款式,简约百搭,春季新款,41,男,浙江省,是,1,否
192935984,阿迪达斯潮流高街秋季百搭,阿迪达斯,122,130,94,191,1314,93,网布透气,EVA轻底,系带设计,潮流高街,秋季百搭,51,女,河北省,否,20,是
975519576,京东京造简约百搭春季新款,京东京造,139,162,86,584,251,96,网布透气,EVA轻底,魔术贴鞋,简约百搭,春季新款,48,男,浙江省,否,21,否
294262160,其他品牌复古潮鞋春季新款,其他品牌,120,125,96,834,1547,85,超纤皮鞋,EVA轻底,套脚款式,复古潮鞋,春季新款,47,女,福建省,否,20,是
931292107,阿迪达斯日常休闲四季通用,阿迪达斯,99,194,51,4599,961,99,混合材质,EVA轻底,松紧带鞋,日常休闲,四季通用,36,男,山东省,是,21,否
379146492,安踏运动运动休闲春季新款,安踏运动,99,108,92,3141,3232,94,布面材质,MD发泡底,套脚款式,运动休闲,春季新款,52,女,河南省,否,22,是
148873350,耐克潮流简约百搭四季通用,耐克潮流,149,257,58,1105,1375,95,飞织面料,橡胶大底,松紧带鞋,简约百搭,四季通用,46,女,浙江省,否,20,是
459450175,回力经典日常休闲冬季保暖,回力经典,188,190,99,902,1310,90,真皮柔软,TPR鞋底,系带设计,日常休闲,冬季保暖,57,女,安徽省,否,8,是
718563331,京东京造运动休闲春季新款,京东京造,123,192,64,160,1202,94,超纤皮鞋,PU中底,系带设计,运动休闲,春季新款,39,女,河北省,是,1,否
986870889,李宁休闲复古潮鞋夏季透气,李宁休闲,198,300,66,1248,264,95,混合材质,PU中底,套脚款式,复古潮鞋,夏季透气,48,男,湖北省,是,0,是
275486529,耐克潮流日常休闲四季通用,耐克潮流,99,152,65,1011,1066,99,超纤皮鞋,MD发泡底,套脚款式,日常休闲,四季通用,43,女,浙江省,否,23,是
698754706,阿迪达斯户外机能秋季百搭,阿迪达斯,99,100,99,1393,1172,95,飞织面料,EVA轻底,套脚款式,户外机能,秋季百搭,40,男,浙江省,否,1,是
214743560,特步男鞋户外机能冬季保暖,特步男鞋,99,141,70,3633,388,97,合成革鞋,混合鞋底,套脚款式,户外机能,冬季保暖,39,女,河北省,否,1,是
904654439,安踏运动工装硬朗四季通用,安踏运动,166,255,65,669,2054,91,飞织面料,EVA轻底,拉链鞋款,工装硬朗,四季通用,36,女,广东省,是,6,否
963864882,特步男鞋复古潮鞋秋季百搭,特步男鞋,99,150,66,3929,2148,97,布面材质,PU中底,松紧带鞋,复古潮鞋,秋季百搭,51,女,河南省,否,22,否
399451613,阿迪达斯简约百搭夏季透气,阿迪达斯,99,103,96,3525,382,96,布面材质,混合鞋底,套脚款式,简约百搭,夏季透气,43,女,河南省,是,22,否
340562054,李宁休闲运动休闲春季新款,李宁休闲,217,244,89,1392,790,97,飞织面料,PU中底,松紧带鞋,运动休闲,春季新款,47,女,安徽省,否,20,否
273415554,安踏运动简约百搭春季新款,安踏运动,123,134,92,49,764,91,混合材质,MD发泡底,魔术贴鞋,简约百搭,春季新款,48,女,湖北省,是,9,否
290929379,鸿星尔克复古潮鞋秋季百搭,鸿星尔克,171,323,53,26,64,98,网布透气,TPR鞋底,松紧带鞋,复古潮鞋,秋季百搭,60,女,河北省,否,21,是
262148275,斯凯奇潮工装硬朗四季通用,斯凯奇潮,99,134,74,553,4223,85,真皮柔软,EVA轻底,魔术贴鞋,工装硬朗,四季通用,48,男,湖北省,是,23,是
145958621,京东京造潮流高街四季通用,京东京造,99,143,69,1438,606,90,超纤皮鞋,橡胶大底,系带设计,潮流高街,四季通用,27,男,四川省,是,13,否
715029311,回力经典潮流高街秋季百搭,回力经典,140,175,80,140,7318,94,超纤皮鞋,橡胶大底,松紧带鞋,潮流高街,秋季百搭,45,男,山东省,否,23,是
117112061,安踏运动户外机能春季新款,安踏运动,179,338,53,609,56,98,飞织面料,MD发泡底,魔术贴鞋,户外机能,春季新款,64,女,湖北省,否,6,是
686604171,耐克潮流潮流高街秋季百搭,耐克潮流,99,148,67,938,353,100,网布透气,PU中底,松紧带鞋,潮流高街,秋季百搭,44,女,河南省,否,14,否
634810807,京东京造简约百搭秋季百搭,京东京造,137,188,73,0,2797,97,网布透气,PU中底,魔术贴鞋,简约百搭,秋季百搭,46,女,安徽省,否,21,是
975426176,李宁休闲潮流高街四季通用,李宁休闲,200,230,87,100,1054,85,真皮柔软,TPR鞋底,魔术贴鞋,潮流高街,四季通用,37,男,广东省,是,22,是
385946251,安踏运动户外机能四季通用,安踏运动,458,539,85,571,350,93,超纤皮鞋,TPR鞋底,系带设计,户外机能,四季通用,52,女,福建省,否,6,否
792234175,特步男鞋日常休闲四季通用,特步男鞋,99,122,81,212,2529,95,合成革鞋,MD发泡底,套脚款式,日常休闲,四季通用,58,男,河南省,否,7,否
794125045,耐克潮流工装硬朗秋季百搭,耐克潮流,177,181,98,2621,53,90,真皮柔软,TPR鞋底,系带设计,工装硬朗,秋季百搭,43,女,安徽省,否,22,是
821189141,回力经典简约百搭春季新款,回力经典,160,172,93,220,3658,92,飞织面料,PU中底,拉链鞋款,简约百搭,春季新款,43,男,湖北省,是,21,否
889007136,特步男鞋复古潮鞋冬季保暖,特步男鞋,284,296,96,258,2716,96,高端飞织,橡胶大底,松紧带鞋,复古潮鞋,冬季保暖,62,男,江苏省,否,23,否
110240989,阿迪达斯运动休闲冬季保暖,阿迪达斯,99,109,91,3555,1971,94,合成革鞋,EVA轻底,系带设计,运动休闲,冬季保暖,50,女,河南省,是,8,是
527906477,耐克潮流工装硬朗秋季百搭,耐克潮流,127,240,53,1164,3379,87,飞织面料,EVA轻底,魔术贴鞋,工装硬朗,秋季百搭,50,女,广东省,是,6,是
929795880,回力经典工装硬朗冬季保暖,回力经典,229,239,96,38,886,90,高端飞织,TPR鞋底,系带设计,工装硬朗,冬季保暖,28,女,安徽省,否,12,否
244271222,特步男鞋简约百搭四季通用,特步男鞋,99,139,71,31,1345,99,布面材质,MD发泡底,系带设计,简约百搭,四季通用,53,女,浙江省,否,14,否
546798131,特步男鞋运动休闲冬季保暖,特步男鞋,99,115,86,861,741,96,合成革鞋,PU中底,拉链鞋款,运动休闲,冬季保暖,54,女,河南省,否,17,是
678766492,其他品牌复古潮鞋冬季保暖,其他品牌,119,195,61,526,5893,91,布面材质,TPR鞋底,松紧带鞋,复古潮鞋,冬季保暖,46,女,湖北省,否,22,否
745986590,特步男鞋户外机能四季通用,特步男鞋,99,100,99,3796,6540,92,飞织面料,橡胶大底,系带设计,户外机能,四季通用,39,女,广东省,否,17,是
536178840,京东京造简约百搭冬季保暖,京东京造,99,139,71,11,999,87,布面材质,混合鞋底,系带设计,简约百搭,冬季保暖,49,男,安徽省,是,11,是
514527489,京东京造复古潮鞋冬季保暖,京东京造,99,134,74,31,1002,92,网布透气,PU中底,松紧带鞋,复古潮鞋,冬季保暖,46,女,河北省,是,11,是
497912102,特步男鞋复古潮鞋春季新款,特步男鞋,297,300,99,2928,1908,96,布面材质,橡胶大底,系带设计,复古潮鞋,春季新款,52,男,湖北省,否,22,是
674160050,京东京造日常休闲春季新款,京东京造,117,189,62,946,673,95,混合材质,PU中底,松紧带鞋,日常休闲,春季新款,52,女,河南省,否,0,否
946577759,阿迪达斯户外机能四季通用,阿迪达斯,140,209,67,354,260,91,高端飞织,EVA轻底,松紧带鞋,户外机能,四季通用,51,男,安徽省,否,21,否
781706291,回力经典户外机能秋季百搭,回力经典,152,155,98,4800,277,98,真皮柔软,PU中底,拉链鞋款,户外机能,秋季百搭,40,男,福建省,是,18,否
616072075,回力经典复古潮鞋夏季透气,回力经典,99,150,66,4070,19822,96,布面材质,EVA轻底,拉链鞋款,复古潮鞋,夏季透气,65,女,安徽省,否,10,否
968309322,斯凯奇潮简约百搭夏季透气,斯凯奇潮,99,104,95,1003,703,97,飞织面料,PU中底,拉链鞋款,简约百搭,夏季透气,46,男,河南省,否,0,否
605875156,特步男鞋潮流高街秋季百搭,特步男鞋,99,132,75,566,404,97,飞织面料,混合鞋底,系带设计,潮流高街,秋季百搭,53,男,浙江省,是,7,否
749357926,鸿星尔克简约百搭夏季透气,鸿星尔克,99,114,87,36,392,96,超纤皮鞋,橡胶大底,魔术贴鞋,简约百搭,夏季透气,42,男,江苏省,否,18,是
720671451,其他品牌运动休闲秋季百搭,其他品牌,113,128,88,692,363,87,网布透气,混合鞋底,系带设计,运动休闲,秋季百搭,54,男,安徽省,是,20,是
293482452,李宁休闲日常休闲春季新款,李宁休闲,261,428,61,3334,197,99,合成革鞋,EVA轻底,拉链鞋款,日常休闲,春季新款,37,男,安徽省,否,11,否
114155293,其他品牌户外机能冬季保暖,其他品牌,154,160,96,44,970,96,混合材质,EVA轻底,系带设计,户外机能,冬季保暖,59,女,福建省,否,14,是
650597953,鸿星尔克运动休闲冬季保暖,鸿星尔克,99,160,62,428,781,90,真皮柔软,PU中底,拉链鞋款,运动休闲,冬季保暖,53,男,四川省,否,7,是
905246247,阿迪达斯简约百搭春季新款,阿迪达斯,99,187,53,551,3113,91,超纤皮鞋,PU中底,套脚款式,简约百搭,春季新款,48,男,山东省,是,22,否
254067938,李宁休闲简约百搭春季新款,李宁休闲,99,168,59,878,576,86,合成革鞋,PU中底,系带设计,简约百搭,春季新款,48,男,河南省,是,9,是
500062925,鸿星尔克工装硬朗冬季保暖,鸿星尔克,289,295,98,28,536,93,超纤皮鞋,混合鞋底,系带设计,工装硬朗,冬季保暖,58,女,湖北省,是,18,是
346786780,鸿星尔克户外机能秋季百搭,鸿星尔克,117,148,79,22,318,96,网布透气,橡胶大底,松紧带鞋,户外机能,秋季百搭,56,男,浙江省,是,6,是
444293614,李宁休闲运动休闲四季通用,李宁休闲,120,169,71,274,1074,93,网布透气,MD发泡底,系带设计,运动休闲,四季通用,50,男,浙江省,否,10,否
673603441,安踏运动日常休闲春季新款,安踏运动,99,168,59,808,1443,92,布面材质,TPR鞋底,松紧带鞋,日常休闲,春季新款,43,女,河北省,是,20,否
110777761,京东京造户外机能四季通用,京东京造,99,143,69,1418,979,88,合成革鞋,橡胶大底,魔术贴鞋,户外机能,四季通用,30,女,湖北省,是,9,是
171901727,安踏运动工装硬朗四季通用,安踏运动,122,179,68,391,55,87,布面材质,MD发泡底,拉链鞋款,工装硬朗,四季通用,42,男,江苏省,是,19,是
960681255,回力经典日常休闲冬季保暖,回力经典,99,132,75,42,684,93,飞织面料,橡胶大底,松紧带鞋,日常休闲,冬季保暖,61,男,湖北省,是,9,是
288462277,其他品牌复古潮鞋春季新款,其他品牌,183,213,86,30,706,90,超纤皮鞋,TPR鞋底,系带设计,复古潮鞋,春季新款,60,男,河北省,是,20,否
547948414,阿迪达斯户外机能秋季百搭,阿迪达斯,99,130,76,232,467,100,合成革鞋,橡胶大底,松紧带鞋,户外机能,秋季百搭,52,女,河南省,是,10,否
868079307,京东京造简约百搭冬季保暖,京东京造,99,198,50,222,250,97,飞织面料,EVA轻底,松紧带鞋,简约百搭,冬季保暖,45,女,浙江省,是,14,是
528072794,阿迪达斯户外机能冬季保暖,阿迪达斯,495,786,63,125,568,95,超纤皮鞋,PU中底,套脚款式,户外机能,冬季保暖,46,男,江苏省,是,0,是
727575452,李宁休闲运动休闲秋季百搭,李宁休闲,230,324,71,322,1956,99,真皮柔软,PU中底,系带设计,运动休闲,秋季百搭,48,女,湖北省,是,21,是
961699310,阿迪达斯简约百搭四季通用,阿迪达斯,185,218,85,26,1754,91,真皮柔软,TPR鞋底,拉链鞋款,简约百搭,四季通用,52,男,河南省,否,0,是
216066208,鸿星尔克日常休闲四季通用,鸿星尔克,159,177,90,495,278,91,混合材质,EVA轻底,松紧带鞋,日常休闲,四季通用,46,男,四川省,否,20,是
277253511,阿迪达斯工装硬朗夏季透气,阿迪达斯,99,116,85,1,447,90,超纤皮鞋,混合鞋底,松紧带鞋,工装硬朗,夏季透气,50,女,四川省,是,7,否
873565741,耐克潮流复古潮鞋春季新款,耐克潮流,369,424,87,1268,2030,97,真皮柔软,橡胶大底,套脚款式,复古潮鞋,春季新款,48,女,山东省,是,1,是
674336277,耐克潮流潮流高街四季通用,耐克潮流,107,129,83,602,2045,90,混合材质,MD发泡底,松紧带鞋,潮流高街,四季通用,64,男,湖北省,是,23,是
750587715,斯凯奇潮复古潮鞋秋季百搭,斯凯奇潮,118,231,51,369,8320,97,网布透气,混合鞋底,拉链鞋款,复古潮鞋,秋季百搭,36,女,广东省,否,19,是
418914585,安踏运动户外机能夏季透气,安踏运动,134,149,90,764,3627,99,真皮柔软,MD发泡底,拉链鞋款,户外机能,夏季透气,47,男,浙江省,否,22,是
757634089,回力经典运动休闲夏季透气,回力经典,99,150,66,1479,4518,98,网布透气,PU中底,套脚款式,运动休闲,夏季透气,45,女,安徽省,否,4,否
966238161,耐克潮流日常休闲夏季透气,耐克潮流,107,153,70,23,3492,92,布面材质,TPR鞋底,松紧带鞋,日常休闲,夏季透气,50,女,河北省,否,11,否
293100167,安踏运动户外机能春季新款,安踏运动,203,251,81,120,4602,100,高端飞织,EVA轻底,松紧带鞋,户外机能,春季新款,47,男,广东省,否,20,否
412785137,其他品牌运动休闲秋季百搭,其他品牌,99,136,73,810,317,92,合成革鞋,混合鞋底,系带设计,运动休闲,秋季百搭,42,女,福建省,是,2,是
873188392,京东京造户外机能秋季百搭,京东京造,180,310,58,3269,17781,98,高端飞织,橡胶大底,松紧带鞋,户外机能,秋季百搭,37,女,浙江省,否,9,否
523484670,阿迪达斯运动休闲春季新款,阿迪达斯,301,418,72,29,2088,97,真皮柔软,TPR鞋底,松紧带鞋,运动休闲,春季新款,44,男,浙江省,是,22,是
250467795,特步男鞋潮流高街春季新款,特步男鞋,99,115,86,3149,1356,93,网布透气,混合鞋底,系带设计,潮流高街,春季新款,53,女,福建省,否,1,是
514871160,阿迪达斯简约百搭四季通用,阿迪达斯,154,188,82,1031,516,98,高端飞织,橡胶大底,魔术贴鞋,简约百搭,四季通用,49,女,四川省,否,2,否
912675032,阿迪达斯日常休闲四季通用,阿迪达斯,99,138,72,570,9392,96,混合材质,TPR鞋底,套脚款式,日常休闲,四季通用,49,男,河南省,是,15,是
801381350,京东京造户外机能春季新款,京东京造,283,464,61,1381,2215,98,高端飞织,PU中底,系带设计,户外机能,春季新款,44,男,湖北省,否,0,是
510538627,京东京造简约百搭冬季保暖,京东京造,99,168,59,43,1154,96,高端飞织,橡胶大底,松紧带鞋,简约百搭,冬季保暖,51,女,安徽省,是,18,是
119602370,耐克潮流复古潮鞋冬季保暖,耐克潮流,122,203,60,1030,857,95,超纤皮鞋,橡胶大底,系带设计,复古潮鞋,冬季保暖,35,女,湖北省,是,23,是
224895552,回力经典运动休闲夏季透气,回力经典,149,162,92,520,2150,95,真皮柔软,PU中底,魔术贴鞋,运动休闲,夏季透气,41,女,河南省,否,1,是
299755347,鸿星尔克工装硬朗春季新款,鸿星尔克,99,165,60,634,3560,95,布面材质,混合鞋底,魔术贴鞋,工装硬朗,春季新款,58,女,安徽省,是,22,否
294011203,回力经典潮流高街夏季透气,回力经典,99,177,56,293,980,97,超纤皮鞋,橡胶大底,系带设计,潮流高街,夏季透气,41,女,浙江省,否,14,否
794503568,李宁休闲简约百搭秋季百搭,李宁休闲,99,99,100,1050,5860,87,超纤皮鞋,MD发泡底,拉链鞋款,简约百搭,秋季百搭,61,男,四川省,是,0,否
718705982,鸿星尔克复古潮鞋春季新款,鸿星尔克,200,290,69,3542,7224,92,网布透气,PU中底,系带设计,复古潮鞋,春季新款,39,女,河北省,否,6,是
224492552,耐克潮流工装硬朗秋季百搭,耐克潮流,141,217,65,211,719,92,布面材质,PU中底,松紧带鞋,工装硬朗,秋季百搭,49,男,福建省,否,13,是
785605495,耐克潮流潮流高街冬季保暖,耐克潮流,127,132,96,321,474,97,布面材质,PU中底,系带设计,潮流高街,冬季保暖,49,男,湖北省,否,13,否
580281754,其他品牌简约百搭冬季保暖,其他品牌,311,471,66,974,431,92,网布透气,橡胶大底,拉链鞋款,简约百搭,冬季保暖,40,男,河北省,否,9,否
912203256,阿迪达斯运动休闲秋季百搭,阿迪达斯,534,809,66,1008,298,93,混合材质,MD发泡底,松紧带鞋,运动休闲,秋季百搭,45,男,河南省,否,6,是
129646324,李宁休闲运动休闲夏季透气,李宁休闲,242,378,64,32,226,92,超纤皮鞋,EVA轻底,魔术贴鞋,运动休闲,夏季透气,46,女,安徽省,是,2,否
435014697,回力经典日常休闲冬季保暖,回力经典,99,125,79,438,627,91,布面材质,MD发泡底,魔术贴鞋,日常休闲,冬季保暖,37,男,福建省,否,12,否
854026218,斯凯奇潮运动休闲秋季百搭,斯凯奇潮,99,116,85,18,2058,95,合成革鞋,MD发泡底,拉链鞋款,运动休闲,秋季百搭,58,女,安徽省,否,12,否
499833738,其他品牌户外机能秋季百搭,其他品牌,99,198,50,376,412,94,超纤皮鞋,橡胶大底,魔术贴鞋,户外机能,秋季百搭,43,女,安徽省,否,7,是
959620243,安踏运动工装硬朗春季新款,安踏运动,150,150,100,6,6881,96,高端飞织,MD发泡底,系带设计,工装硬朗,春季新款,44,男,四川省,否,1,是
781363001,阿迪达斯户外机能四季通用,阿迪达斯,230,365,63,1392,567,95,网布透气,混合鞋底,套脚款式,户外机能,四季通用,56,女,河北省,否,17,是
285272365,耐克潮流工装硬朗春季新款,耐克潮流,99,121,82,799,2528,91,混合材质,MD发泡底,松紧带鞋,工装硬朗,春季新款,53,男,四川省,否,6,是
194677997,安踏运动工装硬朗四季通用,安踏运动,275,286,96,1462,4125,97,布面材质,MD发泡底,系带设计,工装硬朗,四季通用,54,女,广东省,是,21,是
789754377,回力经典工装硬朗夏季透气,回力经典,99,122,81,3415,2190,92,超纤皮鞋,橡胶大底,系带设计,工装硬朗,夏季透气,55,男,安徽省,否,8,是
140339382,李宁休闲简约百搭四季通用,李宁休闲,134,181,74,1003,1519,86,真皮柔软,TPR鞋底,拉链鞋款,简约百搭,四季通用,55,女,湖北省,否,23,是
340472509,回力经典工装硬朗四季通用,回力经典,177,213,83,3197,2518,97,网布透气,TPR鞋底,系带设计,工装硬朗,四季通用,40,女,湖北省,否,19,否
456034788,耐克潮流运动休闲春季新款,耐克潮流,129,253,51,712,710,99,超纤皮鞋,EVA轻底,系带设计,运动休闲,春季新款,35,男,河北省,否,20,否
556609538,京东京造简约百搭春季新款,京东京造,195,214,91,44,221,93,高端飞织,混合鞋底,拉链鞋款,简约百搭,春季新款,64,女,山东省,是,3,是
478480392,特步男鞋运动休闲四季通用,特步男鞋,99,187,53,1039,1038,90,飞织面料,橡胶大底,魔术贴鞋,运动休闲,四季通用,43,女,山东省,是,20,是
602573952,阿迪达斯户外机能冬季保暖,阿迪达斯,99,115,86,582,397,96,布面材质,混合鞋底,套脚款式,户外机能,冬季保暖,44,男,河北省,是,21,是
761210594,阿迪达斯工装硬朗四季通用,阿迪达斯,99,146,68,1064,274,90,混合材质,PU中底,拉链鞋款,工装硬朗,四季通用,43,女,江苏省,是,6,否
291691145,回力经典潮流高街四季通用,回力经典,99,109,91,408,731,87,超纤皮鞋,TPR鞋底,套脚款式,潮流高街,四季通用,58,男,四川省,是,12,是
967333333,回力经典工装硬朗秋季百搭,回力经典,158,182,87,571,762,90,合成革鞋,TPR鞋底,拉链鞋款,工装硬朗,秋季百搭,52,男,河南省,否,20,否
957623350,安踏运动潮流高街夏季透气,安踏运动,99,125,79,489,511,94,布面材质,EVA轻底,松紧带鞋,潮流高街,夏季透气,44,女,广东省,否,17,否
430411037,耐克潮流户外机能春季新款,耐克潮流,99,141,70,32,190,90,网布透气,TPR鞋底,魔术贴鞋,户外机能,春季新款,47,男,广东省,是,16,是
851893526,京东京造工装硬朗冬季保暖,京东京造,99,139,71,1057,383,93,超纤皮鞋,混合鞋底,拉链鞋款,工装硬朗,冬季保暖,37,女,福建省,是,21,是
558827203,斯凯奇潮户外机能夏季透气,斯凯奇潮,99,109,91,332,124,90,飞织面料,PU中底,魔术贴鞋,户外机能,夏季透气,50,女,河南省,是,23,否
133754908,特步男鞋复古潮鞋夏季透气,特步男鞋,289,391,74,32,296,93,真皮柔软,MD发泡底,魔术贴鞋,复古潮鞋,夏季透气,59,女,河南省,否,3,是
952440378,鸿星尔克潮流高街冬季保暖,鸿星尔克,380,717,53,30,966,96,混合材质,橡胶大底,套脚款式,潮流高街,冬季保暖,33,男,江苏省,否,6,是
652051291,回力经典工装硬朗春季新款,回力经典,115,209,55,43,1031,90,合成革鞋,EVA轻底,松紧带鞋,工装硬朗,春季新款,49,男,安徽省,是,10,否
133817669,京东京造简约百搭四季通用,京东京造,99,134,74,50,166,90,高端飞织,混合鞋底,系带设计,简约百搭,四季通用,44,女,山东省,否,2,否
815043799,鸿星尔克运动休闲四季通用,鸿星尔克,275,399,69,191,941,92,合成革鞋,PU中底,魔术贴鞋,运动休闲,四季通用,45,女,四川省,是,22,否
690456574,京东京造运动休闲冬季保暖,京东京造,99,146,68,693,2215,92,高端飞织,混合鞋底,魔术贴鞋,运动休闲,冬季保暖,39,女,四川省,是,20,否
421842047,其他品牌户外机能四季通用,其他品牌,405,500,81,4657,2708,96,布面材质,混合鞋底,魔术贴鞋,户外机能,四季通用,43,女,安徽省,是,6,是
275963428,李宁休闲简约百搭春季新款,李宁休闲,99,148,67,534,5348,92,混合材质,橡胶大底,魔术贴鞋,简约百搭,春季新款,54,男,山东省,是,8,否
423505548,李宁休闲户外机能春季新款,李宁休闲,132,147,90,101,254,92,混合材质,MD发泡底,套脚款式,户外机能,春季新款,41,男,江苏省,是,15,是
277379782,特步男鞋日常休闲四季通用,特步男鞋,199,234,85,2088,1082,100,合成革鞋,橡胶大底,系带设计,日常休闲,四季通用,56,女,湖北省,否,23,否
943938057,回力经典户外机能夏季透气,回力经典,173,173,100,1146,680,95,飞织面料,TPR鞋底,套脚款式,户外机能,夏季透气,53,女,四川省,是,0,否
110933816,安踏运动户外机能夏季透气,安踏运动,99,155,64,1192,254,97,真皮柔软,TPR鞋底,系带设计,户外机能,夏季透气,45,男,江苏省,是,15,否
974773826,李宁休闲潮流高街夏季透气,李宁休闲,99,111,89,497,2771,94,布面材质,EVA轻底,松紧带鞋,潮流高街,夏季透气,18,女,广东省,否,1,是
312806355,阿迪达斯户外机能秋季百搭,阿迪达斯,199,199,100,2675,457,91,高端飞织,PU中底,松紧带鞋,户外机能,秋季百搭,56,男,福建省,是,22,是
990147163,特步男鞋户外机能春季新款,特步男鞋,152,205,74,238,255,88,真皮柔软,混合鞋底,松紧带鞋,户外机能,春季新款,46,男,河南省,否,23,是
815762695,阿迪达斯简约百搭冬季保暖,阿迪达斯,99,112,88,1001,1655,96,超纤皮鞋,PU中底,松紧带鞋,简约百搭,冬季保暖,61,男,福建省,否,20,是
832731150,李宁休闲工装硬朗四季通用,李宁休闲,269,441,61,1113,237,97,高端飞织,MD发泡底,套脚款式,工装硬朗,四季通用,47,男,河南省,否,23,是
312546454,京东京造日常休闲夏季透气,京东京造,99,109,91,573,3625,91,飞织面料,EVA轻底,松紧带鞋,日常休闲,夏季透气,38,男,浙江省,是,21,是
478305838,安踏运动户外机能春季新款,安踏运动,99,198,50,316,465,92,飞织面料,橡胶大底,系带设计,户外机能,春季新款,47,男,山东省,否,8,是
917230215,其他品牌日常休闲四季通用,其他品牌,99,118,84,644,1066,94,真皮柔软,橡胶大底,拉链鞋款,日常休闲,四季通用,43,女,江苏省,是,23,否
523543945,阿迪达斯简约百搭冬季保暖,阿迪达斯,99,187,53,4,1781,100,布面材质,EVA轻底,拉链鞋款,简约百搭,冬季保暖,55,女,河南省,否,2,是
606283620,特步男鞋日常休闲秋季百搭,特步男鞋,99,108,92,464,550,90,真皮柔软,PU中底,系带设计,日常休闲,秋季百搭,57,女,广东省,是,7,是
201677518,鸿星尔克运动休闲春季新款,鸿星尔克,283,472,60,1194,304,99,高端飞织,TPR鞋底,松紧带鞋,运动休闲,春季新款,35,男,浙江省,否,22,否
554911983,其他品牌工装硬朗秋季百搭,其他品牌,134,213,63,30,182,96,高端飞织,混合鞋底,松紧带鞋,工装硬朗,秋季百搭,49,女,江苏省,是,13,是
277319011,李宁休闲潮流高街夏季透气,李宁休闲,226,254,89,1187,1433,94,合成革鞋,混合鞋底,拉链鞋款,潮流高街,夏季透气,41,女,河南省,是,9,否
596677935,斯凯奇潮户外机能秋季百搭,斯凯奇潮,99,122,81,391,4971,92,网布透气,橡胶大底,套脚款式,户外机能,秋季百搭,26,女,浙江省,是,21,是
415397358,阿迪达斯户外机能冬季保暖,阿迪达斯,178,287,62,9,434,91,网布透气,TPR鞋底,系带设计,户外机能,冬季保暖,56,男,山东省,是,22,是
756153022,特步男鞋日常休闲四季通用,特步男鞋,218,352,62,755,1405,95,飞织面料,混合鞋底,系带设计,日常休闲,四季通用,61,女,安徽省,是,19,是
377621788,安踏运动日常休闲秋季百搭,安踏运动,128,149,86,990,3659,95,布面材质,混合鞋底,魔术贴鞋,日常休闲,秋季百搭,55,男,河南省,否,6,否
591446234,其他品牌户外机能冬季保暖,其他品牌,138,276,50,13,1058,90,真皮柔软,橡胶大底,松紧带鞋,户外机能,冬季保暖,46,男,河南省,是,4,否
321400360,耐克潮流复古潮鞋冬季保暖,耐克潮流,146,152,96,714,1341,91,高端飞织,EVA轻底,系带设计,复古潮鞋,冬季保暖,57,男,湖北省,否,22,否
336002053,斯凯奇潮复古潮鞋春季新款,斯凯奇潮,99,122,81,2983,937,90,超纤皮鞋,MD发泡底,拉链鞋款,复古潮鞋,春季新款,57,女,四川省,否,23,是
258082332,特步男鞋潮流高街春季新款,特步男鞋,129,219,59,454,455,98,布面材质,TPR鞋底,松紧带鞋,潮流高街,春季新款,55,男,广东省,是,1,是
777335905,斯凯奇潮复古潮鞋夏季透气,斯凯奇潮,137,211,65,747,1963,96,飞织面料,TPR鞋底,魔术贴鞋,复古潮鞋,夏季透气,46,女,四川省,否,11,是
917153212,回力经典工装硬朗冬季保暖,回力经典,128,186,69,37,2423,90,混合材质,橡胶大底,套脚款式,工装硬朗,冬季保暖,35,女,江苏省,是,7,是
510370635,鸿星尔克户外机能四季通用,鸿星尔克,99,99,100,2148,1548,97,混合材质,混合鞋底,松紧带鞋,户外机能,四季通用,60,女,广东省,否,22,否
574292065,耐克潮流日常休闲春季新款,耐克潮流,120,171,70,2574,558,96,布面材质,PU中底,魔术贴鞋,日常休闲,春季新款,44,男,浙江省,否,21,是
539712716,安踏运动工装硬朗秋季百搭,安踏运动,102,124,82,189,1864,93,超纤皮鞋,TPR鞋底,拉链鞋款,工装硬朗,秋季百搭,38,男,江苏省,否,5,是
793562550,回力经典日常休闲夏季透气,回力经典,99,124,80,3149,711,93,飞织面料,MD发泡底,套脚款式,日常休闲,夏季透气,46,女,山东省,是,22,是
855772769,特步男鞋潮流高街四季通用,特步男鞋,99,125,79,528,50,91,高端飞织,MD发泡底,拉链鞋款,潮流高街,四季通用,51,女,福建省,否,7,否
958438463,回力经典简约百搭春季新款,回力经典,134,141,95,4554,893,87,真皮柔软,PU中底,拉链鞋款,简约百搭,春季新款,41,男,福建省,是,22,否
352815803,特步男鞋潮流高街夏季透气,特步男鞋,104,158,66,43,1003,93,网布透气,混合鞋底,套脚款式,潮流高街,夏季透气,50,女,福建省,否,23,否
408505121,阿迪达斯简约百搭冬季保暖,阿迪达斯,132,159,83,32,383,98,合成革鞋,TPR鞋底,套脚款式,简约百搭,冬季保暖,41,男,安徽省,是,11,否
630567780,阿迪达斯潮流高街秋季百搭,阿迪达斯,194,380,51,2819,2198,85,高端飞织,橡胶大底,拉链鞋款,潮流高街,秋季百搭,56,男,河南省,否,23,是
321555602,斯凯奇潮运动休闲秋季百搭,斯凯奇潮,180,305,59,484,288,96,飞织面料,EVA轻底,系带设计,运动休闲,秋季百搭,44,女,福建省,否,6,是
737036449,安踏运动复古潮鞋秋季百搭,安踏运动,105,128,82,23,1356,88,飞织面料,PU中底,拉链鞋款,复古潮鞋,秋季百搭,40,女,四川省,是,12,是
903744528,斯凯奇潮日常休闲夏季透气,斯凯奇潮,123,154,80,285,226,97,网布透气,EVA轻底,系带设计,日常休闲,夏季透气,50,男,河北省,是,4,否
254631232,京东京造运动休闲春季新款,京东京造,99,139,71,1,523,97,超纤皮鞋,EVA轻底,拉链鞋款,运动休闲,春季新款,45,男,河北省,否,11,否
680455234,斯凯奇潮日常休闲四季通用,斯凯奇潮,169,235,72,44,284,87,超纤皮鞋,PU中底,套脚款式,日常休闲,四季通用,49,男,河北省,否,21,否
641942334,特步男鞋简约百搭春季新款,特步男鞋,127,135,94,499,380,95,布面材质,混合鞋底,魔术贴鞋,简约百搭,春季新款,41,女,广东省,否,22,是
715946886,京东京造运动休闲夏季透气,京东京造,99,190,52,73,489,90,网布透气,TPR鞋底,拉链鞋款,运动休闲,夏季透气,41,女,安徽省,否,8,是
417553936,斯凯奇潮复古潮鞋夏季透气,斯凯奇潮,155,287,54,1147,6539,92,超纤皮鞋,PU中底,松紧带鞋,复古潮鞋,夏季透气,33,男,江苏省,否,8,否
922534149,鸿星尔克复古潮鞋冬季保暖,鸿星尔克,266,484,55,2031,387,90,布面材质,MD发泡底,拉链鞋款,复古潮鞋,冬季保暖,61,男,江苏省,是,17,否
748012928,其他品牌户外机能冬季保暖,其他品牌,99,180,55,40,297,90,高端飞织,MD发泡底,松紧带鞋,户外机能,冬季保暖,52,男,四川省,是,18,是
665004314,安踏运动日常休闲四季通用,安踏运动,99,136,73,1188,44583,91,网布透气,MD发泡底,系带设计,日常休闲,四季通用,51,女,湖北省,是,6,是
946514194,安踏运动潮流高街四季通用,安踏运动,102,110,93,38,879,100,飞织面料,混合鞋底,松紧带鞋,潮流高街,四季通用,57,女,安徽省,是,11,否
201732160,回力经典户外机能四季通用,回力经典,174,341,51,1149,1783,91,超纤皮鞋,橡胶大底,拉链鞋款,户外机能,四季通用,48,女,山东省,否,1,否
458296821,安踏运动户外机能夏季透气,安踏运动,128,225,57,344,1864,95,网布透气,TPR鞋底,松紧带鞋,户外机能,夏季透气,62,女,浙江省,否,23,是
372981118,其他品牌复古潮鞋春季新款,其他品牌,103,145,71,1406,2172,96,混合材质,混合鞋底,拉链鞋款,复古潮鞋,春季新款,53,男,湖北省,否,20,是
199339969,阿迪达斯潮流高街秋季百搭,阿迪达斯,219,300,73,7,507,96,高端飞织,MD发泡底,魔术贴鞋,潮流高街,秋季百搭,30,女,山东省,是,21,否
664849394,斯凯奇潮工装硬朗春季新款,斯凯奇潮,99,118,84,1065,4957,93,合成革鞋,TPR鞋底,松紧带鞋,工装硬朗,春季新款,53,女,河北省,否,14,是
399536274,京东京造潮流高街春季新款,京东京造,326,413,79,10,5978,96,超纤皮鞋,TPR鞋底,魔术贴鞋,潮流高街,春季新款,49,女,福建省,否,22,否
132372761,阿迪达斯复古潮鞋夏季透气,阿迪达斯,216,386,56,813,612,99,高端飞织,MD发泡底,魔术贴鞋,复古潮鞋,夏季透气,57,男,湖北省,是,0,是
374994420,回力经典简约百搭秋季百搭,回力经典,107,214,50,815,1296,94,飞织面料,PU中底,松紧带鞋,简约百搭,秋季百搭,44,男,山东省,否,20,是
799566891,阿迪达斯潮流高街四季通用,阿迪达斯,177,188,94,1142,772,94,合成革鞋,TPR鞋底,套脚款式,潮流高街,四季通用,45,女,山东省,是,17,是
543766951,斯凯奇潮户外机能夏季透气,斯凯奇潮,224,267,84,530,858,100,真皮柔软,TPR鞋底,拉链鞋款,户外机能,夏季透气,21,女,河南省,否,21,否
490684223,其他品牌简约百搭四季通用,其他品牌,450,692,65,220,464,95,飞织面料,橡胶大底,松紧带鞋,简约百搭,四季通用,48,男,安徽省,是,21,是
973329937,耐克潮流户外机能春季新款,耐克潮流,120,240,50,1164,4011,93,布面材质,橡胶大底,松紧带鞋,户外机能,春季新款,46,男,湖北省,是,23,否
484322992,阿迪达斯运动休闲冬季保暖,阿迪达斯,113,174,65,1226,823,93,网布透气,MD发泡底,松紧带鞋,运动休闲,冬季保暖,56,女,江苏省,否,22,是
409344031,其他品牌潮流高街冬季保暖,其他品牌,99,109,91,39,246,99,高端飞织,TPR鞋底,系带设计,潮流高街,冬季保暖,55,男,四川省,是,3,是
256661874,阿迪达斯户外机能秋季百搭,阿迪达斯,99,103,96,750,990,90,合成革鞋,PU中底,拉链鞋款,户外机能,秋季百搭,49,男,河北省,是,3,是
670270834,其他品牌复古潮鞋夏季透气,其他品牌,127,144,88,4433,459,88,高端飞织,橡胶大底,套脚款式,复古潮鞋,夏季透气,45,女,广东省,否,11,是
216676565,特步男鞋日常休闲春季新款,特步男鞋,155,238,65,1440,975,94,布面材质,橡胶大底,系带设计,日常休闲,春季新款,50,女,山东省,否,4,否
899543753,特步男鞋日常休闲秋季百搭,特步男鞋,99,165,60,4,578,96,高端飞织,混合鞋底,松紧带鞋,日常休闲,秋季百搭,44,男,广东省,是,6,否
230462639,特步男鞋户外机能四季通用,特步男鞋,130,173,75,1358,497,92,网布透气,MD发泡底,拉链鞋款,户外机能,四季通用,38,女,河北省,否,1,否
528236422,耐克潮流复古潮鞋秋季百搭,耐克潮流,208,392,53,4063,243,91,网布透气,TPR鞋底,套脚款式,复古潮鞋,秋季百搭,38,女,福建省,是,23,否
704010860,耐克潮流简约百搭秋季百搭,耐克潮流,99,177,56,2340,1369,91,飞织面料,PU中底,套脚款式,简约百搭,秋季百搭,34,男,河北省,是,21,否
316016250,鸿星尔克简约百搭秋季百搭,鸿星尔克,326,435,75,1337,1935,92,真皮柔软,EVA轻底,套脚款式,简约百搭,秋季百搭,63,男,湖北省,是,17,否
574181483,特步男鞋日常休闲冬季保暖,特步男鞋,241,313,77,1415,1052,98,混合材质,橡胶大底,系带设计,日常休闲,冬季保暖,62,女,河北省,是,0,否
666102204,斯凯奇潮简约百搭夏季透气,斯凯奇潮,99,116,85,774,696,93,超纤皮鞋,混合鞋底,松紧带鞋,简约百搭,夏季透气,46,女,福建省,否,23,是
602471075,其他品牌复古潮鞋秋季百搭,其他品牌,99,110,90,1067,1220,100,真皮柔软,橡胶大底,松紧带鞋,复古潮鞋,秋季百搭,51,女,浙江省,否,20,否
419267395,京东京造工装硬朗四季通用,京东京造,101,133,76,741,1592,96,合成革鞋,MD发泡底,拉链鞋款,工装硬朗,四季通用,54,男,江苏省,是,0,是
249658456,鸿星尔克潮流高街四季通用,鸿星尔克,188,285,66,1465,6866,91,飞织面料,混合鞋底,松紧带鞋,潮流高街,四季通用,48,男,河北省,否,12,是
316847993,回力经典运动休闲夏季透气,回力经典,99,157,63,34,425,95,飞织面料,橡胶大底,魔术贴鞋,运动休闲,夏季透气,40,女,山东省,是,20,否
459971722,其他品牌潮流高街夏季透气,其他品牌,99,104,95,1336,386,97,布面材质,MD发泡底,松紧带鞋,潮流高街,夏季透气,47,男,江苏省,是,20,否
563285457,其他品牌复古潮鞋春季新款,其他品牌,136,234,58,1489,345,96,混合材质,EVA轻底,拉链鞋款,复古潮鞋,春季新款,54,女,河南省,是,14,否
685736999,特步男鞋运动休闲夏季透气,特步男鞋,99,124,80,1227,79,96,布面材质,EVA轻底,系带设计,运动休闲,夏季透气,49,女,山东省,否,2,否
939874198,其他品牌潮流高街春季新款,其他品牌,99,187,53,1,638,93,高端飞织,MD发泡底,拉链鞋款,潮流高街,春季新款,47,女,河北省,否,20,否
678316131,耐克潮流工装硬朗春季新款,耐克潮流,99,112,88,996,970,96,网布透气,橡胶大底,松紧带鞋,工装硬朗,春季新款,61,女,浙江省,否,5,否
107905976,回力经典复古潮鞋春季新款,回力经典,177,239,74,1229,148,95,超纤皮鞋,EVA轻底,系带设计,复古潮鞋,春季新款,32,女,山东省,是,16,是
978916768,李宁休闲工装硬朗秋季百搭,李宁休闲,99,115,86,669,1625,95,混合材质,PU中底,系带设计,工装硬朗,秋季百搭,58,女,江苏省,否,23,是
440833119,李宁休闲日常休闲夏季透气,李宁休闲,99,136,73,399,460,99,布面材质,EVA轻底,松紧带鞋,日常休闲,夏季透气,53,女,广东省,否,20,是
141691463,阿迪达斯潮流高街秋季百搭,阿迪达斯,110,186,59,18,2832,92,真皮柔软,TPR鞋底,系带设计,潮流高街,秋季百搭,47,男,江苏省,否,4,是
485685256,李宁休闲运动休闲四季通用,李宁休闲,186,214,87,14,553,99,高端飞织,混合鞋底,拉链鞋款,运动休闲,四季通用,28,女,安徽省,是,11,是
439280729,斯凯奇潮日常休闲春季新款,斯凯奇潮,155,187,83,1011,140,94,网布透气,MD发泡底,拉链鞋款,日常休闲,春季新款,37,女,福建省,是,1,是
957564865,李宁休闲日常休闲夏季透气,李宁休闲,99,180,55,96,2070,90,真皮柔软,PU中底,套脚款式,日常休闲,夏季透气,54,男,江苏省,否,20,是
145984676,耐克潮流户外机能夏季透气,耐克潮流,181,335,54,1232,5320,85,混合材质,TPR鞋底,松紧带鞋,户外机能,夏季透气,47,男,山东省,是,17,是
173061629,阿迪达斯户外机能春季新款,阿迪达斯,99,165,60,4956,1033,98,真皮柔软,TPR鞋底,松紧带鞋,户外机能,春季新款,51,女,湖北省,是,3,是
480165822,特步男鞋工装硬朗秋季百搭,特步男鞋,99,99,100,45,101,91,布面材质,混合鞋底,松紧带鞋,工装硬朗,秋季百搭,61,男,福建省,否,19,否
771098950,特步男鞋日常休闲四季通用,特步男鞋,224,320,70,1086,1233,95,飞织面料,混合鞋底,松紧带鞋,日常休闲,四季通用,47,男,河南省,否,14,否
226014629,鸿星尔克工装硬朗冬季保暖,鸿星尔克,109,135,81,1083,2347,85,高端飞织,橡胶大底,系带设计,工装硬朗,冬季保暖,49,男,福建省,否,17,是
409863852,李宁休闲复古潮鞋春季新款,李宁休闲,99,160,62,45,1747,90,合成革鞋,EVA轻底,拉链鞋款,复古潮鞋,春季新款,34,女,山东省,否,3,否
782073196,阿迪达斯工装硬朗四季通用,阿迪达斯,99,180,55,1065,48,90,飞织面料,MD发泡底,套脚款式,工装硬朗,四季通用,52,男,福建省,是,9,否
538842719,特步男鞋日常休闲冬季保暖,特步男鞋,225,296,76,41,213,98,高端飞织,PU中底,套脚款式,日常休闲,冬季保暖,52,女,河南省,否,0,是
505668719,李宁休闲运动休闲春季新款,李宁休闲,99,109,91,973,1720,93,高端飞织,EVA轻底,松紧带鞋,运动休闲,春季新款,51,男,湖北省,否,2,是
637281604,安踏运动潮流高街四季通用,安踏运动,137,180,76,528,234,91,合成革鞋,混合鞋底,拉链鞋款,潮流高街,四季通用,42,女,安徽省,是,22,是
298990777,京东京造运动休闲夏季透气,京东京造,123,224,55,714,4247,93,真皮柔软,混合鞋底,魔术贴鞋,运动休闲,夏季透气,59,女,河南省,否,23,是
240746444,李宁休闲简约百搭春季新款,李宁休闲,99,187,53,3313,1456,97,网布透气,TPR鞋底,拉链鞋款,简约百搭,春季新款,57,女,山东省,否,23,是
664223349,回力经典日常休闲夏季透气,回力经典,258,311,83,1068,1717,99,合成革鞋,PU中底,拉链鞋款,日常休闲,夏季透气,45,女,广东省,是,18,否
517891264,安踏运动运动休闲冬季保暖,安踏运动,186,262,71,274,2599,95,飞织面料,EVA轻底,松紧带鞋,运动休闲,冬季保暖,42,男,湖北省,否,22,否
334807114,鸿星尔克运动休闲冬季保暖,鸿星尔克,99,177,56,1008,1772,90,布面材质,橡胶大底,套脚款式,运动休闲,冬季保暖,47,男,四川省,是,17,否
606904041,京东京造户外机能秋季百搭,京东京造,236,295,80,930,1325,97,飞织面料,PU中底,拉链鞋款,户外机能,秋季百搭,44,女,广东省,否,9,是
111567380,鸿星尔克复古潮鞋春季新款,鸿星尔克,144,206,70,0,227,91,超纤皮鞋,MD发泡底,魔术贴鞋,复古潮鞋,春季新款,45,女,福建省,否,19,否
350866819,耐克潮流工装硬朗冬季保暖,耐克潮流,99,110,90,36,1389,95,网布透气,EVA轻底,松紧带鞋,工装硬朗,冬季保暖,54,女,安徽省,否,0,否
180933424,特步男鞋复古潮鞋冬季保暖,特步男鞋,99,124,80,568,66,92,超纤皮鞋,EVA轻底,魔术贴鞋,复古潮鞋,冬季保暖,52,男,四川省,否,5,是
262118426,李宁休闲工装硬朗夏季透气,李宁休闲,99,105,94,46,1641,93,高端飞织,PU中底,套脚款式,工装硬朗,夏季透气,55,女,浙江省,否,13,是
386183920,李宁休闲日常休闲春季新款,李宁休闲,99,112,88,2984,2072,92,真皮柔软,EVA轻底,魔术贴鞋,日常休闲,春季新款,54,男,湖北省,是,10,是
202397552,斯凯奇潮户外机能秋季百搭,斯凯奇潮,160,271,59,4618,4982,93,飞织面料,EVA轻底,魔术贴鞋,户外机能,秋季百搭,47,女,四川省,否,22,否
325971829,特步男鞋潮流高街秋季百搭,特步男鞋,148,178,83,4746,213,97,飞织面料,MD发泡底,松紧带鞋,潮流高街,秋季百搭,46,男,江苏省,是,23,是
697028875,京东京造潮流高街秋季百搭,京东京造,276,300,92,2,2790,94,混合材质,TPR鞋底,套脚款式,潮流高街,秋季百搭,49,男,河北省,是,4,否
127197278,其他品牌户外机能冬季保暖,其他品牌,99,125,79,730,1133,99,网布透气,TPR鞋底,套脚款式,户外机能,冬季保暖,57,女,山东省,是,5,否
148136567,其他品牌户外机能秋季百搭,其他品牌,99,105,94,44,372,95,真皮柔软,EVA轻底,系带设计,户外机能,秋季百搭,57,女,河南省,是,7,是
895484567,耐克潮流运动休闲冬季保暖,耐克潮流,185,213,87,814,620,96,飞织面料,PU中底,魔术贴鞋,运动休闲,冬季保暖,53,女,浙江省,否,2,是
890133093,京东京造户外机能夏季透气,京东京造,144,282,51,1067,13418,91,高端飞织,混合鞋底,魔术贴鞋,户外机能,夏季透气,38,女,河北省,是,22,否
201095674,耐克潮流户外机能冬季保暖,耐克潮流,189,215,88,41,2696,92,布面材质,MD发泡底,拉链鞋款,户外机能,冬季保暖,53,女,湖北省,否,19,是
527331697,李宁休闲潮流高街春季新款,李宁休闲,99,121,82,432,2094,98,真皮柔软,TPR鞋底,松紧带鞋,潮流高街,春季新款,50,男,河南省,否,23,是
278262712,李宁休闲简约百搭四季通用,李宁休闲,169,338,50,349,495,90,网布透气,PU中底,套脚款式,简约百搭,四季通用,42,女,河北省,否,21,是
154288056,安踏运动简约百搭夏季透气,安踏运动,99,143,69,478,1881,91,合成革鞋,橡胶大底,套脚款式,简约百搭,夏季透气,50,男,湖北省,否,8,否
169529489,鸿星尔克户外机能四季通用,鸿星尔克,109,131,83,26,1148,97,混合材质,EVA轻底,拉链鞋款,户外机能,四季通用,31,男,四川省,否,22,是
686502448,京东京造运动休闲四季通用,京东京造,102,115,89,1318,4110,90,真皮柔软,橡胶大底,松紧带鞋,运动休闲,四季通用,52,女,江苏省,否,1,是
598221227,京东京造简约百搭春季新款,京东京造,99,148,67,1285,1034,91,网布透气,橡胶大底,松紧带鞋,简约百搭,春季新款,37,女,山东省,是,12,否
792964684,京东京造日常休闲春季新款,京东京造,140,233,60,327,1007,94,飞织面料,混合鞋底,系带设计,日常休闲,春季新款,50,男,湖北省,否,21,否
252151669,其他品牌工装硬朗春季新款,其他品牌,99,134,74,716,1835,91,飞织面料,TPR鞋底,系带设计,工装硬朗,春季新款,36,女,安徽省,是,23,是
823041634,阿迪达斯工装硬朗秋季百搭,阿迪达斯,155,238,65,4655,977,97,网布透气,PU中底,套脚款式,工装硬朗,秋季百搭,49,女,湖北省,是,15,是
896634013,京东京造复古潮鞋春季新款,京东京造,99,132,75,492,212,97,混合材质,PU中底,套脚款式,复古潮鞋,春季新款,40,男,安徽省,是,22,是
115966521,回力经典简约百搭四季通用,回力经典,181,241,75,1499,313,94,超纤皮鞋,EVA轻底,松紧带鞋,简约百搭,四季通用,51,女,河南省,是,13,是
891161526,李宁休闲工装硬朗四季通用,李宁休闲,99,134,74,48,481,94,真皮柔软,TPR鞋底,套脚款式,工装硬朗,四季通用,44,女,浙江省,是,20,否
751537002,其他品牌运动休闲四季通用,其他品牌,154,167,92,16,63,96,网布透气,MD发泡底,系带设计,运动休闲,四季通用,55,男,江苏省,否,12,是
311745961,回力经典工装硬朗夏季透气,回力经典,122,182,67,4299,5502,90,高端飞织,PU中底,拉链鞋款,工装硬朗,夏季透气,50,男,福建省,是,14,是
216048476,回力经典运动休闲春季新款,回力经典,185,193,96,1152,9415,94,飞织面料,混合鞋底,套脚款式,运动休闲,春季新款,38,女,安徽省,是,9,否
737982065,斯凯奇潮复古潮鞋秋季百搭,斯凯奇潮,99,121,82,69,637,94,超纤皮鞋,MD发泡底,魔术贴鞋,复古潮鞋,秋季百搭,41,女,广东省,是,21,是
986059517,阿迪达斯复古潮鞋冬季保暖,阿迪达斯,99,152,65,868,415,97,真皮柔软,MD发泡底,拉链鞋款,复古潮鞋,冬季保暖,52,女,浙江省,是,18,是
613119273,斯凯奇潮简约百搭夏季透气,斯凯奇潮,187,256,73,703,685,93,飞织面料,橡胶大底,拉链鞋款,简约百搭,夏季透气,42,男,安徽省,否,23,否
653492686,其他品牌潮流高街四季通用,其他品牌,175,194,90,1106,720,97,超纤皮鞋,橡胶大底,套脚款式,潮流高街,四季通用,52,男,山东省,是,5,是
503753733,李宁休闲简约百搭春季新款,李宁休闲,120,179,67,1171,482,92,合成革鞋,混合鞋底,魔术贴鞋,简约百搭,春季新款,41,男,安徽省,否,21,是
228009095,回力经典潮流高街秋季百搭,回力经典,255,293,87,46,1388,96,飞织面料,TPR鞋底,松紧带鞋,潮流高街,秋季百搭,51,男,四川省,否,21,否
902827256,特步男鞋潮流高街春季新款,特步男鞋,135,270,50,3790,7107,100,网布透气,TPR鞋底,系带设计,潮流高街,春季新款,36,男,江苏省,是,3,是
785594602,耐克潮流日常休闲冬季保暖,耐克潮流,138,246,56,1059,860,100,混合材质,PU中底,套脚款式,日常休闲,冬季保暖,19,女,安徽省,否,20,否
345488892,京东京造复古潮鞋四季通用,京东京造,115,135,85,1097,182,86,混合材质,EVA轻底,系带设计,复古潮鞋,四季通用,45,女,浙江省,是,5,否
805711061,耐克潮流运动休闲夏季透气,耐克潮流,99,122,81,40,292,99,飞织面料,橡胶大底,松紧带鞋,运动休闲,夏季透气,50,男,湖北省,否,2,是
664058710,京东京造复古潮鞋秋季百搭,京东京造,203,251,81,4596,2293,95,高端飞织,橡胶大底,拉链鞋款,复古潮鞋,秋季百搭,41,男,山东省,否,21,否
223975083,李宁休闲复古潮鞋夏季透气,李宁休闲,99,119,83,987,108,90,混合材质,TPR鞋底,套脚款式,复古潮鞋,夏季透气,49,女,山东省,否,16,否
858662421,阿迪达斯潮流高街四季通用,阿迪达斯,99,136,73,4287,378,98,真皮柔软,MD发泡底,系带设计,潮流高街,四季通用,38,男,广东省,否,21,是
550240895,李宁休闲简约百搭冬季保暖,李宁休闲,240,393,61,686,492,100,超纤皮鞋,混合鞋底,拉链鞋款,简约百搭,冬季保暖,54,女,河北省,否,23,否
993902447,其他品牌工装硬朗春季新款,其他品牌,239,379,63,20,945,88,布面材质,混合鞋底,系带设计,工装硬朗,春季新款,38,女,江苏省,否,15,否
770773927,安踏运动运动休闲春季新款,安踏运动,127,137,93,698,284,85,超纤皮鞋,橡胶大底,套脚款式,运动休闲,春季新款,46,女,浙江省,是,5,否
467192522,特步男鞋运动休闲春季新款,特步男鞋,405,711,57,291,2957,95,布面材质,EVA轻底,松紧带鞋,运动休闲,春季新款,57,男,河南省,否,23,是
270847897,阿迪达斯户外机能夏季透气,阿迪达斯,257,276,93,646,1921,96,高端飞织,橡胶大底,拉链鞋款,户外机能,夏季透气,48,男,浙江省,否,23,否
775457677,京东京造简约百搭春季新款,京东京造,99,152,65,173,1915,93,飞织面料,混合鞋底,松紧带鞋,简约百搭,春季新款,45,女,山东省,否,21,否
800733137,京东京造复古潮鞋秋季百搭,京东京造,198,233,85,4918,873,94,飞织面料,PU中底,套脚款式,复古潮鞋,秋季百搭,50,男,江苏省,是,15,是
130934468,鸿星尔克工装硬朗夏季透气,鸿星尔克,99,104,95,1207,1138,90,混合材质,MD发泡底,系带设计,工装硬朗,夏季透气,36,男,福建省,是,22,是
436315472,李宁休闲简约百搭四季通用,李宁休闲,281,511,55,1329,4130,96,超纤皮鞋,混合鞋底,套脚款式,简约百搭,四季通用,44,女,河北省,是,11,是
737098344,鸿星尔克户外机能冬季保暖,鸿星尔克,141,247,57,155,1938,91,布面材质,PU中底,系带设计,户外机能,冬季保暖,44,男,江苏省,是,12,是
480753219,阿迪达斯日常休闲夏季透气,阿迪达斯,242,244,99,1162,1609,100,混合材质,PU中底,魔术贴鞋,日常休闲,夏季透气,42,女,安徽省,否,8,是
538278668,其他品牌工装硬朗春季新款,其他品牌,128,173,74,193,1003,92,混合材质,MD发泡底,拉链鞋款,工装硬朗,春季新款,38,男,江苏省,否,5,是
533984330,回力经典日常休闲春季新款,回力经典,163,226,72,1319,215,93,飞织面料,橡胶大底,套脚款式,日常休闲,春季新款,42,男,湖北省,否,6,否
845427886,李宁休闲复古潮鞋冬季保暖,李宁休闲,251,411,61,12,188,93,高端飞织,PU中底,魔术贴鞋,复古潮鞋,冬季保暖,46,女,河南省,是,7,是
157036030,李宁休闲复古潮鞋秋季百搭,李宁休闲,121,209,58,473,1419,94,飞织面料,橡胶大底,系带设计,复古潮鞋,秋季百搭,43,男,福建省,否,18,是
164181282,鸿星尔克潮流高街春季新款,鸿星尔克,290,387,75,804,1058,94,高端飞织,PU中底,套脚款式,潮流高街,春季新款,51,女,湖北省,是,22,否
328968826,特步男鞋户外机能四季通用,特步男鞋,347,475,73,2891,768,94,飞织面料,橡胶大底,套脚款式,户外机能,四季通用,55,男,安徽省,否,12,是
419729815,安踏运动运动休闲秋季百搭,安踏运动,248,413,60,549,387,97,高端飞织,PU中底,魔术贴鞋,运动休闲,秋季百搭,41,男,江苏省,是,20,否
350573152,斯凯奇潮户外机能冬季保暖,斯凯奇潮,186,194,96,14,7291,97,合成革鞋,EVA轻底,拉链鞋款,户外机能,冬季保暖,42,男,安徽省,否,21,否
764363079,其他品牌工装硬朗春季新款,其他品牌,163,166,98,0,7233,97,混合材质,混合鞋底,套脚款式,工装硬朗,春季新款,58,女,广东省,是,1,否
557560152,鸿星尔克简约百搭夏季透气,鸿星尔克,109,202,54,2838,4161,96,布面材质,PU中底,松紧带鞋,简约百搭,夏季透气,39,男,广东省,是,21,否
671171553,京东京造工装硬朗冬季保暖,京东京造,206,222,93,19,2197,91,飞织面料,MD发泡底,魔术贴鞋,工装硬朗,冬季保暖,51,女,福建省,是,19,是
235788953,特步男鞋潮流高街秋季百搭,特步男鞋,187,208,90,752,3277,97,布面材质,混合鞋底,系带设计,潮流高街,秋季百搭,57,女,湖北省,否,14,是
711335767,耐克潮流复古潮鞋秋季百搭,耐克潮流,99,187,53,116,215,94,合成革鞋,MD发泡底,魔术贴鞋,复古潮鞋,秋季百搭,55,女,福建省,是,17,是
314837342,安踏运动潮流高街冬季保暖,安踏运动,174,220,79,1478,2289,92,真皮柔软,TPR鞋底,系带设计,潮流高街,冬季保暖,32,男,江苏省,否,8,否
819570315,鸿星尔克日常休闲春季新款,鸿星尔克,197,386,51,314,151,97,真皮柔软,橡胶大底,套脚款式,日常休闲,春季新款,45,男,河南省,是,7,否
348394084,耐克潮流运动休闲夏季透气,耐克潮流,341,375,91,1092,124,97,合成革鞋,MD发泡底,拉链鞋款,运动休闲,夏季透气,50,女,福建省,是,21,是
120988122,特步男鞋简约百搭春季新款,特步男鞋,105,131,80,1024,1223,90,超纤皮鞋,橡胶大底,魔术贴鞋,简约百搭,春季新款,43,男,河南省,否,19,是
897914706,京东京造日常休闲冬季保暖,京东京造,99,119,83,29,1721,94,混合材质,PU中底,系带设计,日常休闲,冬季保暖,50,女,四川省,否,21,否
535795339,斯凯奇潮简约百搭冬季保暖,斯凯奇潮,99,148,67,1200,1284,100,布面材质,PU中底,拉链鞋款,简约百搭,冬季保暖,58,女,山东省,否,22,否
879149565,特步男鞋复古潮鞋冬季保暖,特步男鞋,99,121,82,4288,2684,100,网布透气,混合鞋底,系带设计,复古潮鞋,冬季保暖,42,女,浙江省,是,14,否
416017092,回力经典简约百搭四季通用,回力经典,99,116,85,308,2782,90,网布透气,EVA轻底,拉链鞋款,简约百搭,四季通用,45,女,山东省,否,23,否
235667878,李宁休闲户外机能四季通用,李宁休闲,160,222,72,4565,344,94,飞织面料,TPR鞋底,拉链鞋款,户外机能,四季通用,56,男,福建省,否,19,否
362900824,耐克潮流户外机能夏季透气,耐克潮流,285,313,91,11,5856,91,布面材质,橡胶大底,松紧带鞋,户外机能,夏季透气,36,男,河南省,是,12,是
104186391,李宁休闲潮流高街冬季保暖,李宁休闲,248,306,81,257,1837,95,混合材质,PU中底,拉链鞋款,潮流高街,冬季保暖,36,女,四川省,否,15,是
453407974,耐克潮流简约百搭冬季保暖,耐克潮流,116,122,95,582,798,93,飞织面料,MD发泡底,松紧带鞋,简约百搭,冬季保暖,54,女,江苏省,否,6,是
486083414,京东京造日常休闲夏季透气,京东京造,99,157,63,65,3965,97,高端飞织,混合鞋底,魔术贴鞋,日常休闲,夏季透气,45,女,浙江省,是,17,否
683976288,斯凯奇潮潮流高街春季新款,斯凯奇潮,243,308,79,240,1859,94,超纤皮鞋,橡胶大底,魔术贴鞋,潮流高街,春季新款,56,男,四川省,否,18,否
637561030,其他品牌户外机能夏季透气,其他品牌,99,125,79,2206,566,87,真皮柔软,EVA轻底,松紧带鞋,户外机能,夏季透气,53,男,广东省,否,23,否
492969422,李宁休闲运动休闲四季通用,李宁休闲,394,588,67,7,683,94,混合材质,TPR鞋底,套脚款式,运动休闲,四季通用,47,男,江苏省,是,20,是
225110128,斯凯奇潮复古潮鞋夏季透气,斯凯奇潮,102,152,67,288,635,85,真皮柔软,PU中底,松紧带鞋,复古潮鞋,夏季透气,47,男,湖北省,是,13,是
247137114,京东京造户外机能秋季百搭,京东京造,118,236,50,1284,862,95,合成革鞋,EVA轻底,拉链鞋款,户外机能,秋季百搭,45,男,江苏省,否,23,是
815058012,其他品牌运动休闲四季通用,其他品牌,190,194,98,544,339,98,合成革鞋,MD发泡底,魔术贴鞋,运动休闲,四季通用,43,女,河南省,否,13,是
191503548,特步男鞋简约百搭冬季保暖,特步男鞋,99,125,79,280,2394,97,混合材质,MD发泡底,拉链鞋款,简约百搭,冬季保暖,60,女,山东省,否,8,否
730980229,安踏运动潮流高街春季新款,安踏运动,121,220,55,639,1699,92,网布透气,EVA轻底,系带设计,潮流高街,春季新款,45,女,山东省,否,16,是
894866297,京东京造工装硬朗冬季保暖,京东京造,123,212,58,12,5617,96,超纤皮鞋,PU中底,松紧带鞋,工装硬朗,冬季保暖,41,男,河北省,否,3,否
500176494,耐克潮流工装硬朗四季通用,耐克潮流,99,171,58,91,1923,96,布面材质,MD发泡底,系带设计,工装硬朗,四季通用,43,男,湖北省,否,15,是
769514334,李宁休闲运动休闲秋季百搭,李宁休闲,182,357,51,154,2646,94,网布透气,PU中底,松紧带鞋,运动休闲,秋季百搭,43,女,安徽省,是,21,否
326084903,其他品牌潮流高街夏季透气,其他品牌,99,111,89,11,5932,85,布面材质,MD发泡底,套脚款式,潮流高街,夏季透气,57,女,安徽省,是,15,是
148477343,鸿星尔克复古潮鞋四季通用,鸿星尔克,204,392,52,301,1063,100,真皮柔软,橡胶大底,松紧带鞋,复古潮鞋,四季通用,62,女,湖北省,否,20,否
278674072,特步男鞋工装硬朗冬季保暖,特步男鞋,171,335,51,1094,296,90,布面材质,橡胶大底,松紧带鞋,工装硬朗,冬季保暖,62,女,山东省,否,23,否
985864318,李宁休闲潮流高街夏季透气,李宁休闲,152,267,57,643,664,95,合成革鞋,混合鞋底,套脚款式,潮流高街,夏季透气,38,男,河北省,否,22,是
940182327,安踏运动简约百搭春季新款,安踏运动,224,291,77,906,655,99,真皮柔软,MD发泡底,松紧带鞋,简约百搭,春季新款,54,男,浙江省,否,6,否
685182560,斯凯奇潮户外机能四季通用,斯凯奇潮,99,106,93,36,3551,90,真皮柔软,PU中底,拉链鞋款,户外机能,四季通用,39,男,湖北省,否,19,否
491114801,安踏运动潮流高街秋季百搭,安踏运动,99,148,67,305,2842,100,网布透气,混合鞋底,拉链鞋款,潮流高街,秋季百搭,42,女,广东省,否,4,是
550710042,安踏运动日常休闲夏季透气,安踏运动,111,111,100,436,1075,90,混合材质,EVA轻底,魔术贴鞋,日常休闲,夏季透气,44,女,河北省,是,8,否
934557865,安踏运动户外机能四季通用,安踏运动,173,225,77,3004,1127,93,混合材质,PU中底,套脚款式,户外机能,四季通用,46,男,浙江省,是,9,否
499891562,京东京造复古潮鞋春季新款,京东京造,227,420,54,4844,2557,97,超纤皮鞋,橡胶大底,拉链鞋款,复古潮鞋,春季新款,35,男,河北省,否,10,是
912210516,李宁休闲日常休闲冬季保暖,李宁休闲,99,177,56,36,1068,96,合成革鞋,MD发泡底,魔术贴鞋,日常休闲,冬季保暖,40,男,山东省,否,20,否
959256518,安踏运动潮流高街四季通用,安踏运动,221,351,63,482,1654,96,真皮柔软,EVA轻底,拉链鞋款,潮流高街,四季通用,37,女,河南省,否,2,否
885657225,京东京造复古潮鞋秋季百搭,京东京造,99,124,80,3191,133,96,真皮柔软,TPR鞋底,松紧带鞋,复古潮鞋,秋季百搭,55,女,山东省,否,14,否
647417823,其他品牌户外机能四季通用,其他品牌,99,112,88,1075,7875,92,合成革鞋,TPR鞋底,拉链鞋款,户外机能,四季通用,40,女,安徽省,否,4,否
893353349,安踏运动工装硬朗秋季百搭,安踏运动,99,183,54,1029,4098,90,飞织面料,PU中底,松紧带鞋,工装硬朗,秋季百搭,27,女,河南省,是,9,是
503788817,鸿星尔克工装硬朗秋季百搭,鸿星尔克,195,320,61,656,986,92,网布透气,PU中底,魔术贴鞋,工装硬朗,秋季百搭,22,男,河北省,是,21,是
412701281,耐克潮流复古潮鞋秋季百搭,耐克潮流,105,164,64,1144,781,92,飞织面料,TPR鞋底,系带设计,复古潮鞋,秋季百搭,38,男,河南省,否,2,是
772412020,特步男鞋复古潮鞋冬季保暖,特步男鞋,99,150,66,230,1967,96,网布透气,PU中底,魔术贴鞋,复古潮鞋,冬季保暖,41,女,浙江省,是,22,是
929196096,安踏运动日常休闲秋季百搭,安踏运动,99,150,66,5,240,95,高端飞织,TPR鞋底,松紧带鞋,日常休闲,秋季百搭,45,男,河北省,否,18,否
845177371,鸿星尔克复古潮鞋春季新款,鸿星尔克,105,194,54,137,1640,92,混合材质,橡胶大底,拉链鞋款,复古潮鞋,春季新款,59,男,河南省,否,17,否
352406429,李宁休闲工装硬朗夏季透气,李宁休闲,144,262,55,475,1671,91,飞织面料,MD发泡底,套脚款式,工装硬朗,夏季透气,51,女,广东省,是,3,否
424099936,京东京造工装硬朗秋季百搭,京东京造,102,116,88,454,1530,97,高端飞织,橡胶大底,松紧带鞋,工装硬朗,秋季百搭,51,男,广东省,是,21,否
901112331,回力经典日常休闲秋季百搭,回力经典,225,308,73,348,377,95,混合材质,PU中底,魔术贴鞋,日常休闲,秋季百搭,20,女,湖北省,是,0,否
567138361,阿迪达斯日常休闲秋季百搭,阿迪达斯,99,146,68,20,2422,96,网布透气,混合鞋底,系带设计,日常休闲,秋季百搭,51,女,四川省,否,21,否
303199189,耐克潮流潮流高街春季新款,耐克潮流,273,325,84,27,1290,92,真皮柔软,EVA轻底,系带设计,潮流高街,春季新款,43,男,安徽省,否,14,是
761292328,其他品牌潮流高街春季新款,其他品牌,99,143,69,727,212,89,高端飞织,混合鞋底,系带设计,潮流高街,春季新款,36,女,湖北省,否,7,是
607209909,安踏运动运动休闲秋季百搭,安踏运动,99,105,94,1476,785,100,飞织面料,EVA轻底,系带设计,运动休闲,秋季百搭,35,男,河北省,否,20,否
628620406,阿迪达斯运动休闲春季新款,阿迪达斯,99,157,63,891,3085,92,网布透气,MD发泡底,魔术贴鞋,运动休闲,春季新款,49,女,河北省,否,22,否
477082388,阿迪达斯复古潮鞋冬季保暖,阿迪达斯,352,587,60,892,3980,90,高端飞织,橡胶大底,松紧带鞋,复古潮鞋,冬季保暖,49,男,浙江省,否,0,是
763295683,李宁休闲运动休闲春季新款,李宁休闲,110,193,57,1436,798,99,网布透气,橡胶大底,套脚款式,运动休闲,春季新款,44,男,四川省,否,3,否
436274047,斯凯奇潮简约百搭夏季透气,斯凯奇潮,151,156,97,1249,384,94,合成革鞋,EVA轻底,魔术贴鞋,简约百搭,夏季透气,35,男,河北省,是,23,是
100895306,其他品牌复古潮鞋春季新款,其他品牌,220,237,93,29,1172,90,布面材质,TPR鞋底,拉链鞋款,复古潮鞋,春季新款,43,女,河南省,否,2,是
698778174,特步男鞋工装硬朗春季新款,特步男鞋,172,198,87,2643,3456,91,真皮柔软,EVA轻底,套脚款式,工装硬朗,春季新款,51,女,福建省,否,15,否
695098573,京东京造日常休闲冬季保暖,京东京造,111,202,55,3778,1175,90,超纤皮鞋,MD发泡底,拉链鞋款,日常休闲,冬季保暖,60,男,四川省,是,23,否
804759326,李宁休闲工装硬朗秋季百搭,李宁休闲,358,426,84,168,678,96,飞织面料,EVA轻底,魔术贴鞋,工装硬朗,秋季百搭,46,男,安徽省,是,13,是
171971013,耐克潮流工装硬朗四季通用,耐克潮流,102,110,93,35,269,93,网布透气,MD发泡底,套脚款式,工装硬朗,四季通用,61,男,浙江省,是,2,是
848896754,鸿星尔克运动休闲夏季透气,鸿星尔克,135,169,80,26,3195,91,网布透气,PU中底,套脚款式,运动休闲,夏季透气,45,女,江苏省,否,10,是
172604151,阿迪达斯简约百搭四季通用,阿迪达斯,170,173,98,684,2561,93,合成革鞋,EVA轻底,套脚款式,简约百搭,四季通用,43,男,江苏省,是,21,否
842446576,鸿星尔克复古潮鞋冬季保暖,鸿星尔克,99,101,98,489,945,94,布面材质,TPR鞋底,套脚款式,复古潮鞋,冬季保暖,46,男,河南省,否,16,否
997048608,鸿星尔克运动休闲冬季保暖,鸿星尔克,99,152,65,39,1965,94,合成革鞋,TPR鞋底,套脚款式,运动休闲,冬季保暖,47,男,四川省,是,1,否
393650628,安踏运动工装硬朗春季新款,安踏运动,125,142,88,607,1877,95,飞织面料,PU中底,魔术贴鞋,工装硬朗,春季新款,57,女,河北省,是,21,否
577977356,安踏运动工装硬朗春季新款,安踏运动,166,184,90,2968,136,94,飞织面料,MD发泡底,魔术贴鞋,工装硬朗,春季新款,49,女,湖北省,否,21,是
213386216,京东京造复古潮鞋春季新款,京东京造,166,319,52,1083,358,91,混合材质,混合鞋底,松紧带鞋,复古潮鞋,春季新款,41,女,安徽省,是,9,否
294069981,特步男鞋复古潮鞋春季新款,特步男鞋,148,153,97,30,3528,90,合成革鞋,TPR鞋底,拉链鞋款,复古潮鞋,春季新款,60,男,山东省,否,3,否
559813544,回力经典户外机能秋季百搭,回力经典,560,615,91,1455,609,91,布面材质,MD发泡底,松紧带鞋,户外机能,秋季百搭,29,男,浙江省,是,0,否
560790549,其他品牌潮流高街夏季透气,其他品牌,259,267,97,2629,393,91,布面材质,EVA轻底,系带设计,潮流高街,夏季透气,60,男,浙江省,否,1,否
607882560,安踏运动工装硬朗春季新款,安踏运动,119,132,90,741,484,97,超纤皮鞋,橡胶大底,套脚款式,工装硬朗,春季新款,43,女,安徽省,否,19,是
896056695,李宁休闲复古潮鞋春季新款,李宁休闲,99,118,84,131,1532,95,合成革鞋,混合鞋底,魔术贴鞋,复古潮鞋,春季新款,52,男,山东省,否,22,是
402889429,安踏运动工装硬朗冬季保暖,安踏运动,99,152,65,600,567,90,高端飞织,EVA轻底,套脚款式,工装硬朗,冬季保暖,45,女,河南省,是,20,否
366710315,其他品牌复古潮鞋冬季保暖,其他品牌,332,361,92,4993,14257,94,混合材质,MD发泡底,魔术贴鞋,复古潮鞋,冬季保暖,36,男,四川省,否,21,否
656506060,阿迪达斯工装硬朗春季新款,阿迪达斯,149,169,88,4890,496,86,混合材质,PU中底,魔术贴鞋,工装硬朗,春季新款,40,女,福建省,否,21,是
763013547,京东京造潮流高街春季新款,京东京造,120,197,61,552,8219,88,网布透气,TPR鞋底,系带设计,潮流高街,春季新款,48,男,浙江省,是,19,否
975704461,阿迪达斯工装硬朗四季通用,阿迪达斯,99,143,69,1095,732,96,合成革鞋,混合鞋底,套脚款式,工装硬朗,四季通用,55,女,四川省,是,19,否
329084666,回力经典工装硬朗冬季保暖,回力经典,99,112,88,803,215,94,超纤皮鞋,TPR鞋底,拉链鞋款,工装硬朗,冬季保暖,49,女,四川省,是,23,否
200887844,安踏运动简约百搭冬季保暖,安踏运动,124,225,55,325,4127,92,布面材质,混合鞋底,拉链鞋款,简约百搭,冬季保暖,36,男,河北省,是,8,是
528671622,其他品牌工装硬朗冬季保暖,其他品牌,162,167,97,4457,41,94,高端飞织,TPR鞋底,系带设计,工装硬朗,冬季保暖,30,女,湖北省,否,6,否
267932871,阿迪达斯复古潮鞋冬季保暖,阿迪达斯,99,111,89,941,1589,94,超纤皮鞋,EVA轻底,松紧带鞋,复古潮鞋,冬季保暖,32,男,湖北省,否,9,否
146128818,鸿星尔克潮流高街夏季透气,鸿星尔克,329,378,87,27,2761,90,真皮柔软,橡胶大底,魔术贴鞋,潮流高街,夏季透气,58,男,安徽省,是,23,否
918776336,京东京造运动休闲夏季透气,京东京造,105,206,51,1175,10201,95,超纤皮鞋,混合鞋底,套脚款式,运动休闲,夏季透气,52,女,安徽省,是,10,是
543177666,鸿星尔克日常休闲夏季透气,鸿星尔克,193,284,68,237,553,93,真皮柔软,TPR鞋底,套脚款式,日常休闲,夏季透气,48,女,浙江省,否,9,是
545866319,安踏运动潮流高街夏季透气,安踏运动,271,387,70,2219,489,96,布面材质,MD发泡底,松紧带鞋,潮流高街,夏季透气,37,男,安徽省,否,10,是
632827408,京东京造日常休闲夏季透气,京东京造,99,183,54,4569,538,99,合成革鞋,混合鞋底,魔术贴鞋,日常休闲,夏季透气,54,女,安徽省,是,1,是
678389895,阿迪达斯潮流高街冬季保暖,阿迪达斯,194,281,69,552,93,90,飞织面料,混合鞋底,套脚款式,潮流高街,冬季保暖,55,女,河北省,是,9,否
581228072,回力经典简约百搭冬季保暖,回力经典,99,115,86,99,1030,90,真皮柔软,TPR鞋底,套脚款式,简约百搭,冬季保暖,43,男,四川省,否,8,否
630518841,李宁休闲日常休闲春季新款,李宁休闲,99,112,88,729,718,97,网布透气,MD发泡底,拉链鞋款,日常休闲,春季新款,52,女,福建省,是,6,是
769610458,斯凯奇潮简约百搭夏季透气,斯凯奇潮,123,228,54,1052,517,91,高端飞织,橡胶大底,拉链鞋款,简约百搭,夏季透气,61,女,河南省,是,8,是
679793924,其他品牌复古潮鞋春季新款,其他品牌,102,148,69,687,1034,94,超纤皮鞋,橡胶大底,魔术贴鞋,复古潮鞋,春季新款,63,男,浙江省,是,18,是
278655909,其他品牌工装硬朗四季通用,其他品牌,99,187,53,186,17350,85,布面材质,PU中底,套脚款式,工装硬朗,四季通用,45,女,四川省,否,4,是
550739804,耐克潮流工装硬朗四季通用,耐克潮流,101,168,60,530,692,92,飞织面料,EVA轻底,套脚款式,工装硬朗,四季通用,56,男,江苏省,否,20,是
449096549,鸿星尔克日常休闲冬季保暖,鸿星尔克,132,259,51,848,2446,88,飞织面料,PU中底,魔术贴鞋,日常休闲,冬季保暖,33,男,山东省,是,1,是
160672090,李宁休闲运动休闲秋季百搭,李宁休闲,534,545,98,846,606,89,混合材质,橡胶大底,套脚款式,运动休闲,秋季百搭,45,男,四川省,否,22,否
926391095,耐克潮流工装硬朗夏季透气,耐克潮流,166,218,76,3342,522,96,超纤皮鞋,TPR鞋底,魔术贴鞋,工装硬朗,夏季透气,50,男,河南省,是,18,否
126555696,李宁休闲复古潮鞋春季新款,李宁休闲,164,304,54,700,2905,91,飞织面料,混合鞋底,魔术贴鞋,复古潮鞋,春季新款,41,女,江苏省,否,8,否
918003007,特步男鞋户外机能冬季保暖,特步男鞋,151,184,82,846,1204,100,高端飞织,橡胶大底,拉链鞋款,户外机能,冬季保暖,47,男,河南省,否,23,是
870207404,回力经典户外机能春季新款,回力经典,99,134,74,468,1673,96,真皮柔软,PU中底,魔术贴鞋,户外机能,春季新款,55,女,湖北省,否,22,是
719799930,斯凯奇潮工装硬朗冬季保暖,斯凯奇潮,99,119,83,1395,2106,95,合成革鞋,PU中底,魔术贴鞋,工装硬朗,冬季保暖,61,男,河南省,是,3,否
555616284,斯凯奇潮潮流高街夏季透气,斯凯奇潮,699,1205,58,49,1375,96,超纤皮鞋,PU中底,魔术贴鞋,潮流高街,夏季透气,18,男,湖北省,是,6,否
321906025,安踏运动运动休闲春季新款,安踏运动,208,224,93,22,8568,90,合成革鞋,PU中底,套脚款式,运动休闲,春季新款,41,女,浙江省,否,22,否
762930516,李宁休闲运动休闲夏季透气,李宁休闲,315,342,92,4152,1210,95,布面材质,橡胶大底,松紧带鞋,运动休闲,夏季透气,33,男,广东省,是,16,否
638252069,李宁休闲运动休闲秋季百搭,李宁休闲,99,125,79,11,561,94,布面材质,PU中底,系带设计,运动休闲,秋季百搭,36,女,湖北省,否,22,是
940605789,回力经典运动休闲四季通用,回力经典,124,243,51,42,1106,86,布面材质,EVA轻底,松紧带鞋,运动休闲,四季通用,45,女,浙江省,是,0,是
798937370,安踏运动工装硬朗秋季百搭,安踏运动,116,184,63,4,4261,97,飞织面料,EVA轻底,松紧带鞋,工装硬朗,秋季百搭,58,男,江苏省,是,14,否
885394368,安踏运动运动休闲夏季透气,安踏运动,140,189,74,1499,223,96,超纤皮鞋,EVA轻底,系带设计,运动休闲,夏季透气,57,女,湖北省,是,12,否
167236156,安踏运动简约百搭春季新款,安踏运动,99,121,82,15,2387,96,混合材质,橡胶大底,魔术贴鞋,简约百搭,春季新款,44,男,浙江省,是,22,是
744570820,李宁休闲复古潮鞋秋季百搭,李宁休闲,427,508,84,2256,657,97,合成革鞋,橡胶大底,拉链鞋款,复古潮鞋,秋季百搭,55,女,浙江省,否,8,否
782794390,其他品牌户外机能四季通用,其他品牌,141,160,88,2477,1875,93,飞织面料,MD发泡底,松紧带鞋,户外机能,四季通用,59,女,四川省,否,21,是
371273026,其他品牌运动休闲秋季百搭,其他品牌,99,165,60,37,261,99,网布透气,PU中底,系带设计,运动休闲,秋季百搭,52,男,安徽省,是,15,是
293924397,安踏运动日常休闲秋季百搭,安踏运动,115,192,60,703,1189,94,混合材质,橡胶大底,松紧带鞋,日常休闲,秋季百搭,43,女,河北省,是,5,是
877395190,特步男鞋简约百搭四季通用,特步男鞋,116,168,69,4610,241,99,飞织面料,混合鞋底,拉链鞋款,简约百搭,四季通用,52,男,安徽省,是,18,否
425130692,京东京造复古潮鞋四季通用,京东京造,133,177,75,1149,1161,95,真皮柔软,MD发泡底,松紧带鞋,复古潮鞋,四季通用,39,男,安徽省,否,22,否
783970210,京东京造潮流高街四季通用,京东京造,99,100,99,47,733,98,混合材质,EVA轻底,松紧带鞋,潮流高街,四季通用,43,女,山东省,否,20,是
756882193,鸿星尔克日常休闲冬季保暖,鸿星尔克,131,243,54,194,861,98,布面材质,混合鞋底,松紧带鞋,日常休闲,冬季保暖,51,男,江苏省,是,12,否
763287047,其他品牌潮流高街春季新款,其他品牌,113,177,64,805,1880,94,混合材质,TPR鞋底,拉链鞋款,潮流高街,春季新款,59,男,河北省,否,23,否
111556995,京东京造复古潮鞋春季新款,京东京造,189,195,97,716,602,97,混合材质,PU中底,魔术贴鞋,复古潮鞋,春季新款,64,男,广东省,是,19,是
396240008,耐克潮流简约百搭四季通用,耐克潮流,99,125,79,4,3298,92,布面材质,PU中底,系带设计,简约百搭,四季通用,46,男,河南省,否,23,否
504123663,鸿星尔克复古潮鞋春季新款,鸿星尔克,191,251,76,215,1021,93,真皮柔软,橡胶大底,拉链鞋款,复古潮鞋,春季新款,34,男,河南省,是,23,是
746213604,其他品牌简约百搭四季通用,其他品牌,99,100,99,591,1219,91,超纤皮鞋,MD发泡底,魔术贴鞋,简约百搭,四季通用,56,女,山东省,是,20,是
877742867,安踏运动户外机能秋季百搭,安踏运动,133,139,96,720,2385,92,真皮柔软,EVA轻底,魔术贴鞋,户外机能,秋季百搭,40,男,四川省,是,15,否
595895239,耐克潮流户外机能秋季百搭,耐克潮流,353,401,88,1081,310,97,真皮柔软,混合鞋底,套脚款式,户外机能,秋季百搭,39,女,河南省,否,13,是
746966906,李宁休闲简约百搭秋季百搭,李宁休闲,99,139,71,13,5835,91,真皮柔软,TPR鞋底,套脚款式,简约百搭,秋季百搭,36,女,广东省,是,1,否
683578695,特步男鞋运动休闲冬季保暖,特步男鞋,99,168,59,1437,4504,99,飞织面料,TPR鞋底,系带设计,运动休闲,冬季保暖,51,女,福建省,是,17,否
997796708,斯凯奇潮户外机能冬季保暖,斯凯奇潮,284,451,63,274,20066,92,真皮柔软,TPR鞋底,套脚款式,户外机能,冬季保暖,53,男,安徽省,是,4,否
799659763,阿迪达斯简约百搭四季通用,阿迪达斯,308,395,78,31,516,92,高端飞织,PU中底,系带设计,简约百搭,四季通用,60,女,河南省,是,20,是
871684595,特步男鞋潮流高街冬季保暖,特步男鞋,179,227,79,43,1118,91,布面材质,混合鞋底,魔术贴鞋,潮流高街,冬季保暖,57,男,河北省,是,22,是
124671198,斯凯奇潮复古潮鞋四季通用,斯凯奇潮,99,160,62,23,212,96,混合材质,PU中底,魔术贴鞋,复古潮鞋,四季通用,53,男,山东省,否,17,是
273866906,其他品牌简约百搭夏季透气,其他品牌,104,168,62,27,409,97,合成革鞋,混合鞋底,魔术贴鞋,简约百搭,夏季透气,49,女,安徽省,是,21,否
680521391,特步男鞋户外机能春季新款,特步男鞋,171,219,78,609,1256,96,合成革鞋,EVA轻底,套脚款式,户外机能,春季新款,53,女,山东省,是,21,是
669362431,京东京造户外机能四季通用,京东京造,196,231,85,4132,1101,91,布面材质,混合鞋底,拉链鞋款,户外机能,四季通用,42,女,福建省,否,14,否
443907753,耐克潮流工装硬朗秋季百搭,耐克潮流,124,225,55,20,3230,93,飞织面料,EVA轻底,魔术贴鞋,工装硬朗,秋季百搭,40,女,浙江省,否,10,否
325066994,安踏运动工装硬朗春季新款,安踏运动,99,108,92,2,135,96,布面材质,混合鞋底,松紧带鞋,工装硬朗,春季新款,62,男,江苏省,是,14,否
949872893,李宁休闲简约百搭秋季百搭,李宁休闲,183,208,88,12,463,90,高端飞织,混合鞋底,松紧带鞋,简约百搭,秋季百搭,52,女,安徽省,否,20,否
772480553,耐克潮流复古潮鞋四季通用,耐克潮流,119,163,73,635,489,88,飞织面料,PU中底,系带设计,复古潮鞋,四季通用,40,男,江苏省,否,17,是
905304700,回力经典潮流高街四季通用,回力经典,99,108,92,788,126,96,高端飞织,PU中底,系带设计,潮流高街,四季通用,48,女,山东省,否,7,否
900183559,回力经典工装硬朗秋季百搭,回力经典,116,145,80,1,741,94,混合材质,橡胶大底,系带设计,工装硬朗,秋季百搭,65,女,广东省,否,1,否
545978639,回力经典工装硬朗春季新款,回力经典,241,377,64,1228,3559,96,布面材质,MD发泡底,系带设计,工装硬朗,春季新款,48,女,四川省,是,8,是
527292210,回力经典日常休闲春季新款,回力经典,117,124,94,31,880,91,高端飞织,橡胶大底,松紧带鞋,日常休闲,春季新款,46,女,河南省,否,20,否
436493671,京东京造运动休闲夏季透气,京东京造,463,551,84,479,1461,93,混合材质,MD发泡底,松紧带鞋,运动休闲,夏季透气,50,男,湖北省,否,9,是
187689950,斯凯奇潮潮流高街春季新款,斯凯奇潮,297,371,80,1248,297,93,高端飞织,橡胶大底,松紧带鞋,潮流高街,春季新款,45,男,湖北省,是,19,否
376837956,回力经典复古潮鞋春季新款,回力经典,136,179,76,22,6244,96,真皮柔软,橡胶大底,套脚款式,复古潮鞋,春季新款,54,女,江苏省,是,21,否
141516458,斯凯奇潮复古潮鞋秋季百搭,斯凯奇潮,159,248,64,62,2104,85,布面材质,TPR鞋底,魔术贴鞋,复古潮鞋,秋季百搭,40,男,广东省,是,21,是
876898874,回力经典潮流高街冬季保暖,回力经典,105,164,64,791,160,91,超纤皮鞋,橡胶大底,松紧带鞋,潮流高街,冬季保暖,40,女,福建省,否,3,是
504403074,特步男鞋户外机能四季通用,特步男鞋,165,275,60,1321,377,97,超纤皮鞋,TPR鞋底,松紧带鞋,户外机能,四季通用,62,男,浙江省,是,20,是
224337121,斯凯奇潮运动休闲冬季保暖,斯凯奇潮,200,206,97,13,934,93,网布透气,橡胶大底,拉链鞋款,运动休闲,冬季保暖,55,男,河北省,否,12,是
807071853,耐克潮流户外机能冬季保暖,耐克潮流,184,361,51,15,2100,93,超纤皮鞋,TPR鞋底,系带设计,户外机能,冬季保暖,50,男,湖北省,是,17,是
897171637,安踏运动运动休闲春季新款,安踏运动,109,116,94,1363,261,97,超纤皮鞋,TPR鞋底,魔术贴鞋,运动休闲,春季新款,52,女,福建省,否,19,否
837686371,耐克潮流日常休闲冬季保暖,耐克潮流,133,166,80,283,6899,91,飞织面料,橡胶大底,松紧带鞋,日常休闲,冬季保暖,48,男,河北省,是,22,是
629314610,斯凯奇潮运动休闲四季通用,斯凯奇潮,537,617,87,1262,2824,94,混合材质,混合鞋底,松紧带鞋,运动休闲,四季通用,43,男,福建省,否,21,是
983830769,斯凯奇潮潮流高街四季通用,斯凯奇潮,99,139,71,1062,420,96,网布透气,混合鞋底,套脚款式,潮流高街,四季通用,42,男,江苏省,否,6,是
540800954,李宁休闲工装硬朗冬季保暖,李宁休闲,99,110,90,4974,1811,97,飞织面料,PU中底,系带设计,工装硬朗,冬季保暖,62,男,四川省,否,1,否
393636602,京东京造复古潮鞋四季通用,京东京造,112,167,67,704,423,97,合成革鞋,EVA轻底,套脚款式,复古潮鞋,四季通用,33,女,浙江省,否,20,是
292515648,其他品牌日常休闲四季通用,其他品牌,107,195,55,37,1518,99,网布透气,EVA轻底,套脚款式,日常休闲,四季通用,56,男,江苏省,否,13,否
897422445,耐克潮流运动休闲春季新款,耐克潮流,108,119,91,357,837,93,合成革鞋,MD发泡底,松紧带鞋,运动休闲,春季新款,63,男,广东省,是,12,否
364940888,斯凯奇潮日常休闲夏季透气,斯凯奇潮,99,168,59,751,1270,96,真皮柔软,PU中底,拉链鞋款,日常休闲,夏季透气,58,男,浙江省,是,13,否
471782430,其他品牌户外机能冬季保暖,其他品牌,101,117,86,2669,1540,90,真皮柔软,TPR鞋底,系带设计,户外机能,冬季保暖,58,女,山东省,否,7,否
582659967,安踏运动简约百搭冬季保暖,安踏运动,195,275,71,19,2678,87,飞织面料,PU中底,套脚款式,简约百搭,冬季保暖,58,男,河南省,否,15,是
556476145,李宁休闲简约百搭夏季透气,李宁休闲,148,153,97,1020,3177,96,布面材质,TPR鞋底,松紧带鞋,简约百搭,夏季透气,55,女,福建省,是,0,否
423038653,阿迪达斯复古潮鞋春季新款,阿迪达斯,142,180,79,549,550,95,混合材质,EVA轻底,魔术贴鞋,复古潮鞋,春季新款,45,男,浙江省,否,22,是
861601283,其他品牌复古潮鞋冬季保暖,其他品牌,176,185,95,1085,429,97,混合材质,MD发泡底,套脚款式,复古潮鞋,冬季保暖,47,男,广东省,是,21,否
752609419,其他品牌运动休闲春季新款,其他品牌,99,155,64,144,1061,95,真皮柔软,TPR鞋底,拉链鞋款,运动休闲,春季新款,61,男,安徽省,是,17,否
907368348,京东京造日常休闲冬季保暖,京东京造,218,245,89,714,3491,96,混合材质,EVA轻底,魔术贴鞋,日常休闲,冬季保暖,52,女,广东省,否,11,是
529529939,特步男鞋潮流高街春季新款,特步男鞋,99,194,51,101,10139,96,合成革鞋,PU中底,魔术贴鞋,潮流高街,春季新款,36,男,广东省,是,20,是
789276821,特步男鞋潮流高街夏季透气,特步男鞋,338,352,96,4,139,98,网布透气,TPR鞋底,拉链鞋款,潮流高街,夏季透气,30,女,福建省,是,0,是
308512912,京东京造日常休闲四季通用,京东京造,472,583,81,226,7542,95,混合材质,TPR鞋底,魔术贴鞋,日常休闲,四季通用,49,男,江苏省,否,23,是
412575416,鸿星尔克潮流高街冬季保暖,鸿星尔克,99,174,57,2216,2102,89,混合材质,EVA轻底,拉链鞋款,潮流高街,冬季保暖,50,男,浙江省,否,17,是
147446431,阿迪达斯户外机能春季新款,阿迪达斯,99,110,90,2842,540,90,飞织面料,TPR鞋底,系带设计,户外机能,春季新款,53,男,广东省,是,10,否
681220866,回力经典户外机能春季新款,回力经典,136,170,80,102,7933,96,布面材质,TPR鞋底,系带设计,户外机能,春季新款,47,女,河南省,是,14,是
758616935,鸿星尔克工装硬朗秋季百搭,鸿星尔克,103,117,88,419,568,90,超纤皮鞋,PU中底,拉链鞋款,工装硬朗,秋季百搭,47,男,湖北省,是,11,否
378107751,回力经典潮流高街冬季保暖,回力经典,181,278,65,699,1319,97,布面材质,橡胶大底,套脚款式,潮流高街,冬季保暖,35,女,浙江省,否,3,否
186588421,特步男鞋复古潮鞋冬季保暖,特步男鞋,164,174,94,1385,1153,93,网布透气,TPR鞋底,套脚款式,复古潮鞋,冬季保暖,46,女,河北省,是,9,是
190969547,京东京造工装硬朗四季通用,京东京造,99,146,68,581,1309,95,真皮柔软,混合鞋底,系带设计,工装硬朗,四季通用,54,男,湖北省,是,8,是
488965356,鸿星尔克日常休闲四季通用,鸿星尔克,99,121,82,3104,3357,93,高端飞织,混合鞋底,拉链鞋款,日常休闲,四季通用,56,女,安徽省,否,14,是
888566330,回力经典简约百搭四季通用,回力经典,99,134,74,55,5680,90,布面材质,EVA轻底,套脚款式,简约百搭,四季通用,31,男,广东省,是,3,是
686927454,鸿星尔克运动休闲夏季透气,鸿星尔克,99,183,54,3780,134,96,合成革鞋,橡胶大底,系带设计,运动休闲,夏季透气,36,男,河北省,否,1,否
250230590,其他品牌日常休闲四季通用,其他品牌,141,142,99,1332,1696,91,高端飞织,TPR鞋底,套脚款式,日常休闲,四季通用,56,女,四川省,否,12,否
978455580,回力经典运动休闲冬季保暖,回力经典,170,266,64,720,337,95,混合材质,MD发泡底,魔术贴鞋,运动休闲,冬季保暖,41,男,湖北省,否,22,是
925568227,京东京造潮流高街夏季透气,京东京造,290,527,55,4670,87,95,合成革鞋,PU中底,松紧带鞋,潮流高街,夏季透气,37,男,四川省,是,20,否
774881249,斯凯奇潮工装硬朗四季通用,斯凯奇潮,99,118,84,3832,402,97,网布透气,MD发泡底,套脚款式,工装硬朗,四季通用,52,男,四川省,是,15,否
645603053,回力经典复古潮鞋夏季透气,回力经典,263,365,72,32,1693,85,混合材质,MD发泡底,松紧带鞋,复古潮鞋,夏季透气,48,男,河北省,是,22,是
324604062,耐克潮流简约百搭秋季百搭,耐克潮流,99,143,69,312,1397,94,网布透气,PU中底,套脚款式,简约百搭,秋季百搭,47,女,福建省,否,17,是
739167262,斯凯奇潮简约百搭秋季百搭,斯凯奇潮,136,219,62,1044,765,95,混合材质,MD发泡底,魔术贴鞋,简约百搭,秋季百搭,41,女,广东省,是,22,是
351297241,安踏运动潮流高街春季新款,安踏运动,99,183,54,25,196,91,混合材质,橡胶大底,拉链鞋款,潮流高街,春季新款,43,男,广东省,是,15,否
282711096,斯凯奇潮潮流高街四季通用,斯凯奇潮,99,110,90,157,318,91,混合材质,橡胶大底,松紧带鞋,潮流高街,四季通用,33,女,福建省,是,2,是
346146204,京东京造户外机能冬季保暖,京东京造,163,247,66,22,638,93,网布透气,EVA轻底,拉链鞋款,户外机能,冬季保暖,63,女,四川省,否,10,否
364834952,特步男鞋复古潮鞋秋季百搭,特步男鞋,110,162,68,84,2133,98,合成革鞋,TPR鞋底,松紧带鞋,复古潮鞋,秋季百搭,34,男,江苏省,否,11,是
865948809,斯凯奇潮复古潮鞋冬季保暖,斯凯奇潮,99,136,73,868,77,95,真皮柔软,PU中底,拉链鞋款,复古潮鞋,冬季保暖,52,男,福建省,是,21,是
604172859,李宁休闲运动休闲四季通用,李宁休闲,99,129,77,927,3922,94,布面材质,橡胶大底,套脚款式,运动休闲,四季通用,59,女,江苏省,否,7,否
162353347,阿迪达斯工装硬朗四季通用,阿迪达斯,112,211,53,36,438,99,网布透气,EVA轻底,魔术贴鞋,工装硬朗,四季通用,37,女,湖北省,否,13,是
765356228,安踏运动日常休闲冬季保暖,安踏运动,326,572,57,181,62,96,超纤皮鞋,PU中底,系带设计,日常休闲,冬季保暖,33,女,河北省,否,20,否
469427985,李宁休闲工装硬朗冬季保暖,李宁休闲,99,171,58,1420,3589,96,网布透气,混合鞋底,系带设计,工装硬朗,冬季保暖,38,男,河北省,是,21,是
569189023,鸿星尔克户外机能冬季保暖,鸿星尔克,99,132,75,1500,507,94,高端飞织,TPR鞋底,松紧带鞋,户外机能,冬季保暖,32,男,江苏省,否,17,是
911936849,斯凯奇潮运动休闲四季通用,斯凯奇潮,99,138,72,17,1208,91,混合材质,TPR鞋底,松紧带鞋,运动休闲,四季通用,54,女,湖北省,是,22,否
550686835,鸿星尔克复古潮鞋春季新款,鸿星尔克,99,111,89,518,632,91,超纤皮鞋,TPR鞋底,魔术贴鞋,复古潮鞋,春季新款,48,男,浙江省,是,13,是
524124510,阿迪达斯潮流高街春季新款,阿迪达斯,150,242,62,56,7596,90,飞织面料,EVA轻底,系带设计,潮流高街,春季新款,51,女,浙江省,是,7,否
619712116,阿迪达斯简约百搭四季通用,阿迪达斯,99,162,61,719,1163,91,混合材质,混合鞋底,魔术贴鞋,简约百搭,四季通用,53,女,浙江省,是,1,否
241975086,其他品牌户外机能夏季透气,其他品牌,142,192,74,1258,1689,86,高端飞织,MD发泡底,系带设计,户外机能,夏季透气,35,女,江苏省,否,8,否
144995113,特步男鞋简约百搭春季新款,特步男鞋,191,318,60,257,14539,96,合成革鞋,EVA轻底,拉链鞋款,简约百搭,春季新款,47,男,河南省,是,22,否
677047107,安踏运动日常休闲秋季百搭,安踏运动,99,115,86,689,336,93,超纤皮鞋,混合鞋底,拉链鞋款,日常休闲,秋季百搭,43,女,安徽省,是,17,是
997270694,耐克潮流工装硬朗春季新款,耐克潮流,147,171,86,951,2238,98,真皮柔软,MD发泡底,魔术贴鞋,工装硬朗,春季新款,52,女,福建省,是,3,否
970672123,斯凯奇潮复古潮鞋秋季百搭,斯凯奇潮,264,267,99,764,634,97,高端飞织,EVA轻底,系带设计,复古潮鞋,秋季百搭,48,女,浙江省,否,5,否
461929209,斯凯奇潮复古潮鞋夏季透气,斯凯奇潮,171,335,51,14,133,95,飞织面料,混合鞋底,套脚款式,复古潮鞋,夏季透气,55,女,江苏省,否,4,否
892067862,其他品牌运动休闲四季通用,其他品牌,110,115,96,161,936,95,网布透气,EVA轻底,拉链鞋款,运动休闲,四季通用,53,男,河南省,否,23,否
497045254,耐克潮流运动休闲夏季透气,耐克潮流,99,148,67,87,753,91,高端飞织,EVA轻底,系带设计,运动休闲,夏季透气,52,男,四川省,是,20,是
391560379,耐克潮流户外机能四季通用,耐克潮流,200,200,100,384,5045,100,超纤皮鞋,MD发泡底,系带设计,户外机能,四季通用,49,男,山东省,是,22,是
516259360,李宁休闲简约百搭冬季保暖,李宁休闲,99,194,51,429,297,98,混合材质,EVA轻底,套脚款式,简约百搭,冬季保暖,45,女,福建省,是,1,否
843359441,京东京造潮流高街四季通用,京东京造,99,180,55,316,939,92,混合材质,EVA轻底,魔术贴鞋,潮流高街,四季通用,50,男,福建省,否,3,否
852873662,阿迪达斯简约百搭四季通用,阿迪达斯,148,247,60,31,298,96,飞织面料,TPR鞋底,魔术贴鞋,简约百搭,四季通用,45,女,江苏省,是,1,是
945564777,斯凯奇潮工装硬朗冬季保暖,斯凯奇潮,99,177,56,993,2526,94,合成革鞋,MD发泡底,松紧带鞋,工装硬朗,冬季保暖,59,女,湖北省,否,23,是
646200036,耐克潮流运动休闲冬季保暖,耐克潮流,132,259,51,1281,392,98,超纤皮鞋,MD发泡底,拉链鞋款,运动休闲,冬季保暖,62,女,安徽省,是,5,是
614226762,耐克潮流日常休闲四季通用,耐克潮流,160,246,65,744,2421,99,混合材质,MD发泡底,松紧带鞋,日常休闲,四季通用,46,女,福建省,是,22,否
600146167,斯凯奇潮运动休闲冬季保暖,斯凯奇潮,121,224,54,829,2339,97,高端飞织,TPR鞋底,拉链鞋款,运动休闲,冬季保暖,48,女,山东省,否,8,是
656179470,回力经典潮流高街夏季透气,回力经典,200,328,61,244,9844,99,布面材质,EVA轻底,魔术贴鞋,潮流高街,夏季透气,52,男,四川省,否,8,是
973615179,回力经典潮流高街冬季保暖,回力经典,251,251,100,154,173,95,合成革鞋,PU中底,松紧带鞋,潮流高街,冬季保暖,44,女,福建省,是,23,是
581728851,安踏运动复古潮鞋秋季百搭,安踏运动,143,270,53,413,736,90,高端飞织,混合鞋底,套脚款式,复古潮鞋,秋季百搭,61,女,河南省,是,18,否
207758047,李宁休闲复古潮鞋冬季保暖,李宁休闲,571,705,81,4979,460,92,合成革鞋,EVA轻底,系带设计,复古潮鞋,冬季保暖,43,女,河北省,是,2,否
883478237,安踏运动工装硬朗春季新款,安踏运动,99,127,78,2400,263,90,网布透气,EVA轻底,松紧带鞋,工装硬朗,春季新款,54,女,山东省,是,6,是
945677249,耐克潮流工装硬朗四季通用,耐克潮流,99,102,97,883,199,94,超纤皮鞋,TPR鞋底,魔术贴鞋,工装硬朗,四季通用,53,男,河南省,否,11,否
924706184,京东京造运动休闲春季新款,京东京造,143,231,62,2216,569,96,布面材质,混合鞋底,魔术贴鞋,运动休闲,春季新款,47,女,安徽省,是,6,否
323789774,斯凯奇潮简约百搭四季通用,斯凯奇潮,99,187,53,19,45,91,网布透气,PU中底,松紧带鞋,简约百搭,四季通用,30,女,浙江省,否,20,是
704288875,安踏运动潮流高街冬季保暖,安踏运动,99,183,54,31,208,100,网布透气,MD发泡底,魔术贴鞋,潮流高街,冬季保暖,43,男,湖北省,是,8,是
776287120,鸿星尔克简约百搭秋季百搭,鸿星尔克,99,106,93,17,736,93,高端飞织,EVA轻底,拉链鞋款,简约百搭,秋季百搭,43,男,江苏省,是,13,否
662820827,安踏运动简约百搭四季通用,安踏运动,130,224,58,536,12319,97,超纤皮鞋,TPR鞋底,魔术贴鞋,简约百搭,四季通用,50,男,湖北省,是,6,否
339561943,其他品牌日常休闲夏季透气,其他品牌,99,122,81,1148,422,97,混合材质,MD发泡底,拉链鞋款,日常休闲,夏季透气,48,女,广东省,否,23,否
354369550,安踏运动潮流高街秋季百搭,安踏运动,99,148,67,492,3688,85,飞织面料,TPR鞋底,拉链鞋款,潮流高街,秋季百搭,50,女,河南省,否,6,是
803724115,鸿星尔克户外机能秋季百搭,鸿星尔克,99,106,93,10,424,99,合成革鞋,MD发泡底,拉链鞋款,户外机能,秋季百搭,37,男,四川省,否,11,是
899368366,回力经典潮流高街冬季保暖,回力经典,208,248,84,943,1518,94,混合材质,混合鞋底,系带设计,潮流高街,冬季保暖,41,男,江苏省,是,13,是
592849766,阿迪达斯简约百搭冬季保暖,阿迪达斯,177,206,86,413,2425,90,合成革鞋,EVA轻底,松紧带鞋,简约百搭,冬季保暖,53,男,江苏省,否,23,否
183768930,其他品牌运动休闲秋季百搭,其他品牌,137,228,60,37,286,92,布面材质,混合鞋底,拉链鞋款,运动休闲,秋季百搭,33,男,山东省,是,12,否
821531938,耐克潮流运动休闲秋季百搭,耐克潮流,99,141,70,4115,1106,92,合成革鞋,橡胶大底,魔术贴鞋,运动休闲,秋季百搭,59,女,浙江省,是,22,是
342892923,阿迪达斯日常休闲四季通用,阿迪达斯,118,134,88,7,8736,96,布面材质,橡胶大底,松紧带鞋,日常休闲,四季通用,38,女,山东省,否,19,否
541297490,京东京造运动休闲冬季保暖,京东京造,131,142,92,2806,1962,96,超纤皮鞋,TPR鞋底,松紧带鞋,运动休闲,冬季保暖,46,女,四川省,否,4,否
704100178,鸿星尔克日常休闲春季新款,鸿星尔克,244,364,67,2777,1147,98,真皮柔软,EVA轻底,拉链鞋款,日常休闲,春季新款,44,女,河北省,否,21,是
491435737,阿迪达斯工装硬朗冬季保暖,阿迪达斯,99,168,59,833,615,92,超纤皮鞋,PU中底,魔术贴鞋,工装硬朗,冬季保暖,53,男,江苏省,否,2,是
254541075,其他品牌工装硬朗春季新款,其他品牌,151,229,66,178,533,97,网布透气,橡胶大底,系带设计,工装硬朗,春季新款,33,男,江苏省,否,10,否
114219896,阿迪达斯简约百搭春季新款,阿迪达斯,99,100,99,3953,76,91,高端飞织,TPR鞋底,松紧带鞋,简约百搭,春季新款,49,女,福建省,否,19,否
932397063,鸿星尔克潮流高街秋季百搭,鸿星尔克,99,105,94,2287,725,92,超纤皮鞋,PU中底,松紧带鞋,潮流高街,秋季百搭,52,男,江苏省,是,5,是
956081365,鸿星尔克运动休闲春季新款,鸿星尔克,99,100,99,897,1202,96,飞织面料,混合鞋底,魔术贴鞋,运动休闲,春季新款,46,男,广东省,否,19,否
768858410,特步男鞋复古潮鞋冬季保暖,特步男鞋,126,137,92,14,262,97,超纤皮鞋,EVA轻底,松紧带鞋,复古潮鞋,冬季保暖,52,女,浙江省,是,14,是
889120201,特步男鞋日常休闲夏季透气,特步男鞋,364,578,63,954,56,100,布面材质,MD发泡底,松紧带鞋,日常休闲,夏季透气,50,男,福建省,是,23,是
732315032,斯凯奇潮户外机能秋季百搭,斯凯奇潮,298,403,74,828,47,90,飞织面料,橡胶大底,系带设计,户外机能,秋季百搭,54,女,四川省,是,19,是
297710828,斯凯奇潮运动休闲秋季百搭,斯凯奇潮,217,286,76,343,7226,93,合成革鞋,TPR鞋底,拉链鞋款,运动休闲,秋季百搭,51,男,山东省,否,17,是
293453317,其他品牌复古潮鞋冬季保暖,其他品牌,117,202,58,434,1717,100,真皮柔软,橡胶大底,拉链鞋款,复古潮鞋,冬季保暖,52,女,安徽省,否,9,是
111661027,其他品牌日常休闲冬季保暖,其他品牌,219,258,85,138,6385,91,混合材质,PU中底,系带设计,日常休闲,冬季保暖,54,男,福建省,是,13,否
342053099,李宁休闲简约百搭夏季透气,李宁休闲,213,277,77,13,1069,96,合成革鞋,混合鞋底,松紧带鞋,简约百搭,夏季透气,53,男,山东省,否,5,是
383756043,回力经典户外机能秋季百搭,回力经典,238,326,73,2186,7229,96,布面材质,橡胶大底,松紧带鞋,户外机能,秋季百搭,37,男,浙江省,否,21,否
890430775,鸿星尔克潮流高街夏季透气,鸿星尔克,245,306,80,56,1501,88,超纤皮鞋,PU中底,套脚款式,潮流高街,夏季透气,52,男,河南省,是,10,是
588059644,阿迪达斯工装硬朗夏季透气,阿迪达斯,122,179,68,366,497,97,高端飞织,TPR鞋底,套脚款式,工装硬朗,夏季透气,56,女,四川省,是,15,是
591976601,京东京造日常休闲四季通用,京东京造,123,140,88,512,488,94,布面材质,橡胶大底,套脚款式,日常休闲,四季通用,53,女,江苏省,否,13,否
553198858,耐克潮流工装硬朗秋季百搭,耐克潮流,99,162,61,1136,855,92,布面材质,MD发泡底,松紧带鞋,工装硬朗,秋季百搭,45,女,浙江省,是,17,否
430034154,特步男鞋户外机能夏季透气,特步男鞋,102,131,78,2661,1276,86,高端飞织,TPR鞋底,系带设计,户外机能,夏季透气,51,男,广东省,否,6,否
496289891,李宁休闲简约百搭秋季百搭,李宁休闲,99,183,54,168,2763,85,网布透气,EVA轻底,拉链鞋款,简约百搭,秋季百搭,53,女,福建省,是,15,否
221384810,阿迪达斯户外机能春季新款,阿迪达斯,345,651,53,49,3731,94,超纤皮鞋,橡胶大底,拉链鞋款,户外机能,春季新款,60,男,广东省,否,21,是
622163746,其他品牌复古潮鞋冬季保暖,其他品牌,99,130,76,362,911,92,飞织面料,TPR鞋底,松紧带鞋,复古潮鞋,冬季保暖,49,男,湖北省,是,16,是
948196863,李宁休闲简约百搭四季通用,李宁休闲,203,207,98,846,514,87,超纤皮鞋,EVA轻底,系带设计,简约百搭,四季通用,48,男,山东省,否,12,否
949967142,斯凯奇潮潮流高街春季新款,斯凯奇潮,104,137,76,414,1331,96,布面材质,PU中底,套脚款式,潮流高街,春季新款,56,女,安徽省,否,0,是
533314498,京东京造复古潮鞋冬季保暖,京东京造,99,155,64,37,2519,95,网布透气,EVA轻底,魔术贴鞋,复古潮鞋,冬季保暖,55,女,浙江省,否,14,是
645015530,京东京造潮流高街夏季透气,京东京造,199,209,95,242,4136,100,合成革鞋,MD发泡底,系带设计,潮流高街,夏季透气,54,男,福建省,否,14,否
131872200,京东京造简约百搭夏季透气,京东京造,99,157,63,1079,1240,90,合成革鞋,MD发泡底,松紧带鞋,简约百搭,夏季透气,47,男,广东省,否,21,否
721321357,京东京造户外机能冬季保暖,京东京造,103,137,75,3179,958,92,布面材质,TPR鞋底,套脚款式,户外机能,冬季保暖,61,男,安徽省,是,23,否
812279133,其他品牌潮流高街春季新款,其他品牌,160,254,63,1059,2755,97,混合材质,混合鞋底,魔术贴鞋,潮流高街,春季新款,53,男,湖北省,是,19,否
793666069,安踏运动简约百搭四季通用,安踏运动,99,115,86,10,4347,91,高端飞织,PU中底,魔术贴鞋,简约百搭,四季通用,46,男,江苏省,是,6,否
710971833,阿迪达斯户外机能夏季透气,阿迪达斯,99,143,69,659,274,91,高端飞织,PU中底,魔术贴鞋,户外机能,夏季透气,33,男,安徽省,否,8,否
202733695,鸿星尔克运动休闲冬季保暖,鸿星尔克,99,111,89,1289,3513,97,真皮柔软,橡胶大底,松紧带鞋,运动休闲,冬季保暖,53,女,安徽省,是,1,否
802186914,李宁休闲工装硬朗秋季百搭,李宁休闲,155,189,82,502,50,93,网布透气,橡胶大底,套脚款式,工装硬朗,秋季百搭,59,女,四川省,否,20,否
317945622,李宁休闲潮流高街秋季百搭,李宁休闲,175,216,81,893,496,93,网布透气,TPR鞋底,魔术贴鞋,潮流高街,秋季百搭,56,男,福建省,是,20,是
571643495,特步男鞋工装硬朗秋季百搭,特步男鞋,99,162,61,387,3634,90,合成革鞋,EVA轻底,松紧带鞋,工装硬朗,秋季百搭,45,男,浙江省,否,14,否
766620780,耐克潮流潮流高街春季新款,耐克潮流,99,115,86,5,1206,90,真皮柔软,橡胶大底,系带设计,潮流高街,春季新款,46,男,河南省,否,22,是
969533299,京东京造户外机能夏季透气,京东京造,136,166,82,4,1905,90,高端飞织,MD发泡底,套脚款式,户外机能,夏季透气,63,男,山东省,是,23,否
922577767,斯凯奇潮运动休闲夏季透气,斯凯奇潮,142,218,65,16,1230,99,网布透气,混合鞋底,魔术贴鞋,运动休闲,夏季透气,47,女,浙江省,否,7,否
141743902,鸿星尔克简约百搭秋季百搭,鸿星尔克,160,170,94,1117,2199,88,合成革鞋,PU中底,松紧带鞋,简约百搭,秋季百搭,53,男,四川省,否,21,是
129063418,其他品牌日常休闲夏季透气,其他品牌,99,155,64,305,477,97,高端飞织,混合鞋底,松紧带鞋,日常休闲,夏季透气,35,女,浙江省,是,2,是
419365535,其他品牌工装硬朗秋季百搭,其他品牌,101,131,77,4637,3424,100,飞织面料,橡胶大底,松紧带鞋,工装硬朗,秋季百搭,22,男,安徽省,是,12,否
609964293,鸿星尔克复古潮鞋冬季保暖,鸿星尔克,175,219,80,750,225,92,混合材质,橡胶大底,拉链鞋款,复古潮鞋,冬季保暖,47,女,湖北省,是,4,否
661582371,耐克潮流日常休闲春季新款,耐克潮流,99,155,64,644,651,91,超纤皮鞋,MD发泡底,系带设计,日常休闲,春季新款,45,女,福建省,是,21,是
186521191,鸿星尔克运动休闲冬季保暖,鸿星尔克,218,404,54,978,16543,93,混合材质,PU中底,系带设计,运动休闲,冬季保暖,39,女,福建省,是,21,否
264457221,李宁休闲潮流高街冬季保暖,李宁休闲,194,373,52,29,296,97,高端飞织,TPR鞋底,套脚款式,潮流高街,冬季保暖,55,女,四川省,否,22,是
564319386,其他品牌运动休闲秋季百搭,其他品牌,230,404,57,394,1635,94,真皮柔软,MD发泡底,魔术贴鞋,运动休闲,秋季百搭,49,男,江苏省,否,20,否
125503721,李宁休闲复古潮鞋冬季保暖,李宁休闲,110,117,94,712,390,86,网布透气,TPR鞋底,套脚款式,复古潮鞋,冬季保暖,42,男,浙江省,是,22,是
667834783,李宁休闲潮流高街夏季透气,李宁休闲,311,334,93,61,496,99,高端飞织,TPR鞋底,系带设计,潮流高街,夏季透气,48,男,湖北省,是,21,否
797104034,鸿星尔克工装硬朗夏季透气,鸿星尔克,99,121,82,466,7485,97,高端飞织,橡胶大底,松紧带鞋,工装硬朗,夏季透气,56,男,浙江省,是,20,是
384214143,安踏运动户外机能春季新款,安踏运动,290,392,74,1190,473,96,飞织面料,EVA轻底,松紧带鞋,户外机能,春季新款,51,男,安徽省,否,5,是
691942819,斯凯奇潮简约百搭秋季百搭,斯凯奇潮,278,309,90,4285,2660,90,混合材质,混合鞋底,松紧带鞋,简约百搭,秋季百搭,51,男,江苏省,否,19,是
469723495,耐克潮流工装硬朗秋季百搭,耐克潮流,99,106,93,1223,1048,99,混合材质,混合鞋底,拉链鞋款,工装硬朗,秋季百搭,45,女,河北省,是,18,否
745862031,特步男鞋户外机能四季通用,特步男鞋,275,387,71,13,100,95,布面材质,橡胶大底,松紧带鞋,户外机能,四季通用,53,男,福建省,否,22,是
249804429,斯凯奇潮简约百搭秋季百搭,斯凯奇潮,101,120,84,245,874,96,网布透气,MD发泡底,魔术贴鞋,简约百搭,秋季百搭,56,男,河南省,否,0,是
199335043,鸿星尔克日常休闲秋季百搭,鸿星尔克,112,170,66,103,989,100,超纤皮鞋,MD发泡底,魔术贴鞋,日常休闲,秋季百搭,48,男,广东省,是,9,否
837002072,鸿星尔克日常休闲冬季保暖,鸿星尔克,153,189,81,1004,1434,91,混合材质,TPR鞋底,魔术贴鞋,日常休闲,冬季保暖,42,男,福建省,否,20,是
119449353,李宁休闲潮流高街冬季保暖,李宁休闲,99,139,71,1286,3091,94,超纤皮鞋,混合鞋底,松紧带鞋,潮流高街,冬季保暖,50,女,四川省,否,2,是
105748604,斯凯奇潮工装硬朗四季通用,斯凯奇潮,112,184,61,4400,1517,90,高端飞织,混合鞋底,松紧带鞋,工装硬朗,四季通用,47,女,安徽省,是,17,是
581382752,鸿星尔克潮流高街春季新款,鸿星尔克,99,141,70,919,1901,91,合成革鞋,PU中底,拉链鞋款,潮流高街,春季新款,58,男,福建省,是,16,否
840257687,斯凯奇潮工装硬朗春季新款,斯凯奇潮,99,146,68,24,9701,96,飞织面料,MD发泡底,系带设计,工装硬朗,春季新款,43,男,江苏省,是,21,否
388881827,鸿星尔克复古潮鞋春季新款,鸿星尔克,99,127,78,4057,2728,92,混合材质,混合鞋底,套脚款式,复古潮鞋,春季新款,48,男,福建省,是,9,是
384254576,李宁休闲日常休闲四季通用,李宁休闲,261,343,76,1046,244,95,高端飞织,EVA轻底,套脚款式,日常休闲,四季通用,40,男,广东省,是,23,是
586246063,特步男鞋日常休闲四季通用,特步男鞋,99,155,64,1160,560,92,混合材质,MD发泡底,套脚款式,日常休闲,四季通用,33,男,福建省,否,4,是
265657771,阿迪达斯复古潮鞋冬季保暖,阿迪达斯,99,101,98,730,3738,99,超纤皮鞋,橡胶大底,系带设计,复古潮鞋,冬季保暖,43,女,福建省,是,11,否
527613439,李宁休闲运动休闲四季通用,李宁休闲,99,148,67,1207,265,96,超纤皮鞋,PU中底,拉链鞋款,运动休闲,四季通用,38,男,浙江省,否,21,否
935877041,耐克潮流复古潮鞋四季通用,耐克潮流,99,118,84,1212,1337,86,布面材质,PU中底,套脚款式,复古潮鞋,四季通用,41,男,安徽省,是,14,是
133288047,回力经典户外机能四季通用,回力经典,223,314,71,555,1889,90,混合材质,TPR鞋底,松紧带鞋,户外机能,四季通用,54,男,湖北省,否,20,是
291910508,其他品牌复古潮鞋冬季保暖,其他品牌,99,124,80,513,170,98,飞织面料,MD发泡底,魔术贴鞋,复古潮鞋,冬季保暖,41,男,江苏省,是,7,是
276599382,耐克潮流简约百搭四季通用,耐克潮流,165,246,67,3069,1135,92,混合材质,橡胶大底,系带设计,简约百搭,四季通用,56,男,河北省,否,6,否
940967874,回力经典运动休闲春季新款,回力经典,156,244,64,1449,114,86,超纤皮鞋,混合鞋底,套脚款式,运动休闲,春季新款,46,女,山东省,是,9,否
918835501,京东京造工装硬朗四季通用,京东京造,191,313,61,572,1247,94,混合材质,TPR鞋底,魔术贴鞋,工装硬朗,四季通用,52,女,广东省,否,10,否
463130246,李宁休闲工装硬朗春季新款,李宁休闲,164,205,80,1302,2439,96,超纤皮鞋,混合鞋底,套脚款式,工装硬朗,春季新款,42,女,四川省,否,4,是
418633022,安踏运动户外机能秋季百搭,安踏运动,99,136,73,596,3653,96,网布透气,TPR鞋底,松紧带鞋,户外机能,秋季百搭,47,女,河北省,否,8,是
216693633,鸿星尔克运动休闲春季新款,鸿星尔克,155,298,52,1206,1922,90,网布透气,橡胶大底,套脚款式,运动休闲,春季新款,59,男,河南省,是,21,是
471069575,其他品牌工装硬朗夏季透气,其他品牌,118,128,92,984,40,98,混合材质,橡胶大底,魔术贴鞋,工装硬朗,夏季透气,47,女,河北省,否,20,否
254175084,京东京造潮流高街秋季百搭,京东京造,99,187,53,1482,15218,94,真皮柔软,混合鞋底,套脚款式,潮流高街,秋季百搭,43,女,浙江省,是,8,是
430513685,回力经典日常休闲春季新款,回力经典,100,128,78,26,980,96,真皮柔软,橡胶大底,套脚款式,日常休闲,春季新款,58,女,四川省,否,23,否
609566739,回力经典复古潮鞋春季新款,回力经典,99,115,86,1309,4986,93,混合材质,TPR鞋底,魔术贴鞋,复古潮鞋,春季新款,55,男,福建省,否,5,否
820026694,回力经典运动休闲四季通用,回力经典,131,218,60,410,343,96,高端飞织,MD发泡底,松紧带鞋,运动休闲,四季通用,48,男,安徽省,否,4,是
550777932,回力经典潮流高街春季新款,回力经典,121,157,77,386,135,88,高端飞织,混合鞋底,松紧带鞋,潮流高街,春季新款,43,女,广东省,否,9,否
288734242,耐克潮流户外机能夏季透气,耐克潮流,100,164,61,344,159,91,混合材质,PU中底,系带设计,户外机能,夏季透气,52,女,浙江省,是,7,是
955132474,安踏运动工装硬朗四季通用,安踏运动,99,130,76,3,29,90,混合材质,PU中底,系带设计,工装硬朗,四季通用,59,男,湖北省,否,22,是
467156141,京东京造简约百搭春季新款,京东京造,195,325,60,45,818,94,网布透气,橡胶大底,魔术贴鞋,简约百搭,春季新款,52,女,广东省,是,7,否
740036478,回力经典运动休闲冬季保暖,回力经典,113,130,87,813,5536,95,真皮柔软,橡胶大底,松紧带鞋,运动休闲,冬季保暖,38,男,浙江省,否,19,否
674513068,李宁休闲运动休闲春季新款,李宁休闲,203,406,50,611,1558,92,飞织面料,EVA轻底,魔术贴鞋,运动休闲,春季新款,30,女,广东省,否,22,是
470605994,特步男鞋简约百搭冬季保暖,特步男鞋,380,481,79,884,2244,96,飞织面料,橡胶大底,松紧带鞋,简约百搭,冬季保暖,58,男,安徽省,否,4,否
153173393,李宁休闲运动休闲四季通用,李宁休闲,99,148,67,1128,260,95,超纤皮鞋,TPR鞋底,魔术贴鞋,运动休闲,四季通用,54,男,浙江省,是,22,是
866709282,耐克潮流户外机能秋季百搭,耐克潮流,100,182,55,828,1140,92,布面材质,TPR鞋底,系带设计,户外机能,秋季百搭,19,女,福建省,是,23,是
455161127,特步男鞋简约百搭夏季透气,特步男鞋,143,265,54,44,418,96,混合材质,PU中底,松紧带鞋,简约百搭,夏季透气,47,女,江苏省,否,16,否
257661819,李宁休闲复古潮鞋夏季透气,李宁休闲,99,119,83,3155,5765,96,网布透气,MD发泡底,系带设计,复古潮鞋,夏季透气,41,男,河南省,否,11,否
715100331,回力经典户外机能春季新款,回力经典,99,143,69,1238,2736,100,混合材质,TPR鞋底,魔术贴鞋,户外机能,春季新款,57,男,山东省,是,10,是
716714445,李宁休闲潮流高街春季新款,李宁休闲,99,115,86,594,548,93,真皮柔软,TPR鞋底,拉链鞋款,潮流高街,春季新款,32,女,福建省,否,7,是
893546937,斯凯奇潮日常休闲春季新款,斯凯奇潮,122,151,81,771,130,99,混合材质,MD发泡底,套脚款式,日常休闲,春季新款,52,男,河南省,是,4,否
217718114,斯凯奇潮户外机能四季通用,斯凯奇潮,150,170,88,38,5632,93,布面材质,橡胶大底,魔术贴鞋,户外机能,四季通用,52,女,河南省,否,22,否
447191564,安踏运动简约百搭春季新款,安踏运动,218,321,68,1407,789,94,网布透气,混合鞋底,拉链鞋款,简约百搭,春季新款,41,女,广东省,是,21,否
484325707,其他品牌简约百搭四季通用,其他品牌,99,174,57,5,4140,95,合成革鞋,混合鞋底,拉链鞋款,简约百搭,四季通用,44,女,四川省,是,5,否
976036732,鸿星尔克日常休闲夏季透气,鸿星尔克,99,111,89,886,1261,91,飞织面料,MD发泡底,拉链鞋款,日常休闲,夏季透气,40,男,广东省,是,15,否
859888329,阿迪达斯潮流高街四季通用,阿迪达斯,99,171,58,243,569,90,合成革鞋,TPR鞋底,魔术贴鞋,潮流高街,四季通用,55,男,浙江省,否,2,否
447883167,斯凯奇潮日常休闲冬季保暖,斯凯奇潮,102,109,94,984,262,99,高端飞织,橡胶大底,系带设计,日常休闲,冬季保暖,48,女,安徽省,否,6,是
567631100,鸿星尔克日常休闲秋季百搭,鸿星尔克,225,388,58,533,2809,100,超纤皮鞋,TPR鞋底,拉链鞋款,日常休闲,秋季百搭,47,女,河北省,否,17,是
280678183,阿迪达斯简约百搭冬季保暖,阿迪达斯,136,243,56,7,7506,92,真皮柔软,PU中底,松紧带鞋,简约百搭,冬季保暖,50,女,河北省,否,14,否
369982596,特步男鞋日常休闲秋季百搭,特步男鞋,220,297,74,1309,1105,95,超纤皮鞋,EVA轻底,系带设计,日常休闲,秋季百搭,46,女,安徽省,是,4,否
804834899,鸿星尔克简约百搭夏季透气,鸿星尔克,188,194,97,957,496,92,飞织面料,TPR鞋底,拉链鞋款,简约百搭,夏季透气,35,男,四川省,是,19,是
715284226,李宁休闲日常休闲冬季保暖,李宁休闲,99,134,74,1182,3554,89,布面材质,EVA轻底,松紧带鞋,日常休闲,冬季保暖,44,女,福建省,是,21,否
684492647,回力经典简约百搭夏季透气,回力经典,226,305,74,516,543,95,网布透气,TPR鞋底,松紧带鞋,简约百搭,夏季透气,51,男,湖北省,是,21,是
551578090,回力经典户外机能春季新款,回力经典,211,293,72,1032,1020,97,混合材质,TPR鞋底,拉链鞋款,户外机能,春季新款,50,男,四川省,是,22,是
770173965,回力经典潮流高街秋季百搭,回力经典,99,190,52,798,975,95,网布透气,PU中底,魔术贴鞋,潮流高街,秋季百搭,51,男,湖北省,是,20,是
144476745,回力经典户外机能夏季透气,回力经典,106,161,66,4661,6087,91,布面材质,MD发泡底,套脚款式,户外机能,夏季透气,48,男,河南省,是,21,是
923088982,耐克潮流复古潮鞋四季通用,耐克潮流,110,169,65,3283,944,94,合成革鞋,MD发泡底,松紧带鞋,复古潮鞋,四季通用,48,男,浙江省,是,4,是
779215232,鸿星尔克户外机能春季新款,鸿星尔克,99,160,62,1258,770,91,合成革鞋,MD发泡底,松紧带鞋,户外机能,春季新款,58,女,山东省,否,14,否
108278372,李宁休闲运动休闲夏季透气,李宁休闲,155,201,77,3299,4709,91,高端飞织,TPR鞋底,魔术贴鞋,运动休闲,夏季透气,52,男,江苏省,否,4,是
335395444,安踏运动日常休闲春季新款,安踏运动,155,168,92,457,68,93,合成革鞋,PU中底,魔术贴鞋,日常休闲,春季新款,45,女,广东省,是,2,否
458548477,鸿星尔克简约百搭四季通用,鸿星尔克,99,104,95,978,485,96,真皮柔软,PU中底,套脚款式,简约百搭,四季通用,61,女,四川省,是,23,否
818601455,阿迪达斯运动休闲春季新款,阿迪达斯,116,145,80,1112,2705,93,混合材质,TPR鞋底,系带设计,运动休闲,春季新款,43,男,江苏省,是,20,是
981436308,回力经典复古潮鞋夏季透气,回力经典,144,148,97,6,377,91,飞织面料,EVA轻底,拉链鞋款,复古潮鞋,夏季透气,47,女,河南省,否,22,否
855148100,耐克潮流户外机能春季新款,耐克潮流,160,222,72,1033,1395,96,超纤皮鞋,EVA轻底,松紧带鞋,户外机能,春季新款,41,男,河南省,否,7,是
607462560,安踏运动潮流高街夏季透气,安踏运动,238,238,100,1076,363,90,真皮柔软,EVA轻底,套脚款式,潮流高街,夏季透气,44,男,江苏省,是,10,否
244733187,斯凯奇潮复古潮鞋夏季透气,斯凯奇潮,159,177,90,1139,521,99,飞织面料,橡胶大底,魔术贴鞋,复古潮鞋,夏季透气,47,男,江苏省,是,1,是
196974869,安踏运动户外机能春季新款,安踏运动,139,178,78,17,1600,92,合成革鞋,橡胶大底,拉链鞋款,户外机能,春季新款,19,女,江苏省,否,20,是
912429705,阿迪达斯潮流高街秋季百搭,阿迪达斯,99,100,99,49,2941,92,高端飞织,MD发泡底,系带设计,潮流高街,秋季百搭,56,女,湖北省,否,22,是
102376286,特步男鞋工装硬朗冬季保暖,特步男鞋,99,105,94,2350,692,90,真皮柔软,MD发泡底,系带设计,工装硬朗,冬季保暖,54,女,四川省,否,21,是
270348821,耐克潮流简约百搭春季新款,耐克潮流,99,148,67,2586,4639,90,网布透气,混合鞋底,系带设计,简约百搭,春季新款,54,男,河南省,是,18,否
689900098,其他品牌运动休闲夏季透气,其他品牌,222,249,89,9,881,93,飞织面料,混合鞋底,魔术贴鞋,运动休闲,夏季透气,47,男,河南省,是,2,否
380859229,鸿星尔克复古潮鞋春季新款,鸿星尔克,99,136,73,1266,4352,95,飞织面料,EVA轻底,拉链鞋款,复古潮鞋,春季新款,39,女,福建省,是,20,是
243907979,阿迪达斯户外机能秋季百搭,阿迪达斯,103,108,95,984,985,89,真皮柔软,PU中底,魔术贴鞋,户外机能,秋季百搭,44,女,山东省,是,15,是
444473394,阿迪达斯户外机能秋季百搭,阿迪达斯,158,165,96,20,4388,97,高端飞织,混合鞋底,松紧带鞋,户外机能,秋季百搭,44,女,福建省,否,21,是
380002300,李宁休闲简约百搭春季新款,李宁休闲,158,174,91,41,540,92,超纤皮鞋,混合鞋底,系带设计,简约百搭,春季新款,52,女,福建省,否,11,否
684506325,鸿星尔克潮流高街春季新款,鸿星尔克,334,359,93,640,290,99,飞织面料,EVA轻底,魔术贴鞋,潮流高街,春季新款,51,男,湖北省,是,10,否
143639515,斯凯奇潮工装硬朗夏季透气,斯凯奇潮,117,152,77,3484,774,94,混合材质,MD发泡底,套脚款式,工装硬朗,夏季透气,30,女,浙江省,否,20,否
184231655,李宁休闲户外机能冬季保暖,李宁休闲,139,278,50,1365,946,91,飞织面料,混合鞋底,系带设计,户外机能,冬季保暖,61,女,安徽省,否,23,否
966445686,耐克潮流日常休闲冬季保暖,耐克潮流,99,99,100,47,333,97,合成革鞋,混合鞋底,拉链鞋款,日常休闲,冬季保暖,43,男,江苏省,是,8,否
245094012,安踏运动日常休闲冬季保暖,安踏运动,114,190,60,819,621,95,网布透气,MD发泡底,拉链鞋款,日常休闲,冬季保暖,47,男,四川省,是,23,是
912218565,回力经典日常休闲冬季保暖,回力经典,157,185,85,769,451,96,高端飞织,混合鞋底,松紧带鞋,日常休闲,冬季保暖,55,女,福建省,否,21,是
600874350,回力经典户外机能四季通用,回力经典,160,267,60,290,5630,99,高端飞织,PU中底,系带设计,户外机能,四季通用,43,女,山东省,否,8,是
762367908,阿迪达斯潮流高街春季新款,阿迪达斯,151,219,69,1464,1893,95,真皮柔软,MD发泡底,魔术贴鞋,潮流高街,春季新款,47,女,河南省,是,20,是
288740979,斯凯奇潮运动休闲春季新款,斯凯奇潮,99,177,56,1372,3397,92,高端飞织,TPR鞋底,套脚款式,运动休闲,春季新款,51,女,四川省,否,20,是
265666177,京东京造工装硬朗四季通用,京东京造,355,423,84,12,152,90,混合材质,橡胶大底,魔术贴鞋,工装硬朗,四季通用,37,男,江苏省,是,12,否
292737664,阿迪达斯户外机能冬季保暖,阿迪达斯,99,108,92,1181,780,90,真皮柔软,MD发泡底,拉链鞋款,户外机能,冬季保暖,55,男,广东省,是,0,否
226142825,鸿星尔克复古潮鞋冬季保暖,鸿星尔克,109,176,62,1135,7339,87,高端飞织,TPR鞋底,松紧带鞋,复古潮鞋,冬季保暖,42,男,安徽省,是,22,是
294802736,耐克潮流复古潮鞋夏季透气,耐克潮流,99,106,93,857,765,90,飞织面料,PU中底,拉链鞋款,复古潮鞋,夏季透气,59,男,四川省,是,19,是
776610789,安踏运动户外机能四季通用,安踏运动,480,640,75,323,1992,96,超纤皮鞋,TPR鞋底,系带设计,户外机能,四季通用,54,男,江苏省,否,20,是
552579329,耐克潮流复古潮鞋四季通用,耐克潮流,99,139,71,459,1831,97,真皮柔软,TPR鞋底,套脚款式,复古潮鞋,四季通用,44,女,浙江省,否,4,否
587576029,回力经典户外机能春季新款,回力经典,135,173,78,484,331,93,布面材质,EVA轻底,套脚款式,户外机能,春季新款,40,男,山东省,是,22,是
953105646,斯凯奇潮工装硬朗秋季百搭,斯凯奇潮,189,305,62,1182,342,91,布面材质,橡胶大底,套脚款式,工装硬朗,秋季百搭,47,男,浙江省,否,19,否
513037190,李宁休闲简约百搭春季新款,李宁休闲,125,156,80,1478,1227,96,合成革鞋,橡胶大底,套脚款式,简约百搭,春季新款,56,男,浙江省,否,7,否
454698951,回力经典简约百搭冬季保暖,回力经典,99,198,50,70,1058,92,超纤皮鞋,TPR鞋底,套脚款式,简约百搭,冬季保暖,55,男,江苏省,否,20,是
156281624,李宁休闲工装硬朗夏季透气,李宁休闲,99,111,89,851,10372,88,超纤皮鞋,橡胶大底,套脚款式,工装硬朗,夏季透气,54,女,福建省,是,22,是
808172234,李宁休闲工装硬朗春季新款,李宁休闲,129,157,82,3801,591,86,布面材质,PU中底,拉链鞋款,工装硬朗,春季新款,42,男,四川省,是,6,否
910824968,安踏运动运动休闲冬季保暖,安踏运动,99,152,65,338,66,95,高端飞织,混合鞋底,套脚款式,运动休闲,冬季保暖,39,男,安徽省,是,3,否
153351157,耐克潮流工装硬朗秋季百搭,耐克潮流,99,122,81,320,5022,93,混合材质,MD发泡底,魔术贴鞋,工装硬朗,秋季百搭,51,女,广东省,否,16,是
305447846,安踏运动工装硬朗秋季百搭,安踏运动,312,339,92,1056,2317,97,飞织面料,MD发泡底,松紧带鞋,工装硬朗,秋季百搭,54,女,河北省,是,10,否
953449635,李宁休闲简约百搭秋季百搭,李宁休闲,237,416,57,38,1533,99,布面材质,橡胶大底,系带设计,简约百搭,秋季百搭,43,女,安徽省,是,1,是
516190266,回力经典工装硬朗冬季保暖,回力经典,99,115,86,285,1131,95,高端飞织,EVA轻底,魔术贴鞋,工装硬朗,冬季保暖,41,女,广东省,是,9,否
322196711,斯凯奇潮日常休闲冬季保暖,斯凯奇潮,99,157,63,2894,51,94,混合材质,橡胶大底,套脚款式,日常休闲,冬季保暖,52,女,四川省,是,4,是
113664418,耐克潮流工装硬朗春季新款,耐克潮流,117,154,76,4526,1637,97,混合材质,MD发泡底,魔术贴鞋,工装硬朗,春季新款,45,女,四川省,否,16,是
894596088,阿迪达斯运动休闲春季新款,阿迪达斯,179,211,85,610,1916,97,网布透气,EVA轻底,系带设计,运动休闲,春季新款,35,女,广东省,否,17,否
486209548,特步男鞋运动休闲夏季透气,特步男鞋,104,189,55,74,285,91,真皮柔软,EVA轻底,松紧带鞋,运动休闲,夏季透气,42,女,河北省,否,13,是
874385830,斯凯奇潮简约百搭秋季百搭,斯凯奇潮,99,104,95,1411,983,92,高端飞织,混合鞋底,拉链鞋款,简约百搭,秋季百搭,51,女,山东省,是,1,是
870892888,京东京造简约百搭春季新款,京东京造,138,159,87,774,389,90,超纤皮鞋,PU中底,系带设计,简约百搭,春季新款,40,女,山东省,是,16,否
448926675,安踏运动简约百搭冬季保暖,安踏运动,173,346,50,151,293,93,超纤皮鞋,PU中底,系带设计,简约百搭,冬季保暖,55,女,四川省,否,23,否
566787471,安踏运动日常休闲秋季百搭,安踏运动,99,177,56,696,4470,92,飞织面料,MD发泡底,魔术贴鞋,日常休闲,秋季百搭,50,女,河南省,否,22,是
794464854,其他品牌简约百搭四季通用,其他品牌,99,139,71,2953,128,96,高端飞织,混合鞋底,套脚款式,简约百搭,四季通用,54,女,广东省,是,21,是
821126752,鸿星尔克简约百搭冬季保暖,鸿星尔克,167,211,79,1414,2780,97,网布透气,混合鞋底,拉链鞋款,简约百搭,冬季保暖,61,女,河北省,否,8,是
321591176,其他品牌潮流高街秋季百搭,其他品牌,116,145,80,515,511,91,飞织面料,混合鞋底,系带设计,潮流高街,秋季百搭,36,女,广东省,是,8,否
562360179,京东京造运动休闲秋季百搭,京东京造,117,131,89,147,8742,97,超纤皮鞋,MD发泡底,套脚款式,运动休闲,秋季百搭,37,女,湖北省,是,20,是
924699022,李宁休闲户外机能冬季保暖,李宁休闲,106,208,51,3,336,93,真皮柔软,MD发泡底,套脚款式,户外机能,冬季保暖,61,女,河北省,是,8,是
345136411,京东京造运动休闲夏季透气,京东京造,187,340,55,538,1880,97,合成革鞋,混合鞋底,套脚款式,运动休闲,夏季透气,48,女,湖北省,否,17,是
985890274,阿迪达斯潮流高街夏季透气,阿迪达斯,320,552,58,94,1989,100,高端飞织,MD发泡底,套脚款式,潮流高街,夏季透气,54,女,湖北省,否,21,否
747013504,回力经典潮流高街秋季百搭,回力经典,99,104,95,939,1330,95,合成革鞋,MD发泡底,套脚款式,潮流高街,秋季百搭,55,女,江苏省,否,18,否
608374249,京东京造潮流高街春季新款,京东京造,99,130,76,1266,870,94,混合材质,混合鞋底,系带设计,潮流高街,春季新款,49,女,山东省,否,20,否
573879369,斯凯奇潮日常休闲秋季百搭,斯凯奇潮,137,143,96,22,3289,90,合成革鞋,橡胶大底,拉链鞋款,日常休闲,秋季百搭,52,男,河南省,是,10,否
779281874,耐克潮流日常休闲冬季保暖,耐克潮流,133,177,75,30,2454,96,真皮柔软,TPR鞋底,系带设计,日常休闲,冬季保暖,53,男,湖北省,否,19,否
588237159,回力经典日常休闲秋季百搭,回力经典,148,228,65,42,180,91,真皮柔软,TPR鞋底,松紧带鞋,日常休闲,秋季百搭,51,女,山东省,是,23,是
471905613,斯凯奇潮复古潮鞋春季新款,斯凯奇潮,148,218,68,19,434,92,网布透气,MD发泡底,系带设计,复古潮鞋,春季新款,41,女,福建省,否,5,否
304563393,特步男鞋工装硬朗夏季透气,特步男鞋,259,350,74,1397,1165,94,布面材质,MD发泡底,魔术贴鞋,工装硬朗,夏季透气,39,女,河南省,是,12,否
639370219,其他品牌潮流高街冬季保暖,其他品牌,168,311,54,1085,524,99,高端飞织,MD发泡底,松紧带鞋,潮流高街,冬季保暖,50,女,河南省,是,0,是
957188387,斯凯奇潮工装硬朗秋季百搭,斯凯奇潮,99,141,70,367,647,94,高端飞织,TPR鞋底,套脚款式,工装硬朗,秋季百搭,58,女,安徽省,否,14,是
601009922,阿迪达斯潮流高街四季通用,阿迪达斯,109,145,75,36,2684,95,飞织面料,PU中底,魔术贴鞋,潮流高街,四季通用,56,男,江苏省,否,5,否
723700526,其他品牌复古潮鞋秋季百搭,其他品牌,99,150,66,815,2578,99,布面材质,混合鞋底,系带设计,复古潮鞋,秋季百搭,39,女,安徽省,是,6,是
490427664,阿迪达斯潮流高街秋季百搭,阿迪达斯,112,153,73,1465,37,94,布面材质,混合鞋底,魔术贴鞋,潮流高街,秋季百搭,42,女,河南省,是,20,是
768087638,京东京造复古潮鞋四季通用,京东京造,110,131,84,799,1266,95,布面材质,混合鞋底,松紧带鞋,复古潮鞋,四季通用,47,女,浙江省,否,16,是
883888590,耐克潮流户外机能夏季透气,耐克潮流,116,197,59,305,3250,91,网布透气,MD发泡底,魔术贴鞋,户外机能,夏季透气,41,男,安徽省,否,23,否
682328796,安踏运动简约百搭夏季透气,安踏运动,99,139,71,1152,248,96,混合材质,PU中底,拉链鞋款,简约百搭,夏季透气,53,女,山东省,是,17,否
730015142,京东京造复古潮鞋春季新款,京东京造,122,127,96,1453,1455,96,混合材质,EVA轻底,套脚款式,复古潮鞋,春季新款,43,男,安徽省,是,11,是
636696804,安踏运动日常休闲冬季保暖,安踏运动,110,162,68,1,2205,91,布面材质,混合鞋底,套脚款式,日常休闲,冬季保暖,62,男,湖北省,是,4,是
377291494,特步男鞋户外机能夏季透气,特步男鞋,139,176,79,1412,700,96,高端飞织,PU中底,系带设计,户外机能,夏季透气,60,男,广东省,否,3,否
882774240,京东京造户外机能秋季百搭,京东京造,151,172,88,4951,2746,92,混合材质,橡胶大底,系带设计,户外机能,秋季百搭,32,女,河北省,是,8,是
237872484,鸿星尔克潮流高街夏季透气,鸿星尔克,99,174,57,33,1267,90,超纤皮鞋,MD发泡底,拉链鞋款,潮流高街,夏季透气,59,男,福建省,否,14,否
332885498,安踏运动复古潮鞋冬季保暖,安踏运动,133,242,55,562,52,99,混合材质,MD发泡底,系带设计,复古潮鞋,冬季保暖,46,女,福建省,否,23,否
964554799,斯凯奇潮简约百搭秋季百搭,斯凯奇潮,240,276,87,1057,744,95,超纤皮鞋,橡胶大底,松紧带鞋,简约百搭,秋季百搭,48,男,江苏省,否,7,否
924248339,其他品牌工装硬朗春季新款,其他品牌,99,165,60,1495,69,95,高端飞织,EVA轻底,拉链鞋款,工装硬朗,春季新款,21,女,河北省,是,3,否
903559790,耐克潮流运动休闲冬季保暖,耐克潮流,266,299,89,1146,1253,91,高端飞织,EVA轻底,魔术贴鞋,运动休闲,冬季保暖,52,女,河南省,是,6,是
149688488,特步男鞋工装硬朗夏季透气,特步男鞋,246,373,66,4403,7733,92,真皮柔软,橡胶大底,系带设计,工装硬朗,夏季透气,58,男,浙江省,否,21,是
418963637,斯凯奇潮运动休闲春季新款,斯凯奇潮,99,150,66,33,2493,93,合成革鞋,MD发泡底,松紧带鞋,运动休闲,春季新款,65,女,福建省,是,23,是
805481802,其他品牌工装硬朗夏季透气,其他品牌,120,188,64,1045,737,99,合成革鞋,MD发泡底,松紧带鞋,工装硬朗,夏季透气,51,女,山东省,是,20,否
897958864,其他品牌工装硬朗秋季百搭,其他品牌,311,464,67,3111,1455,90,高端飞织,橡胶大底,松紧带鞋,工装硬朗,秋季百搭,51,男,安徽省,否,20,否
900838126,鸿星尔克复古潮鞋四季通用,鸿星尔克,195,207,94,195,5662,93,布面材质,橡胶大底,魔术贴鞋,复古潮鞋,四季通用,61,女,山东省,否,3,否
816094818,特步男鞋潮流高街春季新款,特步男鞋,135,241,56,977,763,91,布面材质,MD发泡底,魔术贴鞋,潮流高街,春季新款,36,女,福建省,否,20,是
147836863,鸿星尔克简约百搭秋季百搭,鸿星尔克,190,257,74,261,6156,92,超纤皮鞋,橡胶大底,套脚款式,简约百搭,秋季百搭,53,男,山东省,否,12,是
813938842,安踏运动简约百搭夏季透气,安踏运动,99,108,92,974,1004,100,超纤皮鞋,橡胶大底,拉链鞋款,简约百搭,夏季透气,40,女,安徽省,否,23,否
606648295,斯凯奇潮日常休闲春季新款,斯凯奇潮,256,465,55,4447,4820,97,混合材质,PU中底,系带设计,日常休闲,春季新款,53,女,四川省,否,21,否
257055413,京东京造工装硬朗四季通用,京东京造,99,104,95,785,336,91,网布透气,TPR鞋底,套脚款式,工装硬朗,四季通用,46,男,浙江省,否,18,否
295256465,回力经典复古潮鞋秋季百搭,回力经典,612,956,64,1013,245,90,超纤皮鞋,橡胶大底,松紧带鞋,复古潮鞋,秋季百搭,51,女,江苏省,是,11,是
806699785,鸿星尔克简约百搭秋季百搭,鸿星尔克,193,205,94,40,741,99,真皮柔软,混合鞋底,魔术贴鞋,简约百搭,秋季百搭,55,女,山东省,否,6,是
911093577,斯凯奇潮日常休闲四季通用,斯凯奇潮,115,183,63,2592,520,92,混合材质,MD发泡底,拉链鞋款,日常休闲,四季通用,56,女,四川省,是,16,否
432158504,耐克潮流日常休闲四季通用,耐克潮流,151,222,68,1497,1196,96,混合材质,混合鞋底,魔术贴鞋,日常休闲,四季通用,53,女,福建省,是,5,是
195229763,斯凯奇潮复古潮鞋冬季保暖,斯凯奇潮,99,110,90,804,9195,91,高端飞织,橡胶大底,系带设计,复古潮鞋,冬季保暖,37,女,四川省,否,21,是
912893872,阿迪达斯工装硬朗四季通用,阿迪达斯,99,157,63,978,1343,95,超纤皮鞋,MD发泡底,魔术贴鞋,工装硬朗,四季通用,41,女,浙江省,是,16,是
801091898,阿迪达斯复古潮鞋四季通用,阿迪达斯,99,139,71,164,1556,93,网布透气,混合鞋底,拉链鞋款,复古潮鞋,四季通用,35,男,江苏省,否,0,否
638877946,安踏运动工装硬朗春季新款,安踏运动,103,137,75,2440,1488,96,混合材质,混合鞋底,松紧带鞋,工装硬朗,春季新款,47,女,福建省,否,15,否
743919837,其他品牌工装硬朗春季新款,其他品牌,138,150,92,1408,558,97,飞织面料,橡胶大底,魔术贴鞋,工装硬朗,春季新款,50,男,安徽省,是,22,否
916839160,京东京造复古潮鞋春季新款,京东京造,99,143,69,1070,1479,93,布面材质,MD发泡底,松紧带鞋,复古潮鞋,春季新款,41,女,河南省,是,7,否
474533166,李宁休闲户外机能四季通用,李宁休闲,125,169,74,114,2695,94,真皮柔软,MD发泡底,魔术贴鞋,户外机能,四季通用,50,女,湖北省,否,18,是
988860681,安踏运动运动休闲夏季透气,安踏运动,150,192,78,859,896,91,超纤皮鞋,EVA轻底,系带设计,运动休闲,夏季透气,37,男,河南省,是,23,否
539707241,耐克潮流简约百搭春季新款,耐克潮流,252,260,97,856,377,96,网布透气,橡胶大底,魔术贴鞋,简约百搭,春季新款,52,女,河南省,否,22,是
300034631,斯凯奇潮潮流高街四季通用,斯凯奇潮,123,124,99,32,5829,98,超纤皮鞋,橡胶大底,套脚款式,潮流高街,四季通用,53,女,安徽省,是,4,否
865838411,其他品牌日常休闲冬季保暖,其他品牌,99,103,96,25,219,92,布面材质,混合鞋底,套脚款式,日常休闲,冬季保暖,59,男,广东省,是,22,是
831856275,斯凯奇潮日常休闲四季通用,斯凯奇潮,162,261,62,503,93,96,飞织面料,MD发泡底,系带设计,日常休闲,四季通用,54,女,山东省,否,16,是
169124908,李宁休闲工装硬朗秋季百搭,李宁休闲,215,219,98,16,91,94,超纤皮鞋,EVA轻底,套脚款式,工装硬朗,秋季百搭,54,女,山东省,否,2,否
920938741,斯凯奇潮潮流高街秋季百搭,斯凯奇潮,125,169,74,1280,296,96,真皮柔软,橡胶大底,系带设计,潮流高街,秋季百搭,28,男,山东省,否,22,是
637114638,耐克潮流复古潮鞋秋季百搭,耐克潮流,372,409,91,309,1404,88,混合材质,MD发泡底,魔术贴鞋,复古潮鞋,秋季百搭,52,男,安徽省,是,8,是
711879495,耐克潮流潮流高街四季通用,耐克潮流,99,139,71,2204,2327,93,混合材质,混合鞋底,拉链鞋款,潮流高街,四季通用,56,女,广东省,是,4,否
223970784,安踏运动复古潮鞋夏季透气,安踏运动,99,165,60,972,928,91,飞织面料,EVA轻底,松紧带鞋,复古潮鞋,夏季透气,47,女,四川省,否,8,否
198531866,斯凯奇潮户外机能春季新款,斯凯奇潮,99,132,75,1448,789,93,真皮柔软,MD发泡底,拉链鞋款,户外机能,春季新款,54,男,山东省,否,21,是
799753533,回力经典日常休闲春季新款,回力经典,186,274,68,586,448,95,网布透气,EVA轻底,松紧带鞋,日常休闲,春季新款,22,男,四川省,否,18,否
539652229,李宁休闲简约百搭冬季保暖,李宁休闲,99,110,90,296,5034,100,混合材质,混合鞋底,魔术贴鞋,简约百搭,冬季保暖,39,女,河北省,否,13,否
165912635,安踏运动工装硬朗春季新款,安踏运动,99,124,80,10,1409,90,真皮柔软,TPR鞋底,拉链鞋款,工装硬朗,春季新款,49,男,湖北省,否,16,是
958428555,斯凯奇潮简约百搭春季新款,斯凯奇潮,101,171,59,646,1290,92,网布透气,混合鞋底,系带设计,简约百搭,春季新款,40,女,湖北省,是,8,否
524203296,李宁休闲复古潮鞋冬季保暖,李宁休闲,241,408,59,1047,246,100,布面材质,TPR鞋底,系带设计,复古潮鞋,冬季保暖,48,女,浙江省,是,15,是
208162546,斯凯奇潮潮流高街冬季保暖,斯凯奇潮,123,137,90,1167,439,91,高端飞织,混合鞋底,系带设计,潮流高街,冬季保暖,50,女,江苏省,否,20,否
819724546,李宁休闲运动休闲春季新款,李宁休闲,214,282,76,28,1196,96,布面材质,橡胶大底,松紧带鞋,运动休闲,春季新款,39,女,福建省,否,21,否
635055668,其他品牌潮流高街冬季保暖,其他品牌,100,123,81,928,104,96,布面材质,TPR鞋底,拉链鞋款,潮流高街,冬季保暖,58,男,湖北省,是,7,是
101651432,鸿星尔克潮流高街秋季百搭,鸿星尔克,99,146,68,850,278,88,混合材质,PU中底,套脚款式,潮流高街,秋季百搭,50,男,河南省,是,23,是
282701347,安踏运动运动休闲冬季保暖,安踏运动,269,379,71,2571,775,91,混合材质,MD发泡底,魔术贴鞋,运动休闲,冬季保暖,38,男,河北省,是,9,是
873518547,耐克潮流复古潮鞋秋季百搭,耐克潮流,164,245,67,1145,4249,95,真皮柔软,MD发泡底,魔术贴鞋,复古潮鞋,秋季百搭,50,女,浙江省,否,1,否
732680894,其他品牌工装硬朗四季通用,其他品牌,269,527,51,889,1422,89,真皮柔软,PU中底,拉链鞋款,工装硬朗,四季通用,49,女,河北省,否,6,是
131185356,京东京造潮流高街夏季透气,京东京造,102,112,91,22,630,92,飞织面料,TPR鞋底,拉链鞋款,潮流高街,夏季透气,21,男,山东省,否,2,否
623099670,鸿星尔克运动休闲冬季保暖,鸿星尔克,99,198,50,390,3862,100,真皮柔软,橡胶大底,松紧带鞋,运动休闲,冬季保暖,44,女,安徽省,是,3,是
788124458,耐克潮流工装硬朗四季通用,耐克潮流,99,152,65,3212,385,97,网布透气,MD发泡底,套脚款式,工装硬朗,四季通用,53,女,福建省,否,3,否
482684135,安踏运动简约百搭冬季保暖,安踏运动,106,113,94,7,186,95,真皮柔软,橡胶大底,系带设计,简约百搭,冬季保暖,18,男,安徽省,是,11,否
923493665,安踏运动复古潮鞋冬季保暖,安踏运动,164,205,80,42,3533,92,高端飞织,混合鞋底,松紧带鞋,复古潮鞋,冬季保暖,45,男,江苏省,否,0,是
861639501,安踏运动简约百搭秋季百搭,安踏运动,281,281,100,1226,223,90,高端飞织,混合鞋底,拉链鞋款,简约百搭,秋季百搭,36,男,广东省,是,22,是
160357025,京东京造简约百搭秋季百搭,京东京造,99,148,67,627,50,96,真皮柔软,EVA轻底,魔术贴鞋,简约百搭,秋季百搭,52,男,山东省,是,22,是
864911319,安踏运动复古潮鞋冬季保暖,安踏运动,99,168,59,1144,5485,97,网布透气,MD发泡底,系带设计,复古潮鞋,冬季保暖,45,男,浙江省,是,20,否
644482998,李宁休闲简约百搭秋季百搭,李宁休闲,101,184,55,3229,1125,93,真皮柔软,橡胶大底,松紧带鞋,简约百搭,秋季百搭,42,男,四川省,是,14,否
467854234,京东京造简约百搭冬季保暖,京东京造,116,219,53,1263,1722,99,布面材质,混合鞋底,系带设计,简约百搭,冬季保暖,32,男,广东省,是,3,否
220865959,李宁休闲工装硬朗秋季百搭,李宁休闲,99,138,72,31,2649,97,网布透气,EVA轻底,魔术贴鞋,工装硬朗,秋季百搭,42,女,江苏省,否,0,是
612420933,特步男鞋简约百搭冬季保暖,特步男鞋,99,160,62,430,7677,91,合成革鞋,EVA轻底,魔术贴鞋,简约百搭,冬季保暖,46,男,四川省,否,21,否
244148755,鸿星尔克户外机能春季新款,鸿星尔克,153,176,87,597,482,95,合成革鞋,TPR鞋底,系带设计,户外机能,春季新款,49,女,山东省,是,14,否
562022252,鸿星尔克简约百搭四季通用,鸿星尔克,277,513,54,984,785,87,飞织面料,TPR鞋底,套脚款式,简约百搭,四季通用,56,男,山东省,否,20,否
287000255,阿迪达斯工装硬朗秋季百搭,阿迪达斯,254,368,69,31,7255,95,合成革鞋,混合鞋底,魔术贴鞋,工装硬朗,秋季百搭,52,男,四川省,是,9,否
380309939,回力经典工装硬朗冬季保暖,回力经典,183,193,95,15,2188,98,布面材质,MD发泡底,松紧带鞋,工装硬朗,冬季保暖,40,女,浙江省,是,14,否
630469794,特步男鞋工装硬朗秋季百搭,特步男鞋,200,204,98,3322,1449,91,混合材质,EVA轻底,系带设计,工装硬朗,秋季百搭,43,男,山东省,是,18,是
151687087,斯凯奇潮潮流高街秋季百搭,斯凯奇潮,225,265,85,557,19,91,真皮柔软,MD发泡底,系带设计,潮流高街,秋季百搭,54,男,河南省,是,5,否
404978016,特步男鞋日常休闲春季新款,特步男鞋,101,163,62,46,1865,89,真皮柔软,PU中底,拉链鞋款,日常休闲,春季新款,39,女,河南省,否,13,否
125908256,其他品牌户外机能春季新款,其他品牌,99,125,79,1354,958,92,网布透气,橡胶大底,套脚款式,户外机能,春季新款,52,女,山东省,否,5,否
148356360,其他品牌简约百搭春季新款,其他品牌,99,110,90,66,311,98,混合材质,MD发泡底,系带设计,简约百搭,春季新款,39,女,福建省,否,7,是
355003909,回力经典简约百搭秋季百搭,回力经典,99,168,59,799,4315,92,超纤皮鞋,橡胶大底,系带设计,简约百搭,秋季百搭,53,男,广东省,否,12,否
273606867,耐克潮流运动休闲秋季百搭,耐克潮流,120,226,53,31,282,98,合成革鞋,EVA轻底,松紧带鞋,运动休闲,秋季百搭,51,男,安徽省,否,6,否
782584044,特步男鞋工装硬朗秋季百搭,特步男鞋,107,108,99,2496,1180,86,超纤皮鞋,EVA轻底,系带设计,工装硬朗,秋季百搭,50,男,江苏省,是,3,否
491137673,耐克潮流工装硬朗冬季保暖,耐克潮流,99,136,73,603,819,93,布面材质,TPR鞋底,拉链鞋款,工装硬朗,冬季保暖,40,女,江苏省,否,23,是
594497657,耐克潮流户外机能春季新款,耐克潮流,99,108,92,544,857,95,混合材质,PU中底,拉链鞋款,户外机能,春季新款,61,男,山东省,是,20,否
137998871,回力经典户外机能夏季透气,回力经典,99,127,78,3666,5985,100,合成革鞋,TPR鞋底,魔术贴鞋,户外机能,夏季透气,52,女,山东省,否,2,否
355176135,斯凯奇潮工装硬朗春季新款,斯凯奇潮,112,129,87,145,5846,85,超纤皮鞋,EVA轻底,魔术贴鞋,工装硬朗,春季新款,43,男,湖北省,是,22,是
860072046,鸿星尔克工装硬朗夏季透气,鸿星尔克,216,267,81,3681,67,91,超纤皮鞋,EVA轻底,套脚款式,工装硬朗,夏季透气,37,女,湖北省,否,0,否
988668349,阿迪达斯户外机能冬季保暖,阿迪达斯,198,202,98,4663,1982,97,布面材质,混合鞋底,魔术贴鞋,户外机能,冬季保暖,44,女,湖北省,是,1,否
281619913,安踏运动运动休闲春季新款,安踏运动,132,203,65,1190,730,94,真皮柔软,混合鞋底,拉链鞋款,运动休闲,春季新款,48,女,河北省,否,23,是
144380475,安踏运动户外机能春季新款,安踏运动,119,205,58,35,564,89,超纤皮鞋,EVA轻底,魔术贴鞋,户外机能,春季新款,55,女,四川省,是,23,是
796679288,安踏运动工装硬朗秋季百搭,安踏运动,99,130,76,1482,3166,90,飞织面料,PU中底,松紧带鞋,工装硬朗,秋季百搭,50,男,河北省,是,21,是
898659157,安踏运动复古潮鞋秋季百搭,安踏运动,257,514,50,274,1847,93,高端飞织,TPR鞋底,套脚款式,复古潮鞋,秋季百搭,44,女,河南省,是,7,否
456918897,鸿星尔克复古潮鞋四季通用,鸿星尔克,219,438,50,8,1767,92,真皮柔软,混合鞋底,系带设计,复古潮鞋,四季通用,36,男,湖北省,是,23,是
308085141,京东京造户外机能冬季保暖,京东京造,211,267,79,4264,1647,94,合成革鞋,混合鞋底,系带设计,户外机能,冬季保暖,39,男,山东省,是,22,是
961303175,其他品牌日常休闲冬季保暖,其他品牌,163,199,82,1454,1045,94,混合材质,EVA轻底,魔术贴鞋,日常休闲,冬季保暖,58,女,福建省,否,7,否
813752776,回力经典复古潮鞋秋季百搭,回力经典,99,111,89,4423,752,93,混合材质,混合鞋底,拉链鞋款,复古潮鞋,秋季百搭,59,男,江苏省,是,13,是
670014005,其他品牌运动休闲四季通用,其他品牌,129,157,82,1305,590,92,布面材质,混合鞋底,拉链鞋款,运动休闲,四季通用,51,女,浙江省,是,18,是
545292018,阿迪达斯运动休闲夏季透气,阿迪达斯,567,961,59,555,6857,97,超纤皮鞋,EVA轻底,系带设计,运动休闲,夏季透气,45,女,河南省,是,20,是
620502267,阿迪达斯运动休闲四季通用,阿迪达斯,99,150,66,365,377,93,高端飞织,混合鞋底,松紧带鞋,运动休闲,四季通用,39,女,湖北省,是,22,否
819210622,耐克潮流运动休闲四季通用,耐克潮流,99,141,70,0,3908,94,布面材质,MD发泡底,拉链鞋款,运动休闲,四季通用,40,女,湖北省,否,1,否
635723832,耐克潮流户外机能冬季保暖,耐克潮流,208,289,72,478,295,93,混合材质,PU中底,松紧带鞋,户外机能,冬季保暖,55,女,江苏省,是,16,否
309070757,鸿星尔克潮流高街冬季保暖,鸿星尔克,142,258,55,812,1125,100,合成革鞋,TPR鞋底,魔术贴鞋,潮流高街,冬季保暖,52,女,四川省,是,22,是
151129506,安踏运动潮流高街夏季透气,安踏运动,106,110,96,1469,705,90,飞织面料,PU中底,系带设计,潮流高街,夏季透气,46,女,广东省,是,10,否
817971046,李宁休闲简约百搭秋季百搭,李宁休闲,113,195,58,41,5757,90,高端飞织,混合鞋底,套脚款式,简约百搭,秋季百搭,38,女,浙江省,是,9,是
433267587,特步男鞋简约百搭春季新款,特步男鞋,127,138,92,804,5801,94,网布透气,混合鞋底,魔术贴鞋,简约百搭,春季新款,44,男,浙江省,否,8,是
416302057,京东京造运动休闲夏季透气,京东京造,123,212,58,3192,4917,88,超纤皮鞋,TPR鞋底,拉链鞋款,运动休闲,夏季透气,31,女,江苏省,是,15,否
781743057,其他品牌潮流高街冬季保暖,其他品牌,139,158,88,607,3025,85,超纤皮鞋,混合鞋底,系带设计,潮流高街,冬季保暖,45,男,浙江省,否,8,是
198833249,回力经典潮流高街四季通用,回力经典,185,247,75,105,369,96,真皮柔软,橡胶大底,拉链鞋款,潮流高街,四季通用,57,男,河北省,是,20,否
517449959,李宁休闲工装硬朗秋季百搭,李宁休闲,203,274,74,1467,575,94,合成革鞋,混合鞋底,魔术贴鞋,工装硬朗,秋季百搭,57,女,河北省,否,21,否
942945545,鸿星尔克运动休闲夏季透气,鸿星尔克,99,101,98,10,256,100,超纤皮鞋,MD发泡底,拉链鞋款,运动休闲,夏季透气,53,男,福建省,否,22,否
358850828,鸿星尔克简约百搭夏季透气,鸿星尔克,138,141,98,3786,491,97,飞织面料,橡胶大底,魔术贴鞋,简约百搭,夏季透气,47,男,福建省,否,19,是
315700186,其他品牌工装硬朗冬季保暖,其他品牌,172,287,60,195,1006,98,飞织面料,PU中底,系带设计,工装硬朗,冬季保暖,39,男,广东省,是,21,否
835432088,耐克潮流潮流高街冬季保暖,耐克潮流,99,99,100,1343,1490,92,飞织面料,混合鞋底,套脚款式,潮流高街,冬季保暖,48,女,山东省,否,22,是
115486976,安踏运动日常休闲春季新款,安踏运动,99,115,86,1145,29000,96,超纤皮鞋,橡胶大底,套脚款式,日常休闲,春季新款,45,男,湖北省,否,2,否
646353558,李宁休闲工装硬朗夏季透气,李宁休闲,129,174,74,196,1099,95,混合材质,MD发泡底,拉链鞋款,工装硬朗,夏季透气,50,女,河北省,否,20,是
619997422,李宁休闲工装硬朗夏季透气,李宁休闲,99,108,92,1427,226,99,高端飞织,MD发泡底,拉链鞋款,工装硬朗,夏季透气,51,女,安徽省,是,8,否
189665136,鸿星尔克简约百搭四季通用,鸿星尔克,99,129,77,101,1988,93,高端飞织,PU中底,拉链鞋款,简约百搭,四季通用,45,男,河北省,是,13,否
818685503,安踏运动户外机能夏季透气,安踏运动,99,174,57,462,1375,91,真皮柔软,TPR鞋底,系带设计,户外机能,夏季透气,38,女,浙江省,否,22,是
710120349,回力经典日常休闲夏季透气,回力经典,248,382,65,672,1080,89,超纤皮鞋,EVA轻底,拉链鞋款,日常休闲,夏季透气,44,女,安徽省,是,20,是
347742613,回力经典日常休闲冬季保暖,回力经典,237,272,87,1012,221,93,网布透气,EVA轻底,魔术贴鞋,日常休闲,冬季保暖,44,男,江苏省,否,20,是
546753844,阿迪达斯工装硬朗夏季透气,阿迪达斯,99,152,65,754,1261,96,网布透气,TPR鞋底,系带设计,工装硬朗,夏季透气,51,女,湖北省,是,8,是
202450399,回力经典运动休闲冬季保暖,回力经典,187,267,70,1355,6583,96,合成革鞋,PU中底,系带设计,运动休闲,冬季保暖,52,男,四川省,是,19,否
535775698,安踏运动复古潮鞋冬季保暖,安踏运动,99,141,70,771,287,90,布面材质,MD发泡底,系带设计,复古潮鞋,冬季保暖,45,女,福建省,是,22,否
712664054,鸿星尔克潮流高街春季新款,鸿星尔克,140,250,56,1355,160,97,超纤皮鞋,混合鞋底,系带设计,潮流高街,春季新款,51,男,福建省,否,16,是
539956283,李宁休闲户外机能冬季保暖,李宁休闲,113,171,66,10,4975,89,合成革鞋,橡胶大底,套脚款式,户外机能,冬季保暖,52,女,安徽省,否,9,否
497249176,安踏运动日常休闲秋季百搭,安踏运动,99,160,62,238,1100,95,超纤皮鞋,TPR鞋底,系带设计,日常休闲,秋季百搭,51,男,广东省,否,21,否
793199569,其他品牌工装硬朗春季新款,其他品牌,99,102,97,559,1228,97,混合材质,TPR鞋底,套脚款式,工装硬朗,春季新款,49,男,福建省,否,14,是
786175154,耐克潮流复古潮鞋春季新款,耐克潮流,170,274,62,6,1147,91,飞织面料,混合鞋底,松紧带鞋,复古潮鞋,春季新款,51,男,安徽省,是,0,否
844270817,安踏运动户外机能夏季透气,安踏运动,111,152,73,355,121,86,超纤皮鞋,混合鞋底,套脚款式,户外机能,夏季透气,38,女,山东省,是,15,是
810734105,回力经典运动休闲春季新款,回力经典,349,388,90,722,1484,94,合成革鞋,橡胶大底,松紧带鞋,运动休闲,春季新款,39,男,浙江省,否,23,否
203682317,斯凯奇潮运动休闲四季通用,斯凯奇潮,332,593,56,75,1134,92,高端飞织,PU中底,系带设计,运动休闲,四季通用,45,男,四川省,是,1,否
777438956,特步男鞋工装硬朗四季通用,特步男鞋,235,276,85,902,6748,96,超纤皮鞋,橡胶大底,系带设计,工装硬朗,四季通用,50,男,四川省,否,22,是
492171621,回力经典简约百搭四季通用,回力经典,184,279,66,8,1064,97,混合材质,TPR鞋底,拉链鞋款,简约百搭,四季通用,43,男,湖北省,否,20,否
907216156,鸿星尔克潮流高街四季通用,鸿星尔克,178,198,90,10,1348,96,布面材质,MD发泡底,拉链鞋款,潮流高街,四季通用,41,男,安徽省,是,15,否
864479224,耐克潮流简约百搭夏季透气,耐克潮流,265,301,88,454,265,93,合成革鞋,TPR鞋底,松紧带鞋,简约百搭,夏季透气,45,男,湖北省,是,11,否
759710280,李宁休闲潮流高街秋季百搭,李宁休闲,99,138,72,545,12670,90,高端飞织,PU中底,松紧带鞋,潮流高街,秋季百搭,47,男,浙江省,否,3,否
250584713,耐克潮流运动休闲春季新款,耐克潮流,171,317,54,1316,229,93,布面材质,橡胶大底,魔术贴鞋,运动休闲,春季新款,33,男,四川省,否,20,是
227898254,回力经典潮流高街秋季百搭,回力经典,198,218,91,80,140,96,真皮柔软,MD发泡底,松紧带鞋,潮流高街,秋季百搭,42,男,河北省,否,12,是
398927856,耐克潮流工装硬朗夏季透气,耐克潮流,319,404,79,667,5803,91,网布透气,EVA轻底,拉链鞋款,工装硬朗,夏季透气,42,女,山东省,是,17,是
492673945,斯凯奇潮潮流高街四季通用,斯凯奇潮,119,163,73,709,191,90,合成革鞋,橡胶大底,魔术贴鞋,潮流高街,四季通用,43,女,河南省,是,10,否
343695991,回力经典运动休闲四季通用,回力经典,183,201,91,716,4126,91,高端飞织,TPR鞋底,魔术贴鞋,运动休闲,四季通用,55,男,河北省,是,13,是
345488019,京东京造复古潮鞋夏季透气,京东京造,295,373,79,723,187,97,真皮柔软,橡胶大底,魔术贴鞋,复古潮鞋,夏季透气,51,男,安徽省,否,10,是
572314117,京东京造潮流高街冬季保暖,京东京造,99,102,97,577,1537,97,高端飞织,橡胶大底,松紧带鞋,潮流高街,冬季保暖,47,男,河北省,否,8,是
942050330,京东京造复古潮鞋四季通用,京东京造,111,119,93,33,515,91,网布透气,EVA轻底,套脚款式,复古潮鞋,四季通用,34,女,山东省,是,22,否
291112290,回力经典简约百搭夏季透气,回力经典,177,181,98,3085,576,98,真皮柔软,橡胶大底,松紧带鞋,简约百搭,夏季透气,43,男,广东省,否,4,是
363540718,其他品牌复古潮鞋秋季百搭,其他品牌,99,108,92,1324,1150,88,真皮柔软,TPR鞋底,松紧带鞋,复古潮鞋,秋季百搭,38,女,安徽省,是,6,否
354721797,阿迪达斯户外机能四季通用,阿迪达斯,156,200,78,495,1474,94,网布透气,PU中底,松紧带鞋,户外机能,四季通用,62,男,广东省,否,15,是
465268424,回力经典工装硬朗秋季百搭,回力经典,170,193,88,50,399,90,真皮柔软,混合鞋底,系带设计,工装硬朗,秋季百搭,57,男,福建省,是,22,是
524252125,回力经典日常休闲春季新款,回力经典,121,192,63,1294,3362,95,布面材质,TPR鞋底,套脚款式,日常休闲,春季新款,18,男,福建省,是,23,是
129199276,阿迪达斯日常休闲冬季保暖,阿迪达斯,99,122,81,665,519,92,布面材质,混合鞋底,拉链鞋款,日常休闲,冬季保暖,43,男,山东省,是,21,否
626632903,安踏运动复古潮鞋夏季透气,安踏运动,226,266,85,455,16297,91,混合材质,MD发泡底,拉链鞋款,复古潮鞋,夏季透气,51,男,江苏省,否,15,否
854568139,京东京造复古潮鞋秋季百搭,京东京造,104,125,83,1131,368,96,超纤皮鞋,PU中底,套脚款式,复古潮鞋,秋季百搭,46,女,浙江省,是,17,否
963186215,回力经典工装硬朗冬季保暖,回力经典,99,168,59,10,16525,94,飞织面料,PU中底,套脚款式,工装硬朗,冬季保暖,51,男,河南省,是,22,是
277005470,斯凯奇潮户外机能冬季保暖,斯凯奇潮,99,122,81,987,1959,95,飞织面料,TPR鞋底,松紧带鞋,户外机能,冬季保暖,52,女,江苏省,是,8,否
775167118,鸿星尔克简约百搭春季新款,鸿星尔克,99,130,76,1080,1218,95,布面材质,橡胶大底,松紧带鞋,简约百搭,春季新款,43,男,河北省,否,20,是
656931726,回力经典复古潮鞋冬季保暖,回力经典,99,111,89,2154,2316,91,网布透气,混合鞋底,拉链鞋款,复古潮鞋,冬季保暖,53,男,四川省,否,21,否
680194704,斯凯奇潮复古潮鞋四季通用,斯凯奇潮,223,223,100,1019,6158,93,混合材质,橡胶大底,拉链鞋款,复古潮鞋,四季通用,26,男,河北省,否,1,是
138661193,鸿星尔克复古潮鞋春季新款,鸿星尔克,108,154,70,727,1652,90,布面材质,PU中底,拉链鞋款,复古潮鞋,春季新款,56,男,河北省,否,16,是
115696314,斯凯奇潮复古潮鞋四季通用,斯凯奇潮,194,228,85,337,1129,95,真皮柔软,TPR鞋底,拉链鞋款,复古潮鞋,四季通用,48,女,河北省,否,11,是
495071144,安踏运动日常休闲冬季保暖,安踏运动,195,212,92,1452,836,97,真皮柔软,橡胶大底,套脚款式,日常休闲,冬季保暖,45,男,安徽省,是,23,否
154482056,其他品牌简约百搭秋季百搭,其他品牌,137,228,60,8,2410,92,混合材质,EVA轻底,系带设计,简约百搭,秋季百搭,49,女,江苏省,是,4,否
446283811,鸿星尔克运动休闲四季通用,鸿星尔克,99,103,96,1026,819,98,网布透气,EVA轻底,松紧带鞋,运动休闲,四季通用,48,女,浙江省,否,13,是
209903344,回力经典户外机能四季通用,回力经典,99,190,52,1328,789,93,真皮柔软,橡胶大底,套脚款式,户外机能,四季通用,53,女,河南省,是,22,是
849426014,阿迪达斯日常休闲夏季透气,阿迪达斯,131,187,70,616,11010,90,飞织面料,橡胶大底,系带设计,日常休闲,夏季透气,41,男,安徽省,是,21,是
123348455,斯凯奇潮潮流高街冬季保暖,斯凯奇潮,152,160,95,837,2316,94,网布透气,MD发泡底,松紧带鞋,潮流高街,冬季保暖,52,男,山东省,是,12,否
113850105,回力经典运动休闲秋季百搭,回力经典,391,641,61,999,1596,98,真皮柔软,EVA轻底,拉链鞋款,运动休闲,秋季百搭,35,女,福建省,是,14,是
657750063,斯凯奇潮工装硬朗冬季保暖,斯凯奇潮,120,203,59,787,1560,99,布面材质,PU中底,松紧带鞋,工装硬朗,冬季保暖,46,男,安徽省,否,16,否
346870038,特步男鞋户外机能春季新款,特步男鞋,99,152,65,137,321,100,混合材质,EVA轻底,魔术贴鞋,户外机能,春季新款,45,男,四川省,否,20,是
922956001,鸿星尔克运动休闲冬季保暖,鸿星尔克,99,111,89,529,4457,94,真皮柔软,TPR鞋底,松紧带鞋,运动休闲,冬季保暖,44,女,福建省,是,3,是
282115986,京东京造复古潮鞋冬季保暖,京东京造,139,278,50,798,6267,90,布面材质,MD发泡底,系带设计,复古潮鞋,冬季保暖,48,男,山东省,否,2,否
328869094,阿迪达斯运动休闲秋季百搭,阿迪达斯,262,336,78,3539,4241,94,真皮柔软,PU中底,拉链鞋款,运动休闲,秋季百搭,40,女,湖北省,是,6,否
132786776,特步男鞋运动休闲春季新款,特步男鞋,274,291,94,1307,622,96,合成革鞋,TPR鞋底,套脚款式,运动休闲,春季新款,41,男,四川省,否,22,是
853314149,京东京造户外机能春季新款,京东京造,121,178,68,1239,234,90,真皮柔软,橡胶大底,魔术贴鞋,户外机能,春季新款,57,女,浙江省,是,22,否
143726844,阿迪达斯复古潮鞋夏季透气,阿迪达斯,370,474,78,1370,2890,100,合成革鞋,PU中底,系带设计,复古潮鞋,夏季透气,41,男,江苏省,否,18,是
629060186,京东京造工装硬朗秋季百搭,京东京造,191,308,62,122,1037,95,混合材质,橡胶大底,松紧带鞋,工装硬朗,秋季百搭,44,女,四川省,否,23,否
759108322,回力经典运动休闲四季通用,回力经典,139,151,92,206,1761,98,真皮柔软,PU中底,魔术贴鞋,运动休闲,四季通用,39,女,河南省,否,4,否
540897386,斯凯奇潮运动休闲夏季透气,斯凯奇潮,129,179,72,3497,253,93,合成革鞋,TPR鞋底,松紧带鞋,运动休闲,夏季透气,60,男,河南省,否,19,是
529211273,耐克潮流简约百搭夏季透气,耐克潮流,99,134,74,1420,7203,95,超纤皮鞋,TPR鞋底,系带设计,简约百搭,夏季透气,50,男,浙江省,是,16,否
678210009,耐克潮流潮流高街四季通用,耐克潮流,99,104,95,782,958,97,网布透气,MD发泡底,系带设计,潮流高街,四季通用,52,男,福建省,是,23,是
948304319,回力经典日常休闲秋季百搭,回力经典,220,306,72,455,707,96,网布透气,PU中底,拉链鞋款,日常休闲,秋季百搭,53,男,湖北省,否,22,是
993024604,安踏运动运动休闲夏季透气,安踏运动,99,100,99,1394,435,97,高端飞织,橡胶大底,魔术贴鞋,运动休闲,夏季透气,47,女,广东省,否,21,是
290859425,其他品牌复古潮鞋夏季透气,其他品牌,101,151,67,332,969,96,高端飞织,PU中底,套脚款式,复古潮鞋,夏季透气,41,男,安徽省,是,21,否
693982320,斯凯奇潮运动休闲夏季透气,斯凯奇潮,99,103,96,895,1065,95,飞织面料,橡胶大底,系带设计,运动休闲,夏季透气,45,女,河南省,是,10,否
666003111,回力经典运动休闲秋季百搭,回力经典,183,339,54,848,2343,90,真皮柔软,MD发泡底,系带设计,运动休闲,秋季百搭,44,男,四川省,是,0,否
293248632,京东京造潮流高街秋季百搭,京东京造,99,101,98,16,5643,100,真皮柔软,混合鞋底,拉链鞋款,潮流高街,秋季百搭,54,女,河北省,是,21,是
767684377,安踏运动工装硬朗秋季百搭,安踏运动,121,125,97,225,1533,92,真皮柔软,混合鞋底,系带设计,工装硬朗,秋季百搭,50,男,河南省,否,3,是
271800490,其他品牌简约百搭秋季百搭,其他品牌,104,144,72,1479,1010,91,真皮柔软,橡胶大底,魔术贴鞋,简约百搭,秋季百搭,53,女,湖北省,否,16,是
199525390,回力经典日常休闲春季新款,回力经典,117,186,63,93,2090,94,超纤皮鞋,PU中底,魔术贴鞋,日常休闲,春季新款,47,女,山东省,是,22,是
656675853,特步男鞋户外机能秋季百搭,特步男鞋,123,126,98,2031,577,94,布面材质,混合鞋底,松紧带鞋,户外机能,秋季百搭,49,男,江苏省,否,22,是
246128465,特步男鞋复古潮鞋秋季百搭,特步男鞋,99,111,89,2445,598,96,混合材质,橡胶大底,魔术贴鞋,复古潮鞋,秋季百搭,45,女,福建省,否,23,是
659916278,耐克潮流日常休闲四季通用,耐克潮流,120,235,51,941,371,94,高端飞织,TPR鞋底,拉链鞋款,日常休闲,四季通用,34,男,河南省,否,23,是
456044343,特步男鞋工装硬朗春季新款,特步男鞋,224,236,95,856,2373,92,网布透气,MD发泡底,魔术贴鞋,工装硬朗,春季新款,32,男,湖北省,是,23,否
752210832,斯凯奇潮运动休闲秋季百搭,斯凯奇潮,297,503,59,609,972,98,布面材质,PU中底,魔术贴鞋,运动休闲,秋季百搭,49,男,安徽省,否,8,否
290799120,耐克潮流工装硬朗秋季百搭,耐克潮流,136,177,77,679,2691,97,真皮柔软,橡胶大底,松紧带鞋,工装硬朗,秋季百搭,48,男,湖北省,否,5,是
298403176,耐克潮流潮流高街春季新款,耐克潮流,158,223,71,4454,2341,92,飞织面料,PU中底,拉链鞋款,潮流高街,春季新款,54,女,河南省,否,3,是
872155704,特步男鞋工装硬朗春季新款,特步男鞋,142,237,60,596,282,91,高端飞织,MD发泡底,魔术贴鞋,工装硬朗,春季新款,47,男,江苏省,是,22,是
888731919,安踏运动运动休闲冬季保暖,安踏运动,105,194,54,1483,1644,96,布面材质,PU中底,系带设计,运动休闲,冬季保暖,50,女,浙江省,是,23,否
866087123,其他品牌简约百搭四季通用,其他品牌,120,164,73,1312,822,90,飞织面料,TPR鞋底,系带设计,简约百搭,四季通用,41,男,福建省,否,22,否
459714639,京东京造运动休闲春季新款,京东京造,99,143,69,40,1140,98,布面材质,PU中底,魔术贴鞋,运动休闲,春季新款,44,女,河南省,是,10,否
258359920,其他品牌简约百搭春季新款,其他品牌,149,210,71,1243,1639,91,高端飞织,MD发泡底,系带设计,简约百搭,春季新款,48,男,安徽省,是,21,否
950660326,耐克潮流复古潮鞋夏季透气,耐克潮流,112,181,62,1208,316,97,合成革鞋,混合鞋底,松紧带鞋,复古潮鞋,夏季透气,49,男,山东省,否,10,是
601368508,其他品牌复古潮鞋夏季透气,其他品牌,99,194,51,143,392,92,真皮柔软,PU中底,系带设计,复古潮鞋,夏季透气,45,女,山东省,否,22,否
710826849,鸿星尔克工装硬朗夏季透气,鸿星尔克,99,112,88,2073,6585,87,高端飞织,EVA轻底,套脚款式,工装硬朗,夏季透气,55,男,福建省,是,1,是
160339567,安踏运动工装硬朗四季通用,安踏运动,99,104,95,3573,823,92,混合材质,TPR鞋底,套脚款式,工装硬朗,四季通用,46,女,河南省,是,17,否
742802046,京东京造日常休闲春季新款,京东京造,99,111,89,134,450,90,超纤皮鞋,橡胶大底,拉链鞋款,日常休闲,春季新款,43,女,湖北省,是,6,否
467566913,特步男鞋简约百搭夏季透气,特步男鞋,99,194,51,11,161,96,网布透气,PU中底,拉链鞋款,简约百搭,夏季透气,37,男,浙江省,否,14,否
699453559,回力经典户外机能四季通用,回力经典,99,162,61,1185,1830,91,混合材质,PU中底,魔术贴鞋,户外机能,四季通用,39,男,湖北省,是,23,是
470140134,阿迪达斯户外机能冬季保暖,阿迪达斯,99,116,85,13,7774,90,合成革鞋,混合鞋底,套脚款式,户外机能,冬季保暖,55,男,山东省,是,18,是
991032988,特步男鞋运动休闲冬季保暖,特步男鞋,139,165,84,379,2186,92,混合材质,TPR鞋底,系带设计,运动休闲,冬季保暖,41,男,河北省,否,8,是
503612225,李宁休闲复古潮鞋秋季百搭,李宁休闲,141,214,66,45,922,94,布面材质,TPR鞋底,松紧带鞋,复古潮鞋,秋季百搭,42,男,福建省,否,21,是
886822970,回力经典工装硬朗春季新款,回力经典,99,187,53,34,774,88,超纤皮鞋,PU中底,松紧带鞋,工装硬朗,春季新款,50,女,山东省,否,23,是
292908901,耐克潮流运动休闲秋季百搭,耐克潮流,154,190,81,1246,811,97,布面材质,TPR鞋底,系带设计,运动休闲,秋季百搭,44,女,广东省,否,18,否
196963502,李宁休闲简约百搭冬季保暖,李宁休闲,139,160,87,2306,605,92,网布透气,EVA轻底,拉链鞋款,简约百搭,冬季保暖,43,女,湖北省,是,17,是
658173824,斯凯奇潮工装硬朗秋季百搭,斯凯奇潮,175,350,50,82,1751,87,布面材质,MD发泡底,松紧带鞋,工装硬朗,秋季百搭,39,男,山东省,是,9,是
617936664,阿迪达斯日常休闲冬季保暖,阿迪达斯,252,293,86,1445,1768,94,飞织面料,橡胶大底,拉链鞋款,日常休闲,冬季保暖,38,女,山东省,是,1,是
241180410,其他品牌简约百搭夏季透气,其他品牌,159,215,74,647,1332,89,飞织面料,PU中底,魔术贴鞋,简约百搭,夏季透气,47,男,安徽省,是,3,是
557596491,其他品牌工装硬朗夏季透气,其他品牌,126,126,100,3933,454,96,合成革鞋,混合鞋底,拉链鞋款,工装硬朗,夏季透气,50,女,山东省,否,1,是
628751978,京东京造简约百搭春季新款,京东京造,99,174,57,4715,313,94,布面材质,混合鞋底,松紧带鞋,简约百搭,春季新款,36,女,山东省,否,20,否
468798749,安踏运动运动休闲春季新款,安踏运动,119,129,92,1156,103,91,真皮柔软,EVA轻底,拉链鞋款,运动休闲,春季新款,54,男,四川省,是,13,否
301863439,京东京造潮流高街四季通用,京东京造,99,121,82,390,732,92,布面材质,TPR鞋底,魔术贴鞋,潮流高街,四季通用,40,男,广东省,否,8,是
173579309,回力经典户外机能春季新款,回力经典,265,530,50,37,1336,93,飞织面料,PU中底,系带设计,户外机能,春季新款,38,男,江苏省,是,22,否
628345037,京东京造工装硬朗秋季百搭,京东京造,99,105,94,1095,916,90,真皮柔软,EVA轻底,系带设计,工装硬朗,秋季百搭,34,男,福建省,否,11,是
271156460,鸿星尔克潮流高街冬季保暖,鸿星尔克,114,123,93,154,555,96,真皮柔软,橡胶大底,松紧带鞋,潮流高街,冬季保暖,55,男,福建省,是,8,是
524813425,京东京造户外机能冬季保暖,京东京造,99,198,50,1370,506,97,网布透气,MD发泡底,套脚款式,户外机能,冬季保暖,45,男,河南省,否,20,是
274183941,鸿星尔克运动休闲夏季透气,鸿星尔克,239,398,60,454,4079,94,布面材质,TPR鞋底,拉链鞋款,运动休闲,夏季透气,52,女,福建省,否,23,否
410302831,耐克潮流潮流高街秋季百搭,耐克潮流,447,532,84,48,3281,93,超纤皮鞋,EVA轻底,系带设计,潮流高街,秋季百搭,62,男,湖北省,否,23,否
328924868,京东京造户外机能四季通用,京东京造,99,146,68,398,725,97,飞织面料,TPR鞋底,魔术贴鞋,户外机能,四季通用,59,男,浙江省,是,22,是
242594266,阿迪达斯工装硬朗四季通用,阿迪达斯,114,139,82,3551,3734,91,真皮柔软,PU中底,松紧带鞋,工装硬朗,四季通用,54,女,山东省,否,22,否
358198683,阿迪达斯运动休闲秋季百搭,阿迪达斯,99,130,76,485,1819,90,高端飞织,混合鞋底,拉链鞋款,运动休闲,秋季百搭,41,男,河南省,是,20,是
462254534,回力经典复古潮鞋四季通用,回力经典,99,110,90,75,927,99,飞织面料,MD发泡底,套脚款式,复古潮鞋,四季通用,39,男,河北省,是,21,否
518552755,斯凯奇潮简约百搭春季新款,斯凯奇潮,99,157,63,4611,184,91,飞织面料,橡胶大底,系带设计,简约百搭,春季新款,48,女,四川省,是,22,否
313040489,特步男鞋简约百搭春季新款,特步男鞋,329,396,83,2689,577,96,合成革鞋,TPR鞋底,套脚款式,简约百搭,春季新款,42,女,河南省,否,23,否
518414945,特步男鞋户外机能秋季百搭,特步男鞋,99,155,64,8,7474,92,高端飞织,MD发泡底,魔术贴鞋,户外机能,秋季百搭,33,男,浙江省,否,5,否
213010390,其他品牌户外机能秋季百搭,其他品牌,116,118,98,417,2205,98,真皮柔软,混合鞋底,套脚款式,户外机能,秋季百搭,52,男,四川省,是,22,是
315598730,安踏运动户外机能夏季透气,安踏运动,99,190,52,1438,3992,91,飞织面料,TPR鞋底,套脚款式,户外机能,夏季透气,55,女,福建省,否,22,是
659687767,鸿星尔克简约百搭冬季保暖,鸿星尔克,114,204,56,918,1405,93,高端飞织,混合鞋底,魔术贴鞋,简约百搭,冬季保暖,40,女,江苏省,否,0,是
551373417,京东京造复古潮鞋秋季百搭,京东京造,99,183,54,594,1607,94,超纤皮鞋,PU中底,系带设计,复古潮鞋,秋季百搭,52,女,湖北省,否,20,否
285706326,李宁休闲日常休闲冬季保暖,李宁休闲,236,268,88,77,818,98,合成革鞋,EVA轻底,系带设计,日常休闲,冬季保暖,65,女,江苏省,否,19,否
576936058,阿迪达斯户外机能冬季保暖,阿迪达斯,99,100,99,289,197,97,真皮柔软,MD发泡底,松紧带鞋,户外机能,冬季保暖,60,男,山东省,是,6,否
251284487,回力经典复古潮鞋四季通用,回力经典,196,245,80,1240,1733,96,布面材质,MD发泡底,拉链鞋款,复古潮鞋,四季通用,59,男,浙江省,是,21,否
489718713,耐克潮流运动休闲春季新款,耐克潮流,108,129,84,1471,4454,88,混合材质,EVA轻底,魔术贴鞋,运动休闲,春季新款,40,男,河南省,否,18,否
530710076,鸿星尔克日常休闲春季新款,鸿星尔克,99,180,55,522,3844,93,布面材质,TPR鞋底,套脚款式,日常休闲,春季新款,44,男,四川省,是,21,否
204806135,回力经典简约百搭夏季透气,回力经典,117,117,100,48,2497,93,布面材质,橡胶大底,套脚款式,简约百搭,夏季透气,52,男,河南省,否,16,否
362379921,李宁休闲潮流高街秋季百搭,李宁休闲,161,316,51,3512,5328,94,网布透气,MD发泡底,拉链鞋款,潮流高街,秋季百搭,40,女,安徽省,是,18,否
674727761,回力经典工装硬朗夏季透气,回力经典,99,190,52,274,56,93,混合材质,TPR鞋底,系带设计,工装硬朗,夏季透气,43,男,山东省,否,18,否
794957810,其他品牌运动休闲冬季保暖,其他品牌,225,352,64,10,53,95,网布透气,MD发泡底,系带设计,运动休闲,冬季保暖,54,女,安徽省,否,2,是
827728469,京东京造运动休闲秋季百搭,京东京造,99,148,67,817,1106,100,合成革鞋,混合鞋底,松紧带鞋,运动休闲,秋季百搭,46,女,浙江省,是,5,否
289785549,耐克潮流潮流高街四季通用,耐克潮流,99,105,94,1185,691,92,超纤皮鞋,MD发泡底,松紧带鞋,潮流高街,四季通用,55,男,四川省,否,20,否
986053479,特步男鞋户外机能秋季百搭,特步男鞋,188,202,93,41,1630,100,布面材质,EVA轻底,魔术贴鞋,户外机能,秋季百搭,46,男,安徽省,否,22,否
631777922,鸿星尔克运动休闲夏季透气,鸿星尔克,99,106,93,563,2595,90,飞织面料,MD发泡底,系带设计,运动休闲,夏季透气,52,男,浙江省,是,4,否
762895141,回力经典潮流高街秋季百搭,回力经典,99,194,51,1442,2012,92,混合材质,TPR鞋底,魔术贴鞋,潮流高街,秋季百搭,45,女,浙江省,是,5,是
286492710,特步男鞋工装硬朗春季新款,特步男鞋,99,150,66,37,1294,94,真皮柔软,PU中底,松紧带鞋,工装硬朗,春季新款,50,女,江苏省,否,7,是
379782797,安踏运动户外机能冬季保暖,安踏运动,99,152,65,804,239,93,高端飞织,TPR鞋底,松紧带鞋,户外机能,冬季保暖,52,男,江苏省,否,16,否
900078024,其他品牌潮流高街秋季百搭,其他品牌,202,293,69,568,1511,96,网布透气,MD发泡底,松紧带鞋,潮流高街,秋季百搭,44,男,安徽省,是,21,否
928654844,回力经典复古潮鞋冬季保暖,回力经典,99,110,90,8,3619,93,混合材质,MD发泡底,系带设计,复古潮鞋,冬季保暖,34,女,山东省,否,16,否
165879715,阿迪达斯简约百搭冬季保暖,阿迪达斯,117,221,53,400,1627,94,混合材质,混合鞋底,松紧带鞋,简约百搭,冬季保暖,50,男,山东省,是,11,是
796002197,斯凯奇潮复古潮鞋冬季保暖,斯凯奇潮,179,197,91,812,1215,93,高端飞织,橡胶大底,魔术贴鞋,复古潮鞋,冬季保暖,36,男,山东省,是,22,否
800612752,回力经典日常休闲四季通用,回力经典,99,177,56,49,793,95,网布透气,MD发泡底,拉链鞋款,日常休闲,四季通用,51,男,河南省,否,20,否
244442971,鸿星尔克运动休闲春季新款,鸿星尔克,111,144,77,0,577,97,合成革鞋,TPR鞋底,魔术贴鞋,运动休闲,春季新款,56,男,河北省,是,12,是
916654140,李宁休闲复古潮鞋冬季保暖,李宁休闲,164,176,93,1462,1301,96,超纤皮鞋,混合鞋底,魔术贴鞋,复古潮鞋,冬季保暖,54,男,浙江省,是,9,是
449842960,耐克潮流潮流高街四季通用,耐克潮流,122,127,96,593,1474,91,布面材质,TPR鞋底,套脚款式,潮流高街,四季通用,48,男,安徽省,是,20,是
499482845,京东京造潮流高街四季通用,京东京造,99,180,55,5,4467,97,真皮柔软,MD发泡底,系带设计,潮流高街,四季通用,49,女,湖北省,是,14,否
792585361,其他品牌日常休闲夏季透气,其他品牌,99,150,66,1010,6156,94,真皮柔软,EVA轻底,系带设计,日常休闲,夏季透气,40,女,四川省,否,19,是
333215534,回力经典工装硬朗四季通用,回力经典,99,174,57,1267,814,93,布面材质,EVA轻底,拉链鞋款,工装硬朗,四季通用,53,男,湖北省,否,23,否
202155810,耐克潮流工装硬朗四季通用,耐克潮流,131,187,70,44,668,100,布面材质,MD发泡底,拉链鞋款,工装硬朗,四季通用,53,女,河北省,否,17,否
403159533,京东京造日常休闲四季通用,京东京造,166,332,50,845,73,90,真皮柔软,TPR鞋底,魔术贴鞋,日常休闲,四季通用,63,男,四川省,否,16,否
428833524,京东京造运动休闲春季新款,京东京造,99,121,82,8,208,99,飞织面料,TPR鞋底,松紧带鞋,运动休闲,春季新款,23,男,江苏省,是,6,是
205629792,其他品牌复古潮鞋秋季百搭,其他品牌,130,245,53,1426,3314,93,真皮柔软,PU中底,松紧带鞋,复古潮鞋,秋季百搭,56,男,江苏省,是,3,否
498690150,京东京造复古潮鞋春季新款,京东京造,117,213,55,767,353,91,真皮柔软,PU中底,松紧带鞋,复古潮鞋,春季新款,37,男,山东省,否,3,是
423215631,其他品牌运动休闲四季通用,其他品牌,99,115,86,858,1186,95,网布透气,TPR鞋底,松紧带鞋,运动休闲,四季通用,46,女,四川省,是,5,否
596118690,安踏运动运动休闲四季通用,安踏运动,334,539,62,2671,570,96,合成革鞋,混合鞋底,系带设计,运动休闲,四季通用,36,男,安徽省,否,23,是
733823327,回力经典运动休闲秋季百搭,回力经典,99,100,99,3470,1436,92,超纤皮鞋,混合鞋底,拉链鞋款,运动休闲,秋季百搭,46,男,河北省,是,20,是
445951057,李宁休闲简约百搭夏季透气,李宁休闲,286,433,66,832,3962,96,高端飞织,EVA轻底,套脚款式,简约百搭,夏季透气,25,女,浙江省,否,4,否
200299115,鸿星尔克户外机能冬季保暖,鸿星尔克,99,148,67,25,2538,95,真皮柔软,混合鞋底,拉链鞋款,户外机能,冬季保暖,40,女,安徽省,否,9,否
377714239,安踏运动工装硬朗四季通用,安踏运动,99,114,87,553,573,97,飞织面料,橡胶大底,套脚款式,工装硬朗,四季通用,51,男,四川省,否,3,是
600310176,安踏运动潮流高街四季通用,安踏运动,123,195,63,1234,4486,92,合成革鞋,混合鞋底,套脚款式,潮流高街,四季通用,29,男,山东省,是,4,否
870102549,斯凯奇潮潮流高街秋季百搭,斯凯奇潮,210,212,99,1198,323,87,布面材质,橡胶大底,系带设计,潮流高街,秋季百搭,46,女,湖北省,是,1,否
376402536,阿迪达斯日常休闲夏季透气,阿迪达斯,309,372,83,551,1823,97,飞织面料,TPR鞋底,套脚款式,日常休闲,夏季透气,44,男,浙江省,是,0,否
862110565,斯凯奇潮工装硬朗四季通用,斯凯奇潮,99,150,66,4093,1720,93,超纤皮鞋,PU中底,魔术贴鞋,工装硬朗,四季通用,42,女,河南省,是,23,是
725700698,阿迪达斯户外机能夏季透气,阿迪达斯,113,113,100,906,112,95,真皮柔软,混合鞋底,拉链鞋款,户外机能,夏季透气,57,女,浙江省,是,16,是
125626432,鸿星尔克复古潮鞋冬季保暖,鸿星尔克,202,262,77,483,627,90,高端飞织,PU中底,系带设计,复古潮鞋,冬季保暖,55,男,江苏省,是,10,是
340582611,阿迪达斯复古潮鞋夏季透气,阿迪达斯,99,136,73,145,980,95,合成革鞋,EVA轻底,松紧带鞋,复古潮鞋,夏季透气,55,女,山东省,否,19,是
131253254,斯凯奇潮运动休闲四季通用,斯凯奇潮,140,156,90,1197,757,91,网布透气,EVA轻底,魔术贴鞋,运动休闲,四季通用,45,男,山东省,否,6,是
832277191,安踏运动复古潮鞋春季新款,安踏运动,215,262,82,367,755,91,超纤皮鞋,橡胶大底,魔术贴鞋,复古潮鞋,春季新款,48,女,广东省,否,21,否
891817368,耐克潮流潮流高街四季通用,耐克潮流,139,156,89,423,1160,94,混合材质,混合鞋底,系带设计,潮流高街,四季通用,38,女,江苏省,是,7,否
963589067,耐克潮流简约百搭冬季保暖,耐克潮流,141,256,55,5,1088,94,真皮柔软,EVA轻底,系带设计,简约百搭,冬季保暖,50,女,安徽省,是,3,否
881026969,回力经典复古潮鞋春季新款,回力经典,99,119,83,734,661,93,网布透气,橡胶大底,套脚款式,复古潮鞋,春季新款,50,男,安徽省,是,11,否
588792332,斯凯奇潮潮流高街夏季透气,斯凯奇潮,173,173,100,962,381,94,合成革鞋,EVA轻底,松紧带鞋,潮流高街,夏季透气,51,男,广东省,是,20,是
665986694,鸿星尔克简约百搭四季通用,鸿星尔克,173,339,51,18,451,100,飞织面料,TPR鞋底,魔术贴鞋,简约百搭,四季通用,36,女,山东省,否,1,否
817919111,特步男鞋潮流高街四季通用,特步男鞋,254,302,84,790,912,96,高端飞织,TPR鞋底,拉链鞋款,潮流高街,四季通用,58,女,四川省,否,11,是
976133135,斯凯奇潮日常休闲四季通用,斯凯奇潮,204,300,68,60,4623,90,高端飞织,TPR鞋底,系带设计,日常休闲,四季通用,31,男,浙江省,否,2,否
852754613,京东京造潮流高街四季通用,京东京造,99,103,96,738,1556,91,布面材质,混合鞋底,系带设计,潮流高街,四季通用,49,女,湖北省,是,22,否
877178570,特步男鞋运动休闲春季新款,特步男鞋,99,109,91,40,325,96,混合材质,PU中底,魔术贴鞋,运动休闲,春季新款,37,男,安徽省,是,6,是
206883670,斯凯奇潮工装硬朗春季新款,斯凯奇潮,140,157,89,565,17208,93,混合材质,MD发泡底,松紧带鞋,工装硬朗,春季新款,50,男,河南省,是,20,否
646301546,安踏运动工装硬朗秋季百搭,安踏运动,208,234,89,2882,306,94,真皮柔软,PU中底,松紧带鞋,工装硬朗,秋季百搭,46,男,四川省,是,23,否
453387157,阿迪达斯潮流高街秋季百搭,阿迪达斯,99,148,67,41,5899,86,合成革鞋,TPR鞋底,系带设计,潮流高街,秋季百搭,33,女,河北省,是,9,是
143194201,其他品牌日常休闲冬季保暖,其他品牌,99,177,56,4377,174,95,飞织面料,EVA轻底,系带设计,日常休闲,冬季保暖,55,男,河北省,是,19,否
225012734,安踏运动复古潮鞋秋季百搭,安踏运动,99,194,51,496,2289,93,超纤皮鞋,MD发泡底,松紧带鞋,复古潮鞋,秋季百搭,40,女,江苏省,是,15,是
814273200,阿迪达斯日常休闲四季通用,阿迪达斯,165,270,61,644,353,98,合成革鞋,MD发泡底,系带设计,日常休闲,四季通用,49,男,河北省,否,12,是
633031564,鸿星尔克工装硬朗四季通用,鸿星尔克,379,743,51,65,5043,92,高端飞织,混合鞋底,套脚款式,工装硬朗,四季通用,53,男,广东省,否,4,否
895358205,京东京造户外机能秋季百搭,京东京造,364,617,59,129,1270,94,高端飞织,TPR鞋底,拉链鞋款,户外机能,秋季百搭,51,女,江苏省,是,14,是
930386532,耐克潮流日常休闲春季新款,耐克潮流,99,102,97,1348,557,99,超纤皮鞋,TPR鞋底,套脚款式,日常休闲,春季新款,48,男,福建省,否,19,否
488438525,阿迪达斯潮流高街秋季百搭,阿迪达斯,132,210,63,9,132,95,布面材质,橡胶大底,拉链鞋款,潮流高街,秋季百搭,47,女,江苏省,否,22,否
239810102,斯凯奇潮日常休闲春季新款,斯凯奇潮,235,356,66,23,361,92,真皮柔软,TPR鞋底,魔术贴鞋,日常休闲,春季新款,45,男,山东省,否,18,否
725460265,京东京造户外机能春季新款,京东京造,99,114,87,1306,1036,93,高端飞织,混合鞋底,拉链鞋款,户外机能,春季新款,48,女,山东省,是,13,否
376712798,耐克潮流复古潮鞋夏季透气,耐克潮流,99,129,77,196,245,90,飞织面料,PU中底,松紧带鞋,复古潮鞋,夏季透气,37,女,河南省,否,19,否
785556754,特步男鞋户外机能冬季保暖,特步男鞋,237,266,89,151,2432,92,网布透气,TPR鞋底,松紧带鞋,户外机能,冬季保暖,57,女,四川省,否,9,是
851353735,李宁休闲简约百搭秋季百搭,李宁休闲,241,416,58,583,506,97,真皮柔软,混合鞋底,魔术贴鞋,简约百搭,秋季百搭,58,女,广东省,是,15,否
597807357,阿迪达斯复古潮鞋冬季保暖,阿迪达斯,168,240,70,1495,4167,98,合成革鞋,MD发泡底,松紧带鞋,复古潮鞋,冬季保暖,51,男,浙江省,是,22,是
845103500,安踏运动复古潮鞋春季新款,安踏运动,99,104,95,48,233,97,混合材质,橡胶大底,套脚款式,复古潮鞋,春季新款,51,女,福建省,否,3,否
562727509,耐克潮流复古潮鞋四季通用,耐克潮流,99,134,74,538,1942,94,布面材质,TPR鞋底,魔术贴鞋,复古潮鞋,四季通用,52,男,江苏省,是,5,是
151919589,京东京造运动休闲冬季保暖,京东京造,99,194,51,1443,1864,91,高端飞织,MD发泡底,魔术贴鞋,运动休闲,冬季保暖,41,男,安徽省,是,12,否
967134499,鸿星尔克日常休闲夏季透气,鸿星尔克,126,138,91,8,553,98,网布透气,TPR鞋底,松紧带鞋,日常休闲,夏季透气,43,男,四川省,是,9,否
560821141,其他品牌户外机能秋季百搭,其他品牌,192,194,99,32,10074,96,真皮柔软,橡胶大底,套脚款式,户外机能,秋季百搭,28,男,福建省,是,9,否
499286716,阿迪达斯户外机能冬季保暖,阿迪达斯,263,376,70,502,1722,93,网布透气,MD发泡底,套脚款式,户外机能,冬季保暖,34,男,河南省,否,7,否
924095183,其他品牌工装硬朗冬季保暖,其他品牌,134,248,54,412,10504,98,布面材质,MD发泡底,套脚款式,工装硬朗,冬季保暖,50,女,广东省,否,7,否
142619324,其他品牌复古潮鞋四季通用,其他品牌,364,387,94,3984,7390,91,高端飞织,TPR鞋底,魔术贴鞋,复古潮鞋,四季通用,42,男,四川省,否,20,是
655149254,特步男鞋复古潮鞋夏季透气,特步男鞋,99,121,82,2,2549,94,合成革鞋,TPR鞋底,松紧带鞋,复古潮鞋,夏季透气,28,女,福建省,是,15,否
440077189,京东京造潮流高街秋季百搭,京东京造,99,124,80,778,339,92,超纤皮鞋,橡胶大底,拉链鞋款,潮流高街,秋季百搭,47,男,山东省,否,20,否
124245033,安踏运动简约百搭四季通用,安踏运动,99,127,78,991,853,95,真皮柔软,混合鞋底,套脚款式,简约百搭,四季通用,43,男,四川省,否,23,是
971644724,李宁休闲日常休闲春季新款,李宁休闲,198,271,73,4870,7146,97,高端飞织,橡胶大底,松紧带鞋,日常休闲,春季新款,55,男,安徽省,是,10,是
879720911,李宁休闲工装硬朗夏季透气,李宁休闲,99,160,62,1340,3880,99,网布透气,EVA轻底,松紧带鞋,工装硬朗,夏季透气,41,女,浙江省,否,5,是
253236444,阿迪达斯简约百搭夏季透气,阿迪达斯,236,347,68,4821,257,98,网布透气,EVA轻底,拉链鞋款,简约百搭,夏季透气,52,女,湖北省,是,9,是
424217503,安踏运动工装硬朗四季通用,安踏运动,139,190,73,424,1012,94,网布透气,EVA轻底,松紧带鞋,工装硬朗,四季通用,50,男,安徽省,是,6,是
388912041,李宁休闲复古潮鞋夏季透气,李宁休闲,99,177,56,642,1040,91,网布透气,PU中底,系带设计,复古潮鞋,夏季透气,54,男,河南省,是,22,否
759332494,斯凯奇潮复古潮鞋冬季保暖,斯凯奇潮,115,147,78,374,408,92,飞织面料,EVA轻底,系带设计,复古潮鞋,冬季保暖,46,男,广东省,否,21,否
221427388,京东京造户外机能秋季百搭,京东京造,126,183,69,6,62,92,飞织面料,混合鞋底,系带设计,户外机能,秋季百搭,49,女,福建省,否,22,否
819926052,李宁休闲简约百搭四季通用,李宁休闲,172,187,92,872,467,96,合成革鞋,PU中底,拉链鞋款,简约百搭,四季通用,44,女,河南省,是,21,否
576714643,阿迪达斯潮流高街冬季保暖,阿迪达斯,99,198,50,4241,6884,90,网布透气,PU中底,魔术贴鞋,潮流高街,冬季保暖,45,女,江苏省,是,7,是
886062272,李宁休闲简约百搭秋季百搭,李宁休闲,99,190,52,877,1318,88,布面材质,混合鞋底,魔术贴鞋,简约百搭,秋季百搭,53,男,湖北省,否,5,否
194992197,鸿星尔克潮流高街秋季百搭,鸿星尔克,115,209,55,270,4304,94,布面材质,PU中底,拉链鞋款,潮流高街,秋季百搭,50,女,浙江省,是,11,是
152066188,回力经典潮流高街夏季透气,回力经典,176,235,75,139,2937,97,真皮柔软,EVA轻底,魔术贴鞋,潮流高街,夏季透气,42,女,广东省,是,4,否
670443747,鸿星尔克工装硬朗夏季透气,鸿星尔克,99,129,77,138,168,98,真皮柔软,TPR鞋底,拉链鞋款,工装硬朗,夏季透气,38,女,河南省,否,11,否
475560244,阿迪达斯简约百搭秋季百搭,阿迪达斯,99,138,72,164,1363,99,布面材质,MD发泡底,魔术贴鞋,简约百搭,秋季百搭,45,女,江苏省,否,19,否
102038509,特步男鞋复古潮鞋冬季保暖,特步男鞋,99,112,88,4983,328,90,混合材质,橡胶大底,套脚款式,复古潮鞋,冬季保暖,39,女,福建省,否,21,否
698694176,斯凯奇潮日常休闲冬季保暖,斯凯奇潮,101,119,85,4634,7163,90,高端飞织,橡胶大底,系带设计,日常休闲,冬季保暖,48,女,河北省,是,19,是
402123813,斯凯奇潮日常休闲冬季保暖,斯凯奇潮,99,138,72,414,1169,95,混合材质,EVA轻底,拉链鞋款,日常休闲,冬季保暖,61,女,安徽省,是,8,否
581624008,京东京造运动休闲秋季百搭,京东京造,99,105,94,19,1587,91,合成革鞋,橡胶大底,松紧带鞋,运动休闲,秋季百搭,57,女,安徽省,否,23,是
975853845,其他品牌运动休闲秋季百搭,其他品牌,257,443,58,1342,4095,88,网布透气,EVA轻底,拉链鞋款,运动休闲,秋季百搭,49,女,江苏省,是,4,是
866508712,阿迪达斯复古潮鞋春季新款,阿迪达斯,101,174,58,1247,2278,94,高端飞织,MD发泡底,拉链鞋款,复古潮鞋,春季新款,52,男,四川省,否,16,是
845543499,回力经典工装硬朗夏季透气,回力经典,116,173,67,4,867,97,网布透气,橡胶大底,套脚款式,工装硬朗,夏季透气,57,男,河南省,否,3,是
509663880,斯凯奇潮工装硬朗夏季透气,斯凯奇潮,161,169,95,15,3757,92,网布透气,PU中底,系带设计,工装硬朗,夏季透气,30,男,河北省,是,4,是
784524972,李宁休闲简约百搭夏季透气,李宁休闲,99,134,74,663,79,97,合成革鞋,混合鞋底,拉链鞋款,简约百搭,夏季透气,51,男,河南省,是,10,是
834808356,回力经典工装硬朗春季新款,回力经典,99,118,84,192,416,94,布面材质,TPR鞋底,拉链鞋款,工装硬朗,春季新款,18,男,安徽省,是,0,否
791163158,耐克潮流户外机能秋季百搭,耐克潮流,99,118,84,19,1109,94,飞织面料,EVA轻底,魔术贴鞋,户外机能,秋季百搭,37,男,安徽省,否,17,否
806845827,安踏运动运动休闲四季通用,安踏运动,99,171,58,1293,271,91,超纤皮鞋,TPR鞋底,系带设计,运动休闲,四季通用,45,女,四川省,否,16,是
220140632,特步男鞋潮流高街秋季百搭,特步男鞋,150,195,77,399,431,97,合成革鞋,混合鞋底,拉链鞋款,潮流高街,秋季百搭,48,男,山东省,是,15,是
486806665,阿迪达斯工装硬朗秋季百搭,阿迪达斯,518,773,67,1284,7079,93,布面材质,混合鞋底,系带设计,工装硬朗,秋季百搭,47,男,河南省,否,8,是
498141008,安踏运动日常休闲四季通用,安踏运动,99,143,69,649,2534,97,网布透气,MD发泡底,魔术贴鞋,日常休闲,四季通用,36,男,福建省,是,14,是
524826784,阿迪达斯复古潮鞋四季通用,阿迪达斯,99,162,61,890,1633,91,布面材质,PU中底,系带设计,复古潮鞋,四季通用,39,女,河南省,否,23,是
128695856,阿迪达斯日常休闲四季通用,阿迪达斯,186,198,94,44,3561,96,飞织面料,TPR鞋底,系带设计,日常休闲,四季通用,45,女,广东省,否,11,否
699581006,其他品牌复古潮鞋春季新款,其他品牌,101,153,66,756,1863,96,混合材质,EVA轻底,松紧带鞋,复古潮鞋,春季新款,34,女,四川省,是,12,是
849678654,李宁休闲复古潮鞋冬季保暖,李宁休闲,99,125,79,347,905,94,超纤皮鞋,PU中底,系带设计,复古潮鞋,冬季保暖,40,女,安徽省,否,23,是
523804877,特步男鞋工装硬朗四季通用,特步男鞋,170,224,76,54,586,92,高端飞织,混合鞋底,套脚款式,工装硬朗,四季通用,26,女,江苏省,否,17,是
314463288,鸿星尔克潮流高街冬季保暖,鸿星尔克,99,106,93,929,625,95,网布透气,混合鞋底,拉链鞋款,潮流高街,冬季保暖,46,女,河南省,否,21,是
565128065,李宁休闲运动休闲春季新款,李宁休闲,99,141,70,4534,1982,99,超纤皮鞋,混合鞋底,套脚款式,运动休闲,春季新款,55,女,安徽省,否,1,是
774578610,阿迪达斯运动休闲秋季百搭,阿迪达斯,99,183,54,167,268,96,飞织面料,混合鞋底,魔术贴鞋,运动休闲,秋季百搭,35,女,四川省,否,2,否
513991597,其他品牌运动休闲秋季百搭,其他品牌,202,285,71,1045,1179,87,飞织面料,混合鞋底,松紧带鞋,运动休闲,秋季百搭,43,男,广东省,是,23,是
479516505,京东京造运动休闲夏季透气,京东京造,124,194,64,1477,633,97,高端飞织,混合鞋底,拉链鞋款,运动休闲,夏季透气,40,男,山东省,否,12,是
771766573,京东京造运动休闲四季通用,京东京造,310,585,53,83,13805,89,高端飞织,橡胶大底,套脚款式,运动休闲,四季通用,48,男,安徽省,是,20,否
368840595,特步男鞋日常休闲秋季百搭,特步男鞋,137,154,89,549,282,91,飞织面料,橡胶大底,系带设计,日常休闲,秋季百搭,60,女,河北省,否,10,否
246077451,其他品牌工装硬朗春季新款,其他品牌,99,194,51,38,3475,96,飞织面料,混合鞋底,魔术贴鞋,工装硬朗,春季新款,48,女,安徽省,是,19,否
195816171,其他品牌工装硬朗春季新款,其他品牌,99,134,74,2733,1374,97,布面材质,PU中底,系带设计,工装硬朗,春季新款,45,男,河北省,否,20,否
133989929,耐克潮流复古潮鞋秋季百搭,耐克潮流,138,179,77,948,414,95,网布透气,橡胶大底,系带设计,复古潮鞋,秋季百搭,45,女,河南省,是,17,否
154771098,李宁休闲日常休闲夏季透气,李宁休闲,174,300,58,1429,7753,97,真皮柔软,TPR鞋底,系带设计,日常休闲,夏季透气,43,女,四川省,是,21,否
446703158,斯凯奇潮复古潮鞋春季新款,斯凯奇潮,174,260,67,1439,1739,97,混合材质,TPR鞋底,套脚款式,复古潮鞋,春季新款,47,男,广东省,是,15,是
372218035,斯凯奇潮日常休闲夏季透气,斯凯奇潮,107,127,84,14,2507,98,合成革鞋,EVA轻底,套脚款式,日常休闲,夏季透气,50,女,广东省,是,4,是
342054643,特步男鞋潮流高街春季新款,特步男鞋,99,127,78,11,7230,96,飞织面料,MD发泡底,松紧带鞋,潮流高街,春季新款,46,男,四川省,否,17,否
107260655,特步男鞋潮流高街秋季百搭,特步男鞋,144,171,84,1109,1429,100,网布透气,EVA轻底,魔术贴鞋,潮流高街,秋季百搭,55,女,湖北省,是,0,否
966456362,其他品牌简约百搭冬季保暖,其他品牌,112,160,70,506,438,99,高端飞织,橡胶大底,拉链鞋款,简约百搭,冬季保暖,54,男,安徽省,是,15,是
392606845,斯凯奇潮简约百搭春季新款,斯凯奇潮,138,179,77,1319,2237,98,布面材质,EVA轻底,松紧带鞋,简约百搭,春季新款,51,女,四川省,否,3,是
339922572,鸿星尔克日常休闲四季通用,鸿星尔克,122,158,77,1314,971,94,飞织面料,橡胶大底,系带设计,日常休闲,四季通用,58,女,福建省,是,2,否
292525612,阿迪达斯运动休闲秋季百搭,阿迪达斯,134,158,85,1343,708,94,超纤皮鞋,橡胶大底,魔术贴鞋,运动休闲,秋季百搭,49,女,四川省,是,7,是
723350168,阿迪达斯复古潮鞋夏季透气,阿迪达斯,99,177,56,872,3314,96,高端飞织,MD发泡底,拉链鞋款,复古潮鞋,夏季透气,54,女,河南省,是,23,是
584609980,阿迪达斯潮流高街四季通用,阿迪达斯,109,124,88,1354,698,94,合成革鞋,PU中底,魔术贴鞋,潮流高街,四季通用,55,女,山东省,否,8,否
317096662,其他品牌户外机能春季新款,其他品牌,178,318,56,682,144,86,真皮柔软,混合鞋底,套脚款式,户外机能,春季新款,41,男,四川省,否,16,是
985214361,斯凯奇潮简约百搭春季新款,斯凯奇潮,171,317,54,847,4354,87,飞织面料,EVA轻底,拉链鞋款,简约百搭,春季新款,59,男,广东省,否,6,否
953072623,特步男鞋运动休闲秋季百搭,特步男鞋,106,128,83,726,189,91,布面材质,TPR鞋底,套脚款式,运动休闲,秋季百搭,47,女,河南省,否,18,是
332854194,特步男鞋简约百搭春季新款,特步男鞋,124,214,58,2480,4578,92,飞织面料,EVA轻底,系带设计,简约百搭,春季新款,61,女,山东省,否,14,是
258791272,斯凯奇潮户外机能秋季百搭,斯凯奇潮,99,171,58,19,3068,96,网布透气,TPR鞋底,系带设计,户外机能,秋季百搭,54,女,安徽省,是,1,否
979418114,其他品牌简约百搭冬季保暖,其他品牌,99,139,71,2439,4133,95,超纤皮鞋,PU中底,套脚款式,简约百搭,冬季保暖,45,男,安徽省,是,2,否
531457854,阿迪达斯运动休闲四季通用,阿迪达斯,99,130,76,952,758,91,真皮柔软,EVA轻底,套脚款式,运动休闲,四季通用,51,男,福建省,是,21,否
561071713,其他品牌复古潮鞋春季新款,其他品牌,103,126,82,37,1267,97,合成革鞋,MD发泡底,魔术贴鞋,复古潮鞋,春季新款,57,男,河北省,是,23,否
431453965,特步男鞋潮流高街四季通用,特步男鞋,211,301,70,58,624,94,飞织面料,混合鞋底,松紧带鞋,潮流高街,四季通用,51,男,江苏省,否,11,是
913750597,其他品牌简约百搭春季新款,其他品牌,202,277,73,1026,798,99,网布透气,橡胶大底,拉链鞋款,简约百搭,春季新款,42,男,江苏省,否,22,否
881125109,京东京造运动休闲春季新款,京东京造,99,150,66,314,5195,98,高端飞织,混合鞋底,魔术贴鞋,运动休闲,春季新款,47,男,广东省,是,14,否
308040681,斯凯奇潮运动休闲冬季保暖,斯凯奇潮,121,129,94,1454,386,96,飞织面料,混合鞋底,系带设计,运动休闲,冬季保暖,42,男,福建省,否,3,是
192249279,特步男鞋运动休闲秋季百搭,特步男鞋,158,255,62,261,211,93,混合材质,MD发泡底,松紧带鞋,运动休闲,秋季百搭,42,女,浙江省,否,9,是
604510235,李宁休闲运动休闲春季新款,李宁休闲,125,192,65,34,1007,97,合成革鞋,TPR鞋底,系带设计,运动休闲,春季新款,49,男,河北省,是,22,否
448422843,阿迪达斯工装硬朗冬季保暖,阿迪达斯,148,208,71,46,945,91,超纤皮鞋,混合鞋底,魔术贴鞋,工装硬朗,冬季保暖,43,男,河南省,是,15,是
924242457,回力经典运动休闲夏季透气,回力经典,198,248,80,84,802,90,合成革鞋,PU中底,套脚款式,运动休闲,夏季透气,22,男,广东省,否,9,否
389898097,斯凯奇潮潮流高街四季通用,斯凯奇潮,99,108,92,42,377,88,合成革鞋,混合鞋底,套脚款式,潮流高街,四季通用,53,男,福建省,是,22,否
268760352,其他品牌潮流高街春季新款,其他品牌,114,136,84,953,457,91,超纤皮鞋,橡胶大底,套脚款式,潮流高街,春季新款,32,女,山东省,否,23,否
108794790,李宁休闲潮流高街春季新款,李宁休闲,516,527,98,59,3008,97,真皮柔软,TPR鞋底,套脚款式,潮流高街,春季新款,37,女,浙江省,是,0,是
696429392,鸿星尔克潮流高街夏季透气,鸿星尔克,231,444,52,2874,252,91,超纤皮鞋,MD发泡底,松紧带鞋,潮流高街,夏季透气,46,女,浙江省,是,12,是
771368577,鸿星尔克工装硬朗四季通用,鸿星尔克,313,352,89,65,444,91,高端飞织,EVA轻底,拉链鞋款,工装硬朗,四季通用,58,女,河南省,是,18,是
442398546,李宁休闲复古潮鞋秋季百搭,李宁休闲,252,350,72,667,1298,91,布面材质,MD发泡底,拉链鞋款,复古潮鞋,秋季百搭,42,男,河南省,是,22,否
869396493,安踏运动户外机能四季通用,安踏运动,265,308,86,317,5234,92,飞织面料,PU中底,魔术贴鞋,户外机能,四季通用,59,男,广东省,是,11,否
419743632,阿迪达斯简约百搭冬季保暖,阿迪达斯,137,151,91,239,2941,88,真皮柔软,MD发泡底,拉链鞋款,简约百搭,冬季保暖,48,女,安徽省,是,8,是
560576276,特步男鞋潮流高街春季新款,特步男鞋,130,210,62,1142,1071,94,布面材质,PU中底,套脚款式,潮流高街,春季新款,43,女,河南省,是,17,是
637072413,耐克潮流日常休闲四季通用,耐克潮流,262,308,85,486,3479,92,网布透气,TPR鞋底,松紧带鞋,日常休闲,四季通用,41,女,四川省,是,22,是
751310384,京东京造日常休闲四季通用,京东京造,99,101,98,849,1092,95,真皮柔软,TPR鞋底,拉链鞋款,日常休闲,四季通用,48,男,山东省,是,13,是
313726382,特步男鞋日常休闲秋季百搭,特步男鞋,165,190,87,258,119,92,布面材质,TPR鞋底,魔术贴鞋,日常休闲,秋季百搭,44,女,江苏省,是,23,否
991859082,其他品牌运动休闲春季新款,其他品牌,99,141,70,24,139,90,网布透气,TPR鞋底,套脚款式,运动休闲,春季新款,47,男,河南省,是,23,是
425795501,鸿星尔克运动休闲秋季百搭,鸿星尔克,118,231,51,31,27266,90,网布透气,PU中底,套脚款式,运动休闲,秋季百搭,54,男,湖北省,是,9,是
833996183,鸿星尔克日常休闲冬季保暖,鸿星尔克,156,197,79,32,1043,95,飞织面料,EVA轻底,魔术贴鞋,日常休闲,冬季保暖,41,男,山东省,是,17,是
786257614,其他品牌工装硬朗四季通用,其他品牌,156,269,58,403,2152,94,高端飞织,EVA轻底,拉链鞋款,工装硬朗,四季通用,50,男,福建省,否,1,否
785192498,阿迪达斯工装硬朗夏季透气,阿迪达斯,152,245,62,140,105,94,高端飞织,TPR鞋底,魔术贴鞋,工装硬朗,夏季透气,59,男,广东省,是,11,是
123550243,安踏运动运动休闲夏季透气,安踏运动,112,149,75,1276,162,93,高端飞织,MD发泡底,系带设计,运动休闲,夏季透气,42,女,广东省,是,2,是
355919797,斯凯奇潮复古潮鞋四季通用,斯凯奇潮,107,110,97,1001,2666,97,布面材质,TPR鞋底,拉链鞋款,复古潮鞋,四季通用,51,女,江苏省,是,0,否
752576393,安踏运动户外机能春季新款,安踏运动,210,292,72,2788,20,92,超纤皮鞋,MD发泡底,松紧带鞋,户外机能,春季新款,41,男,四川省,否,21,是
644105998,鸿星尔克简约百搭四季通用,鸿星尔克,99,99,100,1419,15066,91,高端飞织,混合鞋底,拉链鞋款,简约百搭,四季通用,36,男,山东省,否,18,是
906185065,阿迪达斯户外机能春季新款,阿迪达斯,99,108,92,569,434,90,真皮柔软,TPR鞋底,系带设计,户外机能,春季新款,47,男,河北省,否,2,是
812775554,阿迪达斯工装硬朗春季新款,阿迪达斯,292,360,81,175,368,94,合成革鞋,TPR鞋底,系带设计,工装硬朗,春季新款,48,男,河北省,否,9,是
214936258,其他品牌工装硬朗夏季透气,其他品牌,166,268,62,1104,1796,96,真皮柔软,橡胶大底,松紧带鞋,工装硬朗,夏季透气,51,男,山东省,是,9,否
247404182,李宁休闲潮流高街春季新款,李宁休闲,99,183,54,1223,2165,97,混合材质,橡胶大底,魔术贴鞋,潮流高街,春季新款,59,女,河北省,是,2,是
740436785,鸿星尔克复古潮鞋冬季保暖,鸿星尔克,219,300,73,45,751,95,布面材质,TPR鞋底,松紧带鞋,复古潮鞋,冬季保暖,51,女,浙江省,否,16,是
527817676,其他品牌运动休闲秋季百搭,其他品牌,107,175,61,1346,1114,90,布面材质,TPR鞋底,魔术贴鞋,运动休闲,秋季百搭,50,女,江苏省,是,0,否
359458745,阿迪达斯复古潮鞋秋季百搭,阿迪达斯,99,127,78,755,3068,91,真皮柔软,混合鞋底,拉链鞋款,复古潮鞋,秋季百搭,60,女,福建省,否,23,是
539269934,安踏运动潮流高街四季通用,安踏运动,99,143,69,50,1030,97,高端飞织,混合鞋底,套脚款式,潮流高街,四季通用,53,女,湖北省,否,23,是
497390052,李宁休闲复古潮鞋冬季保暖,李宁休闲,99,116,85,348,984,90,布面材质,TPR鞋底,系带设计,复古潮鞋,冬季保暖,39,女,山东省,否,15,是
231068718,耐克潮流工装硬朗秋季百搭,耐克潮流,147,196,75,3802,5685,94,网布透气,EVA轻底,系带设计,工装硬朗,秋季百搭,42,男,江苏省,否,21,是
557003587,安踏运动复古潮鞋秋季百搭,安踏运动,99,165,60,238,773,86,飞织面料,MD发泡底,拉链鞋款,复古潮鞋,秋季百搭,56,女,广东省,否,20,否
650600931,其他品牌简约百搭冬季保暖,其他品牌,156,173,90,657,531,95,高端飞织,EVA轻底,魔术贴鞋,简约百搭,冬季保暖,46,男,江苏省,否,12,否
968528734,阿迪达斯潮流高街夏季透气,阿迪达斯,120,158,76,1262,1930,85,飞织面料,MD发泡底,套脚款式,潮流高街,夏季透气,54,女,河南省,否,23,否
459676055,耐克潮流日常休闲冬季保暖,耐克潮流,166,325,51,1222,1060,93,高端飞织,EVA轻底,松紧带鞋,日常休闲,冬季保暖,42,女,广东省,是,7,是
173125087,斯凯奇潮复古潮鞋春季新款,斯凯奇潮,99,121,82,1000,1138,85,飞织面料,TPR鞋底,拉链鞋款,复古潮鞋,春季新款,53,男,广东省,是,23,否
893067736,回力经典日常休闲夏季透气,回力经典,99,116,85,2707,3068,90,超纤皮鞋,混合鞋底,系带设计,日常休闲,夏季透气,64,男,湖北省,否,20,否
190931611,其他品牌潮流高街秋季百搭,其他品牌,99,101,98,412,592,94,合成革鞋,混合鞋底,套脚款式,潮流高街,秋季百搭,54,男,福建省,否,22,是
646098762,李宁休闲复古潮鞋秋季百搭,李宁休闲,99,148,67,2236,3038,93,真皮柔软,混合鞋底,拉链鞋款,复古潮鞋,秋季百搭,39,男,福建省,否,21,否
832476013,阿迪达斯日常休闲春季新款,阿迪达斯,118,215,55,996,2243,94,合成革鞋,MD发泡底,拉链鞋款,日常休闲,春季新款,40,男,福建省,否,22,否
180909759,斯凯奇潮潮流高街春季新款,斯凯奇潮,512,839,61,286,2163,91,飞织面料,PU中底,系带设计,潮流高街,春季新款,49,男,广东省,是,3,是
888121747,其他品牌户外机能冬季保暖,其他品牌,158,243,65,68,1594,92,高端飞织,混合鞋底,松紧带鞋,户外机能,冬季保暖,54,男,江苏省,否,2,否
771080925,京东京造户外机能四季通用,京东京造,99,160,62,98,321,91,高端飞织,MD发泡底,系带设计,户外机能,四季通用,37,女,江苏省,否,21,否
738525713,鸿星尔克潮流高街夏季透气,鸿星尔克,127,179,71,155,243,100,飞织面料,PU中底,拉链鞋款,潮流高街,夏季透气,47,女,广东省,是,11,是
346226121,特步男鞋工装硬朗夏季透气,特步男鞋,393,614,64,15,755,94,网布透气,EVA轻底,松紧带鞋,工装硬朗,夏季透气,46,男,安徽省,否,3,是
156235044,特步男鞋潮流高街春季新款,特步男鞋,102,112,91,983,4022,94,高端飞织,MD发泡底,系带设计,潮流高街,春季新款,60,男,广东省,是,10,是
204130437,其他品牌潮流高街冬季保暖,其他品牌,223,384,58,2993,99,90,高端飞织,混合鞋底,系带设计,潮流高街,冬季保暖,53,男,河北省,否,0,否
537485621,其他品牌简约百搭秋季百搭,其他品牌,99,141,70,544,440,90,布面材质,TPR鞋底,系带设计,简约百搭,秋季百搭,55,女,河北省,否,0,否
415214302,斯凯奇潮运动休闲四季通用,斯凯奇潮,271,288,94,478,5639,94,网布透气,MD发泡底,系带设计,运动休闲,四季通用,59,男,浙江省,否,5,是
532781786,其他品牌简约百搭冬季保暖,其他品牌,99,127,78,3166,731,97,高端飞织,橡胶大底,魔术贴鞋,简约百搭,冬季保暖,58,男,浙江省,否,10,否
834519337,京东京造日常休闲冬季保暖,京东京造,99,127,78,593,159,96,超纤皮鞋,混合鞋底,松紧带鞋,日常休闲,冬季保暖,62,男,四川省,否,21,是
912960828,鸿星尔克潮流高街春季新款,鸿星尔克,124,138,90,37,92,96,布面材质,PU中底,套脚款式,潮流高街,春季新款,45,男,广东省,否,0,是
446179512,阿迪达斯日常休闲冬季保暖,阿迪达斯,99,150,66,1094,378,97,布面材质,EVA轻底,魔术贴鞋,日常休闲,冬季保暖,45,男,江苏省,否,22,否
367974487,特步男鞋运动休闲冬季保暖,特步男鞋,99,111,89,1224,2114,93,布面材质,混合鞋底,松紧带鞋,运动休闲,冬季保暖,46,男,河北省,是,20,否
647799754,鸿星尔克工装硬朗夏季透气,鸿星尔克,118,211,56,1246,370,94,高端飞织,MD发泡底,套脚款式,工装硬朗,夏季透气,53,女,四川省,是,0,是
821289052,京东京造简约百搭秋季百搭,京东京造,99,109,91,6,1511,100,合成革鞋,橡胶大底,松紧带鞋,简约百搭,秋季百搭,61,男,四川省,否,8,否
918757940,鸿星尔克简约百搭四季通用,鸿星尔克,99,139,71,24,236,91,网布透气,PU中底,魔术贴鞋,简约百搭,四季通用,42,女,广东省,否,17,是
364064802,鸿星尔克户外机能秋季百搭,鸿星尔克,497,629,79,47,1653,94,真皮柔软,TPR鞋底,魔术贴鞋,户外机能,秋季百搭,53,女,浙江省,是,4,否
995092596,李宁休闲工装硬朗夏季透气,李宁休闲,99,138,72,1388,1590,94,网布透气,PU中底,系带设计,工装硬朗,夏季透气,57,男,广东省,是,21,是
856297844,耐克潮流户外机能夏季透气,耐克潮流,259,316,82,1432,687,96,真皮柔软,EVA轻底,魔术贴鞋,户外机能,夏季透气,50,女,广东省,否,22,是
666171134,其他品牌运动休闲冬季保暖,其他品牌,133,215,62,400,2752,90,网布透气,混合鞋底,松紧带鞋,运动休闲,冬季保暖,53,男,四川省,否,18,是
531839918,回力经典潮流高街冬季保暖,回力经典,163,308,53,40,553,92,高端飞织,PU中底,松紧带鞋,潮流高街,冬季保暖,43,女,福建省,是,0,是
321920845,回力经典工装硬朗冬季保暖,回力经典,124,157,79,2924,13865,96,飞织面料,MD发泡底,松紧带鞋,工装硬朗,冬季保暖,60,女,广东省,否,14,是
274871485,特步男鞋潮流高街四季通用,特步男鞋,99,106,93,914,1796,92,合成革鞋,橡胶大底,魔术贴鞋,潮流高街,四季通用,34,男,河北省,否,23,是
405348936,耐克潮流潮流高街四季通用,耐克潮流,107,195,55,3372,7733,87,混合材质,橡胶大底,套脚款式,潮流高街,四季通用,52,女,河南省,否,2,是
740912766,京东京造日常休闲四季通用,京东京造,504,663,76,45,1280,90,真皮柔软,橡胶大底,松紧带鞋,日常休闲,四季通用,58,女,湖北省,是,10,是
771063680,特步男鞋工装硬朗春季新款,特步男鞋,99,136,73,18,241,98,布面材质,PU中底,拉链鞋款,工装硬朗,春季新款,50,女,河南省,是,5,是
335423853,耐克潮流日常休闲夏季透气,耐克潮流,203,362,56,23,3528,96,飞织面料,橡胶大底,魔术贴鞋,日常休闲,夏季透气,55,女,河北省,否,11,否
161592789,鸿星尔克工装硬朗秋季百搭,鸿星尔克,161,233,69,9,201,91,合成革鞋,MD发泡底,拉链鞋款,工装硬朗,秋季百搭,52,女,安徽省,是,4,是
903649500,回力经典简约百搭冬季保暖,回力经典,292,298,98,650,2015,97,合成革鞋,TPR鞋底,套脚款式,简约百搭,冬季保暖,42,男,安徽省,是,20,否
976926745,耐克潮流日常休闲秋季百搭,耐克潮流,296,470,63,2983,749,95,飞织面料,EVA轻底,拉链鞋款,日常休闲,秋季百搭,50,男,广东省,否,6,是
194376327,阿迪达斯户外机能冬季保暖,阿迪达斯,189,199,95,1306,1224,99,高端飞织,橡胶大底,套脚款式,户外机能,冬季保暖,48,男,福建省,否,14,是
521913194,耐克潮流潮流高街四季通用,耐克潮流,99,155,64,657,844,88,真皮柔软,PU中底,套脚款式,潮流高街,四季通用,57,男,山东省,是,20,是
136689695,其他品牌潮流高街四季通用,其他品牌,99,139,71,435,670,93,合成革鞋,TPR鞋底,魔术贴鞋,潮流高街,四季通用,62,男,山东省,否,23,否
339556242,耐克潮流工装硬朗冬季保暖,耐克潮流,115,158,73,27,10268,93,布面材质,PU中底,松紧带鞋,工装硬朗,冬季保暖,56,男,安徽省,否,4,是
107635420,斯凯奇潮户外机能四季通用,斯凯奇潮,145,264,55,340,134,88,布面材质,橡胶大底,拉链鞋款,户外机能,四季通用,53,女,湖北省,否,15,否
371352893,其他品牌工装硬朗冬季保暖,其他品牌,99,177,56,674,141,96,布面材质,TPR鞋底,拉链鞋款,工装硬朗,冬季保暖,34,男,安徽省,是,4,是
380632992,其他品牌工装硬朗夏季透气,其他品牌,99,183,54,700,2703,97,混合材质,MD发泡底,拉链鞋款,工装硬朗,夏季透气,45,女,山东省,是,4,是
551125637,斯凯奇潮简约百搭夏季透气,斯凯奇潮,235,367,64,2061,215,96,真皮柔软,PU中底,系带设计,简约百搭,夏季透气,53,男,福建省,是,15,否
555263810,斯凯奇潮运动休闲秋季百搭,斯凯奇潮,99,102,97,1383,8843,97,超纤皮鞋,EVA轻底,拉链鞋款,运动休闲,秋季百搭,30,男,四川省,是,23,否
512723086,特步男鞋复古潮鞋春季新款,特步男鞋,416,514,81,824,3022,99,飞织面料,橡胶大底,拉链鞋款,复古潮鞋,春季新款,35,男,福建省,否,17,是
484101696,安踏运动户外机能春季新款,安踏运动,99,138,72,575,2003,94,飞织面料,混合鞋底,系带设计,户外机能,春季新款,49,女,湖北省,是,21,否
300492797,回力经典日常休闲夏季透气,回力经典,292,301,97,1486,4050,95,飞织面料,橡胶大底,系带设计,日常休闲,夏季透气,53,男,河南省,否,10,是
439677329,鸿星尔克日常休闲四季通用,鸿星尔克,118,197,60,1036,2080,98,合成革鞋,EVA轻底,系带设计,日常休闲,四季通用,62,女,安徽省,否,19,是
308514021,鸿星尔克运动休闲春季新款,鸿星尔克,108,135,80,46,304,91,飞织面料,混合鞋底,魔术贴鞋,运动休闲,春季新款,46,男,山东省,是,5,否
224019435,耐克潮流潮流高街冬季保暖,耐克潮流,109,182,60,986,1075,100,合成革鞋,混合鞋底,拉链鞋款,潮流高街,冬季保暖,42,女,河南省,否,22,是
547286340,其他品牌户外机能冬季保暖,其他品牌,170,283,60,430,1417,96,混合材质,EVA轻底,套脚款式,户外机能,冬季保暖,54,男,安徽省,是,2,是
449360150,其他品牌运动休闲春季新款,其他品牌,99,198,50,4359,268,94,高端飞织,TPR鞋底,魔术贴鞋,运动休闲,春季新款,53,男,安徽省,否,5,否
592015547,李宁休闲运动休闲春季新款,李宁休闲,151,157,96,15,557,97,高端飞织,MD发泡底,拉链鞋款,运动休闲,春季新款,51,男,江苏省,是,6,是
166092215,安踏运动日常休闲秋季百搭,安踏运动,148,178,83,12,818,95,合成革鞋,EVA轻底,套脚款式,日常休闲,秋季百搭,50,男,山东省,是,22,否
566395382,李宁休闲潮流高街夏季透气,李宁休闲,99,132,75,1363,918,92,布面材质,MD发泡底,套脚款式,潮流高街,夏季透气,63,男,广东省,否,19,否
202834216,特步男鞋简约百搭四季通用,特步男鞋,99,118,84,695,416,100,布面材质,橡胶大底,魔术贴鞋,简约百搭,四季通用,42,男,浙江省,是,22,是
938770227,京东京造潮流高街四季通用,京东京造,140,152,92,498,1078,94,混合材质,MD发泡底,拉链鞋款,潮流高街,四季通用,50,女,浙江省,是,17,是
148749660,其他品牌潮流高街冬季保暖,其他品牌,168,329,51,48,892,92,网布透气,PU中底,拉链鞋款,潮流高街,冬季保暖,44,女,山东省,否,0,是
340591528,斯凯奇潮工装硬朗冬季保暖,斯凯奇潮,196,363,54,183,9972,95,真皮柔软,橡胶大底,拉链鞋款,工装硬朗,冬季保暖,40,女,河南省,是,19,否
969380793,回力经典复古潮鞋冬季保暖,回力经典,122,122,100,292,865,92,合成革鞋,PU中底,套脚款式,复古潮鞋,冬季保暖,52,男,四川省,否,4,是
244848258,安踏运动简约百搭冬季保暖,安踏运动,99,180,55,2,1547,91,混合材质,PU中底,松紧带鞋,简约百搭,冬季保暖,57,女,安徽省,否,3,否
313724518,京东京造潮流高街冬季保暖,京东京造,131,147,89,306,34,91,合成革鞋,MD发泡底,套脚款式,潮流高街,冬季保暖,50,女,河南省,是,17,是
829956779,李宁休闲日常休闲夏季透气,李宁休闲,99,114,87,731,5055,93,高端飞织,MD发泡底,魔术贴鞋,日常休闲,夏季透气,46,男,山东省,否,23,是
757871522,回力经典简约百搭夏季透气,回力经典,103,103,100,492,1079,95,混合材质,混合鞋底,松紧带鞋,简约百搭,夏季透气,53,女,安徽省,否,1,否
606022547,鸿星尔克复古潮鞋冬季保暖,鸿星尔克,137,263,52,545,2602,91,真皮柔软,混合鞋底,拉链鞋款,复古潮鞋,冬季保暖,56,女,河南省,否,11,是
404656872,鸿星尔克简约百搭冬季保暖,鸿星尔克,137,225,61,404,2016,98,飞织面料,EVA轻底,松紧带鞋,简约百搭,冬季保暖,45,女,安徽省,否,0,否
676857523,回力经典简约百搭秋季百搭,回力经典,99,118,84,50,37,94,布面材质,EVA轻底,魔术贴鞋,简约百搭,秋季百搭,46,女,山东省,否,3,否
346004259,李宁休闲复古潮鞋四季通用,李宁休闲,99,101,98,4,391,95,混合材质,PU中底,拉链鞋款,复古潮鞋,四季通用,30,女,福建省,否,12,否
308271882,鸿星尔克日常休闲冬季保暖,鸿星尔克,99,121,82,80,544,90,合成革鞋,EVA轻底,拉链鞋款,日常休闲,冬季保暖,48,男,福建省,是,9,否
487492999,特步男鞋潮流高街夏季透气,特步男鞋,199,276,72,890,700,90,高端飞织,MD发泡底,拉链鞋款,潮流高街,夏季透气,43,女,湖北省,是,18,是
644496879,特步男鞋日常休闲四季通用,特步男鞋,154,186,83,1359,8762,94,网布透气,MD发泡底,拉链鞋款,日常休闲,四季通用,38,男,安徽省,否,4,是
131704916,斯凯奇潮复古潮鞋四季通用,斯凯奇潮,109,143,76,1158,354,91,混合材质,PU中底,魔术贴鞋,复古潮鞋,四季通用,58,女,湖北省,是,3,否
729568931,京东京造潮流高街春季新款,京东京造,99,155,64,735,1678,94,真皮柔软,混合鞋底,拉链鞋款,潮流高街,春季新款,34,女,山东省,否,4,否
476025573,耐克潮流运动休闲夏季透气,耐克潮流,99,112,88,30,1509,95,飞织面料,橡胶大底,套脚款式,运动休闲,夏季透气,38,女,江苏省,否,23,否
976076305,安踏运动日常休闲四季通用,安踏运动,141,261,54,948,1166,91,超纤皮鞋,MD发泡底,套脚款式,日常休闲,四季通用,56,男,河南省,是,19,否
660983366,阿迪达斯复古潮鞋春季新款,阿迪达斯,109,138,79,1377,3824,97,真皮柔软,MD发泡底,系带设计,复古潮鞋,春季新款,46,女,湖北省,是,23,是
205341211,其他品牌户外机能秋季百搭,其他品牌,192,325,59,791,13680,90,超纤皮鞋,混合鞋底,松紧带鞋,户外机能,秋季百搭,42,女,江苏省,否,8,否
691521930,阿迪达斯户外机能秋季百搭,阿迪达斯,130,197,66,52,931,87,真皮柔软,EVA轻底,魔术贴鞋,户外机能,秋季百搭,34,男,山东省,是,0,是
469947977,阿迪达斯日常休闲冬季保暖,阿迪达斯,167,253,66,2767,332,89,混合材质,混合鞋底,套脚款式,日常休闲,冬季保暖,48,男,安徽省,否,8,否
930403861,京东京造工装硬朗秋季百搭,京东京造,190,218,87,71,563,93,飞织面料,橡胶大底,系带设计,工装硬朗,秋季百搭,45,男,江苏省,否,2,否
567497585,特步男鞋户外机能秋季百搭,特步男鞋,99,127,78,163,430,90,超纤皮鞋,TPR鞋底,系带设计,户外机能,秋季百搭,52,女,河南省,否,8,是
712475499,京东京造简约百搭春季新款,京东京造,99,129,77,293,575,98,合成革鞋,橡胶大底,松紧带鞋,简约百搭,春季新款,44,男,湖北省,否,10,是
669921906,耐克潮流户外机能秋季百搭,耐克潮流,99,190,52,530,630,90,混合材质,MD发泡底,系带设计,户外机能,秋季百搭,45,男,广东省,是,9,是
721393769,特步男鞋潮流高街四季通用,特步男鞋,110,145,76,860,347,95,网布透气,TPR鞋底,松紧带鞋,潮流高街,四季通用,55,男,安徽省,是,0,否
989862306,李宁休闲工装硬朗夏季透气,李宁休闲,99,124,80,820,1005,97,高端飞织,TPR鞋底,魔术贴鞋,工装硬朗,夏季透气,55,男,江苏省,否,19,是
322890520,斯凯奇潮工装硬朗冬季保暖,斯凯奇潮,122,156,78,279,548,91,飞织面料,混合鞋底,松紧带鞋,工装硬朗,冬季保暖,39,女,安徽省,否,17,否
642822665,耐克潮流潮流高街四季通用,耐克潮流,170,266,64,1477,4813,100,布面材质,MD发泡底,套脚款式,潮流高街,四季通用,46,男,湖北省,是,23,否
265716869,鸿星尔克日常休闲春季新款,鸿星尔克,181,213,85,1269,4156,98,高端飞织,TPR鞋底,套脚款式,日常休闲,春季新款,40,女,安徽省,是,10,否
750330324,安踏运动日常休闲夏季透气,安踏运动,101,168,60,368,1846,90,合成革鞋,混合鞋底,套脚款式,日常休闲,夏季透气,51,男,安徽省,是,23,是
109906248,李宁休闲复古潮鞋春季新款,李宁休闲,99,138,72,1317,399,99,高端飞织,PU中底,系带设计,复古潮鞋,春季新款,54,女,福建省,否,6,否
222514074,特步男鞋工装硬朗冬季保暖,特步男鞋,166,202,82,1402,465,97,高端飞织,混合鞋底,松紧带鞋,工装硬朗,冬季保暖,41,女,江苏省,否,22,否
816906170,其他品牌简约百搭春季新款,其他品牌,99,118,84,1327,371,91,网布透气,PU中底,魔术贴鞋,简约百搭,春季新款,32,女,山东省,是,19,否
991176091,李宁休闲简约百搭夏季透气,李宁休闲,99,132,75,191,370,97,超纤皮鞋,MD发泡底,系带设计,简约百搭,夏季透气,44,男,安徽省,否,9,否
807330410,鸿星尔克日常休闲秋季百搭,鸿星尔克,111,198,56,2521,994,90,混合材质,PU中底,拉链鞋款,日常休闲,秋季百搭,59,女,河南省,是,23,否
905868448,特步男鞋运动休闲冬季保暖,特步男鞋,495,798,62,1285,1589,100,高端飞织,PU中底,系带设计,运动休闲,冬季保暖,46,女,河北省,否,0,否
170966724,京东京造潮流高街夏季透气,京东京造,209,218,96,797,182,94,超纤皮鞋,PU中底,套脚款式,潮流高街,夏季透气,51,男,安徽省,是,7,是
519184857,京东京造工装硬朗春季新款,京东京造,194,220,88,1316,381,92,网布透气,EVA轻底,拉链鞋款,工装硬朗,春季新款,45,女,河南省,否,8,否
648244910,回力经典运动休闲四季通用,回力经典,174,348,50,1151,2324,92,超纤皮鞋,EVA轻底,拉链鞋款,运动休闲,四季通用,47,男,河北省,否,14,是
336351897,安踏运动工装硬朗夏季透气,安踏运动,99,165,60,1330,1122,90,超纤皮鞋,EVA轻底,套脚款式,工装硬朗,夏季透气,52,女,广东省,是,21,是
256205014,特步男鞋复古潮鞋夏季透气,特步男鞋,180,212,85,3625,836,97,合成革鞋,TPR鞋底,松紧带鞋,复古潮鞋,夏季透气,37,女,河南省,否,0,是
358681051,鸿星尔克户外机能夏季透气,鸿星尔克,246,328,75,40,166,92,合成革鞋,PU中底,套脚款式,户外机能,夏季透气,53,男,安徽省,是,15,否
667314270,其他品牌简约百搭四季通用,其他品牌,131,144,91,1308,929,98,布面材质,EVA轻底,拉链鞋款,简约百搭,四季通用,63,男,福建省,是,22,否
140441776,李宁休闲复古潮鞋冬季保暖,李宁休闲,182,192,95,2024,963,98,布面材质,EVA轻底,松紧带鞋,复古潮鞋,冬季保暖,44,女,山东省,是,6,否
358520918,斯凯奇潮运动休闲四季通用,斯凯奇潮,99,100,99,44,292,89,飞织面料,PU中底,魔术贴鞋,运动休闲,四季通用,52,男,江苏省,是,1,否
386049410,回力经典工装硬朗夏季透气,回力经典,99,122,81,20,292,89,超纤皮鞋,MD发泡底,魔术贴鞋,工装硬朗,夏季透气,50,男,四川省,是,11,是
331096443,耐克潮流复古潮鞋四季通用,耐克潮流,256,449,57,1067,863,87,混合材质,EVA轻底,套脚款式,复古潮鞋,四季通用,40,女,福建省,否,10,否
242364532,京东京造简约百搭四季通用,京东京造,182,253,72,33,1048,89,飞织面料,PU中底,魔术贴鞋,简约百搭,四季通用,50,女,河北省,是,4,是
846246000,回力经典潮流高街冬季保暖,回力经典,105,125,84,960,62,92,网布透气,混合鞋底,套脚款式,潮流高街,冬季保暖,60,女,安徽省,是,15,否
366330948,斯凯奇潮复古潮鞋秋季百搭,斯凯奇潮,99,194,51,568,1806,93,网布透气,TPR鞋底,松紧带鞋,复古潮鞋,秋季百搭,45,男,广东省,是,15,是
874161980,安踏运动潮流高街春季新款,安踏运动,102,196,52,838,467,90,超纤皮鞋,EVA轻底,魔术贴鞋,潮流高街,春季新款,48,男,安徽省,否,1,否
947597838,京东京造日常休闲冬季保暖,京东京造,128,233,55,125,2498,90,布面材质,混合鞋底,魔术贴鞋,日常休闲,冬季保暖,42,男,福建省,是,12,否
620533289,阿迪达斯日常休闲夏季透气,阿迪达斯,194,228,85,260,563,96,飞织面料,EVA轻底,拉链鞋款,日常休闲,夏季透气,43,女,四川省,否,21,否
986990432,特步男鞋户外机能冬季保暖,特步男鞋,99,171,58,983,1069,97,网布透气,EVA轻底,松紧带鞋,户外机能,冬季保暖,48,男,河北省,是,17,是
768125687,耐克潮流工装硬朗夏季透气,耐克潮流,151,196,77,566,337,99,飞织面料,橡胶大底,魔术贴鞋,工装硬朗,夏季透气,45,女,江苏省,是,16,否
679431570,斯凯奇潮潮流高街夏季透气,斯凯奇潮,120,218,55,46,492,85,超纤皮鞋,TPR鞋底,系带设计,潮流高街,夏季透气,42,女,河南省,否,0,是
717620179,鸿星尔克简约百搭冬季保暖,鸿星尔克,197,197,100,915,2167,85,超纤皮鞋,橡胶大底,松紧带鞋,简约百搭,冬季保暖,52,男,四川省,是,23,否
665283062,耐克潮流户外机能四季通用,耐克潮流,99,106,93,105,677,93,真皮柔软,EVA轻底,系带设计,户外机能,四季通用,51,男,河南省,否,1,否
913087770,鸿星尔克复古潮鞋四季通用,鸿星尔克,99,122,81,809,1093,91,飞织面料,混合鞋底,魔术贴鞋,复古潮鞋,四季通用,18,男,山东省,是,19,是
320406561,阿迪达斯户外机能夏季透气,阿迪达斯,99,108,92,2749,370,93,飞织面料,MD发泡底,松紧带鞋,户外机能,夏季透气,53,女,浙江省,否,12,是
215997405,安踏运动户外机能秋季百搭,安踏运动,99,150,66,4295,372,99,高端飞织,PU中底,魔术贴鞋,户外机能,秋季百搭,44,男,安徽省,是,23,否
117727423,特步男鞋潮流高街四季通用,特步男鞋,149,222,67,3212,1590,88,网布透气,TPR鞋底,系带设计,潮流高街,四季通用,63,男,四川省,否,20,否
908788625,斯凯奇潮复古潮鞋秋季百搭,斯凯奇潮,252,252,100,1100,469,94,合成革鞋,PU中底,拉链鞋款,复古潮鞋,秋季百搭,43,女,河北省,否,12,否
457413483,京东京造运动休闲四季通用,京东京造,211,271,78,298,229,92,真皮柔软,橡胶大底,拉链鞋款,运动休闲,四季通用,48,男,安徽省,是,17,否
543140000,阿迪达斯户外机能秋季百搭,阿迪达斯,99,141,70,1041,1322,94,混合材质,MD发泡底,系带设计,户外机能,秋季百搭,42,男,河北省,否,0,是
796139117,耐克潮流潮流高街夏季透气,耐克潮流,140,203,69,1088,293,95,超纤皮鞋,橡胶大底,套脚款式,潮流高街,夏季透气,54,男,安徽省,是,21,否
502294678,阿迪达斯简约百搭冬季保暖,阿迪达斯,99,106,93,1366,152,90,混合材质,混合鞋底,魔术贴鞋,简约百搭,冬季保暖,49,男,山东省,是,10,否
488855388,其他品牌日常休闲夏季透气,其他品牌,142,154,92,167,5425,94,超纤皮鞋,橡胶大底,套脚款式,日常休闲,夏季透气,46,男,福建省,是,2,否
340514484,特步男鞋潮流高街冬季保暖,特步男鞋,99,171,58,258,1228,92,网布透气,MD发泡底,拉链鞋款,潮流高街,冬季保暖,37,女,四川省,否,4,是
742241698,其他品牌户外机能四季通用,其他品牌,102,200,51,749,4020,99,飞织面料,EVA轻底,魔术贴鞋,户外机能,四季通用,43,女,江苏省,否,12,否
802683545,斯凯奇潮工装硬朗四季通用,斯凯奇潮,104,151,69,2,1081,90,混合材质,EVA轻底,系带设计,工装硬朗,四季通用,49,男,江苏省,否,1,否
262674335,安踏运动户外机能春季新款,安踏运动,271,382,71,427,1089,96,布面材质,PU中底,套脚款式,户外机能,春季新款,51,女,河南省,是,20,否
815810632,特步男鞋工装硬朗四季通用,特步男鞋,99,101,98,519,331,93,合成革鞋,MD发泡底,拉链鞋款,工装硬朗,四季通用,54,女,河南省,否,8,是
264384564,阿迪达斯户外机能冬季保暖,阿迪达斯,99,116,85,111,2525,97,超纤皮鞋,混合鞋底,系带设计,户外机能,冬季保暖,53,女,福建省,否,15,是
622852197,鸿星尔克工装硬朗秋季百搭,鸿星尔克,135,265,51,947,1004,92,网布透气,MD发泡底,拉链鞋款,工装硬朗,秋季百搭,45,男,福建省,是,17,是
289111861,鸿星尔克工装硬朗夏季透气,鸿星尔克,139,267,52,1215,473,98,超纤皮鞋,混合鞋底,松紧带鞋,工装硬朗,夏季透气,59,女,河南省,是,23,否
706902101,阿迪达斯运动休闲春季新款,阿迪达斯,221,425,52,563,1068,96,超纤皮鞋,MD发泡底,松紧带鞋,运动休闲,春季新款,49,男,广东省,否,21,否
580550104,其他品牌复古潮鞋夏季透气,其他品牌,165,324,51,617,4842,96,网布透气,EVA轻底,松紧带鞋,复古潮鞋,夏季透气,35,男,广东省,否,22,是
531311151,回力经典工装硬朗冬季保暖,回力经典,135,159,85,616,3019,94,飞织面料,MD发泡底,套脚款式,工装硬朗,冬季保暖,47,女,安徽省,否,17,否
111959557,耐克潮流运动休闲夏季透气,耐克潮流,145,199,73,3200,3447,94,飞织面料,TPR鞋底,松紧带鞋,运动休闲,夏季透气,55,女,江苏省,否,3,是
954668212,李宁休闲运动休闲冬季保暖,李宁休闲,294,350,84,478,3205,88,真皮柔软,MD发泡底,松紧带鞋,运动休闲,冬季保暖,53,男,福建省,否,20,否
677171470,其他品牌复古潮鞋秋季百搭,其他品牌,154,211,73,443,4118,92,布面材质,TPR鞋底,魔术贴鞋,复古潮鞋,秋季百搭,51,男,安徽省,是,7,否
581363965,鸿星尔克运动休闲秋季百搭,鸿星尔克,162,205,79,4867,243,95,布面材质,混合鞋底,系带设计,运动休闲,秋季百搭,52,男,山东省,是,6,是
236312201,斯凯奇潮简约百搭四季通用,斯凯奇潮,110,190,58,6,2434,98,混合材质,PU中底,松紧带鞋,简约百搭,四季通用,47,男,湖北省,是,22,否
700967087,鸿星尔克工装硬朗夏季透气,鸿星尔克,156,284,55,1394,2654,96,网布透气,EVA轻底,套脚款式,工装硬朗,夏季透气,39,男,浙江省,是,3,是
603673187,李宁休闲简约百搭冬季保暖,李宁休闲,105,150,70,1400,197,90,飞织面料,PU中底,拉链鞋款,简约百搭,冬季保暖,46,女,湖北省,是,6,是
596898800,其他品牌潮流高街夏季透气,其他品牌,99,152,65,1068,2672,90,合成革鞋,PU中底,系带设计,潮流高街,夏季透气,48,女,湖北省,是,14,否
551754845,阿迪达斯工装硬朗秋季百搭,阿迪达斯,99,148,67,1103,78,86,高端飞织,橡胶大底,魔术贴鞋,工装硬朗,秋季百搭,51,男,安徽省,否,3,否
112653440,京东京造复古潮鞋冬季保暖,京东京造,121,216,56,41,477,90,高端飞织,MD发泡底,套脚款式,复古潮鞋,冬季保暖,45,女,山东省,否,20,是
160335276,阿迪达斯工装硬朗冬季保暖,阿迪达斯,99,157,63,49,1073,90,飞织面料,PU中底,拉链鞋款,工装硬朗,冬季保暖,47,男,湖北省,是,21,是
534208363,特步男鞋户外机能四季通用,特步男鞋,103,163,63,574,686,91,飞织面料,EVA轻底,系带设计,户外机能,四季通用,48,女,湖北省,是,5,是
864963779,其他品牌运动休闲冬季保暖,其他品牌,219,313,70,1487,8055,92,高端飞织,混合鞋底,套脚款式,运动休闲,冬季保暖,63,女,广东省,是,8,是
480916321,其他品牌工装硬朗秋季百搭,其他品牌,140,177,79,3251,3043,90,混合材质,EVA轻底,魔术贴鞋,工装硬朗,秋季百搭,40,男,江苏省,否,13,否
965776133,安踏运动工装硬朗春季新款,安踏运动,161,175,92,973,674,95,高端飞织,混合鞋底,拉链鞋款,工装硬朗,春季新款,47,男,河北省,是,16,否
289752347,特步男鞋运动休闲四季通用,特步男鞋,352,435,81,31,2065,96,超纤皮鞋,MD发泡底,拉链鞋款,运动休闲,四季通用,47,女,河南省,否,16,是
156006957,耐克潮流简约百搭冬季保暖,耐克潮流,130,241,54,27,2556,85,真皮柔软,混合鞋底,套脚款式,简约百搭,冬季保暖,47,女,江苏省,否,22,否
807822013,安踏运动工装硬朗秋季百搭,安踏运动,163,243,67,1291,661,96,网布透气,MD发泡底,套脚款式,工装硬朗,秋季百搭,46,女,河南省,否,21,是
487986399,鸿星尔克潮流高街秋季百搭,鸿星尔克,112,140,80,293,1319,85,超纤皮鞋,MD发泡底,魔术贴鞋,潮流高街,秋季百搭,39,女,江苏省,否,9,是
422633506,特步男鞋户外机能四季通用,特步男鞋,212,316,67,478,1220,93,飞织面料,TPR鞋底,套脚款式,户外机能,四季通用,39,女,浙江省,是,23,否
730295992,其他品牌简约百搭冬季保暖,其他品牌,168,200,84,745,1627,96,真皮柔软,EVA轻底,套脚款式,简约百搭,冬季保暖,45,男,湖北省,否,7,是
433163332,斯凯奇潮工装硬朗冬季保暖,斯凯奇潮,267,524,51,4678,680,94,网布透气,混合鞋底,魔术贴鞋,工装硬朗,冬季保暖,36,男,四川省,是,17,是
909627082,阿迪达斯工装硬朗春季新款,阿迪达斯,138,141,98,3699,3404,97,飞织面料,TPR鞋底,松紧带鞋,工装硬朗,春季新款,63,女,山东省,否,1,是
423661941,李宁休闲复古潮鞋秋季百搭,李宁休闲,114,146,78,2942,505,94,网布透气,MD发泡底,系带设计,复古潮鞋,秋季百搭,44,女,福建省,否,14,是
359420191,特步男鞋简约百搭夏季透气,特步男鞋,99,174,57,808,831,91,布面材质,橡胶大底,套脚款式,简约百搭,夏季透气,58,女,山东省,否,20,是
777769572,安踏运动运动休闲四季通用,安踏运动,183,213,86,3208,445,97,混合材质,PU中底,套脚款式,运动休闲,四季通用,50,男,湖北省,否,0,否
471415030,鸿星尔克简约百搭秋季百搭,鸿星尔克,99,130,76,1008,397,93,混合材质,EVA轻底,松紧带鞋,简约百搭,秋季百搭,42,男,浙江省,是,2,是
481304460,回力经典工装硬朗四季通用,回力经典,99,162,61,23,1067,90,网布透气,TPR鞋底,松紧带鞋,工装硬朗,四季通用,37,女,四川省,否,11,否
199477136,鸿星尔克简约百搭夏季透气,鸿星尔克,99,152,65,6,14064,92,合成革鞋,PU中底,系带设计,简约百搭,夏季透气,39,男,河北省,否,8,否
348629178,李宁休闲工装硬朗春季新款,李宁休闲,158,172,92,1172,3670,97,布面材质,MD发泡底,系带设计,工装硬朗,春季新款,57,男,四川省,否,20,否
727463695,京东京造运动休闲冬季保暖,京东京造,125,133,94,375,1735,85,真皮柔软,PU中底,松紧带鞋,运动休闲,冬季保暖,43,女,河南省,否,20,否
342472866,回力经典工装硬朗夏季透气,回力经典,99,155,64,982,3651,96,真皮柔软,MD发泡底,松紧带鞋,工装硬朗,夏季透气,46,男,河南省,是,12,否
574151489,特步男鞋运动休闲秋季百搭,特步男鞋,99,152,65,3201,1925,91,合成革鞋,PU中底,拉链鞋款,运动休闲,秋季百搭,47,女,福建省,是,23,是
292665780,回力经典户外机能春季新款,回力经典,105,210,50,796,3411,99,网布透气,EVA轻底,拉链鞋款,户外机能,春季新款,40,女,浙江省,是,7,是
946367027,京东京造复古潮鞋春季新款,京东京造,130,131,99,613,7530,100,合成革鞋,MD发泡底,松紧带鞋,复古潮鞋,春季新款,41,男,湖北省,是,20,否
461745861,斯凯奇潮复古潮鞋春季新款,斯凯奇潮,99,112,88,977,2261,90,超纤皮鞋,PU中底,松紧带鞋,复古潮鞋,春季新款,47,男,福建省,否,23,否
506057721,其他品牌工装硬朗四季通用,其他品牌,223,269,83,3774,533,93,布面材质,TPR鞋底,套脚款式,工装硬朗,四季通用,38,男,四川省,是,23,否
469349743,特步男鞋户外机能四季通用,特步男鞋,99,171,58,32,961,99,网布透气,PU中底,系带设计,户外机能,四季通用,54,男,浙江省,是,16,否
659940853,斯凯奇潮日常休闲秋季百搭,斯凯奇潮,477,712,67,2138,2791,97,飞织面料,EVA轻底,魔术贴鞋,日常休闲,秋季百搭,40,男,山东省,是,1,是
104063890,耐克潮流工装硬朗秋季百搭,耐克潮流,220,324,68,21,1324,96,真皮柔软,混合鞋底,松紧带鞋,工装硬朗,秋季百搭,46,女,福建省,是,6,是
712594190,特步男鞋潮流高街冬季保暖,特步男鞋,99,132,75,41,1415,95,网布透气,橡胶大底,套脚款式,潮流高街,冬季保暖,38,男,河南省,是,2,否
644778940,回力经典运动休闲夏季透气,回力经典,173,284,61,3632,155,93,高端飞织,TPR鞋底,系带设计,运动休闲,夏季透气,37,女,湖北省,否,9,是
206859318,鸿星尔克日常休闲秋季百搭,鸿星尔克,99,109,91,542,3528,97,网布透气,混合鞋底,魔术贴鞋,日常休闲,秋季百搭,53,男,广东省,否,23,否
738543831,特步男鞋工装硬朗夏季透气,特步男鞋,257,494,52,330,1099,93,网布透气,PU中底,拉链鞋款,工装硬朗,夏季透气,40,女,河北省,否,15,是
337796790,斯凯奇潮复古潮鞋冬季保暖,斯凯奇潮,108,109,99,468,445,93,网布透气,EVA轻底,拉链鞋款,复古潮鞋,冬季保暖,50,女,福建省,否,10,是
618153956,安踏运动工装硬朗四季通用,安踏运动,99,111,89,250,3719,88,合成革鞋,橡胶大底,魔术贴鞋,工装硬朗,四季通用,49,女,四川省,是,4,否
893412892,耐克潮流工装硬朗春季新款,耐克潮流,171,228,75,29,448,96,真皮柔软,TPR鞋底,拉链鞋款,工装硬朗,春季新款,34,女,湖北省,是,2,否
113413799,耐克潮流日常休闲春季新款,耐克潮流,99,143,69,457,3532,97,超纤皮鞋,混合鞋底,套脚款式,日常休闲,春季新款,19,男,江苏省,否,1,是
870132283,阿迪达斯户外机能冬季保暖,阿迪达斯,99,108,92,349,2730,94,真皮柔软,EVA轻底,松紧带鞋,户外机能,冬季保暖,34,男,浙江省,是,21,是
546551525,安踏运动潮流高街四季通用,安踏运动,99,129,77,4316,73,93,飞织面料,PU中底,拉链鞋款,潮流高街,四季通用,54,女,广东省,否,16,否
926289267,斯凯奇潮潮流高街秋季百搭,斯凯奇潮,100,106,94,99,228,90,飞织面料,TPR鞋底,魔术贴鞋,潮流高街,秋季百搭,36,女,浙江省,否,20,是
774989537,耐克潮流运动休闲秋季百搭,耐克潮流,99,114,87,580,719,95,超纤皮鞋,PU中底,拉链鞋款,运动休闲,秋季百搭,39,女,山东省,否,6,否
321940638,其他品牌户外机能冬季保暖,其他品牌,165,188,88,2529,929,96,网布透气,MD发泡底,松紧带鞋,户外机能,冬季保暖,51,女,安徽省,否,11,否
474225336,鸿星尔克复古潮鞋冬季保暖,鸿星尔克,99,174,57,998,4288,91,飞织面料,混合鞋底,松紧带鞋,复古潮鞋,冬季保暖,50,男,安徽省,否,23,是
791378593,回力经典运动休闲春季新款,回力经典,301,449,67,573,893,96,高端飞织,PU中底,拉链鞋款,运动休闲,春季新款,54,男,河南省,否,5,否
162533651,特步男鞋日常休闲四季通用,特步男鞋,158,229,69,2542,3905,91,混合材质,橡胶大底,魔术贴鞋,日常休闲,四季通用,35,男,江苏省,否,22,是
547473696,特步男鞋日常休闲秋季百搭,特步男鞋,173,178,97,17,1209,86,超纤皮鞋,橡胶大底,魔术贴鞋,日常休闲,秋季百搭,51,女,福建省,是,21,是
780496472,李宁休闲户外机能夏季透气,李宁休闲,263,337,78,3924,677,86,飞织面料,橡胶大底,套脚款式,户外机能,夏季透气,41,女,江苏省,是,5,否
709109207,斯凯奇潮工装硬朗春季新款,斯凯奇潮,274,322,85,316,1133,90,飞织面料,EVA轻底,拉链鞋款,工装硬朗,春季新款,50,女,广东省,否,20,是
412787857,安踏运动户外机能四季通用,安踏运动,99,111,89,686,3662,92,飞织面料,橡胶大底,系带设计,户外机能,四季通用,46,女,广东省,是,19,否
503722687,鸿星尔克运动休闲春季新款,鸿星尔克,99,155,64,631,614,98,合成革鞋,MD发泡底,魔术贴鞋,运动休闲,春季新款,46,女,河南省,否,19,是
750740421,李宁休闲户外机能四季通用,李宁休闲,268,406,66,4256,871,99,网布透气,PU中底,套脚款式,户外机能,四季通用,41,男,河北省,是,21,是
240332792,回力经典复古潮鞋夏季透气,回力经典,99,121,82,880,3000,96,网布透气,橡胶大底,套脚款式,复古潮鞋,夏季透气,46,女,福建省,否,11,是
316839628,李宁休闲复古潮鞋四季通用,李宁休闲,141,224,63,1020,6002,95,超纤皮鞋,EVA轻底,松紧带鞋,复古潮鞋,四季通用,53,女,山东省,是,14,否
985215399,京东京造复古潮鞋四季通用,京东京造,132,216,61,15,3531,90,混合材质,橡胶大底,拉链鞋款,复古潮鞋,四季通用,48,男,江苏省,是,5,否
798142966,阿迪达斯复古潮鞋春季新款,阿迪达斯,122,145,84,49,801,99,混合材质,橡胶大底,松紧带鞋,复古潮鞋,春季新款,46,男,福建省,否,20,否
230639506,安踏运动运动休闲冬季保暖,安踏运动,198,200,99,1152,238,95,超纤皮鞋,EVA轻底,松紧带鞋,运动休闲,冬季保暖,48,男,河南省,否,17,是
465378449,阿迪达斯工装硬朗冬季保暖,阿迪达斯,236,445,53,1165,3931,94,飞织面料,PU中底,拉链鞋款,工装硬朗,冬季保暖,45,女,广东省,是,22,否
355806190,李宁休闲运动休闲冬季保暖,李宁休闲,328,386,85,15,269,97,混合材质,MD发泡底,套脚款式,运动休闲,冬季保暖,49,女,福建省,否,16,否
714387932,安踏运动工装硬朗四季通用,安踏运动,99,124,80,252,934,96,超纤皮鞋,混合鞋底,松紧带鞋,工装硬朗,四季通用,37,女,山东省,否,18,否
419959152,鸿星尔克运动休闲秋季百搭,鸿星尔克,125,147,85,1010,4928,95,混合材质,EVA轻底,套脚款式,运动休闲,秋季百搭,49,女,广东省,是,15,否
485911392,耐克潮流户外机能秋季百搭,耐克潮流,99,130,76,1224,1171,94,布面材质,MD发泡底,松紧带鞋,户外机能,秋季百搭,42,女,山东省,是,21,是
632493387,其他品牌日常休闲冬季保暖,其他品牌,135,205,66,4941,629,91,网布透气,橡胶大底,魔术贴鞋,日常休闲,冬季保暖,47,女,山东省,是,0,是
643242862,京东京造工装硬朗春季新款,京东京造,136,136,100,4517,296,85,网布透气,TPR鞋底,拉链鞋款,工装硬朗,春季新款,48,女,湖北省,是,1,否
208538930,安踏运动工装硬朗四季通用,安踏运动,150,214,70,671,753,100,高端飞织,橡胶大底,拉链鞋款,工装硬朗,四季通用,57,女,安徽省,否,9,是
659555171,其他品牌户外机能四季通用,其他品牌,166,166,100,2042,329,97,混合材质,PU中底,套脚款式,户外机能,四季通用,34,女,河南省,否,2,是
520709812,特步男鞋运动休闲夏季透气,特步男鞋,99,187,53,880,2523,100,高端飞织,橡胶大底,拉链鞋款,运动休闲,夏季透气,57,女,河北省,否,7,否
126598122,李宁休闲复古潮鞋夏季透气,李宁休闲,224,345,65,603,1987,90,超纤皮鞋,EVA轻底,松紧带鞋,复古潮鞋,夏季透气,58,男,福建省,否,0,是
601598761,其他品牌潮流高街秋季百搭,其他品牌,120,141,85,359,360,91,合成革鞋,混合鞋底,系带设计,潮流高街,秋季百搭,35,女,河北省,否,13,否
231342235,斯凯奇潮复古潮鞋夏季透气,斯凯奇潮,99,105,94,46,4145,94,合成革鞋,PU中底,拉链鞋款,复古潮鞋,夏季透气,36,女,湖北省,否,20,否
249309535,李宁休闲潮流高街四季通用,李宁休闲,252,260,97,1292,10288,99,合成革鞋,MD发泡底,松紧带鞋,潮流高街,四季通用,54,女,湖北省,否,5,否
679835431,特步男鞋复古潮鞋夏季透气,特步男鞋,99,198,50,485,1713,94,飞织面料,混合鞋底,套脚款式,复古潮鞋,夏季透气,51,女,浙江省,否,21,否
858616570,特步男鞋户外机能冬季保暖,特步男鞋,105,152,69,4024,4617,100,混合材质,MD发泡底,松紧带鞋,户外机能,冬季保暖,47,男,安徽省,是,23,是
389098570,李宁休闲简约百搭秋季百搭,李宁休闲,123,212,58,44,427,96,网布透气,橡胶大底,松紧带鞋,简约百搭,秋季百搭,53,女,四川省,否,20,否
110736396,其他品牌运动休闲冬季保暖,其他品牌,99,118,84,756,1243,92,飞织面料,TPR鞋底,套脚款式,运动休闲,冬季保暖,34,女,山东省,否,20,是
193324030,安踏运动工装硬朗夏季透气,安踏运动,99,99,100,3563,2042,97,真皮柔软,MD发泡底,拉链鞋款,工装硬朗,夏季透气,58,男,福建省,否,23,是
249427333,耐克潮流工装硬朗夏季透气,耐克潮流,210,304,69,38,14881,93,布面材质,MD发泡底,拉链鞋款,工装硬朗,夏季透气,33,男,河北省,是,22,否
937318208,耐克潮流日常休闲秋季百搭,耐克潮流,699,1371,51,677,6407,96,真皮柔软,橡胶大底,魔术贴鞋,日常休闲,秋季百搭,45,男,山东省,是,8,否
358575918,鸿星尔克简约百搭四季通用,鸿星尔克,99,115,86,69,870,86,真皮柔软,EVA轻底,松紧带鞋,简约百搭,四季通用,52,男,浙江省,是,23,是
224962154,京东京造复古潮鞋四季通用,京东京造,99,110,90,1,4829,92,合成革鞋,混合鞋底,魔术贴鞋,复古潮鞋,四季通用,54,女,山东省,是,8,是
915425093,斯凯奇潮户外机能秋季百搭,斯凯奇潮,354,373,95,1191,1267,100,高端飞织,橡胶大底,系带设计,户外机能,秋季百搭,47,男,山东省,是,20,否
639514639,耐克潮流潮流高街冬季保暖,耐克潮流,400,563,71,144,245,97,合成革鞋,混合鞋底,拉链鞋款,潮流高街,冬季保暖,49,女,广东省,是,22,否
135186128,京东京造工装硬朗冬季保暖,京东京造,99,174,57,446,435,94,超纤皮鞋,PU中底,拉链鞋款,工装硬朗,冬季保暖,46,男,山东省,是,23,否
466433413,鸿星尔克复古潮鞋冬季保暖,鸿星尔克,99,106,93,3114,1143,91,超纤皮鞋,PU中底,松紧带鞋,复古潮鞋,冬季保暖,47,女,安徽省,否,22,否
221137639,鸿星尔克潮流高街冬季保暖,鸿星尔克,124,124,100,488,548,93,合成革鞋,混合鞋底,拉链鞋款,潮流高街,冬季保暖,49,男,四川省,是,9,是
397532166,回力经典户外机能夏季透气,回力经典,99,115,86,517,532,99,超纤皮鞋,混合鞋底,系带设计,户外机能,夏季透气,44,男,河北省,否,0,是
476897558,安踏运动简约百搭夏季透气,安踏运动,99,155,64,416,2055,97,真皮柔软,混合鞋底,松紧带鞋,简约百搭,夏季透气,54,女,河北省,是,23,否
581330698,斯凯奇潮运动休闲冬季保暖,斯凯奇潮,108,144,75,33,665,96,高端飞织,TPR鞋底,套脚款式,运动休闲,冬季保暖,33,男,山东省,是,17,否
658635592,李宁休闲简约百搭夏季透气,李宁休闲,99,183,54,38,372,91,飞织面料,EVA轻底,套脚款式,简约百搭,夏季透气,48,男,山东省,否,17,是
807909247,特步男鞋日常休闲四季通用,特步男鞋,99,114,87,1397,675,94,超纤皮鞋,EVA轻底,拉链鞋款,日常休闲,四季通用,24,女,浙江省,否,6,是
667863042,安踏运动工装硬朗夏季透气,安踏运动,99,134,74,1127,9756,95,飞织面料,PU中底,魔术贴鞋,工装硬朗,夏季透气,32,女,四川省,是,21,是
894352091,回力经典复古潮鞋夏季透气,回力经典,119,128,93,898,1302,91,混合材质,TPR鞋底,松紧带鞋,复古潮鞋,夏季透气,55,男,福建省,是,0,否
690644569,斯凯奇潮户外机能夏季透气,斯凯奇潮,111,198,56,40,1076,98,混合材质,PU中底,拉链鞋款,户外机能,夏季透气,47,女,福建省,是,20,是
325316958,回力经典简约百搭夏季透气,回力经典,176,176,100,3909,306,94,高端飞织,橡胶大底,套脚款式,简约百搭,夏季透气,50,男,河南省,否,7,是
663356154,其他品牌简约百搭冬季保暖,其他品牌,150,172,87,1444,1054,95,高端飞织,混合鞋底,松紧带鞋,简约百搭,冬季保暖,56,男,福建省,否,8,否
185838114,鸿星尔克工装硬朗春季新款,鸿星尔克,149,154,97,313,2578,99,混合材质,MD发泡底,拉链鞋款,工装硬朗,春季新款,41,女,江苏省,否,21,否
427284097,其他品牌户外机能秋季百搭,其他品牌,272,313,87,709,688,95,真皮柔软,EVA轻底,松紧带鞋,户外机能,秋季百搭,61,男,安徽省,否,22,是
458434884,安踏运动户外机能春季新款,安踏运动,99,139,71,1262,3434,97,高端飞织,EVA轻底,魔术贴鞋,户外机能,春季新款,64,男,福建省,是,2,否
302167520,回力经典运动休闲冬季保暖,回力经典,128,180,71,369,1019,90,高端飞织,橡胶大底,魔术贴鞋,运动休闲,冬季保暖,51,男,广东省,是,7,是
137931493,京东京造户外机能春季新款,京东京造,99,127,78,23,1015,93,高端飞织,混合鞋底,套脚款式,户外机能,春季新款,44,女,福建省,是,21,是
300124323,阿迪达斯日常休闲春季新款,阿迪达斯,568,574,99,40,487,90,合成革鞋,MD发泡底,套脚款式,日常休闲,春季新款,55,女,河南省,是,22,否
746341962,阿迪达斯潮流高街四季通用,阿迪达斯,103,154,67,89,3601,91,布面材质,PU中底,系带设计,潮流高街,四季通用,48,男,安徽省,是,22,否
411574596,李宁休闲简约百搭冬季保暖,李宁休闲,135,144,94,783,7479,93,合成革鞋,混合鞋底,系带设计,简约百搭,冬季保暖,54,女,福建省,否,4,是
306154079,特步男鞋工装硬朗秋季百搭,特步男鞋,99,102,97,360,2207,100,网布透气,混合鞋底,拉链鞋款,工装硬朗,秋季百搭,49,男,山东省,是,1,是
504317068,回力经典工装硬朗四季通用,回力经典,105,131,80,19,1856,90,合成革鞋,PU中底,系带设计,工装硬朗,四季通用,47,女,安徽省,否,16,否
453830249,回力经典简约百搭四季通用,回力经典,99,130,76,1291,414,96,真皮柔软,MD发泡底,魔术贴鞋,简约百搭,四季通用,47,男,河南省,否,3,是
484854438,阿迪达斯日常休闲春季新款,阿迪达斯,221,303,73,383,137,92,飞织面料,MD发泡底,松紧带鞋,日常休闲,春季新款,39,男,广东省,是,0,否
136402749,特步男鞋简约百搭冬季保暖,特步男鞋,130,140,93,165,463,92,网布透气,橡胶大底,套脚款式,简约百搭,冬季保暖,38,女,浙江省,是,7,是
304283217,其他品牌工装硬朗冬季保暖,其他品牌,132,132,100,18,614,91,超纤皮鞋,MD发泡底,松紧带鞋,工装硬朗,冬季保暖,59,男,河南省,是,11,是
928212142,京东京造工装硬朗春季新款,京东京造,275,458,60,696,745,90,超纤皮鞋,EVA轻底,套脚款式,工装硬朗,春季新款,39,女,江苏省,是,11,否
390485380,特步男鞋日常休闲春季新款,特步男鞋,119,186,64,901,13663,93,超纤皮鞋,PU中底,松紧带鞋,日常休闲,春季新款,50,男,河北省,是,6,否
876511445,安踏运动日常休闲冬季保暖,安踏运动,132,244,54,32,572,86,混合材质,MD发泡底,套脚款式,日常休闲,冬季保暖,40,男,湖北省,否,6,否
277372337,耐克潮流工装硬朗四季通用,耐克潮流,99,114,87,1468,2042,100,网布透气,MD发泡底,系带设计,工装硬朗,四季通用,54,女,江苏省,否,7,是
145864216,鸿星尔克户外机能春季新款,鸿星尔克,99,157,63,383,196,97,超纤皮鞋,TPR鞋底,套脚款式,户外机能,春季新款,42,男,安徽省,是,6,否
737767213,李宁休闲日常休闲秋季百搭,李宁休闲,156,177,88,438,449,98,混合材质,PU中底,魔术贴鞋,日常休闲,秋季百搭,42,女,河北省,是,22,是
667000991,安踏运动运动休闲夏季透气,安踏运动,184,323,57,264,4052,95,超纤皮鞋,MD发泡底,魔术贴鞋,运动休闲,夏季透气,45,女,河北省,是,22,是
821696847,回力经典工装硬朗冬季保暖,回力经典,117,172,68,133,1556,96,合成革鞋,橡胶大底,拉链鞋款,工装硬朗,冬季保暖,50,男,山东省,否,16,是
353793390,安踏运动工装硬朗冬季保暖,安踏运动,176,215,82,523,1342,91,网布透气,橡胶大底,系带设计,工装硬朗,冬季保暖,45,女,广东省,否,11,否
933762995,特步男鞋复古潮鞋四季通用,特步男鞋,167,170,98,50,999,91,布面材质,橡胶大底,系带设计,复古潮鞋,四季通用,58,女,四川省,否,18,是
864557605,特步男鞋潮流高街秋季百搭,特步男鞋,111,176,63,1009,3998,96,超纤皮鞋,EVA轻底,拉链鞋款,潮流高街,秋季百搭,59,男,河北省,否,11,否
897772450,回力经典日常休闲冬季保暖,回力经典,133,136,98,601,335,95,超纤皮鞋,TPR鞋底,系带设计,日常休闲,冬季保暖,55,女,湖北省,否,15,是
745301254,鸿星尔克复古潮鞋夏季透气,鸿星尔克,397,397,100,2466,1584,91,网布透气,MD发泡底,拉链鞋款,复古潮鞋,夏季透气,54,男,安徽省,否,23,是
648667758,特步男鞋户外机能冬季保暖,特步男鞋,171,178,96,4616,244,94,布面材质,MD发泡底,拉链鞋款,户外机能,冬季保暖,39,男,山东省,否,3,否
822479795,其他品牌日常休闲春季新款,其他品牌,205,297,69,1044,2147,92,合成革鞋,混合鞋底,魔术贴鞋,日常休闲,春季新款,45,女,四川省,否,6,是
541056705,安踏运动简约百搭冬季保暖,安踏运动,110,193,57,1350,505,95,混合材质,PU中底,松紧带鞋,简约百搭,冬季保暖,46,女,广东省,是,8,是
569418918,阿迪达斯日常休闲春季新款,阿迪达斯,99,162,61,1230,719,94,真皮柔软,PU中底,魔术贴鞋,日常休闲,春季新款,42,男,福建省,否,23,是
942015127,鸿星尔克复古潮鞋春季新款,鸿星尔克,405,723,56,882,579,99,飞织面料,TPR鞋底,套脚款式,复古潮鞋,春季新款,51,女,湖北省,否,17,是
901938330,安踏运动户外机能秋季百搭,安踏运动,222,427,52,570,1127,85,合成革鞋,TPR鞋底,系带设计,户外机能,秋季百搭,52,女,河南省,是,13,是
208235606,回力经典户外机能冬季保暖,回力经典,99,177,56,1337,386,92,飞织面料,MD发泡底,魔术贴鞋,户外机能,冬季保暖,40,男,四川省,是,21,否
176497994,李宁休闲复古潮鞋春季新款,李宁休闲,316,359,88,888,3195,94,超纤皮鞋,EVA轻底,松紧带鞋,复古潮鞋,春季新款,22,男,山东省,是,21,是
507549815,安踏运动日常休闲四季通用,安踏运动,296,348,85,1182,267,92,混合材质,混合鞋底,魔术贴鞋,日常休闲,四季通用,32,男,湖北省,是,16,是
217541149,回力经典工装硬朗四季通用,回力经典,99,103,96,1455,1566,95,网布透气,TPR鞋底,拉链鞋款,工装硬朗,四季通用,59,男,福建省,否,20,是
379351091,特步男鞋工装硬朗春季新款,特步男鞋,99,112,88,1376,4487,95,混合材质,TPR鞋底,松紧带鞋,工装硬朗,春季新款,46,男,安徽省,否,4,是
448161708,京东京造日常休闲冬季保暖,京东京造,166,248,67,12,260,93,飞织面料,橡胶大底,松紧带鞋,日常休闲,冬季保暖,38,女,山东省,否,14,否
725162620,其他品牌复古潮鞋四季通用,其他品牌,149,175,85,22,1224,94,布面材质,TPR鞋底,松紧带鞋,复古潮鞋,四季通用,52,男,河北省,否,3,否
244627494,李宁休闲日常休闲夏季透气,李宁休闲,99,115,86,2587,977,97,高端飞织,TPR鞋底,魔术贴鞋,日常休闲,夏季透气,46,女,河南省,否,0,是
305901049,鸿星尔克户外机能秋季百搭,鸿星尔克,99,168,59,392,534,88,合成革鞋,MD发泡底,套脚款式,户外机能,秋季百搭,63,男,山东省,是,23,是
270094804,回力经典户外机能冬季保暖,回力经典,320,323,99,1212,427,97,布面材质,PU中底,魔术贴鞋,户外机能,冬季保暖,53,女,江苏省,否,5,是
924043618,京东京造日常休闲秋季百搭,京东京造,99,115,86,283,8912,92,网布透气,TPR鞋底,系带设计,日常休闲,秋季百搭,50,女,四川省,否,9,是
992310550,安踏运动运动休闲春季新款,安踏运动,238,366,65,100,1059,91,合成革鞋,PU中底,魔术贴鞋,运动休闲,春季新款,42,女,河北省,是,12,否
601360452,斯凯奇潮简约百搭秋季百搭,斯凯奇潮,180,310,58,2141,1449,90,合成革鞋,TPR鞋底,套脚款式,简约百搭,秋季百搭,57,女,江苏省,是,18,否
235839908,特步男鞋潮流高街秋季百搭,特步男鞋,311,546,57,25,2246,93,真皮柔软,MD发泡底,套脚款式,潮流高街,秋季百搭,43,女,福建省,否,19,是
217380442,鸿星尔克简约百搭夏季透气,鸿星尔克,99,101,98,18,3296,100,飞织面料,PU中底,拉链鞋款,简约百搭,夏季透气,35,男,湖北省,否,14,否
609720264,回力经典复古潮鞋夏季透气,回力经典,411,613,67,1206,5637,91,布面材质,EVA轻底,套脚款式,复古潮鞋,夏季透气,43,男,江苏省,否,16,是
435120057,阿迪达斯运动休闲春季新款,阿迪达斯,99,180,55,903,5553,90,网布透气,混合鞋底,魔术贴鞋,运动休闲,春季新款,39,女,四川省,是,13,是
964590135,京东京造简约百搭夏季透气,京东京造,99,171,58,1464,1031,94,布面材质,橡胶大底,套脚款式,简约百搭,夏季透气,54,男,江苏省,是,23,否
433399579,鸿星尔克户外机能四季通用,鸿星尔克,299,453,66,443,8506,92,合成革鞋,MD发泡底,松紧带鞋,户外机能,四季通用,41,女,山东省,是,20,否
525518785,李宁休闲简约百搭秋季百搭,李宁休闲,99,116,85,1428,410,92,合成革鞋,橡胶大底,拉链鞋款,简约百搭,秋季百搭,47,男,河南省,否,17,否
943404910,鸿星尔克潮流高街春季新款,鸿星尔克,99,174,57,841,3461,95,混合材质,混合鞋底,套脚款式,潮流高街,春季新款,35,男,湖北省,否,0,否
682312865,回力经典日常休闲冬季保暖,回力经典,161,209,77,1385,575,92,混合材质,PU中底,系带设计,日常休闲,冬季保暖,48,男,广东省,否,21,是
889250703,耐克潮流工装硬朗冬季保暖,耐克潮流,110,190,58,1142,476,88,超纤皮鞋,PU中底,套脚款式,工装硬朗,冬季保暖,57,男,山东省,否,22,否
940051041,京东京造日常休闲冬季保暖,京东京造,261,269,97,12,3033,91,布面材质,TPR鞋底,拉链鞋款,日常休闲,冬季保暖,49,女,浙江省,是,18,否
107056567,京东京造简约百搭夏季透气,京东京造,99,99,100,67,3672,94,混合材质,EVA轻底,拉链鞋款,简约百搭,夏季透气,31,男,江苏省,否,4,是
609914470,鸿星尔克潮流高街冬季保暖,鸿星尔克,99,106,93,741,2636,95,混合材质,PU中底,系带设计,潮流高街,冬季保暖,60,男,河北省,是,20,否
469319788,京东京造潮流高街四季通用,京东京造,101,135,75,1304,2860,91,超纤皮鞋,EVA轻底,拉链鞋款,潮流高街,四季通用,49,男,河北省,是,18,否
859059272,阿迪达斯运动休闲春季新款,阿迪达斯,99,150,66,4209,282,90,超纤皮鞋,MD发泡底,松紧带鞋,运动休闲,春季新款,47,男,河北省,否,3,是
551639381,阿迪达斯简约百搭春季新款,阿迪达斯,99,116,85,1479,863,85,合成革鞋,橡胶大底,套脚款式,简约百搭,春季新款,46,男,安徽省,否,4,否
937777315,阿迪达斯复古潮鞋冬季保暖,阿迪达斯,184,307,60,3535,342,95,飞织面料,TPR鞋底,松紧带鞋,复古潮鞋,冬季保暖,64,男,山东省,是,3,否
401270080,耐克潮流户外机能四季通用,耐克潮流,99,187,53,1362,489,98,网布透气,EVA轻底,套脚款式,户外机能,四季通用,33,女,浙江省,否,14,是
904934836,耐克潮流日常休闲秋季百搭,耐克潮流,119,128,93,292,604,91,超纤皮鞋,混合鞋底,松紧带鞋,日常休闲,秋季百搭,44,男,河北省,是,6,是
114983757,阿迪达斯运动休闲冬季保暖,阿迪达斯,163,308,53,566,807,93,布面材质,橡胶大底,魔术贴鞋,运动休闲,冬季保暖,48,女,安徽省,否,19,否
521953728,李宁休闲户外机能春季新款,李宁休闲,99,165,60,866,982,87,高端飞织,MD发泡底,松紧带鞋,户外机能,春季新款,42,男,江苏省,否,23,是
227675572,鸿星尔克潮流高街冬季保暖,鸿星尔克,145,227,64,1344,1762,100,网布透气,EVA轻底,魔术贴鞋,潮流高街,冬季保暖,46,女,福建省,否,20,否
960509305,李宁休闲复古潮鞋四季通用,李宁休闲,99,109,91,23,812,100,网布透气,TPR鞋底,拉链鞋款,复古潮鞋,四季通用,38,男,湖北省,否,2,是
320804326,斯凯奇潮复古潮鞋冬季保暖,斯凯奇潮,195,199,98,28,3245,94,飞织面料,橡胶大底,拉链鞋款,复古潮鞋,冬季保暖,42,男,安徽省,是,16,是
812705436,耐克潮流日常休闲夏季透气,耐克潮流,99,102,97,44,16782,85,混合材质,PU中底,拉链鞋款,日常休闲,夏季透气,53,男,河南省,是,18,是
315349890,回力经典潮流高街春季新款,回力经典,99,110,90,265,2265,92,网布透气,MD发泡底,套脚款式,潮流高街,春季新款,39,男,河南省,是,6,否
772726379,特步男鞋工装硬朗四季通用,特步男鞋,115,137,84,1248,626,97,布面材质,MD发泡底,松紧带鞋,工装硬朗,四季通用,19,女,山东省,否,10,是
676500983,阿迪达斯运动休闲秋季百搭,阿迪达斯,115,158,73,1086,2636,99,真皮柔软,MD发泡底,魔术贴鞋,运动休闲,秋季百搭,43,男,河南省,否,19,是
479992278,安踏运动简约百搭夏季透气,安踏运动,235,247,95,1338,568,96,网布透气,TPR鞋底,松紧带鞋,简约百搭,夏季透气,46,男,浙江省,是,19,是
758751281,其他品牌运动休闲秋季百搭,其他品牌,110,126,87,2248,7305,90,网布透气,TPR鞋底,系带设计,运动休闲,秋季百搭,46,男,江苏省,否,20,否
732091522,鸿星尔克运动休闲春季新款,鸿星尔克,142,212,67,825,1395,97,高端飞织,PU中底,魔术贴鞋,运动休闲,春季新款,41,男,河南省,是,9,否
553539117,安踏运动复古潮鞋冬季保暖,安踏运动,190,257,74,225,10476,94,高端飞织,EVA轻底,系带设计,复古潮鞋,冬季保暖,51,男,湖北省,否,22,否
125949875,李宁休闲运动休闲四季通用,李宁休闲,256,427,60,1361,798,97,布面材质,PU中底,松紧带鞋,运动休闲,四季通用,48,男,广东省,是,19,是
485895610,其他品牌复古潮鞋冬季保暖,其他品牌,99,132,75,24,59,97,布面材质,橡胶大底,魔术贴鞋,复古潮鞋,冬季保暖,42,女,安徽省,否,20,是
797274647,其他品牌简约百搭秋季百搭,其他品牌,99,168,59,16,1059,96,合成革鞋,MD发泡底,松紧带鞋,简约百搭,秋季百搭,42,男,安徽省,是,14,否
557019372,特步男鞋复古潮鞋春季新款,特步男鞋,99,116,85,276,7881,96,超纤皮鞋,混合鞋底,魔术贴鞋,复古潮鞋,春季新款,40,女,山东省,否,15,否
553259706,安踏运动日常休闲春季新款,安踏运动,99,168,59,1386,3279,93,合成革鞋,EVA轻底,魔术贴鞋,日常休闲,春季新款,60,男,广东省,否,15,是
137473122,京东京造简约百搭冬季保暖,京东京造,99,134,74,57,8626,94,网布透气,混合鞋底,拉链鞋款,简约百搭,冬季保暖,49,男,四川省,是,6,否
172278414,李宁休闲潮流高街秋季百搭,李宁休闲,169,182,93,2881,7644,92,飞织面料,MD发泡底,魔术贴鞋,潮流高街,秋季百搭,62,男,四川省,是,20,否
751896967,回力经典复古潮鞋冬季保暖,回力经典,116,168,69,42,2614,91,超纤皮鞋,MD发泡底,松紧带鞋,复古潮鞋,冬季保暖,28,男,河北省,是,6,否
244505696,京东京造日常休闲四季通用,京东京造,203,322,63,2687,169,93,混合材质,PU中底,系带设计,日常休闲,四季通用,45,女,浙江省,否,13,否
164238735,其他品牌户外机能夏季透气,其他品牌,99,121,82,897,19087,95,网布透气,MD发泡底,拉链鞋款,户外机能,夏季透气,40,男,湖北省,否,15,否
744405780,其他品牌户外机能春季新款,其他品牌,119,209,57,2570,747,95,合成革鞋,EVA轻底,魔术贴鞋,户外机能,春季新款,58,女,湖北省,否,7,是
807734053,特步男鞋潮流高街春季新款,特步男鞋,99,134,74,2551,1366,95,真皮柔软,混合鞋底,系带设计,潮流高街,春季新款,47,女,浙江省,是,20,是
915729214,特步男鞋工装硬朗冬季保暖,特步男鞋,110,125,88,710,2131,99,网布透气,PU中底,系带设计,工装硬朗,冬季保暖,49,女,江苏省,否,8,否
189103912,李宁休闲户外机能春季新款,李宁休闲,99,105,94,3667,596,93,超纤皮鞋,混合鞋底,系带设计,户外机能,春季新款,48,女,河北省,否,12,是
664482291,其他品牌潮流高街夏季透气,其他品牌,99,168,59,949,1752,93,混合材质,MD发泡底,魔术贴鞋,潮流高街,夏季透气,42,女,湖北省,否,23,是
875320712,李宁休闲工装硬朗夏季透气,李宁休闲,506,744,68,1091,1865,95,网布透气,TPR鞋底,套脚款式,工装硬朗,夏季透气,45,男,河北省,是,22,否
606979457,斯凯奇潮运动休闲秋季百搭,斯凯奇潮,99,102,97,1127,692,91,真皮柔软,PU中底,系带设计,运动休闲,秋季百搭,41,女,四川省,是,8,是
519959655,其他品牌简约百搭冬季保暖,其他品牌,99,168,59,21,2732,93,超纤皮鞋,TPR鞋底,系带设计,简约百搭,冬季保暖,49,女,河南省,否,21,是
917559257,京东京造户外机能秋季百搭,京东京造,371,476,78,21,1104,92,网布透气,橡胶大底,系带设计,户外机能,秋季百搭,18,女,浙江省,是,15,是
348164928,其他品牌工装硬朗冬季保暖,其他品牌,99,146,68,4985,6013,93,真皮柔软,混合鞋底,拉链鞋款,工装硬朗,冬季保暖,42,男,安徽省,是,20,否
884373221,安踏运动复古潮鞋四季通用,安踏运动,147,294,50,815,654,98,飞织面料,橡胶大底,魔术贴鞋,复古潮鞋,四季通用,43,女,河北省,否,20,是
723002660,鸿星尔克运动休闲秋季百搭,鸿星尔克,142,284,50,26,263,97,超纤皮鞋,PU中底,松紧带鞋,运动休闲,秋季百搭,51,男,广东省,否,21,否
750227858,斯凯奇潮运动休闲春季新款,斯凯奇潮,111,182,61,369,2598,94,合成革鞋,混合鞋底,系带设计,运动休闲,春季新款,48,男,河北省,否,10,否
203077046,特步男鞋运动休闲夏季透气,特步男鞋,159,204,78,8,930,90,飞织面料,TPR鞋底,松紧带鞋,运动休闲,夏季透气,43,男,河南省,否,20,是
275252372,阿迪达斯简约百搭四季通用,阿迪达斯,228,289,79,734,18273,96,布面材质,混合鞋底,系带设计,简约百搭,四季通用,56,女,河北省,是,11,否
112786682,安踏运动工装硬朗春季新款,安踏运动,159,196,81,471,3608,92,超纤皮鞋,PU中底,套脚款式,工装硬朗,春季新款,41,男,江苏省,否,23,否
669758109,李宁休闲简约百搭秋季百搭,李宁休闲,207,288,72,668,118,95,布面材质,混合鞋底,套脚款式,简约百搭,秋季百搭,65,女,福建省,否,11,否
856512081,京东京造复古潮鞋夏季透气,京东京造,101,144,70,7,10652,87,混合材质,PU中底,松紧带鞋,复古潮鞋,夏季透气,47,男,浙江省,是,12,是
197554951,其他品牌复古潮鞋四季通用,其他品牌,168,195,86,1199,1551,93,高端飞织,橡胶大底,系带设计,复古潮鞋,四季通用,58,女,江苏省,是,2,是
485605978,京东京造复古潮鞋冬季保暖,京东京造,129,163,79,22,221,95,高端飞织,混合鞋底,套脚款式,复古潮鞋,冬季保暖,48,女,四川省,是,18,是
540230494,安踏运动日常休闲四季通用,安踏运动,138,157,88,876,135,94,真皮柔软,混合鞋底,松紧带鞋,日常休闲,四季通用,52,女,江苏省,是,22,否
636645795,京东京造户外机能秋季百搭,京东京造,106,166,64,2551,168,94,真皮柔软,混合鞋底,魔术贴鞋,户外机能,秋季百搭,40,男,安徽省,是,4,是
481516624,其他品牌工装硬朗夏季透气,其他品牌,99,111,89,38,238,94,混合材质,混合鞋底,系带设计,工装硬朗,夏季透气,41,男,江苏省,是,22,否
601639281,耐克潮流复古潮鞋春季新款,耐克潮流,99,174,57,873,99,91,布面材质,TPR鞋底,系带设计,复古潮鞋,春季新款,45,男,安徽省,是,4,是
717847838,李宁休闲日常休闲夏季透气,李宁休闲,99,148,67,240,1082,95,合成革鞋,橡胶大底,松紧带鞋,日常休闲,夏季透气,46,男,湖北省,否,22,否
104825536,耐克潮流日常休闲夏季透气,耐克潮流,99,187,53,1044,3375,92,网布透气,MD发泡底,系带设计,日常休闲,夏季透气,44,男,广东省,是,18,是
176975923,鸿星尔克工装硬朗冬季保暖,鸿星尔克,189,300,63,3201,4899,86,高端飞织,EVA轻底,魔术贴鞋,工装硬朗,冬季保暖,51,女,四川省,是,8,否
942806473,阿迪达斯户外机能冬季保暖,阿迪达斯,99,127,78,42,1079,87,混合材质,橡胶大底,松紧带鞋,户外机能,冬季保暖,52,女,江苏省,是,14,是
125060397,鸿星尔克日常休闲春季新款,鸿星尔克,184,211,87,32,2050,100,真皮柔软,橡胶大底,松紧带鞋,日常休闲,春季新款,53,男,河南省,否,11,是
690137778,其他品牌简约百搭夏季透气,其他品牌,99,127,78,648,500,100,飞织面料,TPR鞋底,系带设计,简约百搭,夏季透气,50,男,江苏省,否,23,否
256684487,回力经典户外机能秋季百搭,回力经典,123,123,100,2344,2520,86,混合材质,MD发泡底,系带设计,户外机能,秋季百搭,49,女,山东省,是,5,是
136686876,安踏运动户外机能四季通用,安踏运动,99,171,58,37,2465,92,高端飞织,混合鞋底,松紧带鞋,户外机能,四季通用,47,女,河南省,否,23,否
743915309,回力经典运动休闲春季新款,回力经典,99,183,54,1373,1938,89,合成革鞋,TPR鞋底,松紧带鞋,运动休闲,春季新款,45,女,山东省,否,19,是
415027117,回力经典运动休闲秋季百搭,回力经典,138,172,80,35,2743,100,合成革鞋,PU中底,魔术贴鞋,运动休闲,秋季百搭,41,女,湖北省,否,14,是
904357930,李宁休闲户外机能四季通用,李宁休闲,99,115,86,705,4998,90,超纤皮鞋,MD发泡底,魔术贴鞋,户外机能,四季通用,37,女,安徽省,否,23,是
433531977,鸿星尔克复古潮鞋秋季百搭,鸿星尔克,122,226,54,43,1243,95,网布透气,MD发泡底,松紧带鞋,复古潮鞋,秋季百搭,48,女,浙江省,是,23,否
536170861,回力经典潮流高街春季新款,回力经典,99,125,79,1201,2230,97,布面材质,混合鞋底,魔术贴鞋,潮流高街,春季新款,47,男,河北省,是,4,是
780105831,其他品牌潮流高街夏季透气,其他品牌,229,388,59,773,431,93,真皮柔软,PU中底,魔术贴鞋,潮流高街,夏季透气,39,男,广东省,是,23,是
848978780,李宁休闲户外机能夏季透气,李宁休闲,227,339,67,12,197,100,高端飞织,橡胶大底,系带设计,户外机能,夏季透气,53,男,福建省,否,1,是
252720375,京东京造工装硬朗夏季透气,京东京造,99,138,72,1208,132,91,超纤皮鞋,MD发泡底,松紧带鞋,工装硬朗,夏季透气,43,女,广东省,否,21,是
846816782,安踏运动户外机能冬季保暖,安踏运动,99,106,93,25,981,95,合成革鞋,MD发泡底,松紧带鞋,户外机能,冬季保暖,45,女,福建省,是,17,否
145161845,特步男鞋工装硬朗秋季百搭,特步男鞋,99,139,71,76,589,88,飞织面料,PU中底,系带设计,工装硬朗,秋季百搭,62,女,山东省,是,3,否
404926598,京东京造简约百搭四季通用,京东京造,202,337,60,501,1049,91,合成革鞋,MD发泡底,系带设计,简约百搭,四季通用,48,女,湖北省,是,10,否
274935640,回力经典运动休闲夏季透气,回力经典,149,191,78,373,3888,91,布面材质,TPR鞋底,魔术贴鞋,运动休闲,夏季透气,53,女,河北省,是,0,是
458720892,斯凯奇潮简约百搭冬季保暖,斯凯奇潮,99,171,58,1083,203,94,超纤皮鞋,橡胶大底,松紧带鞋,简约百搭,冬季保暖,44,男,湖北省,是,11,是
604736610,斯凯奇潮户外机能夏季透气,斯凯奇潮,163,272,60,5,799,94,真皮柔软,EVA轻底,套脚款式,户外机能,夏季透气,35,女,山东省,否,19,是
994730822,耐克潮流日常休闲冬季保暖,耐克潮流,168,191,88,2219,1368,90,高端飞织,混合鞋底,松紧带鞋,日常休闲,冬季保暖,33,女,广东省,是,0,是
701943495,回力经典运动休闲冬季保暖,回力经典,146,187,78,491,982,91,网布透气,PU中底,拉链鞋款,运动休闲,冬季保暖,54,男,安徽省,否,22,是
530678829,特步男鞋简约百搭春季新款,特步男鞋,99,141,70,1335,691,93,合成革鞋,混合鞋底,松紧带鞋,简约百搭,春季新款,50,女,广东省,是,19,否
780923268,阿迪达斯运动休闲四季通用,阿迪达斯,99,104,95,44,2198,91,飞织面料,TPR鞋底,魔术贴鞋,运动休闲,四季通用,50,男,山东省,否,12,是
481738152,特步男鞋潮流高街冬季保暖,特步男鞋,285,339,84,61,351,94,真皮柔软,橡胶大底,系带设计,潮流高街,冬季保暖,40,女,福建省,是,21,否
743213430,斯凯奇潮日常休闲冬季保暖,斯凯奇潮,594,619,96,1187,762,97,合成革鞋,EVA轻底,拉链鞋款,日常休闲,冬季保暖,52,男,浙江省,是,23,否
616398667,回力经典复古潮鞋四季通用,回力经典,99,134,74,167,884,93,真皮柔软,EVA轻底,套脚款式,复古潮鞋,四季通用,42,女,河南省,否,1,否
483390441,特步男鞋日常休闲四季通用,特步男鞋,99,165,60,25,2365,97,真皮柔软,PU中底,系带设计,日常休闲,四季通用,37,男,河南省,是,7,是
146851225,鸿星尔克潮流高街夏季透气,鸿星尔克,121,144,84,4291,4789,96,网布透气,MD发泡底,拉链鞋款,潮流高街,夏季透气,42,女,广东省,是,5,是
738290226,斯凯奇潮简约百搭冬季保暖,斯凯奇潮,99,141,70,1097,17274,95,真皮柔软,PU中底,套脚款式,简约百搭,冬季保暖,45,女,四川省,是,20,否
928949733,安踏运动运动休闲四季通用,安踏运动,173,208,83,795,1209,91,真皮柔软,橡胶大底,系带设计,运动休闲,四季通用,48,男,广东省,否,6,是
135639218,阿迪达斯运动休闲冬季保暖,阿迪达斯,99,138,72,463,1971,93,布面材质,橡胶大底,套脚款式,运动休闲,冬季保暖,61,女,浙江省,否,23,是
564299713,李宁休闲工装硬朗冬季保暖,李宁休闲,99,162,61,381,941,98,合成革鞋,橡胶大底,松紧带鞋,工装硬朗,冬季保暖,38,女,湖北省,否,21,是
631810342,阿迪达斯简约百搭春季新款,阿迪达斯,259,462,56,192,746,86,布面材质,MD发泡底,拉链鞋款,简约百搭,春季新款,56,女,山东省,是,23,否
717571420,其他品牌运动休闲秋季百搭,其他品牌,178,307,58,235,4092,92,高端飞织,MD发泡底,套脚款式,运动休闲,秋季百搭,42,男,河南省,是,5,否
742221034,回力经典潮流高街四季通用,回力经典,160,195,82,3375,341,96,网布透气,橡胶大底,拉链鞋款,潮流高街,四季通用,46,女,山东省,是,21,否
101483285,耐克潮流日常休闲夏季透气,耐克潮流,140,157,89,28,1145,91,高端飞织,PU中底,拉链鞋款,日常休闲,夏季透气,32,女,山东省,是,1,否
937729990,鸿星尔克复古潮鞋四季通用,鸿星尔克,108,193,56,4772,2353,96,飞织面料,EVA轻底,套脚款式,复古潮鞋,四季通用,42,女,山东省,否,15,否
497254865,安踏运动运动休闲冬季保暖,安踏运动,337,379,89,372,536,95,真皮柔软,EVA轻底,套脚款式,运动休闲,冬季保暖,52,女,湖北省,是,16,否
286179491,京东京造复古潮鞋夏季透气,京东京造,106,147,72,43,4373,94,网布透气,EVA轻底,魔术贴鞋,复古潮鞋,夏季透气,42,女,四川省,是,18,否
395713772,其他品牌运动休闲春季新款,其他品牌,274,304,90,1420,765,96,飞织面料,橡胶大底,魔术贴鞋,运动休闲,春季新款,50,男,福建省,否,23,否
817169959,李宁休闲工装硬朗冬季保暖,李宁休闲,140,143,98,25,3999,94,混合材质,PU中底,拉链鞋款,工装硬朗,冬季保暖,28,女,湖北省,是,1,否
931989888,耐克潮流户外机能四季通用,耐克潮流,99,110,90,41,3933,90,飞织面料,混合鞋底,拉链鞋款,户外机能,四季通用,60,男,江苏省,是,6,是
367067602,阿迪达斯简约百搭四季通用,阿迪达斯,167,232,72,857,198,97,高端飞织,橡胶大底,魔术贴鞋,简约百搭,四季通用,55,女,浙江省,否,22,否
168478082,其他品牌运动休闲夏季透气,其他品牌,161,288,56,39,247,88,合成革鞋,橡胶大底,拉链鞋款,运动休闲,夏季透气,39,男,福建省,是,11,否
597881006,京东京造运动休闲夏季透气,京东京造,112,196,57,695,2859,92,超纤皮鞋,EVA轻底,松紧带鞋,运动休闲,夏季透气,62,女,安徽省,否,10,否
289801760,京东京造潮流高街四季通用,京东京造,128,139,92,1046,3560,91,网布透气,PU中底,系带设计,潮流高街,四季通用,54,女,湖北省,是,0,是
255278163,李宁休闲复古潮鞋四季通用,李宁休闲,99,129,77,905,638,85,网布透气,混合鞋底,魔术贴鞋,复古潮鞋,四季通用,33,男,四川省,是,13,否
780543263,京东京造简约百搭冬季保暖,京东京造,106,136,78,3,1647,97,布面材质,混合鞋底,拉链鞋款,简约百搭,冬季保暖,56,男,广东省,否,2,是
729179870,鸿星尔克工装硬朗春季新款,鸿星尔克,558,996,56,343,1286,90,布面材质,PU中底,系带设计,工装硬朗,春季新款,40,男,安徽省,是,8,否
838106580,阿迪达斯运动休闲四季通用,阿迪达斯,277,301,92,3758,968,97,混合材质,混合鞋底,系带设计,运动休闲,四季通用,52,女,四川省,是,13,否
782052637,阿迪达斯户外机能春季新款,阿迪达斯,352,396,89,29,1810,91,真皮柔软,橡胶大底,套脚款式,户外机能,春季新款,40,男,江苏省,否,21,是
937799790,安踏运动简约百搭四季通用,安踏运动,99,119,83,1466,1491,94,真皮柔软,混合鞋底,拉链鞋款,简约百搭,四季通用,57,男,福建省,否,0,是
259177459,李宁休闲复古潮鞋四季通用,李宁休闲,154,200,77,48,1303,86,高端飞织,TPR鞋底,松紧带鞋,复古潮鞋,四季通用,47,男,浙江省,是,23,是
286438087,斯凯奇潮日常休闲春季新款,斯凯奇潮,182,209,87,520,1999,91,混合材质,PU中底,松紧带鞋,日常休闲,春季新款,47,女,安徽省,是,7,否
338722044,耐克潮流户外机能春季新款,耐克潮流,271,376,72,2,1724,90,网布透气,混合鞋底,魔术贴鞋,户外机能,春季新款,49,男,河南省,否,21,是
295691369,李宁休闲日常休闲冬季保暖,李宁休闲,258,437,59,700,101,92,网布透气,混合鞋底,系带设计,日常休闲,冬季保暖,47,男,浙江省,否,18,是
378330642,鸿星尔克简约百搭四季通用,鸿星尔克,192,349,55,1438,993,96,合成革鞋,橡胶大底,系带设计,简约百搭,四季通用,53,男,浙江省,否,13,是
619749953,京东京造运动休闲冬季保暖,京东京造,99,112,88,544,325,90,网布透气,TPR鞋底,魔术贴鞋,运动休闲,冬季保暖,55,男,浙江省,否,21,是
862553283,其他品牌简约百搭四季通用,其他品牌,219,327,67,84,43,94,超纤皮鞋,EVA轻底,松紧带鞋,简约百搭,四季通用,43,女,安徽省,是,3,是
261084590,安踏运动复古潮鞋四季通用,安踏运动,162,202,80,2782,110,91,混合材质,MD发泡底,系带设计,复古潮鞋,四季通用,40,男,湖北省,是,3,否
214482165,安踏运动潮流高街春季新款,安踏运动,196,261,75,271,1955,98,飞织面料,橡胶大底,拉链鞋款,潮流高街,春季新款,56,女,浙江省,否,6,否
292745281,鸿星尔克简约百搭夏季透气,鸿星尔克,137,190,72,474,9137,92,飞织面料,EVA轻底,系带设计,简约百搭,夏季透气,59,男,广东省,是,21,是
410649307,特步男鞋日常休闲冬季保暖,特步男鞋,99,162,61,1174,950,98,高端飞织,EVA轻底,魔术贴鞋,日常休闲,冬季保暖,42,男,河南省,是,23,是
857211968,京东京造运动休闲秋季百搭,京东京造,188,269,70,18,5059,89,布面材质,TPR鞋底,拉链鞋款,运动休闲,秋季百搭,60,女,山东省,是,14,是
624570531,回力经典潮流高街四季通用,回力经典,115,205,56,486,786,96,飞织面料,混合鞋底,套脚款式,潮流高街,四季通用,52,女,安徽省,是,22,否
173325923,阿迪达斯简约百搭春季新款,阿迪达斯,123,137,90,806,51,91,合成革鞋,EVA轻底,魔术贴鞋,简约百搭,春季新款,50,女,福建省,否,23,否
965468047,京东京造日常休闲秋季百搭,京东京造,160,320,50,35,595,97,布面材质,混合鞋底,魔术贴鞋,日常休闲,秋季百搭,58,男,山东省,否,17,是
244428852,阿迪达斯工装硬朗四季通用,阿迪达斯,99,190,52,918,2516,93,超纤皮鞋,MD发泡底,系带设计,工装硬朗,四季通用,41,女,四川省,是,7,是
447514242,特步男鞋复古潮鞋四季通用,特步男鞋,99,114,87,1037,5801,97,高端飞织,EVA轻底,松紧带鞋,复古潮鞋,四季通用,49,男,福建省,是,11,是
590234423,回力经典复古潮鞋秋季百搭,回力经典,175,282,62,985,304,95,布面材质,EVA轻底,系带设计,复古潮鞋,秋季百搭,48,女,河北省,否,13,是
300714512,特步男鞋工装硬朗秋季百搭,特步男鞋,158,161,98,3402,603,93,真皮柔软,混合鞋底,魔术贴鞋,工装硬朗,秋季百搭,42,女,山东省,是,6,是
481217031,耐克潮流简约百搭冬季保暖,耐克潮流,242,465,52,23,738,94,飞织面料,TPR鞋底,松紧带鞋,简约百搭,冬季保暖,61,男,浙江省,是,15,是
490754445,回力经典潮流高街四季通用,回力经典,99,138,72,627,4584,93,混合材质,TPR鞋底,套脚款式,潮流高街,四季通用,52,男,河北省,是,4,否
305954632,耐克潮流日常休闲秋季百搭,耐克潮流,99,171,58,1486,710,94,高端飞织,橡胶大底,系带设计,日常休闲,秋季百搭,50,女,山东省,是,22,是
873378297,特步男鞋复古潮鞋四季通用,特步男鞋,99,130,76,800,2041,95,超纤皮鞋,TPR鞋底,拉链鞋款,复古潮鞋,四季通用,53,男,福建省,是,11,是
518091543,安踏运动潮流高街四季通用,安踏运动,99,105,94,3137,4288,90,网布透气,EVA轻底,拉链鞋款,潮流高街,四季通用,57,男,河北省,是,3,是
725392432,京东京造日常休闲春季新款,京东京造,99,125,79,4951,2194,92,布面材质,EVA轻底,套脚款式,日常休闲,春季新款,43,女,河南省,否,12,否
835754352,安踏运动简约百搭冬季保暖,安踏运动,99,99,100,369,5050,91,网布透气,EVA轻底,魔术贴鞋,简约百搭,冬季保暖,58,男,江苏省,否,21,是
465902640,鸿星尔克日常休闲秋季百搭,鸿星尔克,103,191,54,467,2720,93,真皮柔软,PU中底,松紧带鞋,日常休闲,秋季百搭,53,女,广东省,是,9,是
173013143,京东京造工装硬朗秋季百搭,京东京造,100,192,52,2684,277,93,布面材质,EVA轻底,松紧带鞋,工装硬朗,秋季百搭,47,女,湖北省,否,7,是
854982861,京东京造户外机能秋季百搭,京东京造,99,171,58,33,4555,90,合成革鞋,TPR鞋底,拉链鞋款,户外机能,秋季百搭,42,男,福建省,是,9,是
340855130,安踏运动户外机能秋季百搭,安踏运动,99,111,89,4176,85,95,飞织面料,混合鞋底,魔术贴鞋,户外机能,秋季百搭,43,男,广东省,是,20,否
435479926,耐克潮流复古潮鞋四季通用,耐克潮流,104,193,54,1161,18585,91,真皮柔软,橡胶大底,拉链鞋款,复古潮鞋,四季通用,35,女,湖北省,否,12,否
218236732,鸿星尔克日常休闲夏季透气,鸿星尔克,306,356,86,1076,5487,92,合成革鞋,EVA轻底,套脚款式,日常休闲,夏季透气,49,男,山东省,否,16,否
337856203,鸿星尔克复古潮鞋冬季保暖,鸿星尔克,99,110,90,23,444,91,合成革鞋,EVA轻底,系带设计,复古潮鞋,冬季保暖,53,男,河南省,是,13,是
714922405,耐克潮流潮流高街四季通用,耐克潮流,158,247,64,1361,2897,96,混合材质,橡胶大底,套脚款式,潮流高街,四季通用,54,女,安徽省,否,16,否
889960645,斯凯奇潮工装硬朗冬季保暖,斯凯奇潮,112,181,62,1211,5544,94,超纤皮鞋,EVA轻底,魔术贴鞋,工装硬朗,冬季保暖,31,男,河南省,是,4,否
520083162,耐克潮流户外机能夏季透气,耐克潮流,307,458,67,1114,5465,91,超纤皮鞋,混合鞋底,套脚款式,户外机能,夏季透气,48,女,四川省,是,6,否
631093324,斯凯奇潮户外机能四季通用,斯凯奇潮,99,106,93,844,140,95,混合材质,橡胶大底,套脚款式,户外机能,四季通用,57,女,湖北省,否,8,否
312408735,安踏运动户外机能冬季保暖,安踏运动,99,114,87,50,509,92,网布透气,EVA轻底,拉链鞋款,户外机能,冬季保暖,49,男,湖北省,否,16,是
286165879,其他品牌简约百搭夏季透气,其他品牌,123,198,62,771,576,95,合成革鞋,橡胶大底,套脚款式,简约百搭,夏季透气,49,男,江苏省,是,22,是
936670511,鸿星尔克日常休闲夏季透气,鸿星尔克,99,139,71,99,5809,94,布面材质,橡胶大底,魔术贴鞋,日常休闲,夏季透气,27,男,福建省,是,9,否
877877657,回力经典户外机能秋季百搭,回力经典,266,320,83,446,1086,95,网布透气,橡胶大底,套脚款式,户外机能,秋季百搭,18,男,河北省,否,19,否
639619522,阿迪达斯运动休闲春季新款,阿迪达斯,190,221,86,28,103,97,真皮柔软,EVA轻底,套脚款式,运动休闲,春季新款,47,男,江苏省,否,4,是
591232068,安踏运动运动休闲春季新款,安踏运动,99,112,88,2562,239,98,超纤皮鞋,PU中底,魔术贴鞋,运动休闲,春季新款,44,女,湖北省,否,11,否
737567361,安踏运动运动休闲四季通用,安踏运动,99,187,53,20,697,93,真皮柔软,混合鞋底,系带设计,运动休闲,四季通用,58,男,浙江省,否,17,是
629772730,京东京造简约百搭秋季百搭,京东京造,366,421,87,9,360,95,混合材质,TPR鞋底,系带设计,简约百搭,秋季百搭,60,男,山东省,否,5,是
567377854,鸿星尔克复古潮鞋春季新款,鸿星尔克,99,99,100,699,7152,94,合成革鞋,PU中底,拉链鞋款,复古潮鞋,春季新款,53,男,福建省,否,2,是
838835204,耐克潮流复古潮鞋夏季透气,耐克潮流,125,139,90,259,1112,85,混合材质,混合鞋底,拉链鞋款,复古潮鞋,夏季透气,54,女,福建省,是,8,是
112595483,其他品牌运动休闲秋季百搭,其他品牌,180,353,51,245,260,94,真皮柔软,混合鞋底,魔术贴鞋,运动休闲,秋季百搭,40,女,浙江省,否,20,否
233077521,阿迪达斯简约百搭春季新款,阿迪达斯,276,521,53,243,324,91,真皮柔软,EVA轻底,套脚款式,简约百搭,春季新款,44,女,湖北省,是,19,是
170400682,其他品牌运动休闲冬季保暖,其他品牌,99,109,91,43,6828,94,高端飞织,混合鞋底,魔术贴鞋,运动休闲,冬季保暖,38,男,安徽省,是,5,否
765572699,特步男鞋工装硬朗四季通用,特步男鞋,126,138,91,26,1475,98,超纤皮鞋,TPR鞋底,拉链鞋款,工装硬朗,四季通用,48,女,湖北省,否,5,是
976042363,其他品牌日常休闲四季通用,其他品牌,285,300,95,4365,1193,95,高端飞织,混合鞋底,套脚款式,日常休闲,四季通用,34,男,广东省,是,20,是
366193172,耐克潮流简约百搭春季新款,耐克潮流,111,122,91,29,646,92,飞织面料,混合鞋底,拉链鞋款,简约百搭,春季新款,39,男,山东省,否,9,是
719173538,特步男鞋日常休闲冬季保暖,特步男鞋,145,250,58,444,525,88,混合材质,EVA轻底,松紧带鞋,日常休闲,冬季保暖,44,女,四川省,否,21,否
661895018,其他品牌日常休闲春季新款,其他品牌,275,393,70,26,1441,94,布面材质,MD发泡底,套脚款式,日常休闲,春季新款,38,男,江苏省,否,4,是
148624755,其他品牌日常休闲四季通用,其他品牌,183,210,87,44,2121,95,飞织面料,橡胶大底,魔术贴鞋,日常休闲,四季通用,59,女,广东省,是,1,是
735452753,鸿星尔克工装硬朗春季新款,鸿星尔克,99,112,88,1242,466,92,超纤皮鞋,橡胶大底,系带设计,工装硬朗,春季新款,55,女,福建省,否,23,否
546223544,鸿星尔克潮流高街冬季保暖,鸿星尔克,99,132,75,171,2545,90,真皮柔软,混合鞋底,松紧带鞋,潮流高街,冬季保暖,41,女,福建省,否,22,是
361532704,李宁休闲户外机能四季通用,李宁休闲,127,163,78,727,510,100,布面材质,橡胶大底,松紧带鞋,户外机能,四季通用,54,女,河南省,否,7,是
752024280,京东京造复古潮鞋春季新款,京东京造,163,236,69,684,3384,91,网布透气,TPR鞋底,套脚款式,复古潮鞋,春季新款,56,女,四川省,是,23,是
660090096,阿迪达斯日常休闲冬季保暖,阿迪达斯,120,146,82,1,27194,98,网布透气,TPR鞋底,魔术贴鞋,日常休闲,冬季保暖,58,女,河北省,否,0,否
297341985,鸿星尔克工装硬朗秋季百搭,鸿星尔克,378,652,58,2338,797,91,真皮柔软,TPR鞋底,拉链鞋款,工装硬朗,秋季百搭,46,女,河北省,否,23,是
695571336,安踏运动潮流高街秋季百搭,安踏运动,359,641,56,879,1184,92,飞织面料,橡胶大底,套脚款式,潮流高街,秋季百搭,44,女,江苏省,是,1,否
522504723,鸿星尔克复古潮鞋春季新款,鸿星尔克,99,174,57,924,2836,100,超纤皮鞋,EVA轻底,系带设计,复古潮鞋,春季新款,33,男,广东省,否,22,是
796882267,李宁休闲户外机能秋季百搭,李宁休闲,99,143,69,874,2948,90,合成革鞋,MD发泡底,拉链鞋款,户外机能,秋季百搭,52,男,山东省,否,21,是
668357608,李宁休闲运动休闲秋季百搭,李宁休闲,99,171,58,32,15251,94,合成革鞋,PU中底,魔术贴鞋,运动休闲,秋季百搭,59,男,河北省,否,12,是
381580522,回力经典简约百搭冬季保暖,回力经典,164,315,52,1198,2431,92,高端飞织,TPR鞋底,魔术贴鞋,简约百搭,冬季保暖,33,女,河北省,是,19,是
517083993,特步男鞋简约百搭冬季保暖,特步男鞋,471,798,59,14,4458,99,超纤皮鞋,MD发泡底,套脚款式,简约百搭,冬季保暖,48,男,浙江省,否,8,否
528650217,安踏运动潮流高街夏季透气,安踏运动,99,127,78,43,571,90,布面材质,EVA轻底,系带设计,潮流高街,夏季透气,52,男,福建省,否,18,否
317483497,特步男鞋简约百搭秋季百搭,特步男鞋,204,324,63,2104,2331,90,高端飞织,PU中底,系带设计,简约百搭,秋季百搭,39,女,湖北省,否,22,否
435694298,耐克潮流日常休闲夏季透气,耐克潮流,232,331,70,4176,294,94,网布透气,MD发泡底,魔术贴鞋,日常休闲,夏季透气,64,女,江苏省,是,14,是
898150832,回力经典运动休闲夏季透气,回力经典,106,158,67,1309,10079,99,布面材质,MD发泡底,套脚款式,运动休闲,夏季透气,46,男,湖北省,是,20,是
625314852,耐克潮流潮流高街秋季百搭,耐克潮流,99,108,92,1275,2200,100,布面材质,EVA轻底,松紧带鞋,潮流高街,秋季百搭,43,男,河北省,是,20,否
497233685,回力经典简约百搭秋季百搭,回力经典,203,260,78,2566,876,91,飞织面料,MD发泡底,魔术贴鞋,简约百搭,秋季百搭,63,男,山东省,否,21,是
903403329,鸿星尔克工装硬朗夏季透气,鸿星尔克,99,103,96,1052,739,94,网布透气,PU中底,系带设计,工装硬朗,夏季透气,48,女,山东省,否,23,否
924086933,回力经典工装硬朗春季新款,回力经典,233,348,67,36,342,94,高端飞织,橡胶大底,套脚款式,工装硬朗,春季新款,39,男,广东省,否,3,是
308413487,京东京造潮流高街四季通用,京东京造,99,148,67,355,250,97,飞织面料,MD发泡底,拉链鞋款,潮流高街,四季通用,52,男,山东省,是,18,否
725038934,李宁休闲工装硬朗春季新款,李宁休闲,99,183,54,984,1027,90,布面材质,橡胶大底,套脚款式,工装硬朗,春季新款,44,女,安徽省,是,17,否
483083696,耐克潮流运动休闲夏季透气,耐克潮流,119,149,80,10,2812,98,真皮柔软,TPR鞋底,系带设计,运动休闲,夏季透气,50,男,安徽省,是,19,否
766444705,耐克潮流简约百搭四季通用,耐克潮流,246,296,83,48,2937,100,布面材质,EVA轻底,松紧带鞋,简约百搭,四季通用,51,男,四川省,否,8,是
955365229,回力经典简约百搭春季新款,回力经典,127,244,52,27,6868,87,合成革鞋,PU中底,拉链鞋款,简约百搭,春季新款,43,男,江苏省,是,16,否
990780394,斯凯奇潮简约百搭秋季百搭,斯凯奇潮,126,188,67,112,6203,89,网布透气,TPR鞋底,拉链鞋款,简约百搭,秋季百搭,45,女,四川省,是,22,是
535392172,其他品牌潮流高街秋季百搭,其他品牌,99,162,61,615,232,97,超纤皮鞋,PU中底,松紧带鞋,潮流高街,秋季百搭,38,女,河北省,否,2,是
601198235,安踏运动工装硬朗春季新款,安踏运动,137,258,53,2524,58,90,合成革鞋,混合鞋底,套脚款式,工装硬朗,春季新款,45,女,安徽省,否,20,是
611836189,阿迪达斯工装硬朗冬季保暖,阿迪达斯,99,146,68,187,650,98,混合材质,MD发泡底,套脚款式,工装硬朗,冬季保暖,59,女,山东省,否,10,是
496205861,斯凯奇潮工装硬朗秋季百搭,斯凯奇潮,99,115,86,46,355,94,合成革鞋,混合鞋底,拉链鞋款,工装硬朗,秋季百搭,62,女,河北省,否,23,否
639971410,鸿星尔克简约百搭春季新款,鸿星尔克,99,127,78,1169,734,89,飞织面料,混合鞋底,系带设计,简约百搭,春季新款,59,男,山东省,否,12,是
837485882,安踏运动户外机能四季通用,安踏运动,99,180,55,3128,9567,96,高端飞织,混合鞋底,松紧带鞋,户外机能,四季通用,56,男,山东省,否,4,否
365114008,其他品牌工装硬朗夏季透气,其他品牌,194,366,53,2626,993,100,真皮柔软,橡胶大底,松紧带鞋,工装硬朗,夏季透气,50,女,安徽省,是,20,否
954653860,斯凯奇潮工装硬朗四季通用,斯凯奇潮,125,227,55,470,1396,92,高端飞织,混合鞋底,拉链鞋款,工装硬朗,四季通用,50,女,山东省,否,13,否
175161059,京东京造户外机能四季通用,京东京造,99,112,88,1471,201,90,超纤皮鞋,MD发泡底,系带设计,户外机能,四季通用,60,男,河南省,是,2,否
157890627,回力经典简约百搭秋季百搭,回力经典,103,147,70,4361,2844,95,飞织面料,混合鞋底,拉链鞋款,简约百搭,秋季百搭,47,男,河南省,是,23,否
658186548,回力经典运动休闲春季新款,回力经典,99,174,57,26,510,94,布面材质,PU中底,系带设计,运动休闲,春季新款,54,男,湖北省,否,10,否
402549178,耐克潮流简约百搭春季新款,耐克潮流,99,168,59,901,563,96,网布透气,混合鞋底,系带设计,简约百搭,春季新款,58,女,山东省,是,23,否
120872334,其他品牌复古潮鞋四季通用,其他品牌,99,103,96,1083,13764,98,布面材质,PU中底,松紧带鞋,复古潮鞋,四季通用,57,女,四川省,否,23,是
488017543,其他品牌潮流高街夏季透气,其他品牌,176,181,97,701,190,90,合成革鞋,PU中底,系带设计,潮流高街,夏季透气,45,女,河南省,是,3,否
494253702,回力经典户外机能四季通用,回力经典,257,271,95,32,463,96,飞织面料,橡胶大底,系带设计,户外机能,四季通用,55,女,河南省,是,23,是
905635116,斯凯奇潮复古潮鞋夏季透气,斯凯奇潮,104,200,52,803,744,97,网布透气,PU中底,拉链鞋款,复古潮鞋,夏季透气,50,男,山东省,否,15,否
674307615,安踏运动工装硬朗秋季百搭,安踏运动,177,179,99,1323,1572,90,超纤皮鞋,PU中底,套脚款式,工装硬朗,秋季百搭,55,男,山东省,否,4,否
386604667,斯凯奇潮日常休闲四季通用,斯凯奇潮,350,350,100,778,965,92,布面材质,混合鞋底,套脚款式,日常休闲,四季通用,40,男,福建省,是,21,是
169237325,李宁休闲复古潮鞋冬季保暖,李宁休闲,215,215,100,679,625,93,超纤皮鞋,混合鞋底,套脚款式,复古潮鞋,冬季保暖,49,女,湖北省,是,16,是
340290015,耐克潮流日常休闲夏季透气,耐克潮流,177,190,93,571,403,91,飞织面料,PU中底,松紧带鞋,日常休闲,夏季透气,59,女,河南省,是,2,否
101258724,耐克潮流复古潮鞋冬季保暖,耐克潮流,99,100,99,1172,1198,97,超纤皮鞋,PU中底,松紧带鞋,复古潮鞋,冬季保暖,49,女,山东省,否,8,是
837870158,耐克潮流运动休闲秋季百搭,耐克潮流,169,206,82,1207,3605,93,飞织面料,橡胶大底,拉链鞋款,运动休闲,秋季百搭,40,女,河北省,否,15,否
443614370,京东京造工装硬朗夏季透气,京东京造,264,406,65,1091,187,93,超纤皮鞋,TPR鞋底,魔术贴鞋,工装硬朗,夏季透气,45,男,广东省,是,12,是
436419061,李宁休闲运动休闲冬季保暖,李宁休闲,103,126,82,3607,218,96,真皮柔软,PU中底,系带设计,运动休闲,冬季保暖,42,女,山东省,是,22,否
658121001,安踏运动简约百搭春季新款,安踏运动,99,102,97,11,1075,94,混合材质,混合鞋底,系带设计,简约百搭,春季新款,38,女,江苏省,是,0,是
489013689,李宁休闲日常休闲春季新款,李宁休闲,99,124,80,611,1664,99,布面材质,橡胶大底,拉链鞋款,日常休闲,春季新款,65,男,广东省,否,0,是
592629921,特步男鞋复古潮鞋冬季保暖,特步男鞋,429,825,52,1280,124,92,超纤皮鞋,PU中底,拉链鞋款,复古潮鞋,冬季保暖,56,女,江苏省,是,14,否
806370191,阿迪达斯运动休闲四季通用,阿迪达斯,185,218,85,524,1092,94,真皮柔软,PU中底,套脚款式,运动休闲,四季通用,44,女,河南省,是,23,是
259789580,特步男鞋户外机能四季通用,特步男鞋,99,194,51,822,186,86,真皮柔软,PU中底,套脚款式,户外机能,四季通用,41,男,山东省,否,22,否
936650422,其他品牌户外机能夏季透气,其他品牌,176,284,62,1112,1528,85,高端飞织,MD发泡底,套脚款式,户外机能,夏季透气,55,男,山东省,否,17,否
421700982,李宁休闲简约百搭秋季百搭,李宁休闲,99,124,80,90,22136,97,高端飞织,TPR鞋底,魔术贴鞋,简约百搭,秋季百搭,42,女,广东省,是,18,否
276893960,其他品牌日常休闲秋季百搭,其他品牌,99,160,62,588,4259,86,高端飞织,EVA轻底,套脚款式,日常休闲,秋季百搭,54,女,湖北省,是,23,否
181199653,安踏运动复古潮鞋夏季透气,安踏运动,99,139,71,883,1297,96,混合材质,MD发泡底,拉链鞋款,复古潮鞋,夏季透气,46,女,河北省,否,4,是
915827670,阿迪达斯简约百搭春季新款,阿迪达斯,418,573,73,329,989,97,真皮柔软,TPR鞋底,拉链鞋款,简约百搭,春季新款,46,女,湖北省,否,9,否
441603580,安踏运动复古潮鞋春季新款,安踏运动,104,125,83,1133,1649,91,高端飞织,PU中底,拉链鞋款,复古潮鞋,春季新款,40,女,河南省,是,6,否
358789303,其他品牌潮流高街春季新款,其他品牌,127,176,72,1399,17863,93,飞织面料,PU中底,套脚款式,潮流高街,春季新款,54,男,浙江省,是,22,否
875995058,安踏运动工装硬朗夏季透气,安踏运动,274,334,82,1159,2248,97,混合材质,MD发泡底,松紧带鞋,工装硬朗,夏季透气,61,女,浙江省,否,3,否
210394401,回力经典简约百搭四季通用,回力经典,146,168,87,1265,52,99,布面材质,橡胶大底,松紧带鞋,简约百搭,四季通用,42,女,山东省,是,21,否
149054435,京东京造日常休闲冬季保暖,京东京造,197,318,62,1224,1633,98,超纤皮鞋,混合鞋底,松紧带鞋,日常休闲,冬季保暖,36,男,福建省,否,3,是
886212072,京东京造户外机能春季新款,京东京造,99,162,61,339,1569,91,超纤皮鞋,MD发泡底,系带设计,户外机能,春季新款,51,女,河南省,是,21,是
891352273,耐克潮流户外机能四季通用,耐克潮流,122,179,68,857,292,97,超纤皮鞋,EVA轻底,系带设计,户外机能,四季通用,37,女,河南省,是,22,否
182456977,鸿星尔克工装硬朗夏季透气,鸿星尔克,181,255,71,883,1457,92,飞织面料,MD发泡底,系带设计,工装硬朗,夏季透气,40,男,四川省,否,16,是
872415539,阿迪达斯简约百搭夏季透气,阿迪达斯,227,324,70,30,2330,94,合成革鞋,MD发泡底,松紧带鞋,简约百搭,夏季透气,52,男,安徽省,是,10,是
346756793,其他品牌简约百搭冬季保暖,其他品牌,151,244,62,643,398,92,网布透气,MD发泡底,魔术贴鞋,简约百搭,冬季保暖,48,女,河南省,否,18,否
123695529,安踏运动运动休闲春季新款,安踏运动,99,104,95,58,3917,96,布面材质,PU中底,系带设计,运动休闲,春季新款,45,女,河南省,否,7,是
527718519,京东京造简约百搭夏季透气,京东京造,307,361,85,28,6803,90,合成革鞋,橡胶大底,系带设计,简约百搭,夏季透气,41,男,山东省,否,16,否
531788703,阿迪达斯简约百搭秋季百搭,阿迪达斯,118,157,75,890,285,97,飞织面料,橡胶大底,套脚款式,简约百搭,秋季百搭,43,女,山东省,否,16,否
623738624,京东京造简约百搭春季新款,京东京造,99,112,88,1437,1407,90,超纤皮鞋,橡胶大底,松紧带鞋,简约百搭,春季新款,49,女,四川省,否,8,是
355165936,鸿星尔克户外机能春季新款,鸿星尔克,146,209,70,39,1390,96,合成革鞋,MD发泡底,系带设计,户外机能,春季新款,39,女,福建省,否,17,否
115821306,耐克潮流户外机能秋季百搭,耐克潮流,99,187,53,4205,954,96,网布透气,EVA轻底,系带设计,户外机能,秋季百搭,49,女,浙江省,否,6,是
543385371,鸿星尔克日常休闲春季新款,鸿星尔克,177,264,67,770,1439,90,高端飞织,MD发泡底,套脚款式,日常休闲,春季新款,57,男,浙江省,否,0,否
261348770,阿迪达斯复古潮鞋夏季透气,阿迪达斯,99,141,70,962,28477,97,布面材质,MD发泡底,魔术贴鞋,复古潮鞋,夏季透气,56,女,福建省,是,21,否
433864310,鸿星尔克运动休闲夏季透气,鸿星尔克,158,203,78,792,992,91,飞织面料,PU中底,拉链鞋款,运动休闲,夏季透气,52,男,湖北省,是,9,是
956526310,安踏运动日常休闲春季新款,安踏运动,99,194,51,408,2366,92,网布透气,TPR鞋底,套脚款式,日常休闲,春季新款,53,女,广东省,是,20,否
411912351,阿迪达斯简约百搭四季通用,阿迪达斯,161,171,94,1013,1026,95,飞织面料,TPR鞋底,松紧带鞋,简约百搭,四季通用,48,男,浙江省,否,16,否
577181321,耐克潮流工装硬朗秋季百搭,耐克潮流,176,263,67,36,4564,96,真皮柔软,MD发泡底,魔术贴鞋,工装硬朗,秋季百搭,44,女,广东省,是,8,是
697076521,安踏运动运动休闲春季新款,安踏运动,206,258,80,295,426,94,合成革鞋,PU中底,拉链鞋款,运动休闲,春季新款,45,男,山东省,否,19,是
532278455,其他品牌复古潮鞋夏季透气,其他品牌,124,207,60,3606,2090,92,布面材质,EVA轻底,魔术贴鞋,复古潮鞋,夏季透气,48,男,山东省,是,1,是
826567682,鸿星尔克简约百搭冬季保暖,鸿星尔克,153,161,95,36,5746,86,合成革鞋,EVA轻底,套脚款式,简约百搭,冬季保暖,51,男,浙江省,是,19,是
128337022,李宁休闲日常休闲冬季保暖,李宁休闲,352,352,100,9,795,94,高端飞织,EVA轻底,拉链鞋款,日常休闲,冬季保暖,49,女,山东省,是,3,是
662760445,回力经典日常休闲冬季保暖,回力经典,99,114,87,235,2898,96,混合材质,TPR鞋底,魔术贴鞋,日常休闲,冬季保暖,40,男,河北省,是,16,否
858726250,李宁休闲日常休闲冬季保暖,李宁休闲,222,288,77,564,5355,95,飞织面料,EVA轻底,拉链鞋款,日常休闲,冬季保暖,56,男,安徽省,是,21,是
347202021,特步男鞋日常休闲四季通用,特步男鞋,105,198,53,804,503,97,超纤皮鞋,橡胶大底,系带设计,日常休闲,四季通用,42,男,山东省,是,6,否
363431978,李宁休闲户外机能四季通用,李宁休闲,99,198,50,451,544,91,高端飞织,橡胶大底,系带设计,户外机能,四季通用,32,男,江苏省,否,23,否
657798916,斯凯奇潮工装硬朗四季通用,斯凯奇潮,160,176,91,4,1320,96,高端飞织,EVA轻底,拉链鞋款,工装硬朗,四季通用,45,女,湖北省,否,8,是
139736774,鸿星尔克工装硬朗冬季保暖,鸿星尔克,99,118,84,1310,155,96,混合材质,TPR鞋底,松紧带鞋,工装硬朗,冬季保暖,37,男,福建省,否,16,否
209475285,斯凯奇潮潮流高街冬季保暖,斯凯奇潮,123,246,50,489,2521,94,飞织面料,橡胶大底,松紧带鞋,潮流高街,冬季保暖,45,女,四川省,否,17,是
940584719,斯凯奇潮工装硬朗春季新款,斯凯奇潮,129,184,70,1166,677,97,飞织面料,橡胶大底,松紧带鞋,工装硬朗,春季新款,47,女,福建省,是,15,是
206228765,京东京造简约百搭春季新款,京东京造,99,118,84,528,1936,90,网布透气,混合鞋底,魔术贴鞋,简约百搭,春季新款,40,女,福建省,否,16,是
712955094,京东京造潮流高街春季新款,京东京造,122,149,82,1312,234,100,真皮柔软,橡胶大底,拉链鞋款,潮流高街,春季新款,53,男,江苏省,否,23,否
998694670,回力经典户外机能夏季透气,回力经典,132,254,52,2051,1098,92,网布透气,PU中底,魔术贴鞋,户外机能,夏季透气,58,女,四川省,是,11,是
935571189,特步男鞋潮流高街春季新款,特步男鞋,261,435,60,526,5824,92,高端飞织,混合鞋底,系带设计,潮流高街,春季新款,45,男,江苏省,否,3,是
686049454,安踏运动潮流高街四季通用,安踏运动,130,210,62,1256,8217,95,高端飞织,混合鞋底,松紧带鞋,潮流高街,四季通用,53,女,福建省,否,0,是
287025080,其他品牌复古潮鞋冬季保暖,其他品牌,99,152,65,447,681,97,高端飞织,PU中底,拉链鞋款,复古潮鞋,冬季保暖,46,女,浙江省,是,23,是
638506818,鸿星尔克户外机能四季通用,鸿星尔克,105,117,90,1060,3466,93,真皮柔软,橡胶大底,系带设计,户外机能,四季通用,56,男,安徽省,否,11,否
222587573,安踏运动运动休闲四季通用,安踏运动,103,111,93,838,1156,91,布面材质,橡胶大底,松紧带鞋,运动休闲,四季通用,49,男,河南省,否,13,否
408162913,京东京造简约百搭冬季保暖,京东京造,99,141,70,1313,2982,96,混合材质,PU中底,拉链鞋款,简约百搭,冬季保暖,47,男,江苏省,否,22,是
479377165,鸿星尔克工装硬朗四季通用,鸿星尔克,99,124,80,222,983,93,布面材质,PU中底,松紧带鞋,工装硬朗,四季通用,51,女,河南省,否,14,是
443380816,其他品牌简约百搭冬季保暖,其他品牌,219,226,97,33,140,90,超纤皮鞋,EVA轻底,松紧带鞋,简约百搭,冬季保暖,40,男,山东省,是,5,否
186546054,阿迪达斯工装硬朗春季新款,阿迪达斯,188,324,58,17,953,91,真皮柔软,PU中底,松紧带鞋,工装硬朗,春季新款,39,女,浙江省,否,4,是
965596103,阿迪达斯复古潮鞋夏季透气,阿迪达斯,132,191,69,1300,829,98,超纤皮鞋,橡胶大底,套脚款式,复古潮鞋,夏季透气,45,女,福建省,否,7,否
810955439,阿迪达斯运动休闲春季新款,阿迪达斯,99,155,64,3499,294,98,布面材质,TPR鞋底,魔术贴鞋,运动休闲,春季新款,43,男,山东省,否,18,否
474347170,李宁休闲户外机能夏季透气,李宁休闲,99,198,50,225,2062,97,混合材质,TPR鞋底,套脚款式,户外机能,夏季透气,65,男,广东省,否,9,否
798736901,京东京造简约百搭秋季百搭,京东京造,112,118,95,198,5841,95,布面材质,混合鞋底,松紧带鞋,简约百搭,秋季百搭,44,男,湖北省,否,21,是
534373117,安踏运动户外机能春季新款,安踏运动,99,180,55,211,56,90,飞织面料,MD发泡底,魔术贴鞋,户外机能,春季新款,30,女,湖北省,否,14,否
827462108,京东京造简约百搭冬季保暖,京东京造,99,150,66,208,489,93,网布透气,EVA轻底,套脚款式,简约百搭,冬季保暖,52,男,广东省,否,10,否
681948921,安踏运动简约百搭四季通用,安踏运动,99,148,67,1447,1055,94,飞织面料,PU中底,松紧带鞋,简约百搭,四季通用,46,男,福建省,是,8,否
903690154,耐克潮流简约百搭秋季百搭,耐克潮流,99,146,68,2004,467,96,混合材质,橡胶大底,魔术贴鞋,简约百搭,秋季百搭,57,男,江苏省,否,13,是
862463765,斯凯奇潮日常休闲秋季百搭,斯凯奇潮,241,344,70,728,3917,93,混合材质,混合鞋底,系带设计,日常休闲,秋季百搭,45,男,河北省,否,6,否
568362689,安踏运动复古潮鞋四季通用,安踏运动,170,198,86,503,2014,98,合成革鞋,TPR鞋底,套脚款式,复古潮鞋,四季通用,36,男,福建省,是,15,是
332118402,安踏运动复古潮鞋秋季百搭,安踏运动,162,216,75,2487,910,88,合成革鞋,MD发泡底,魔术贴鞋,复古潮鞋,秋季百搭,49,男,江苏省,否,16,是
777309875,安踏运动工装硬朗春季新款,安踏运动,99,130,76,48,3913,99,飞织面料,PU中底,拉链鞋款,工装硬朗,春季新款,36,男,江苏省,否,17,是
825675158,阿迪达斯简约百搭夏季透气,阿迪达斯,99,152,65,555,91,92,真皮柔软,MD发泡底,魔术贴鞋,简约百搭,夏季透气,57,男,安徽省,否,18,是
797744412,阿迪达斯日常休闲春季新款,阿迪达斯,99,129,77,885,170,86,超纤皮鞋,PU中底,系带设计,日常休闲,春季新款,47,女,江苏省,是,21,否
707606896,京东京造户外机能夏季透气,京东京造,149,189,79,3803,840,93,布面材质,EVA轻底,套脚款式,户外机能,夏季透气,47,女,广东省,否,11,是
746798092,阿迪达斯户外机能夏季透气,阿迪达斯,99,174,57,16,2398,90,真皮柔软,EVA轻底,套脚款式,户外机能,夏季透气,50,男,浙江省,否,20,否
353652555,回力经典复古潮鞋秋季百搭,回力经典,146,265,55,49,15887,92,飞织面料,TPR鞋底,套脚款式,复古潮鞋,秋季百搭,60,女,安徽省,否,14,是
651265568,耐克潮流简约百搭夏季透气,耐克潮流,150,263,57,1396,1186,96,高端飞织,TPR鞋底,套脚款式,简约百搭,夏季透气,49,男,广东省,是,13,否
142871502,其他品牌潮流高街秋季百搭,其他品牌,99,165,60,642,1131,91,高端飞织,PU中底,拉链鞋款,潮流高街,秋季百搭,39,男,山东省,否,19,是
276879942,安踏运动日常休闲冬季保暖,安踏运动,699,971,72,2407,2280,95,飞织面料,EVA轻底,套脚款式,日常休闲,冬季保暖,53,男,广东省,否,16,是
624211216,回力经典日常休闲四季通用,回力经典,225,268,84,39,146,85,布面材质,PU中底,套脚款式,日常休闲,四季通用,40,女,河南省,否,19,否
435282842,安踏运动运动休闲秋季百搭,安踏运动,99,130,76,1182,814,93,真皮柔软,EVA轻底,套脚款式,运动休闲,秋季百搭,36,女,四川省,是,21,否
117363638,斯凯奇潮简约百搭秋季百搭,斯凯奇潮,214,240,89,4846,2242,95,超纤皮鞋,EVA轻底,拉链鞋款,简约百搭,秋季百搭,33,男,四川省,否,16,否
303632950,其他品牌户外机能冬季保暖,其他品牌,99,101,98,1317,3206,99,真皮柔软,MD发泡底,系带设计,户外机能,冬季保暖,54,男,广东省,否,15,否
809894499,耐克潮流简约百搭冬季保暖,耐克潮流,99,129,77,85,755,96,超纤皮鞋,PU中底,套脚款式,简约百搭,冬季保暖,48,男,福建省,是,3,否
271610680,特步男鞋工装硬朗秋季百搭,特步男鞋,232,455,51,1495,1724,92,混合材质,TPR鞋底,松紧带鞋,工装硬朗,秋季百搭,64,女,安徽省,否,21,否
352060408,特步男鞋日常休闲春季新款,特步男鞋,114,224,51,40,10350,92,飞织面料,EVA轻底,魔术贴鞋,日常休闲,春季新款,41,女,河北省,否,21,是
262121500,安踏运动日常休闲夏季透气,安踏运动,358,559,64,2588,272,96,布面材质,EVA轻底,魔术贴鞋,日常休闲,夏季透气,47,男,山东省,是,4,否
410778408,京东京造户外机能四季通用,京东京造,99,136,73,587,1142,100,网布透气,混合鞋底,松紧带鞋,户外机能,四季通用,57,男,浙江省,否,18,是
220746244,京东京造简约百搭夏季透气,京东京造,99,108,92,49,1155,97,飞织面料,MD发泡底,系带设计,简约百搭,夏季透气,47,男,湖北省,是,10,否
286914958,回力经典工装硬朗夏季透气,回力经典,99,109,91,16,21991,95,混合材质,PU中底,松紧带鞋,工装硬朗,夏季透气,49,女,四川省,是,1,否
930757131,耐克潮流运动休闲春季新款,耐克潮流,99,124,80,35,586,86,混合材质,橡胶大底,系带设计,运动休闲,春季新款,46,女,浙江省,是,2,否
299736487,李宁休闲工装硬朗夏季透气,李宁休闲,261,335,78,22,20101,90,网布透气,EVA轻底,魔术贴鞋,工装硬朗,夏季透气,45,女,河北省,否,22,否
264938017,安踏运动运动休闲夏季透气,安踏运动,126,207,61,297,740,93,合成革鞋,TPR鞋底,套脚款式,运动休闲,夏季透气,56,女,江苏省,是,22,是
814279199,阿迪达斯运动休闲冬季保暖,阿迪达斯,274,342,80,2963,4361,91,网布透气,TPR鞋底,魔术贴鞋,运动休闲,冬季保暖,43,男,河北省,是,14,否
695393624,鸿星尔克运动休闲夏季透气,鸿星尔克,109,214,51,1247,13794,95,布面材质,混合鞋底,松紧带鞋,运动休闲,夏季透气,50,女,河南省,是,7,是
727536628,阿迪达斯日常休闲夏季透气,阿迪达斯,248,388,64,1357,915,94,网布透气,EVA轻底,魔术贴鞋,日常休闲,夏季透气,61,男,广东省,是,15,否
841188482,鸿星尔克户外机能春季新款,鸿星尔克,119,209,57,1491,717,95,合成革鞋,PU中底,套脚款式,户外机能,春季新款,56,男,安徽省,否,6,是
370135235,回力经典运动休闲四季通用,回力经典,267,293,91,614,7457,98,布面材质,橡胶大底,松紧带鞋,运动休闲,四季通用,49,男,安徽省,否,14,否
801272303,耐克潮流日常休闲四季通用,耐克潮流,108,121,89,799,276,90,布面材质,TPR鞋底,拉链鞋款,日常休闲,四季通用,49,女,安徽省,是,19,否
751924272,李宁休闲户外机能四季通用,李宁休闲,330,398,83,216,843,97,合成革鞋,PU中底,松紧带鞋,户外机能,四季通用,38,男,四川省,是,23,是
955998254,京东京造户外机能春季新款,京东京造,99,160,62,263,1533,97,布面材质,橡胶大底,松紧带鞋,户外机能,春季新款,43,女,河北省,否,20,否
818765378,阿迪达斯运动休闲秋季百搭,阿迪达斯,234,355,66,954,1022,93,高端飞织,PU中底,系带设计,运动休闲,秋季百搭,58,女,福建省,否,21,是
290850086,阿迪达斯潮流高街春季新款,阿迪达斯,119,138,86,28,969,93,真皮柔软,MD发泡底,魔术贴鞋,潮流高街,春季新款,52,女,安徽省,是,20,否
837224433,阿迪达斯简约百搭秋季百搭,阿迪达斯,257,286,90,264,1021,96,布面材质,PU中底,松紧带鞋,简约百搭,秋季百搭,43,女,河北省,是,14,是
507787887,耐克潮流潮流高街四季通用,耐克潮流,153,289,53,121,241,93,超纤皮鞋,PU中底,套脚款式,潮流高街,四季通用,39,男,广东省,是,23,是
288632603,耐克潮流日常休闲冬季保暖,耐克潮流,104,146,71,1486,698,95,高端飞织,MD发泡底,套脚款式,日常休闲,冬季保暖,47,男,广东省,是,22,否
224086925,李宁休闲简约百搭秋季百搭,李宁休闲,143,161,89,525,435,86,网布透气,EVA轻底,系带设计,简约百搭,秋季百搭,49,女,广东省,是,23,否
107073850,特步男鞋运动休闲冬季保暖,特步男鞋,229,458,50,498,3962,93,合成革鞋,PU中底,系带设计,运动休闲,冬季保暖,51,男,河南省,是,20,否
170478103,其他品牌运动休闲春季新款,其他品牌,99,129,77,369,615,92,合成革鞋,橡胶大底,拉链鞋款,运动休闲,春季新款,30,男,山东省,否,23,否
368514969,耐克潮流工装硬朗春季新款,耐克潮流,99,111,89,1062,4082,92,超纤皮鞋,EVA轻底,套脚款式,工装硬朗,春季新款,48,男,山东省,否,16,否
728781737,阿迪达斯简约百搭春季新款,阿迪达斯,159,177,90,1186,1039,93,飞织面料,PU中底,套脚款式,简约百搭,春季新款,44,男,江苏省,是,1,是
916138715,其他品牌运动休闲冬季保暖,其他品牌,146,178,82,35,933,91,超纤皮鞋,TPR鞋底,魔术贴鞋,运动休闲,冬季保暖,37,男,河南省,否,10,是
104100533,李宁休闲复古潮鞋夏季透气,李宁休闲,335,500,67,1066,388,96,布面材质,混合鞋底,拉链鞋款,复古潮鞋,夏季透气,64,男,浙江省,是,22,否
561094408,京东京造潮流高街春季新款,京东京造,198,208,95,11,779,91,合成革鞋,TPR鞋底,松紧带鞋,潮流高街,春季新款,58,男,福建省,是,7,是
920932833,其他品牌潮流高街冬季保暖,其他品牌,99,152,65,364,17953,94,混合材质,PU中底,拉链鞋款,潮流高街,冬季保暖,44,女,安徽省,否,10,否
768982713,回力经典复古潮鞋四季通用,回力经典,171,290,59,3988,2307,91,飞织面料,混合鞋底,拉链鞋款,复古潮鞋,四季通用,37,女,湖北省,否,20,是
318465077,特步男鞋户外机能秋季百搭,特步男鞋,194,206,94,838,1607,85,飞织面料,EVA轻底,套脚款式,户外机能,秋季百搭,46,男,福建省,是,11,是
186884105,安踏运动日常休闲秋季百搭,安踏运动,99,143,69,427,386,95,飞织面料,MD发泡底,松紧带鞋,日常休闲,秋季百搭,45,女,四川省,是,15,否
716494665,回力经典复古潮鞋冬季保暖,回力经典,144,244,59,27,1300,97,网布透气,EVA轻底,松紧带鞋,复古潮鞋,冬季保暖,47,男,江苏省,是,6,否
243716223,特步男鞋复古潮鞋夏季透气,特步男鞋,380,442,86,1039,1121,95,布面材质,混合鞋底,系带设计,复古潮鞋,夏季透气,51,男,广东省,否,21,否
128951455,阿迪达斯日常休闲秋季百搭,阿迪达斯,99,150,66,278,587,92,高端飞织,混合鞋底,松紧带鞋,日常休闲,秋季百搭,51,男,江苏省,否,1,否
792321072,京东京造日常休闲夏季透气,京东京造,99,118,84,5,170,92,混合材质,EVA轻底,系带设计,日常休闲,夏季透气,56,女,浙江省,是,2,是
793360073,耐克潮流简约百搭秋季百搭,耐克潮流,110,126,87,37,1021,86,超纤皮鞋,PU中底,松紧带鞋,简约百搭,秋季百搭,45,女,江苏省,否,7,是
333968270,安踏运动潮流高街四季通用,安踏运动,107,149,72,162,136,99,混合材质,EVA轻底,系带设计,潮流高街,四季通用,47,男,河北省,是,18,否
814016998,其他品牌日常休闲秋季百搭,其他品牌,561,645,87,40,459,93,高端飞织,MD发泡底,松紧带鞋,日常休闲,秋季百搭,55,女,四川省,是,21,是
970118216,安踏运动潮流高街夏季透气,安踏运动,124,128,97,627,17354,94,混合材质,TPR鞋底,套脚款式,潮流高街,夏季透气,52,女,江苏省,否,2,是
482543856,回力经典工装硬朗春季新款,回力经典,99,155,64,767,3265,97,真皮柔软,TPR鞋底,松紧带鞋,工装硬朗,春季新款,18,男,山东省,否,20,否
564573791,回力经典简约百搭秋季百搭,回力经典,203,233,87,43,1354,98,真皮柔软,EVA轻底,套脚款式,简约百搭,秋季百搭,51,男,河北省,否,22,否
450178407,京东京造工装硬朗夏季透气,京东京造,164,176,93,1377,359,93,飞织面料,PU中底,系带设计,工装硬朗,夏季透气,46,女,山东省,是,9,否
228447219,鸿星尔克日常休闲冬季保暖,鸿星尔克,179,267,67,1251,1673,92,真皮柔软,PU中底,系带设计,日常休闲,冬季保暖,43,男,山东省,是,17,是
931007770,斯凯奇潮复古潮鞋夏季透气,斯凯奇潮,99,112,88,1341,1888,94,飞织面料,PU中底,魔术贴鞋,复古潮鞋,夏季透气,62,男,河南省,否,23,否
268607697,安踏运动工装硬朗冬季保暖,安踏运动,99,106,93,4767,284,89,网布透气,混合鞋底,套脚款式,工装硬朗,冬季保暖,41,男,浙江省,是,15,否
168690742,特步男鞋潮流高街夏季透气,特步男鞋,301,412,73,4321,564,92,混合材质,混合鞋底,魔术贴鞋,潮流高街,夏季透气,44,男,广东省,否,9,是
700095137,回力经典日常休闲夏季透气,回力经典,110,131,84,27,5515,94,超纤皮鞋,EVA轻底,拉链鞋款,日常休闲,夏季透气,43,男,福建省,否,21,否
281012422,鸿星尔克复古潮鞋秋季百搭,鸿星尔克,99,136,73,583,3365,94,网布透气,EVA轻底,套脚款式,复古潮鞋,秋季百搭,60,男,湖北省,是,17,是
772734904,回力经典日常休闲秋季百搭,回力经典,99,115,86,1057,350,94,飞织面料,橡胶大底,拉链鞋款,日常休闲,秋季百搭,47,女,江苏省,否,8,否
150456830,特步男鞋复古潮鞋四季通用,特步男鞋,116,140,83,88,2074,85,网布透气,橡胶大底,松紧带鞋,复古潮鞋,四季通用,50,男,河北省,否,13,否
863844765,李宁休闲简约百搭夏季透气,李宁休闲,99,150,66,875,907,91,飞织面料,MD发泡底,系带设计,简约百搭,夏季透气,46,女,安徽省,否,21,否
917159251,回力经典简约百搭春季新款,回力经典,153,278,55,1076,530,100,布面材质,MD发泡底,魔术贴鞋,简约百搭,春季新款,61,男,湖北省,是,12,是
156406749,安踏运动日常休闲夏季透气,安踏运动,99,155,64,217,2379,90,网布透气,TPR鞋底,魔术贴鞋,日常休闲,夏季透气,50,男,福建省,否,23,否
719215706,耐克潮流复古潮鞋秋季百搭,耐克潮流,150,300,50,1255,832,98,网布透气,MD发泡底,魔术贴鞋,复古潮鞋,秋季百搭,41,女,浙江省,是,16,是
213862812,斯凯奇潮运动休闲春季新款,斯凯奇潮,99,187,53,319,429,88,超纤皮鞋,MD发泡底,系带设计,运动休闲,春季新款,33,男,山东省,否,15,否
992425815,其他品牌复古潮鞋秋季百搭,其他品牌,128,180,71,784,1119,100,飞织面料,PU中底,魔术贴鞋,复古潮鞋,秋季百搭,38,男,四川省,否,11,是
775453546,斯凯奇潮潮流高街春季新款,斯凯奇潮,170,170,100,1121,133,92,超纤皮鞋,PU中底,拉链鞋款,潮流高街,春季新款,59,男,山东省,是,5,否
527146001,特步男鞋复古潮鞋四季通用,特步男鞋,113,161,70,2416,2283,90,超纤皮鞋,MD发泡底,套脚款式,复古潮鞋,四季通用,45,女,湖北省,否,6,否
692844089,李宁休闲户外机能冬季保暖,李宁休闲,99,165,60,596,679,90,布面材质,混合鞋底,魔术贴鞋,户外机能,冬季保暖,61,女,广东省,否,15,否
578299760,鸿星尔克运动休闲四季通用,鸿星尔克,115,174,66,1087,357,97,混合材质,PU中底,松紧带鞋,运动休闲,四季通用,48,女,四川省,是,8,否
148303500,阿迪达斯潮流高街春季新款,阿迪达斯,109,140,78,24,858,98,布面材质,TPR鞋底,魔术贴鞋,潮流高街,春季新款,55,男,安徽省,否,15,是
272950759,特步男鞋运动休闲春季新款,特步男鞋,99,106,93,573,421,93,布面材质,TPR鞋底,系带设计,运动休闲,春季新款,43,男,山东省,否,11,是
579945015,京东京造户外机能秋季百搭,京东京造,162,172,94,4389,2895,95,合成革鞋,PU中底,套脚款式,户外机能,秋季百搭,40,男,河南省,否,1,是
858178725,回力经典工装硬朗春季新款,回力经典,99,111,89,4984,874,97,网布透气,EVA轻底,松紧带鞋,工装硬朗,春季新款,41,男,福建省,否,23,是
909014741,阿迪达斯复古潮鞋冬季保暖,阿迪达斯,123,145,85,21,3995,99,高端飞织,TPR鞋底,魔术贴鞋,复古潮鞋,冬季保暖,49,女,河北省,否,23,是
359833308,斯凯奇潮简约百搭秋季百搭,斯凯奇潮,155,158,98,1073,524,90,飞织面料,TPR鞋底,系带设计,简约百搭,秋季百搭,59,女,河北省,是,21,否
366464890,耐克潮流运动休闲冬季保暖,耐克潮流,99,132,75,2457,26513,95,布面材质,TPR鞋底,套脚款式,运动休闲,冬季保暖,44,女,安徽省,是,5,否
788812418,特步男鞋简约百搭冬季保暖,特步男鞋,99,139,71,39,304,90,布面材质,MD发泡底,套脚款式,简约百搭,冬季保暖,54,女,福建省,是,1,是
613636915,斯凯奇潮潮流高街春季新款,斯凯奇潮,209,232,90,75,2390,93,混合材质,TPR鞋底,套脚款式,潮流高街,春季新款,42,女,江苏省,否,11,否
211669285,斯凯奇潮日常休闲春季新款,斯凯奇潮,221,273,81,3901,194,92,高端飞织,TPR鞋底,拉链鞋款,日常休闲,春季新款,51,女,江苏省,是,17,否
323710952,鸿星尔克户外机能秋季百搭,鸿星尔克,112,129,87,4819,1480,94,布面材质,EVA轻底,魔术贴鞋,户外机能,秋季百搭,44,男,河北省,是,15,否
331543302,其他品牌复古潮鞋冬季保暖,其他品牌,99,109,91,1410,2881,91,网布透气,TPR鞋底,系带设计,复古潮鞋,冬季保暖,49,男,四川省,是,19,否
965034981,京东京造户外机能四季通用,京东京造,99,127,78,632,854,94,布面材质,PU中底,松紧带鞋,户外机能,四季通用,48,女,河北省,否,3,是
114727158,其他品牌日常休闲夏季透气,其他品牌,118,203,58,37,458,98,布面材质,PU中底,系带设计,日常休闲,夏季透气,43,男,江苏省,是,0,是
308102557,鸿星尔克日常休闲冬季保暖,鸿星尔克,198,367,54,14,966,96,超纤皮鞋,PU中底,松紧带鞋,日常休闲,冬季保暖,35,男,安徽省,是,19,是
674656131,京东京造运动休闲冬季保暖,京东京造,110,115,96,294,815,95,合成革鞋,混合鞋底,套脚款式,运动休闲,冬季保暖,50,女,福建省,否,15,是
318038991,耐克潮流复古潮鞋春季新款,耐克潮流,133,141,94,898,4022,88,合成革鞋,混合鞋底,套脚款式,复古潮鞋,春季新款,49,女,山东省,否,13,否
978123794,鸿星尔克户外机能春季新款,鸿星尔克,99,136,73,1289,669,96,混合材质,混合鞋底,套脚款式,户外机能,春季新款,58,男,广东省,是,22,是
364805619,安踏运动复古潮鞋冬季保暖,安踏运动,121,159,76,570,5377,95,布面材质,混合鞋底,套脚款式,复古潮鞋,冬季保暖,49,女,河北省,是,13,否
442338320,其他品牌日常休闲冬季保暖,其他品牌,99,146,68,36,3079,86,真皮柔软,橡胶大底,魔术贴鞋,日常休闲,冬季保暖,57,男,广东省,是,15,是
441678244,特步男鞋潮流高街冬季保暖,特步男鞋,231,246,94,20,3578,92,混合材质,PU中底,套脚款式,潮流高街,冬季保暖,59,男,安徽省,否,8,是
345439872,回力经典日常休闲冬季保暖,回力经典,178,184,97,840,3502,98,真皮柔软,EVA轻底,套脚款式,日常休闲,冬季保暖,59,女,安徽省,是,10,是
928996343,京东京造户外机能冬季保暖,京东京造,149,276,54,594,3995,90,飞织面料,TPR鞋底,魔术贴鞋,户外机能,冬季保暖,56,女,山东省,是,12,否
361871490,特步男鞋户外机能秋季百搭,特步男鞋,161,218,74,1115,1411,88,合成革鞋,橡胶大底,套脚款式,户外机能,秋季百搭,46,男,河北省,是,20,否
750657797,其他品牌简约百搭春季新款,其他品牌,99,127,78,1271,846,94,高端飞织,PU中底,魔术贴鞋,简约百搭,春季新款,54,男,湖北省,是,23,否
121639364,耐克潮流日常休闲夏季透气,耐克潮流,136,148,92,788,818,88,网布透气,EVA轻底,魔术贴鞋,日常休闲,夏季透气,43,男,安徽省,否,7,否
281153607,特步男鞋运动休闲春季新款,特步男鞋,246,267,92,19,296,93,布面材质,EVA轻底,松紧带鞋,运动休闲,春季新款,48,男,河北省,否,23,是
273075693,安踏运动复古潮鞋冬季保暖,安踏运动,189,270,70,1204,630,92,超纤皮鞋,EVA轻底,魔术贴鞋,复古潮鞋,冬季保暖,38,男,福建省,是,5,否
535072383,京东京造潮流高街秋季百搭,京东京造,99,190,52,4168,1049,99,真皮柔软,混合鞋底,拉链鞋款,潮流高街,秋季百搭,49,男,河北省,否,19,是
114269686,安踏运动复古潮鞋冬季保暖,安踏运动,223,333,67,2182,624,91,网布透气,橡胶大底,系带设计,复古潮鞋,冬季保暖,58,女,四川省,否,6,否
887576142,回力经典复古潮鞋冬季保暖,回力经典,198,300,66,99,21594,99,布面材质,MD发泡底,松紧带鞋,复古潮鞋,冬季保暖,47,男,浙江省,否,9,否
679342935,耐克潮流户外机能四季通用,耐克潮流,126,158,80,24,298,97,合成革鞋,橡胶大底,松紧带鞋,户外机能,四季通用,39,女,广东省,否,1,是
259350729,阿迪达斯潮流高街冬季保暖,阿迪达斯,241,416,58,3978,512,94,高端飞织,TPR鞋底,松紧带鞋,潮流高街,冬季保暖,48,女,山东省,是,17,否
165561910,鸿星尔克工装硬朗冬季保暖,鸿星尔克,99,177,56,21,3075,96,合成革鞋,PU中底,套脚款式,工装硬朗,冬季保暖,41,男,山东省,是,10,是
627666975,京东京造户外机能四季通用,京东京造,151,285,53,4,218,94,混合材质,PU中底,系带设计,户外机能,四季通用,54,女,四川省,是,23,是
248015540,鸿星尔克简约百搭四季通用,鸿星尔克,187,302,62,559,128,97,超纤皮鞋,EVA轻底,魔术贴鞋,简约百搭,四季通用,45,男,山东省,是,19,否
218512839,李宁休闲简约百搭夏季透气,李宁休闲,305,442,69,38,5916,87,网布透气,MD发泡底,拉链鞋款,简约百搭,夏季透气,57,男,山东省,是,20,是
162221569,鸿星尔克复古潮鞋秋季百搭,鸿星尔克,181,274,66,2253,676,91,布面材质,MD发泡底,系带设计,复古潮鞋,秋季百搭,43,男,河南省,否,1,否
154847200,京东京造运动休闲四季通用,京东京造,245,275,89,268,102,100,超纤皮鞋,MD发泡底,套脚款式,运动休闲,四季通用,44,男,福建省,是,19,否
267827317,京东京造运动休闲春季新款,京东京造,123,124,99,1126,1857,94,真皮柔软,PU中底,系带设计,运动休闲,春季新款,36,女,四川省,否,22,否
395135659,特步男鞋工装硬朗秋季百搭,特步男鞋,494,642,77,1331,211,95,布面材质,混合鞋底,松紧带鞋,工装硬朗,秋季百搭,54,男,广东省,是,8,否
967024457,特步男鞋户外机能冬季保暖,特步男鞋,99,187,53,1093,1427,96,网布透气,TPR鞋底,松紧带鞋,户外机能,冬季保暖,64,女,浙江省,否,11,是
690940099,特步男鞋简约百搭夏季透气,特步男鞋,99,152,65,486,2723,96,网布透气,EVA轻底,松紧带鞋,简约百搭,夏季透气,53,女,广东省,是,12,是
200561792,京东京造运动休闲四季通用,京东京造,99,119,83,1140,605,97,高端飞织,PU中底,魔术贴鞋,运动休闲,四季通用,32,女,河南省,是,0,是
528731492,李宁休闲复古潮鞋冬季保暖,李宁休闲,99,174,57,50,953,92,超纤皮鞋,MD发泡底,拉链鞋款,复古潮鞋,冬季保暖,44,女,安徽省,否,0,否
840537233,安踏运动复古潮鞋秋季百搭,安踏运动,157,162,97,600,1709,97,高端飞织,混合鞋底,系带设计,复古潮鞋,秋季百搭,49,男,山东省,否,5,否
757232865,耐克潮流户外机能春季新款,耐克潮流,225,247,91,17,5918,90,布面材质,EVA轻底,系带设计,户外机能,春季新款,48,男,湖北省,是,16,否
382527026,李宁休闲运动休闲秋季百搭,李宁休闲,99,146,68,1198,3521,90,合成革鞋,PU中底,系带设计,运动休闲,秋季百搭,61,女,安徽省,是,22,否
496683737,回力经典运动休闲春季新款,回力经典,102,157,65,779,178,99,合成革鞋,橡胶大底,魔术贴鞋,运动休闲,春季新款,37,男,四川省,否,21,否
717700621,斯凯奇潮潮流高街春季新款,斯凯奇潮,184,242,76,583,1405,90,网布透气,EVA轻底,魔术贴鞋,潮流高街,春季新款,49,女,河北省,否,2,否
300088522,耐克潮流潮流高街夏季透气,耐克潮流,207,262,79,1418,1043,96,真皮柔软,MD发泡底,魔术贴鞋,潮流高街,夏季透气,50,男,河南省,否,22,是
616018655,其他品牌复古潮鞋冬季保暖,其他品牌,99,121,82,3583,408,92,混合材质,TPR鞋底,拉链鞋款,复古潮鞋,冬季保暖,48,女,广东省,是,22,否
725208158,其他品牌日常休闲春季新款,其他品牌,99,136,73,46,1594,93,高端飞织,EVA轻底,松紧带鞋,日常休闲,春季新款,39,男,广东省,否,2,是
909811466,京东京造潮流高街冬季保暖,京东京造,280,519,54,477,125,98,超纤皮鞋,TPR鞋底,魔术贴鞋,潮流高街,冬季保暖,44,男,湖北省,否,22,是
900518503,李宁休闲工装硬朗秋季百搭,李宁休闲,99,105,94,1335,257,97,布面材质,TPR鞋底,魔术贴鞋,工装硬朗,秋季百搭,46,女,广东省,否,15,是
526020792,京东京造户外机能四季通用,京东京造,99,183,54,3788,317,96,高端飞织,PU中底,松紧带鞋,户外机能,四季通用,51,男,江苏省,是,9,是
609368525,安踏运动工装硬朗四季通用,安踏运动,267,453,59,1473,3127,93,布面材质,混合鞋底,系带设计,工装硬朗,四季通用,33,男,河南省,否,20,是
830190947,斯凯奇潮日常休闲夏季透气,斯凯奇潮,178,180,99,24,1317,96,真皮柔软,EVA轻底,魔术贴鞋,日常休闲,夏季透气,45,女,江苏省,否,19,否
861879912,安踏运动工装硬朗春季新款,安踏运动,125,144,87,704,2676,100,网布透气,橡胶大底,拉链鞋款,工装硬朗,春季新款,52,女,四川省,否,11,否
477263636,京东京造工装硬朗夏季透气,京东京造,101,146,69,2398,2541,94,布面材质,TPR鞋底,系带设计,工装硬朗,夏季透气,59,男,湖北省,是,3,是
790265217,其他品牌运动休闲秋季百搭,其他品牌,425,545,78,613,2066,97,真皮柔软,EVA轻底,系带设计,运动休闲,秋季百搭,45,男,福建省,是,10,是
164208472,安踏运动潮流高街秋季百搭,安踏运动,117,172,68,1251,17432,100,网布透气,PU中底,系带设计,潮流高街,秋季百搭,23,女,江苏省,否,3,否
776487929,特步男鞋户外机能四季通用,特步男鞋,116,204,57,1298,4804,91,混合材质,PU中底,魔术贴鞋,户外机能,四季通用,49,女,山东省,是,13,是
555193382,京东京造工装硬朗春季新款,京东京造,100,130,77,1290,2056,96,合成革鞋,PU中底,松紧带鞋,工装硬朗,春季新款,38,男,河北省,否,21,否
331066347,回力经典户外机能春季新款,回力经典,99,177,56,271,129,90,超纤皮鞋,MD发泡底,套脚款式,户外机能,春季新款,63,男,广东省,是,23,否
892793681,京东京造简约百搭秋季百搭,京东京造,190,279,68,3358,1531,92,高端飞织,橡胶大底,魔术贴鞋,简约百搭,秋季百搭,51,女,山东省,是,8,否
838797419,斯凯奇潮复古潮鞋春季新款,斯凯奇潮,264,300,88,1453,10575,94,网布透气,TPR鞋底,松紧带鞋,复古潮鞋,春季新款,50,男,山东省,是,23,否
961406135,耐克潮流复古潮鞋夏季透气,耐克潮流,99,103,96,866,12662,95,合成革鞋,橡胶大底,魔术贴鞋,复古潮鞋,夏季透气,44,男,四川省,否,11,否
621443937,安踏运动潮流高街春季新款,安踏运动,99,100,99,1195,87,90,布面材质,EVA轻底,套脚款式,潮流高街,春季新款,48,男,湖北省,否,23,是
449778775,耐克潮流潮流高街四季通用,耐克潮流,99,141,70,18,998,95,高端飞织,TPR鞋底,套脚款式,潮流高街,四季通用,61,女,四川省,否,22,否
282453794,特步男鞋复古潮鞋秋季百搭,特步男鞋,202,293,69,1149,1512,93,合成革鞋,混合鞋底,魔术贴鞋,复古潮鞋,秋季百搭,44,女,安徽省,是,6,是
458664238,特步男鞋工装硬朗冬季保暖,特步男鞋,99,111,89,25,647,97,布面材质,橡胶大底,系带设计,工装硬朗,冬季保暖,41,女,湖北省,是,20,是
970373100,京东京造运动休闲春季新款,京东京造,99,99,100,834,10190,96,网布透气,混合鞋底,松紧带鞋,运动休闲,春季新款,41,男,河北省,否,14,否
835014544,京东京造潮流高街四季通用,京东京造,127,151,84,347,9817,92,高端飞织,PU中底,松紧带鞋,潮流高街,四季通用,33,女,广东省,否,22,是
644618530,李宁休闲工装硬朗四季通用,李宁休闲,99,162,61,1315,687,96,高端飞织,TPR鞋底,系带设计,工装硬朗,四季通用,52,女,浙江省,是,13,否
907106461,京东京造复古潮鞋四季通用,京东京造,149,261,57,7,2145,95,真皮柔软,混合鞋底,套脚款式,复古潮鞋,四季通用,37,男,四川省,是,16,是
101454300,阿迪达斯潮流高街秋季百搭,阿迪达斯,169,277,61,416,1303,89,网布透气,橡胶大底,拉链鞋款,潮流高街,秋季百搭,34,男,广东省,否,2,否
301690238,耐克潮流工装硬朗四季通用,耐克潮流,168,267,63,1079,6118,91,超纤皮鞋,TPR鞋底,拉链鞋款,工装硬朗,四季通用,43,女,福建省,是,23,是
364569945,其他品牌简约百搭四季通用,其他品牌,237,255,93,18,865,90,真皮柔软,EVA轻底,系带设计,简约百搭,四季通用,35,女,江苏省,否,3,是
553474144,安踏运动简约百搭夏季透气,安踏运动,99,132,75,571,1215,92,超纤皮鞋,橡胶大底,系带设计,简约百搭,夏季透气,51,女,河北省,是,15,是
109708262,其他品牌工装硬朗夏季透气,其他品牌,122,152,80,844,2675,97,飞织面料,橡胶大底,系带设计,工装硬朗,夏季透气,52,男,河北省,否,22,是
626701732,回力经典简约百搭四季通用,回力经典,99,104,95,702,10157,99,高端飞织,TPR鞋底,松紧带鞋,简约百搭,四季通用,49,女,浙江省,是,8,否
813952115,安踏运动潮流高街四季通用,安踏运动,99,111,89,833,667,89,超纤皮鞋,TPR鞋底,系带设计,潮流高街,四季通用,41,女,江苏省,否,11,是
339340992,鸿星尔克户外机能夏季透气,鸿星尔克,161,185,87,1296,479,93,合成革鞋,EVA轻底,魔术贴鞋,户外机能,夏季透气,48,男,广东省,是,21,是
279676606,其他品牌工装硬朗夏季透气,其他品牌,99,111,89,31,2256,94,布面材质,EVA轻底,松紧带鞋,工装硬朗,夏季透气,38,女,河南省,是,19,是
295771443,特步男鞋复古潮鞋四季通用,特步男鞋,241,280,86,4129,524,92,高端飞织,混合鞋底,系带设计,复古潮鞋,四季通用,39,男,河南省,是,11,是
208146977,鸿星尔克工装硬朗秋季百搭,鸿星尔克,99,105,94,38,782,95,真皮柔软,橡胶大底,拉链鞋款,工装硬朗,秋季百搭,56,男,河北省,是,2,是
926676683,李宁休闲运动休闲秋季百搭,李宁休闲,99,143,69,12,1306,95,合成革鞋,混合鞋底,魔术贴鞋,运动休闲,秋季百搭,44,女,江苏省,否,22,否
763605753,阿迪达斯日常休闲四季通用,阿迪达斯,110,169,65,1468,2927,96,布面材质,PU中底,松紧带鞋,日常休闲,四季通用,51,女,河南省,否,17,是
135747093,安踏运动潮流高街四季通用,安踏运动,122,145,84,231,2417,96,飞织面料,混合鞋底,松紧带鞋,潮流高街,四季通用,46,男,河南省,是,22,是
224870784,鸿星尔克户外机能秋季百搭,鸿星尔克,99,129,77,34,3380,97,布面材质,橡胶大底,系带设计,户外机能,秋季百搭,58,男,安徽省,否,23,否
796178636,其他品牌运动休闲夏季透气,其他品牌,99,127,78,3677,1049,97,超纤皮鞋,混合鞋底,拉链鞋款,运动休闲,夏季透气,40,男,湖北省,是,8,否
940771911,回力经典潮流高街冬季保暖,回力经典,317,503,63,481,1268,100,网布透气,橡胶大底,拉链鞋款,潮流高街,冬季保暖,45,男,江苏省,否,7,否
275451670,京东京造复古潮鞋冬季保暖,京东京造,236,315,75,656,644,99,合成革鞋,橡胶大底,拉链鞋款,复古潮鞋,冬季保暖,56,女,河北省,是,11,是
323057190,鸿星尔克户外机能冬季保暖,鸿星尔克,125,128,98,693,693,96,超纤皮鞋,TPR鞋底,系带设计,户外机能,冬季保暖,55,男,广东省,是,20,否
743841405,其他品牌运动休闲秋季百搭,其他品牌,99,105,94,682,1827,86,真皮柔软,EVA轻底,魔术贴鞋,运动休闲,秋季百搭,55,女,江苏省,是,19,否
635666074,特步男鞋工装硬朗春季新款,特步男鞋,121,216,56,42,511,90,混合材质,橡胶大底,拉链鞋款,工装硬朗,春季新款,46,男,福建省,否,21,否
576209856,京东京造日常休闲四季通用,京东京造,99,101,98,803,250,90,合成革鞋,PU中底,魔术贴鞋,日常休闲,四季通用,42,女,广东省,是,1,是
605388715,阿迪达斯户外机能秋季百搭,阿迪达斯,142,254,56,993,130,94,网布透气,混合鞋底,松紧带鞋,户外机能,秋季百搭,55,女,福建省,是,22,否
604161128,回力经典简约百搭夏季透气,回力经典,99,180,55,42,313,97,布面材质,橡胶大底,拉链鞋款,简约百搭,夏季透气,37,女,河南省,否,8,是
345255690,回力经典户外机能冬季保暖,回力经典,355,500,71,915,438,97,混合材质,TPR鞋底,魔术贴鞋,户外机能,冬季保暖,57,男,河南省,是,16,是
158737846,其他品牌复古潮鞋四季通用,其他品牌,99,155,64,978,7401,96,高端飞织,PU中底,套脚款式,复古潮鞋,四季通用,52,男,江苏省,否,15,否
213922306,李宁休闲户外机能四季通用,李宁休闲,171,178,96,1474,3691,95,混合材质,橡胶大底,系带设计,户外机能,四季通用,48,女,安徽省,否,20,否
133233687,特步男鞋户外机能秋季百搭,特步男鞋,242,323,75,3074,4913,93,合成革鞋,EVA轻底,系带设计,户外机能,秋季百搭,40,女,河北省,否,22,是
680122827,其他品牌潮流高街四季通用,其他品牌,128,135,95,1120,3577,98,飞织面料,橡胶大底,魔术贴鞋,潮流高街,四季通用,49,男,福建省,否,18,是
839089963,耐克潮流工装硬朗冬季保暖,耐克潮流,104,153,68,377,1439,96,真皮柔软,PU中底,拉链鞋款,工装硬朗,冬季保暖,58,女,广东省,是,12,否
812337491,特步男鞋日常休闲冬季保暖,特步男鞋,189,191,99,369,3185,96,真皮柔软,TPR鞋底,拉链鞋款,日常休闲,冬季保暖,36,男,福建省,否,23,是
618502624,鸿星尔克工装硬朗夏季透气,鸿星尔克,169,197,86,18,1704,88,真皮柔软,MD发泡底,系带设计,工装硬朗,夏季透气,43,男,广东省,否,2,是
316777831,安踏运动复古潮鞋四季通用,安踏运动,181,266,68,1345,13309,95,飞织面料,TPR鞋底,套脚款式,复古潮鞋,四季通用,49,男,安徽省,否,22,否
262128497,京东京造日常休闲夏季透气,京东京造,429,442,97,261,1412,96,飞织面料,EVA轻底,套脚款式,日常休闲,夏季透气,47,女,江苏省,是,19,否
937348538,特步男鞋日常休闲秋季百搭,特步男鞋,298,363,82,676,1300,92,合成革鞋,EVA轻底,套脚款式,日常休闲,秋季百搭,52,男,福建省,否,12,是
461946082,鸿星尔克日常休闲夏季透气,鸿星尔克,248,349,71,611,1502,95,超纤皮鞋,EVA轻底,系带设计,日常休闲,夏季透气,57,男,山东省,否,19,是
762269707,其他品牌运动休闲秋季百搭,其他品牌,171,211,81,38,357,91,混合材质,橡胶大底,系带设计,运动休闲,秋季百搭,47,男,河南省,是,8,否
730161699,鸿星尔克日常休闲冬季保暖,鸿星尔克,99,129,77,20,583,91,合成革鞋,混合鞋底,魔术贴鞋,日常休闲,冬季保暖,37,女,四川省,否,15,是
677130389,李宁休闲日常休闲冬季保暖,李宁休闲,99,122,81,1217,2114,95,网布透气,EVA轻底,系带设计,日常休闲,冬季保暖,38,女,四川省,是,0,否
503429410,其他品牌复古潮鞋秋季百搭,其他品牌,99,152,65,45,6658,94,网布透气,PU中底,魔术贴鞋,复古潮鞋,秋季百搭,41,男,江苏省,是,12,是
581670448,回力经典工装硬朗夏季透气,回力经典,676,683,99,30,1796,100,飞织面料,TPR鞋底,套脚款式,工装硬朗,夏季透气,42,女,山东省,否,15,否
251371778,鸿星尔克日常休闲四季通用,鸿星尔克,224,257,87,26,637,91,布面材质,混合鞋底,拉链鞋款,日常休闲,四季通用,23,女,山东省,是,10,否
161079650,特步男鞋日常休闲夏季透气,特步男鞋,147,245,60,30,2943,90,超纤皮鞋,橡胶大底,魔术贴鞋,日常休闲,夏季透气,30,男,浙江省,是,0,是
893211456,鸿星尔克日常休闲四季通用,鸿星尔克,138,157,88,30,3378,92,真皮柔软,EVA轻底,套脚款式,日常休闲,四季通用,37,女,安徽省,是,1,是
506060341,安踏运动复古潮鞋冬季保暖,安踏运动,198,261,76,719,410,95,网布透气,TPR鞋底,松紧带鞋,复古潮鞋,冬季保暖,50,女,广东省,否,21,是
719845522,耐克潮流简约百搭秋季百搭,耐克潮流,114,204,56,3121,99,97,混合材质,PU中底,套脚款式,简约百搭,秋季百搭,46,女,广东省,是,23,否
759676912,李宁休闲工装硬朗春季新款,李宁休闲,181,274,66,3103,1999,91,布面材质,EVA轻底,拉链鞋款,工装硬朗,春季新款,36,女,江苏省,是,3,是
818720395,京东京造户外机能春季新款,京东京造,99,108,92,3444,268,90,布面材质,EVA轻底,魔术贴鞋,户外机能,春季新款,41,男,四川省,否,12,否
935906415,特步男鞋潮流高街春季新款,特步男鞋,152,175,87,9,747,95,真皮柔软,MD发泡底,魔术贴鞋,潮流高街,春季新款,45,男,广东省,是,11,否
201475491,其他品牌潮流高街夏季透气,其他品牌,401,418,96,671,1186,97,布面材质,TPR鞋底,拉链鞋款,潮流高街,夏季透气,34,男,广东省,否,23,否
567904373,安踏运动潮流高街秋季百搭,安踏运动,191,251,76,195,4125,98,飞织面料,MD发泡底,松紧带鞋,潮流高街,秋季百搭,55,女,江苏省,是,13,否
575764867,斯凯奇潮户外机能夏季透气,斯凯奇潮,99,134,74,20,8305,99,合成革鞋,PU中底,套脚款式,户外机能,夏季透气,41,男,山东省,否,13,否
481839694,京东京造户外机能冬季保暖,京东京造,99,198,50,94,731,98,网布透气,EVA轻底,魔术贴鞋,户外机能,冬季保暖,45,男,福建省,是,17,否
350858078,其他品牌工装硬朗秋季百搭,其他品牌,99,190,52,908,989,94,飞织面料,EVA轻底,套脚款式,工装硬朗,秋季百搭,53,女,山东省,否,2,是
634631745,回力经典潮流高街四季通用,回力经典,196,255,77,46,2075,98,超纤皮鞋,TPR鞋底,系带设计,潮流高街,四季通用,49,男,浙江省,否,20,否
442308468,京东京造户外机能冬季保暖,京东京造,109,133,82,3215,1963,91,飞织面料,混合鞋底,拉链鞋款,户外机能,冬季保暖,60,女,湖北省,是,17,是
826669949,特步男鞋日常休闲夏季透气,特步男鞋,99,194,51,3511,189,99,布面材质,EVA轻底,松紧带鞋,日常休闲,夏季透气,60,男,河南省,否,23,是
552274739,其他品牌工装硬朗秋季百搭,其他品牌,99,183,54,625,4048,91,飞织面料,MD发泡底,套脚款式,工装硬朗,秋季百搭,46,女,浙江省,是,22,是
328731524,京东京造日常休闲夏季透气,京东京造,99,109,91,354,3012,96,网布透气,TPR鞋底,系带设计,日常休闲,夏季透气,53,女,山东省,是,23,否
177833561,安踏运动工装硬朗冬季保暖,安踏运动,99,183,54,145,388,94,高端飞织,PU中底,魔术贴鞋,工装硬朗,冬季保暖,50,女,河南省,否,7,是
987670115,特步男鞋工装硬朗夏季透气,特步男鞋,123,184,67,1361,1912,92,网布透气,PU中底,套脚款式,工装硬朗,夏季透气,52,女,广东省,是,20,否
920589436,耐克潮流复古潮鞋夏季透气,耐克潮流,206,215,96,1438,1806,97,真皮柔软,混合鞋底,魔术贴鞋,复古潮鞋,夏季透气,64,男,湖北省,是,1,是
291041584,特步男鞋户外机能夏季透气,特步男鞋,203,231,88,1271,783,91,合成革鞋,TPR鞋底,拉链鞋款,户外机能,夏季透气,44,女,江苏省,是,7,是
959667426,斯凯奇潮简约百搭秋季百搭,斯凯奇潮,109,165,66,1187,738,91,飞织面料,橡胶大底,松紧带鞋,简约百搭,秋季百搭,44,男,安徽省,否,8,否
158795583,斯凯奇潮工装硬朗四季通用,斯凯奇潮,154,244,63,39,936,91,超纤皮鞋,混合鞋底,拉链鞋款,工装硬朗,四季通用,58,女,湖北省,否,14,是
708684495,特步男鞋复古潮鞋夏季透气,特步男鞋,252,262,96,992,3378,91,真皮柔软,橡胶大底,魔术贴鞋,复古潮鞋,夏季透气,41,男,河南省,否,8,否
715710312,特步男鞋工装硬朗四季通用,特步男鞋,121,144,84,1081,1882,90,网布透气,混合鞋底,拉链鞋款,工装硬朗,四季通用,53,女,四川省,否,10,是
473996235,鸿星尔克日常休闲夏季透气,鸿星尔克,99,194,51,217,3591,92,混合材质,EVA轻底,拉链鞋款,日常休闲,夏季透气,50,男,河南省,否,6,是
390829902,其他品牌潮流高街春季新款,其他品牌,99,129,77,1396,895,90,超纤皮鞋,橡胶大底,魔术贴鞋,潮流高街,春季新款,61,男,山东省,是,3,是
267322190,特步男鞋简约百搭冬季保暖,特步男鞋,142,195,73,970,677,94,超纤皮鞋,混合鞋底,拉链鞋款,简约百搭,冬季保暖,45,女,河南省,是,11,是
732971510,安踏运动运动休闲秋季百搭,安踏运动,325,500,65,784,1444,98,网布透气,混合鞋底,套脚款式,运动休闲,秋季百搭,54,女,河北省,否,5,是
285422165,斯凯奇潮户外机能春季新款,斯凯奇潮,103,120,86,25,1254,92,混合材质,PU中底,拉链鞋款,户外机能,春季新款,44,男,河南省,是,6,否
360845499,京东京造简约百搭四季通用,京东京造,99,143,69,2541,2085,96,布面材质,混合鞋底,套脚款式,简约百搭,四季通用,53,女,河北省,是,0,是
325448315,鸿星尔克复古潮鞋四季通用,鸿星尔克,127,165,77,2593,731,90,超纤皮鞋,MD发泡底,套脚款式,复古潮鞋,四季通用,49,女,山东省,是,12,否
514035450,其他品牌简约百搭秋季百搭,其他品牌,99,122,81,678,975,95,真皮柔软,MD发泡底,松紧带鞋,简约百搭,秋季百搭,40,女,广东省,是,18,是
904445419,安踏运动日常休闲四季通用,安踏运动,99,116,85,808,339,90,高端飞织,MD发泡底,魔术贴鞋,日常休闲,四季通用,49,男,四川省,是,6,否
994025384,阿迪达斯工装硬朗秋季百搭,阿迪达斯,233,303,77,1122,3084,92,合成革鞋,混合鞋底,松紧带鞋,工装硬朗,秋季百搭,39,男,江苏省,是,21,否
836597368,其他品牌复古潮鞋冬季保暖,其他品牌,125,250,50,239,981,89,真皮柔软,TPR鞋底,松紧带鞋,复古潮鞋,冬季保暖,43,男,江苏省,否,6,否
313016934,鸿星尔克简约百搭冬季保暖,鸿星尔克,209,418,50,1075,2293,90,布面材质,橡胶大底,系带设计,简约百搭,冬季保暖,46,女,湖北省,否,13,是
494657927,阿迪达斯简约百搭春季新款,阿迪达斯,141,172,82,1415,746,95,混合材质,MD发泡底,拉链鞋款,简约百搭,春季新款,33,男,江苏省,否,3,否
462998876,特步男鞋日常休闲秋季百搭,特步男鞋,99,116,85,1448,825,99,布面材质,MD发泡底,系带设计,日常休闲,秋季百搭,38,女,安徽省,是,23,是
811790243,李宁休闲工装硬朗四季通用,李宁休闲,99,198,50,33,1137,94,网布透气,混合鞋底,松紧带鞋,工装硬朗,四季通用,49,女,四川省,否,2,是
183871556,回力经典户外机能夏季透气,回力经典,168,227,74,12,1273,92,高端飞织,TPR鞋底,拉链鞋款,户外机能,夏季透气,48,女,山东省,是,2,否
338706569,斯凯奇潮简约百搭冬季保暖,斯凯奇潮,99,134,74,933,12299,91,高端飞织,橡胶大底,系带设计,简约百搭,冬季保暖,45,女,安徽省,否,19,否
871798963,特步男鞋运动休闲春季新款,特步男鞋,99,125,79,945,1675,92,布面材质,MD发泡底,拉链鞋款,运动休闲,春季新款,48,女,山东省,否,18,否
573216076,其他品牌复古潮鞋春季新款,其他品牌,99,114,87,551,3193,95,高端飞织,EVA轻底,松紧带鞋,复古潮鞋,春季新款,41,男,河南省,是,0,是
922384770,李宁休闲运动休闲四季通用,李宁休闲,99,101,98,1256,425,96,超纤皮鞋,MD发泡底,拉链鞋款,运动休闲,四季通用,42,女,福建省,是,22,是
228150073,斯凯奇潮户外机能春季新款,斯凯奇潮,99,116,85,959,6743,92,飞织面料,橡胶大底,松紧带鞋,户外机能,春季新款,29,女,广东省,是,9,否
124665833,安踏运动日常休闲冬季保暖,安踏运动,99,129,77,848,413,92,超纤皮鞋,PU中底,套脚款式,日常休闲,冬季保暖,43,女,安徽省,否,14,否
572247433,特步男鞋运动休闲四季通用,特步男鞋,197,224,88,24,3598,90,混合材质,EVA轻底,系带设计,运动休闲,四季通用,52,女,浙江省,是,7,是
934268848,鸿星尔克运动休闲春季新款,鸿星尔克,99,146,68,29,1858,95,真皮柔软,橡胶大底,套脚款式,运动休闲,春季新款,45,女,山东省,是,17,是
243537130,安踏运动日常休闲秋季百搭,安踏运动,113,118,96,1268,1967,97,超纤皮鞋,TPR鞋底,系带设计,日常休闲,秋季百搭,54,男,广东省,是,23,是
335002366,耐克潮流简约百搭春季新款,耐克潮流,230,365,63,38,334,100,飞织面料,TPR鞋底,系带设计,简约百搭,春季新款,56,女,四川省,是,9,是
724581021,特步男鞋简约百搭春季新款,特步男鞋,99,119,83,1435,626,94,合成革鞋,MD发泡底,松紧带鞋,简约百搭,春季新款,56,女,浙江省,否,6,是
685405949,特步男鞋潮流高街秋季百搭,特步男鞋,99,129,77,870,1503,97,飞织面料,MD发泡底,拉链鞋款,潮流高街,秋季百搭,47,男,福建省,否,9,否
596826639,特步男鞋运动休闲四季通用,特步男鞋,156,179,87,857,101,91,混合材质,EVA轻底,松紧带鞋,运动休闲,四季通用,56,男,福建省,是,20,是
192419842,耐克潮流潮流高街秋季百搭,耐克潮流,99,110,90,2833,914,96,混合材质,橡胶大底,魔术贴鞋,潮流高街,秋季百搭,47,男,湖北省,否,23,否
217117433,阿迪达斯复古潮鞋四季通用,阿迪达斯,292,384,76,643,8363,92,高端飞织,PU中底,拉链鞋款,复古潮鞋,四季通用,38,女,广东省,是,19,否
162897778,特步男鞋简约百搭春季新款,特步男鞋,362,362,100,28,3231,92,网布透气,EVA轻底,系带设计,简约百搭,春季新款,30,女,福建省,是,18,是
687746697,安踏运动简约百搭夏季透气,安踏运动,178,205,87,287,4919,97,网布透气,橡胶大底,魔术贴鞋,简约百搭,夏季透气,39,女,湖北省,是,13,是
553152813,斯凯奇潮户外机能秋季百搭,斯凯奇潮,150,288,52,66,1270,95,超纤皮鞋,MD发泡底,系带设计,户外机能,秋季百搭,47,男,山东省,否,20,否
985556279,京东京造运动休闲冬季保暖,京东京造,201,236,85,16,750,98,高端飞织,橡胶大底,松紧带鞋,运动休闲,冬季保暖,32,男,山东省,是,9,是
405862620,京东京造日常休闲冬季保暖,京东京造,99,160,62,296,444,92,真皮柔软,PU中底,系带设计,日常休闲,冬季保暖,53,女,安徽省,是,23,否
319324032,京东京造运动休闲夏季透气,京东京造,141,186,76,5,472,100,合成革鞋,PU中底,系带设计,运动休闲,夏季透气,60,男,安徽省,否,2,否
406847535,特步男鞋日常休闲夏季透气,特步男鞋,319,322,99,712,285,91,高端飞织,EVA轻底,魔术贴鞋,日常休闲,夏季透气,38,男,山东省,否,20,是
507911135,阿迪达斯工装硬朗夏季透气,阿迪达斯,116,207,56,1087,371,97,混合材质,EVA轻底,拉链鞋款,工装硬朗,夏季透气,55,女,广东省,否,7,是
268675265,鸿星尔克日常休闲春季新款,鸿星尔克,174,245,71,1009,545,90,网布透气,EVA轻底,系带设计,日常休闲,春季新款,46,男,福建省,否,14,是
217512929,特步男鞋户外机能夏季透气,特步男鞋,99,111,89,1008,8057,93,高端飞织,EVA轻底,拉链鞋款,户外机能,夏季透气,49,女,浙江省,否,23,否
378352048,李宁休闲潮流高街秋季百搭,李宁休闲,99,148,67,178,90,93,飞织面料,橡胶大底,系带设计,潮流高街,秋季百搭,48,女,福建省,是,14,是
833595832,其他品牌潮流高街春季新款,其他品牌,99,132,75,3873,252,95,布面材质,EVA轻底,系带设计,潮流高街,春季新款,44,女,河北省,否,5,否
857470518,阿迪达斯运动休闲冬季保暖,阿迪达斯,99,165,60,1211,607,97,布面材质,MD发泡底,系带设计,运动休闲,冬季保暖,62,女,安徽省,否,22,是
142467716,鸿星尔克潮流高街夏季透气,鸿星尔克,167,214,78,1476,1982,94,高端飞织,TPR鞋底,套脚款式,潮流高街,夏季透气,53,男,福建省,是,18,否
298173596,京东京造潮流高街秋季百搭,京东京造,300,526,57,1382,396,93,高端飞织,橡胶大底,套脚款式,潮流高街,秋季百搭,40,男,湖北省,否,1,否
741959151,耐克潮流工装硬朗夏季透气,耐克潮流,152,262,58,637,20365,95,网布透气,EVA轻底,魔术贴鞋,工装硬朗,夏季透气,43,女,四川省,否,12,否
713263001,斯凯奇潮简约百搭秋季百搭,斯凯奇潮,129,219,59,2710,10227,97,超纤皮鞋,橡胶大底,松紧带鞋,简约百搭,秋季百搭,50,女,山东省,否,22,是
872121708,李宁休闲户外机能夏季透气,李宁休闲,230,274,84,1408,313,92,混合材质,MD发泡底,魔术贴鞋,户外机能,夏季透气,46,男,福建省,是,17,否
196604119,斯凯奇潮工装硬朗秋季百搭,斯凯奇潮,362,366,99,3303,352,91,网布透气,PU中底,系带设计,工装硬朗,秋季百搭,49,男,河南省,否,1,否
348765529,京东京造运动休闲四季通用,京东京造,99,139,71,630,501,89,超纤皮鞋,EVA轻底,魔术贴鞋,运动休闲,四季通用,37,女,安徽省,是,5,否
387462243,阿迪达斯工装硬朗春季新款,阿迪达斯,203,350,58,1222,3693,90,真皮柔软,混合鞋底,魔术贴鞋,工装硬朗,春季新款,45,女,浙江省,否,20,是
296655608,其他品牌运动休闲四季通用,其他品牌,163,243,67,189,638,91,飞织面料,TPR鞋底,魔术贴鞋,运动休闲,四季通用,44,男,湖北省,否,20,是
848321045,安踏运动户外机能夏季透气,安踏运动,99,150,66,259,283,91,真皮柔软,混合鞋底,系带设计,户外机能,夏季透气,48,女,四川省,是,7,是
368950440,其他品牌户外机能夏季透气,其他品牌,99,106,93,133,1968,92,网布透气,橡胶大底,拉链鞋款,户外机能,夏季透气,38,男,山东省,否,23,是
875112598,特步男鞋运动休闲夏季透气,特步男鞋,178,262,68,8,1627,92,超纤皮鞋,TPR鞋底,松紧带鞋,运动休闲,夏季透气,48,女,安徽省,否,21,否
187611778,京东京造简约百搭春季新款,京东京造,153,235,65,299,401,93,网布透气,MD发泡底,松紧带鞋,简约百搭,春季新款,61,女,河南省,是,18,是
484389761,耐克潮流日常休闲夏季透气,耐克潮流,153,191,80,149,1335,91,真皮柔软,EVA轻底,松紧带鞋,日常休闲,夏季透气,44,女,河南省,否,21,是
496440618,其他品牌户外机能夏季透气,其他品牌,165,206,80,1481,15898,99,高端飞织,橡胶大底,松紧带鞋,户外机能,夏季透气,53,女,福建省,是,22,是
221741055,其他品牌复古潮鞋四季通用,其他品牌,131,139,94,118,269,97,混合材质,EVA轻底,套脚款式,复古潮鞋,四季通用,35,女,湖北省,否,22,是
650704297,回力经典简约百搭四季通用,回力经典,99,168,59,46,11031,90,布面材质,橡胶大底,魔术贴鞋,简约百搭,四季通用,64,女,河北省,是,7,是
390119149,安踏运动潮流高街春季新款,安踏运动,194,255,76,1016,1490,93,合成革鞋,PU中底,系带设计,潮流高街,春季新款,39,男,河北省,否,9,否
778189675,耐克潮流简约百搭秋季百搭,耐克潮流,99,112,88,392,447,92,超纤皮鞋,TPR鞋底,套脚款式,简约百搭,秋季百搭,43,女,浙江省,否,22,是
618358979,李宁休闲户外机能秋季百搭,李宁休闲,210,300,70,1023,531,96,合成革鞋,PU中底,拉链鞋款,户外机能,秋季百搭,33,女,福建省,否,11,是
950005326,特步男鞋户外机能四季通用,特步男鞋,99,190,52,1361,1838,96,合成革鞋,TPR鞋底,套脚款式,户外机能,四季通用,49,女,四川省,否,6,是
237426669,其他品牌日常休闲秋季百搭,其他品牌,99,148,67,591,10012,91,合成革鞋,PU中底,拉链鞋款,日常休闲,秋季百搭,54,男,河南省,是,11,否
256966521,斯凯奇潮潮流高街四季通用,斯凯奇潮,100,112,89,32,526,91,高端飞织,混合鞋底,松紧带鞋,潮流高街,四季通用,63,女,广东省,否,19,是
922384513,其他品牌日常休闲四季通用,其他品牌,152,160,95,0,297,97,布面材质,MD发泡底,松紧带鞋,日常休闲,四季通用,60,女,福建省,否,22,否
334981033,阿迪达斯日常休闲冬季保暖,阿迪达斯,106,168,63,876,2981,96,超纤皮鞋,橡胶大底,松紧带鞋,日常休闲,冬季保暖,52,男,河北省,是,10,是
803205694,其他品牌运动休闲春季新款,其他品牌,99,198,50,3298,4213,95,高端飞织,橡胶大底,拉链鞋款,运动休闲,春季新款,53,女,湖北省,否,3,是
436469503,李宁休闲工装硬朗秋季百搭,李宁休闲,99,111,89,1458,189,90,合成革鞋,TPR鞋底,拉链鞋款,工装硬朗,秋季百搭,40,女,广东省,是,21,是
696524347,斯凯奇潮户外机能夏季透气,斯凯奇潮,99,190,52,33,506,93,布面材质,MD发泡底,松紧带鞋,户外机能,夏季透气,53,男,浙江省,是,23,否
127688637,特步男鞋日常休闲冬季保暖,特步男鞋,194,259,75,625,1070,92,布面材质,橡胶大底,拉链鞋款,日常休闲,冬季保暖,57,男,福建省,否,8,否
931642720,阿迪达斯工装硬朗秋季百搭,阿迪达斯,132,133,99,1135,719,90,飞织面料,MD发泡底,套脚款式,工装硬朗,秋季百搭,62,男,江苏省,是,9,是
386209117,回力经典复古潮鞋夏季透气,回力经典,117,234,50,983,2653,94,飞织面料,PU中底,拉链鞋款,复古潮鞋,夏季透气,65,女,安徽省,是,0,是
744947572,其他品牌日常休闲四季通用,其他品牌,151,204,74,120,400,99,高端飞织,橡胶大底,魔术贴鞋,日常休闲,四季通用,51,女,四川省,是,21,否
907196856,耐克潮流潮流高街冬季保暖,耐克潮流,99,165,60,42,595,93,混合材质,橡胶大底,拉链鞋款,潮流高街,冬季保暖,51,男,山东省,否,14,是
958845710,鸿星尔克简约百搭秋季百搭,鸿星尔克,99,124,80,637,1705,100,布面材质,MD发泡底,拉链鞋款,简约百搭,秋季百搭,36,男,安徽省,是,20,否
143720322,鸿星尔克简约百搭四季通用,鸿星尔克,99,108,92,3590,1499,99,超纤皮鞋,MD发泡底,套脚款式,简约百搭,四季通用,43,女,山东省,否,14,是
180838441,阿迪达斯潮流高街冬季保暖,阿迪达斯,99,114,87,789,1427,90,混合材质,橡胶大底,魔术贴鞋,潮流高街,冬季保暖,45,女,广东省,否,14,是
833798273,耐克潮流简约百搭四季通用,耐克潮流,283,566,50,185,94,95,真皮柔软,TPR鞋底,魔术贴鞋,简约百搭,四季通用,56,女,浙江省,否,20,否
621700487,回力经典复古潮鞋春季新款,回力经典,221,442,50,1330,1457,94,合成革鞋,橡胶大底,套脚款式,复古潮鞋,春季新款,45,男,河南省,否,22,是
152524313,鸿星尔克复古潮鞋夏季透气,鸿星尔克,170,321,53,982,977,96,超纤皮鞋,TPR鞋底,松紧带鞋,复古潮鞋,夏季透气,44,男,河北省,否,15,是
771258381,鸿星尔克复古潮鞋秋季百搭,鸿星尔克,208,281,74,173,3493,99,合成革鞋,橡胶大底,套脚款式,复古潮鞋,秋季百搭,47,女,河北省,否,22,是
834417851,斯凯奇潮潮流高街夏季透气,斯凯奇潮,187,231,81,49,801,91,高端飞织,橡胶大底,松紧带鞋,潮流高街,夏季透气,57,女,浙江省,是,23,否
746259577,京东京造运动休闲春季新款,京东京造,237,320,74,930,440,97,飞织面料,TPR鞋底,松紧带鞋,运动休闲,春季新款,44,男,安徽省,是,5,是
221754437,京东京造日常休闲冬季保暖,京东京造,99,116,85,1058,1029,100,合成革鞋,橡胶大底,魔术贴鞋,日常休闲,冬季保暖,53,男,福建省,否,15,是
161558771,阿迪达斯简约百搭冬季保暖,阿迪达斯,225,288,78,171,3834,94,高端飞织,PU中底,松紧带鞋,简约百搭,冬季保暖,53,女,广东省,是,20,否
478432219,京东京造复古潮鞋夏季透气,京东京造,171,199,86,761,5638,93,合成革鞋,MD发泡底,魔术贴鞋,复古潮鞋,夏季透气,46,女,河北省,是,17,否
665311827,鸿星尔克户外机能夏季透气,鸿星尔克,99,157,63,13,2118,93,混合材质,TPR鞋底,系带设计,户外机能,夏季透气,63,男,河北省,否,0,是
238086597,京东京造复古潮鞋四季通用,京东京造,99,116,85,4963,4383,90,网布透气,MD发泡底,系带设计,复古潮鞋,四季通用,45,男,福建省,是,1,否
779999685,阿迪达斯日常休闲夏季透气,阿迪达斯,99,108,92,3272,571,95,超纤皮鞋,MD发泡底,魔术贴鞋,日常休闲,夏季透气,56,女,江苏省,否,14,否
797152296,阿迪达斯工装硬朗春季新款,阿迪达斯,149,216,69,987,504,95,网布透气,橡胶大底,魔术贴鞋,工装硬朗,春季新款,48,男,湖北省,是,11,否
965900963,其他品牌户外机能秋季百搭,其他品牌,99,146,68,27,441,93,真皮柔软,PU中底,松紧带鞋,户外机能,秋季百搭,54,男,山东省,否,23,否
104389530,安踏运动复古潮鞋四季通用,安踏运动,180,281,64,16,1352,90,真皮柔软,混合鞋底,松紧带鞋,复古潮鞋,四季通用,47,女,安徽省,是,13,否
984164646,安踏运动日常休闲秋季百搭,安踏运动,238,322,74,560,1071,92,网布透气,EVA轻底,拉链鞋款,日常休闲,秋季百搭,48,女,四川省,否,22,否
647175105,鸿星尔克潮流高街秋季百搭,鸿星尔克,99,187,53,585,2917,97,布面材质,橡胶大底,魔术贴鞋,潮流高街,秋季百搭,52,女,广东省,是,10,否
519069564,回力经典运动休闲春季新款,回力经典,99,109,91,16,1494,92,混合材质,EVA轻底,松紧带鞋,运动休闲,春季新款,41,男,湖北省,是,13,是
802594429,特步男鞋日常休闲春季新款,特步男鞋,313,356,88,1415,743,90,混合材质,混合鞋底,套脚款式,日常休闲,春季新款,41,女,山东省,否,12,是
315821129,阿迪达斯工装硬朗秋季百搭,阿迪达斯,253,294,86,828,1574,91,真皮柔软,TPR鞋底,拉链鞋款,工装硬朗,秋季百搭,44,男,浙江省,否,20,是
250184432,阿迪达斯潮流高街四季通用,阿迪达斯,118,126,94,1091,44,90,飞织面料,橡胶大底,魔术贴鞋,潮流高街,四季通用,38,女,四川省,否,13,是
349234045,特步男鞋工装硬朗秋季百搭,特步男鞋,99,99,100,235,1005,94,网布透气,EVA轻底,系带设计,工装硬朗,秋季百搭,44,女,浙江省,是,18,是
448968261,安踏运动潮流高街四季通用,安踏运动,129,205,63,19,374,99,混合材质,EVA轻底,松紧带鞋,潮流高街,四季通用,55,男,四川省,否,23,是
405090353,安踏运动复古潮鞋秋季百搭,安踏运动,219,371,59,1435,7436,95,高端飞织,TPR鞋底,松紧带鞋,复古潮鞋,秋季百搭,51,女,河南省,否,10,否
307640773,京东京造简约百搭四季通用,京东京造,201,379,53,3585,354,96,合成革鞋,TPR鞋底,系带设计,简约百搭,四季通用,50,女,福建省,否,21,是
674396898,李宁休闲户外机能冬季保暖,李宁休闲,178,241,74,465,465,93,超纤皮鞋,橡胶大底,松紧带鞋,户外机能,冬季保暖,48,男,山东省,是,21,是
121663993,李宁休闲运动休闲冬季保暖,李宁休闲,99,114,87,2997,928,97,真皮柔软,混合鞋底,拉链鞋款,运动休闲,冬季保暖,53,男,湖北省,是,18,是
705513375,回力经典工装硬朗夏季透气,回力经典,99,165,60,843,2194,96,布面材质,橡胶大底,系带设计,工装硬朗,夏季透气,63,女,四川省,否,8,否
814459140,李宁休闲户外机能秋季百搭,李宁休闲,99,100,99,2441,1988,97,真皮柔软,EVA轻底,松紧带鞋,户外机能,秋季百搭,58,男,河南省,否,14,否
911897103,特步男鞋复古潮鞋秋季百搭,特步男鞋,99,180,55,4458,52,99,真皮柔软,PU中底,系带设计,复古潮鞋,秋季百搭,39,男,安徽省,否,23,否
627409339,京东京造日常休闲秋季百搭,京东京造,324,426,76,46,380,94,混合材质,MD发泡底,系带设计,日常休闲,秋季百搭,49,男,河北省,是,2,是
148496013,回力经典日常休闲春季新款,回力经典,99,102,97,959,915,91,超纤皮鞋,EVA轻底,魔术贴鞋,日常休闲,春季新款,56,女,广东省,是,23,否
540645792,斯凯奇潮潮流高街夏季透气,斯凯奇潮,99,139,71,594,834,97,飞织面料,橡胶大底,套脚款式,潮流高街,夏季透气,42,男,浙江省,是,0,否
263863484,斯凯奇潮户外机能夏季透气,斯凯奇潮,166,248,67,42,2569,95,高端飞织,混合鞋底,松紧带鞋,户外机能,夏季透气,41,男,广东省,否,21,是
263119083,安踏运动工装硬朗夏季透气,安踏运动,99,155,64,1257,1165,96,超纤皮鞋,橡胶大底,系带设计,工装硬朗,夏季透气,43,男,四川省,是,4,否
457481520,李宁休闲复古潮鞋四季通用,李宁休闲,247,484,51,968,13714,95,超纤皮鞋,PU中底,魔术贴鞋,复古潮鞋,四季通用,40,女,江苏省,是,9,否
321404028,回力经典工装硬朗春季新款,回力经典,256,483,53,76,1373,96,高端飞织,TPR鞋底,系带设计,工装硬朗,春季新款,40,男,四川省,是,20,是
312568742,斯凯奇潮户外机能夏季透气,斯凯奇潮,198,354,56,703,18047,100,布面材质,TPR鞋底,松紧带鞋,户外机能,夏季透气,61,女,福建省,否,1,是
749369470,其他品牌潮流高街夏季透气,其他品牌,336,405,83,4021,1257,96,合成革鞋,PU中底,松紧带鞋,潮流高街,夏季透气,58,男,山东省,否,11,是
441097133,鸿星尔克工装硬朗冬季保暖,鸿星尔克,137,171,80,84,2538,85,布面材质,PU中底,套脚款式,工装硬朗,冬季保暖,58,女,安徽省,是,15,是
277340578,斯凯奇潮运动休闲夏季透气,斯凯奇潮,99,118,84,2634,328,94,布面材质,橡胶大底,拉链鞋款,运动休闲,夏季透气,41,女,河北省,是,21,是
873317759,其他品牌潮流高街夏季透气,其他品牌,174,311,56,3415,1325,90,真皮柔软,橡胶大底,系带设计,潮流高街,夏季透气,36,女,浙江省,否,3,是
343421123,阿迪达斯运动休闲春季新款,阿迪达斯,118,236,50,1138,1053,90,布面材质,混合鞋底,魔术贴鞋,运动休闲,春季新款,47,男,浙江省,否,0,是
494437179,耐克潮流工装硬朗四季通用,耐克潮流,102,142,72,836,2478,96,超纤皮鞋,橡胶大底,魔术贴鞋,工装硬朗,四季通用,51,女,广东省,是,20,否
221533112,安踏运动复古潮鞋四季通用,安踏运动,99,138,72,173,5189,94,超纤皮鞋,EVA轻底,套脚款式,复古潮鞋,四季通用,35,女,河北省,是,20,是
729105399,回力经典工装硬朗冬季保暖,回力经典,119,121,98,584,675,94,合成革鞋,EVA轻底,魔术贴鞋,工装硬朗,冬季保暖,47,女,江苏省,是,15,否
220305286,其他品牌潮流高街冬季保暖,其他品牌,225,239,94,926,1184,100,超纤皮鞋,TPR鞋底,系带设计,潮流高街,冬季保暖,43,女,福建省,是,22,否
858277097,安踏运动日常休闲夏季透气,安踏运动,99,121,82,183,996,95,超纤皮鞋,混合鞋底,松紧带鞋,日常休闲,夏季透气,46,男,安徽省,否,23,是
325591304,耐克潮流日常休闲四季通用,耐克潮流,384,610,63,1127,7871,91,混合材质,EVA轻底,系带设计,日常休闲,四季通用,36,女,江苏省,否,21,否
335635692,斯凯奇潮日常休闲夏季透气,斯凯奇潮,180,184,98,112,577,94,真皮柔软,TPR鞋底,系带设计,日常休闲,夏季透气,32,男,福建省,否,16,否
613661615,京东京造日常休闲四季通用,京东京造,99,110,90,32,1868,93,网布透气,TPR鞋底,系带设计,日常休闲,四季通用,47,男,浙江省,是,2,否
429191661,特步男鞋工装硬朗夏季透气,特步男鞋,212,294,72,3516,13228,91,飞织面料,混合鞋底,套脚款式,工装硬朗,夏季透气,58,女,湖北省,是,18,是
119415542,斯凯奇潮潮流高街冬季保暖,斯凯奇潮,99,108,92,1191,1494,93,真皮柔软,TPR鞋底,魔术贴鞋,潮流高街,冬季保暖,48,女,四川省,否,17,是
487488773,京东京造户外机能春季新款,京东京造,143,177,81,4759,720,98,真皮柔软,MD发泡底,拉链鞋款,户外机能,春季新款,45,女,四川省,否,11,否
179643257,安踏运动户外机能秋季百搭,安踏运动,99,152,65,694,3941,93,高端飞织,EVA轻底,魔术贴鞋,户外机能,秋季百搭,31,女,湖北省,是,14,否
639224975,京东京造复古潮鞋冬季保暖,京东京造,217,381,57,1254,908,100,高端飞织,TPR鞋底,系带设计,复古潮鞋,冬季保暖,46,女,广东省,否,21,是
231583030,阿迪达斯工装硬朗秋季百搭,阿迪达斯,362,540,67,412,471,94,飞织面料,MD发泡底,松紧带鞋,工装硬朗,秋季百搭,36,女,河北省,否,13,否
158095821,回力经典运动休闲夏季透气,回力经典,99,136,73,3346,319,99,高端飞织,MD发泡底,拉链鞋款,运动休闲,夏季透气,33,男,河南省,是,2,是
135229907,京东京造潮流高街秋季百搭,京东京造,99,146,68,1422,5127,97,网布透气,橡胶大底,魔术贴鞋,潮流高街,秋季百搭,40,男,河北省,否,0,否
624894617,李宁休闲日常休闲冬季保暖,李宁休闲,156,170,92,747,1404,91,高端飞织,EVA轻底,套脚款式,日常休闲,冬季保暖,49,女,安徽省,是,10,是
952748040,京东京造工装硬朗春季新款,京东京造,140,163,86,34,8734,100,飞织面料,PU中底,松紧带鞋,工装硬朗,春季新款,54,女,江苏省,否,9,否
906776291,其他品牌日常休闲夏季透气,其他品牌,285,500,57,3274,732,97,合成革鞋,MD发泡底,魔术贴鞋,日常休闲,夏季透气,43,女,山东省,否,11,否
209174393,安踏运动复古潮鞋四季通用,安踏运动,99,100,99,508,1506,93,布面材质,橡胶大底,拉链鞋款,复古潮鞋,四季通用,56,女,安徽省,否,23,是
622603337,耐克潮流简约百搭秋季百搭,耐克潮流,118,149,79,51,147,96,布面材质,EVA轻底,松紧带鞋,简约百搭,秋季百搭,49,男,广东省,是,20,是
762957099,李宁休闲潮流高街春季新款,李宁休闲,136,262,52,1300,3821,93,飞织面料,EVA轻底,拉链鞋款,潮流高街,春季新款,46,女,江苏省,是,18,是
658430375,李宁休闲复古潮鞋秋季百搭,李宁休闲,99,100,99,1351,1585,89,合成革鞋,混合鞋底,系带设计,复古潮鞋,秋季百搭,59,女,广东省,是,19,是
728913629,鸿星尔克简约百搭夏季透气,鸿星尔克,252,290,87,1176,2380,95,高端飞织,橡胶大底,系带设计,简约百搭,夏季透气,38,男,河南省,是,15,否
191044217,其他品牌复古潮鞋夏季透气,其他品牌,99,187,53,3909,520,95,布面材质,TPR鞋底,松紧带鞋,复古潮鞋,夏季透气,49,男,安徽省,是,22,否
419181339,鸿星尔克简约百搭夏季透气,鸿星尔克,262,312,84,1187,1302,96,超纤皮鞋,橡胶大底,松紧带鞋,简约百搭,夏季透气,53,女,浙江省,否,14,是
779278052,阿迪达斯运动休闲四季通用,阿迪达斯,103,130,79,1495,1234,93,混合材质,PU中底,松紧带鞋,运动休闲,四季通用,46,男,安徽省,是,8,否
691438653,阿迪达斯简约百搭夏季透气,阿迪达斯,205,281,73,27,507,93,飞织面料,EVA轻底,松紧带鞋,简约百搭,夏季透气,44,男,河北省,是,20,是
515638179,阿迪达斯日常休闲夏季透气,阿迪达斯,99,183,54,2638,420,89,超纤皮鞋,MD发泡底,系带设计,日常休闲,夏季透气,50,男,河南省,是,0,是
598226080,特步男鞋日常休闲秋季百搭,特步男鞋,141,176,80,598,347,99,飞织面料,MD发泡底,套脚款式,日常休闲,秋季百搭,39,男,浙江省,是,23,否
526343775,安踏运动简约百搭秋季百搭,安踏运动,99,130,76,652,1288,93,合成革鞋,橡胶大底,套脚款式,简约百搭,秋季百搭,39,女,福建省,否,22,否
746802655,李宁休闲日常休闲秋季百搭,李宁休闲,126,168,75,16,2066,99,混合材质,EVA轻底,魔术贴鞋,日常休闲,秋季百搭,51,女,四川省,否,22,否
885224752,耐克潮流运动休闲秋季百搭,耐克潮流,133,146,91,259,1226,92,网布透气,混合鞋底,拉链鞋款,运动休闲,秋季百搭,42,女,湖北省,是,16,否
280972687,鸿星尔克潮流高街秋季百搭,鸿星尔克,124,194,64,1429,1339,90,超纤皮鞋,EVA轻底,系带设计,潮流高街,秋季百搭,39,女,河南省,否,11,是
897852054,耐克潮流工装硬朗秋季百搭,耐克潮流,161,183,88,11,7898,95,布面材质,橡胶大底,拉链鞋款,工装硬朗,秋季百搭,51,女,福建省,否,0,是
514192376,李宁休闲潮流高街秋季百搭,李宁休闲,99,139,71,1141,4120,93,超纤皮鞋,混合鞋底,魔术贴鞋,潮流高街,秋季百搭,49,女,四川省,是,1,是
672906151,耐克潮流户外机能春季新款,耐克潮流,175,203,86,1331,757,92,真皮柔软,TPR鞋底,套脚款式,户外机能,春季新款,55,男,四川省,否,21,是
109345593,鸿星尔克复古潮鞋秋季百搭,鸿星尔克,140,182,77,1324,658,95,混合材质,TPR鞋底,魔术贴鞋,复古潮鞋,秋季百搭,27,女,四川省,否,6,否
168685774,安踏运动简约百搭夏季透气,安踏运动,324,498,65,28,4078,95,网布透气,MD发泡底,松紧带鞋,简约百搭,夏季透气,53,女,浙江省,否,20,是
272043818,耐克潮流运动休闲四季通用,耐克潮流,99,125,79,1379,2777,97,高端飞织,TPR鞋底,松紧带鞋,运动休闲,四季通用,45,女,河北省,是,0,是
844838617,鸿星尔克运动休闲夏季透气,鸿星尔克,167,309,54,525,6447,86,布面材质,PU中底,系带设计,运动休闲,夏季透气,51,女,江苏省,否,17,否
308190876,耐克潮流工装硬朗冬季保暖,耐克潮流,99,198,50,26,5409,95,真皮柔软,PU中底,魔术贴鞋,工装硬朗,冬季保暖,46,女,河南省,否,19,否
773670577,斯凯奇潮运动休闲春季新款,斯凯奇潮,99,157,63,9,2751,90,网布透气,MD发泡底,拉链鞋款,运动休闲,春季新款,40,女,江苏省,否,21,是
799096470,鸿星尔克户外机能春季新款,鸿星尔克,99,125,79,13,1800,96,飞织面料,混合鞋底,拉链鞋款,户外机能,春季新款,35,女,江苏省,是,22,否
138850585,回力经典户外机能冬季保暖,回力经典,167,246,68,1409,187,96,真皮柔软,TPR鞋底,系带设计,户外机能,冬季保暖,41,男,福建省,否,10,否
591058520,斯凯奇潮运动休闲春季新款,斯凯奇潮,99,171,58,492,4549,90,混合材质,MD发泡底,套脚款式,运动休闲,春季新款,44,女,河北省,是,19,是
125395581,斯凯奇潮潮流高街冬季保暖,斯凯奇潮,101,131,77,520,494,92,布面材质,MD发泡底,魔术贴鞋,潮流高街,冬季保暖,53,男,山东省,是,21,否
386464950,特步男鞋日常休闲四季通用,特步男鞋,190,192,99,651,26349,90,超纤皮鞋,EVA轻底,松紧带鞋,日常休闲,四季通用,45,男,福建省,否,21,否
964182050,鸿星尔克复古潮鞋秋季百搭,鸿星尔克,165,179,92,1175,84,95,混合材质,橡胶大底,松紧带鞋,复古潮鞋,秋季百搭,47,男,广东省,否,18,否
441155998,鸿星尔克户外机能冬季保暖,鸿星尔克,102,165,62,50,616,90,超纤皮鞋,TPR鞋底,魔术贴鞋,户外机能,冬季保暖,33,男,山东省,是,21,是
215082883,耐克潮流潮流高街冬季保暖,耐克潮流,144,187,77,414,766,94,真皮柔软,橡胶大底,松紧带鞋,潮流高街,冬季保暖,53,男,安徽省,是,3,是
193006602,鸿星尔克运动休闲夏季透气,鸿星尔克,324,372,87,189,1900,92,混合材质,PU中底,魔术贴鞋,运动休闲,夏季透气,39,女,广东省,否,3,否
757610624,其他品牌简约百搭春季新款,其他品牌,182,188,97,635,1045,94,布面材质,EVA轻底,套脚款式,简约百搭,春季新款,49,女,江苏省,否,9,否
780064738,鸿星尔克户外机能秋季百搭,鸿星尔克,99,108,92,1354,2097,92,真皮柔软,混合鞋底,魔术贴鞋,户外机能,秋季百搭,63,女,江苏省,是,10,是
766939328,斯凯奇潮潮流高街四季通用,斯凯奇潮,99,99,100,19,689,96,网布透气,MD发泡底,魔术贴鞋,潮流高街,四季通用,44,男,广东省,是,9,否
334471015,耐克潮流潮流高街四季通用,耐克潮流,99,124,80,2740,691,85,布面材质,EVA轻底,拉链鞋款,潮流高街,四季通用,44,男,河北省,否,3,是
773982088,鸿星尔克复古潮鞋春季新款,鸿星尔克,99,165,60,45,7019,96,布面材质,PU中底,松紧带鞋,复古潮鞋,春季新款,44,男,河南省,是,12,否
919949019,特步男鞋户外机能四季通用,特步男鞋,99,129,77,1241,1604,97,飞织面料,橡胶大底,套脚款式,户外机能,四季通用,44,男,河南省,否,11,否
293251974,鸿星尔克复古潮鞋夏季透气,鸿星尔克,99,148,67,3289,431,94,合成革鞋,PU中底,魔术贴鞋,复古潮鞋,夏季透气,52,女,安徽省,否,4,否
908519724,特步男鞋潮流高街四季通用,特步男鞋,191,265,72,9,505,96,网布透气,TPR鞋底,拉链鞋款,潮流高街,四季通用,63,男,湖北省,是,10,否
813259557,京东京造日常休闲秋季百搭,京东京造,99,183,54,786,240,91,合成革鞋,TPR鞋底,系带设计,日常休闲,秋季百搭,26,男,江苏省,是,20,否
405677084,安踏运动日常休闲夏季透气,安踏运动,99,100,99,1095,1877,93,真皮柔软,EVA轻底,松紧带鞋,日常休闲,夏季透气,43,男,江苏省,是,18,否
858514620,安踏运动日常休闲冬季保暖,安踏运动,407,727,56,945,620,92,飞织面料,TPR鞋底,套脚款式,日常休闲,冬季保暖,38,男,福建省,是,20,是
700604331,阿迪达斯运动休闲春季新款,阿迪达斯,99,150,66,41,1076,93,超纤皮鞋,PU中底,套脚款式,运动休闲,春季新款,50,女,湖北省,否,19,是
445602366,斯凯奇潮潮流高街秋季百搭,斯凯奇潮,321,606,53,12,541,95,布面材质,PU中底,松紧带鞋,潮流高街,秋季百搭,55,男,湖北省,否,23,否
173223870,阿迪达斯工装硬朗冬季保暖,阿迪达斯,99,148,67,3,7267,95,混合材质,橡胶大底,拉链鞋款,工装硬朗,冬季保暖,35,男,江苏省,否,7,否
204102302,鸿星尔克潮流高街四季通用,鸿星尔克,99,116,85,48,990,97,超纤皮鞋,EVA轻底,松紧带鞋,潮流高街,四季通用,42,女,江苏省,是,12,是
516631438,斯凯奇潮复古潮鞋秋季百搭,斯凯奇潮,523,844,62,508,192,85,真皮柔软,橡胶大底,松紧带鞋,复古潮鞋,秋季百搭,43,女,浙江省,否,21,否
331753852,李宁休闲运动休闲冬季保暖,李宁休闲,237,376,63,1203,1087,100,混合材质,EVA轻底,松紧带鞋,运动休闲,冬季保暖,58,女,河南省,否,9,否
978045936,李宁休闲潮流高街夏季透气,李宁休闲,104,135,77,221,929,92,超纤皮鞋,TPR鞋底,魔术贴鞋,潮流高街,夏季透气,43,女,广东省,否,23,是
422496305,安踏运动工装硬朗四季通用,安踏运动,99,150,66,1027,143,91,超纤皮鞋,混合鞋底,系带设计,工装硬朗,四季通用,47,男,四川省,否,2,否
392961697,其他品牌运动休闲冬季保暖,其他品牌,99,183,54,882,2781,94,高端飞织,混合鞋底,拉链鞋款,运动休闲,冬季保暖,53,女,湖北省,否,14,是
453385936,耐克潮流复古潮鞋夏季透气,耐克潮流,223,323,69,970,4148,92,飞织面料,MD发泡底,套脚款式,复古潮鞋,夏季透气,51,男,广东省,否,23,是
262850751,特步男鞋复古潮鞋冬季保暖,特步男鞋,621,661,94,1256,7108,97,网布透气,EVA轻底,拉链鞋款,复古潮鞋,冬季保暖,38,男,安徽省,否,22,否
790073103,其他品牌日常休闲四季通用,其他品牌,118,236,50,573,1096,93,合成革鞋,橡胶大底,松紧带鞋,日常休闲,四季通用,53,男,广东省,是,20,是
486944942,其他品牌复古潮鞋秋季百搭,其他品牌,99,101,98,3209,5717,94,网布透气,混合鞋底,系带设计,复古潮鞋,秋季百搭,52,男,山东省,否,14,是
594995425,李宁休闲日常休闲夏季透气,李宁休闲,99,143,69,534,3528,97,高端飞织,EVA轻底,松紧带鞋,日常休闲,夏季透气,39,女,河南省,是,21,否
200183969,回力经典工装硬朗秋季百搭,回力经典,182,217,84,39,2155,90,合成革鞋,PU中底,魔术贴鞋,工装硬朗,秋季百搭,36,男,广东省,是,14,否
552123349,回力经典工装硬朗秋季百搭,回力经典,99,194,51,20,326,97,混合材质,EVA轻底,魔术贴鞋,工装硬朗,秋季百搭,20,男,江苏省,是,23,是
329316006,回力经典复古潮鞋夏季透气,回力经典,99,100,99,566,497,85,网布透气,PU中底,系带设计,复古潮鞋,夏季透气,49,女,四川省,否,16,否
365039825,其他品牌运动休闲秋季百搭,其他品牌,99,171,58,11,26301,97,超纤皮鞋,混合鞋底,松紧带鞋,运动休闲,秋季百搭,43,女,山东省,是,22,是
122673384,李宁休闲户外机能冬季保暖,李宁休闲,150,288,52,46,873,95,真皮柔软,TPR鞋底,系带设计,户外机能,冬季保暖,44,男,广东省,否,22,否
299699420,鸿星尔克简约百搭夏季透气,鸿星尔克,99,162,61,501,246,94,高端飞织,MD发泡底,套脚款式,简约百搭,夏季透气,47,男,福建省,是,21,是
958103148,安踏运动日常休闲夏季透气,安踏运动,182,217,84,69,18240,92,高端飞织,混合鞋底,套脚款式,日常休闲,夏季透气,59,女,浙江省,是,20,否
714099455,京东京造户外机能夏季透气,京东京造,115,147,78,2181,1914,96,网布透气,MD发泡底,魔术贴鞋,户外机能,夏季透气,42,男,四川省,否,9,是
774094988,鸿星尔克日常休闲春季新款,鸿星尔克,165,317,52,1263,29,98,超纤皮鞋,EVA轻底,松紧带鞋,日常休闲,春季新款,40,男,河北省,否,20,是
520500792,斯凯奇潮潮流高街夏季透气,斯凯奇潮,188,369,51,79,359,94,网布透气,橡胶大底,套脚款式,潮流高街,夏季透气,41,女,湖北省,否,16,是
661077884,耐克潮流潮流高街冬季保暖,耐克潮流,227,277,82,1490,3101,86,高端飞织,TPR鞋底,魔术贴鞋,潮流高街,冬季保暖,59,女,福建省,否,14,否
260946566,安踏运动运动休闲四季通用,安踏运动,180,198,91,12,8447,91,网布透气,TPR鞋底,拉链鞋款,运动休闲,四季通用,52,男,江苏省,是,19,是
227777034,阿迪达斯潮流高街秋季百搭,阿迪达斯,202,306,66,482,122,90,网布透气,混合鞋底,套脚款式,潮流高街,秋季百搭,48,女,河北省,是,10,是
498555614,鸿星尔克工装硬朗夏季透气,鸿星尔克,339,385,88,203,1651,88,合成革鞋,TPR鞋底,拉链鞋款,工装硬朗,夏季透气,48,女,湖北省,否,8,否
969574307,鸿星尔克复古潮鞋秋季百搭,鸿星尔克,258,391,66,13,194,100,真皮柔软,橡胶大底,拉链鞋款,复古潮鞋,秋季百搭,35,男,安徽省,否,1,是
181710288,耐克潮流复古潮鞋四季通用,耐克潮流,152,203,75,889,312,94,网布透气,MD发泡底,魔术贴鞋,复古潮鞋,四季通用,45,男,江苏省,是,22,否
996671598,安踏运动简约百搭夏季透气,安踏运动,99,146,68,0,329,94,飞织面料,EVA轻底,系带设计,简约百搭,夏季透气,59,男,浙江省,否,23,否
588084542,鸿星尔克户外机能夏季透气,鸿星尔克,301,334,90,2329,1488,98,超纤皮鞋,橡胶大底,系带设计,户外机能,夏季透气,43,男,河北省,否,2,是
456430969,其他品牌日常休闲夏季透气,其他品牌,293,329,89,1455,891,90,混合材质,TPR鞋底,松紧带鞋,日常休闲,夏季透气,43,男,安徽省,是,20,否
203762360,回力经典日常休闲冬季保暖,回力经典,206,368,56,60,227,96,超纤皮鞋,PU中底,拉链鞋款,日常休闲,冬季保暖,58,女,山东省,是,21,是
949137856,斯凯奇潮简约百搭冬季保暖,斯凯奇潮,224,280,80,1230,648,93,混合材质,MD发泡底,套脚款式,简约百搭,冬季保暖,46,男,河北省,否,22,是
654071562,其他品牌简约百搭夏季透气,其他品牌,174,185,94,1175,12202,94,高端飞织,混合鞋底,系带设计,简约百搭,夏季透气,41,男,湖北省,是,21,是
844198865,斯凯奇潮运动休闲四季通用,斯凯奇潮,99,160,62,3912,581,87,网布透气,EVA轻底,拉链鞋款,运动休闲,四季通用,53,男,江苏省,是,1,是
579721805,回力经典户外机能四季通用,回力经典,99,99,100,1136,948,90,混合材质,MD发泡底,魔术贴鞋,户外机能,四季通用,43,女,浙江省,是,9,否
911214205,京东京造简约百搭四季通用,京东京造,99,106,93,27,1822,93,高端飞织,橡胶大底,系带设计,简约百搭,四季通用,37,女,四川省,否,20,否
568536115,耐克潮流运动休闲四季通用,耐克潮流,99,129,77,3316,366,91,混合材质,EVA轻底,松紧带鞋,运动休闲,四季通用,36,女,河北省,否,21,是
305321103,特步男鞋潮流高街秋季百搭,特步男鞋,205,342,60,1160,1871,98,飞织面料,PU中底,松紧带鞋,潮流高街,秋季百搭,33,女,福建省,是,20,否
827659196,李宁休闲工装硬朗春季新款,李宁休闲,162,253,64,1357,2631,97,高端飞织,混合鞋底,魔术贴鞋,工装硬朗,春季新款,50,女,湖北省,是,12,否
548927230,京东京造工装硬朗春季新款,京东京造,136,216,63,1198,297,93,网布透气,TPR鞋底,拉链鞋款,工装硬朗,春季新款,42,男,浙江省,否,6,是
780658361,回力经典简约百搭春季新款,回力经典,112,190,59,135,8520,90,合成革鞋,TPR鞋底,松紧带鞋,简约百搭,春季新款,18,女,山东省,是,23,是
739328398,耐克潮流日常休闲秋季百搭,耐克潮流,111,202,55,1205,777,96,飞织面料,PU中底,拉链鞋款,日常休闲,秋季百搭,55,男,河南省,是,21,是
971600196,李宁休闲运动休闲冬季保暖,李宁休闲,114,124,92,1290,5098,99,网布透气,MD发泡底,松紧带鞋,运动休闲,冬季保暖,53,女,福建省,否,11,否
555283355,耐克潮流潮流高街夏季透气,耐克潮流,99,105,94,1462,1119,91,超纤皮鞋,EVA轻底,拉链鞋款,潮流高街,夏季透气,61,女,河北省,是,22,否
596335174,李宁休闲运动休闲夏季透气,李宁休闲,109,117,93,463,7100,93,真皮柔软,橡胶大底,魔术贴鞋,运动休闲,夏季透气,44,女,河南省,否,4,是
175040871,特步男鞋复古潮鞋春季新款,特步男鞋,99,177,56,22,467,89,超纤皮鞋,MD发泡底,套脚款式,复古潮鞋,春季新款,49,男,山东省,是,10,是
867607918,安踏运动工装硬朗冬季保暖,安踏运动,135,152,89,44,1210,95,布面材质,橡胶大底,套脚款式,工装硬朗,冬季保暖,46,女,安徽省,否,12,是
596445171,安踏运动简约百搭夏季透气,安踏运动,99,122,81,707,1366,92,合成革鞋,混合鞋底,拉链鞋款,简约百搭,夏季透气,46,女,河南省,否,15,是
320180401,阿迪达斯运动休闲秋季百搭,阿迪达斯,540,551,98,999,1149,95,混合材质,PU中底,魔术贴鞋,运动休闲,秋季百搭,54,女,湖北省,是,21,是
734003657,其他品牌简约百搭秋季百搭,其他品牌,214,389,55,3398,422,90,高端飞织,橡胶大底,拉链鞋款,简约百搭,秋季百搭,44,男,河北省,否,9,是
815260788,阿迪达斯运动休闲四季通用,阿迪达斯,182,190,96,12,257,95,超纤皮鞋,PU中底,套脚款式,运动休闲,四季通用,56,女,河南省,否,23,否
316547799,安踏运动工装硬朗秋季百搭,安踏运动,108,183,59,806,1048,86,飞织面料,橡胶大底,松紧带鞋,工装硬朗,秋季百搭,33,男,河北省,是,23,是
773046366,特步男鞋工装硬朗春季新款,特步男鞋,169,319,53,46,747,93,合成革鞋,PU中底,系带设计,工装硬朗,春季新款,49,男,广东省,是,0,是
200120759,京东京造户外机能四季通用,京东京造,113,147,77,840,183,94,合成革鞋,混合鞋底,拉链鞋款,户外机能,四季通用,62,男,浙江省,是,22,否
862308036,其他品牌简约百搭秋季百搭,其他品牌,276,307,90,1209,1585,87,混合材质,EVA轻底,系带设计,简约百搭,秋季百搭,46,男,河北省,否,23,否
231675180,斯凯奇潮日常休闲四季通用,斯凯奇潮,103,111,93,12,1875,92,混合材质,PU中底,套脚款式,日常休闲,四季通用,61,男,湖北省,否,1,是
939831706,阿迪达斯运动休闲夏季透气,阿迪达斯,133,139,96,18,1803,93,真皮柔软,橡胶大底,系带设计,运动休闲,夏季透气,18,女,安徽省,是,5,是
173617391,安踏运动工装硬朗四季通用,安踏运动,99,152,65,3307,6214,95,真皮柔软,MD发泡底,套脚款式,工装硬朗,四季通用,39,女,广东省,否,2,否
353109747,安踏运动日常休闲四季通用,安踏运动,124,214,58,1113,2594,99,高端飞织,EVA轻底,拉链鞋款,日常休闲,四季通用,39,男,山东省,否,21,否
496189908,斯凯奇潮复古潮鞋秋季百搭,斯凯奇潮,323,475,68,192,1746,90,合成革鞋,TPR鞋底,拉链鞋款,复古潮鞋,秋季百搭,46,女,湖北省,是,20,否
802501278,京东京造复古潮鞋春季新款,京东京造,123,192,64,658,2543,91,高端飞织,MD发泡底,魔术贴鞋,复古潮鞋,春季新款,51,男,福建省,否,13,是
845701692,特步男鞋日常休闲四季通用,特步男鞋,99,130,76,1339,2958,97,高端飞织,TPR鞋底,松紧带鞋,日常休闲,四季通用,44,女,湖北省,是,22,否
882802416,鸿星尔克潮流高街夏季透气,鸿星尔克,99,157,63,232,6099,97,混合材质,混合鞋底,魔术贴鞋,潮流高街,夏季透气,45,男,河北省,是,0,是
433044896,京东京造简约百搭冬季保暖,京东京造,122,194,63,648,2050,93,真皮柔软,橡胶大底,松紧带鞋,简约百搭,冬季保暖,48,女,安徽省,是,18,是
408201818,其他品牌工装硬朗秋季百搭,其他品牌,99,143,69,10,837,92,网布透气,橡胶大底,套脚款式,工装硬朗,秋季百搭,48,女,山东省,是,15,是
332640122,安踏运动日常休闲春季新款,安踏运动,116,171,68,2340,219,93,高端飞织,PU中底,系带设计,日常休闲,春季新款,61,女,安徽省,是,11,是
983314227,特步男鞋户外机能四季通用,特步男鞋,336,659,51,1237,87,86,超纤皮鞋,橡胶大底,拉链鞋款,户外机能,四季通用,46,男,河北省,否,13,否
174469640,阿迪达斯运动休闲冬季保暖,阿迪达斯,237,370,64,50,737,94,高端飞织,TPR鞋底,套脚款式,运动休闲,冬季保暖,46,女,湖北省,否,1,否
767019588,斯凯奇潮户外机能冬季保暖,斯凯奇潮,131,147,89,687,2668,90,真皮柔软,TPR鞋底,拉链鞋款,户外机能,冬季保暖,40,女,河南省,是,23,是
473909106,安踏运动复古潮鞋夏季透气,安踏运动,99,132,75,1051,694,99,合成革鞋,TPR鞋底,系带设计,复古潮鞋,夏季透气,54,女,河北省,否,7,否
293992672,京东京造复古潮鞋夏季透气,京东京造,99,183,54,4722,257,97,高端飞织,PU中底,系带设计,复古潮鞋,夏季透气,22,女,广东省,是,6,是
931236556,鸿星尔克工装硬朗夏季透气,鸿星尔克,99,99,100,1060,645,99,混合材质,橡胶大底,拉链鞋款,工装硬朗,夏季透气,50,男,福建省,是,21,否
713956431,回力经典简约百搭四季通用,回力经典,152,181,84,279,340,90,超纤皮鞋,混合鞋底,松紧带鞋,简约百搭,四季通用,46,女,河南省,是,5,否
288815191,阿迪达斯潮流高街春季新款,阿迪达斯,175,213,82,981,457,94,超纤皮鞋,PU中底,魔术贴鞋,潮流高街,春季新款,50,男,安徽省,是,14,是
493690185,李宁休闲运动休闲四季通用,李宁休闲,99,180,55,2801,1023,88,布面材质,MD发泡底,系带设计,运动休闲,四季通用,47,男,河南省,否,11,否
125882443,回力经典户外机能冬季保暖,回力经典,210,214,98,305,1778,96,布面材质,橡胶大底,拉链鞋款,户外机能,冬季保暖,58,男,广东省,是,10,是
961658268,安踏运动潮流高街冬季保暖,安踏运动,99,168,59,1074,233,92,真皮柔软,EVA轻底,套脚款式,潮流高街,冬季保暖,41,女,河南省,否,20,否
421823952,斯凯奇潮复古潮鞋春季新款,斯凯奇潮,358,398,90,808,1502,91,飞织面料,混合鞋底,系带设计,复古潮鞋,春季新款,58,男,山东省,否,3,是
827727128,李宁休闲复古潮鞋秋季百搭,李宁休闲,99,162,61,2930,1085,96,网布透气,MD发泡底,套脚款式,复古潮鞋,秋季百搭,65,男,江苏省,否,13,否
197458579,回力经典户外机能春季新款,回力经典,99,103,96,34,201,90,混合材质,MD发泡底,拉链鞋款,户外机能,春季新款,41,女,河北省,否,15,是
856022761,回力经典工装硬朗冬季保暖,回力经典,99,118,84,3664,940,91,混合材质,混合鞋底,松紧带鞋,工装硬朗,冬季保暖,40,男,安徽省,是,22,否
872917037,李宁休闲运动休闲夏季透气,李宁休闲,109,136,80,589,1375,90,高端飞织,PU中底,魔术贴鞋,运动休闲,夏季透气,55,女,山东省,否,4,是
469048104,回力经典运动休闲春季新款,回力经典,125,130,96,757,5479,97,超纤皮鞋,MD发泡底,套脚款式,运动休闲,春季新款,44,男,河南省,是,8,否
783504002,斯凯奇潮潮流高街秋季百搭,斯凯奇潮,123,124,99,1195,12755,92,超纤皮鞋,橡胶大底,系带设计,潮流高街,秋季百搭,37,女,山东省,否,23,是
142935517,其他品牌复古潮鞋夏季透气,其他品牌,100,112,89,1355,835,93,高端飞织,EVA轻底,拉链鞋款,复古潮鞋,夏季透气,52,女,福建省,是,23,是
102760781,耐克潮流户外机能夏季透气,耐克潮流,113,133,85,2155,465,95,网布透气,混合鞋底,拉链鞋款,户外机能,夏季透气,37,女,广东省,否,12,否
864474397,斯凯奇潮运动休闲冬季保暖,斯凯奇潮,99,162,61,819,2706,92,混合材质,EVA轻底,松紧带鞋,运动休闲,冬季保暖,54,女,湖北省,是,1,是
889117220,其他品牌潮流高街四季通用,其他品牌,555,750,74,2371,1473,95,真皮柔软,EVA轻底,系带设计,潮流高街,四季通用,42,男,河北省,是,6,否
868940055,李宁休闲运动休闲冬季保暖,李宁休闲,216,400,54,4,4873,92,飞织面料,TPR鞋底,拉链鞋款,运动休闲,冬季保暖,54,女,河南省,是,7,否
804719642,特步男鞋日常休闲春季新款,特步男鞋,211,264,80,807,1535,97,高端飞织,混合鞋底,拉链鞋款,日常休闲,春季新款,49,女,河南省,否,19,否
369271119,京东京造户外机能四季通用,京东京造,110,177,62,502,827,90,高端飞织,EVA轻底,魔术贴鞋,户外机能,四季通用,49,女,浙江省,是,20,否
762620848,李宁休闲复古潮鞋春季新款,李宁休闲,177,213,83,9,1873,96,高端飞织,PU中底,系带设计,复古潮鞋,春季新款,56,女,广东省,否,23,否
877283506,特步男鞋日常休闲冬季保暖,特步男鞋,145,250,58,3978,403,88,真皮柔软,TPR鞋底,系带设计,日常休闲,冬季保暖,55,女,安徽省,否,20,是
677920715,特步男鞋运动休闲夏季透气,特步男鞋,190,229,83,33,816,92,布面材质,PU中底,系带设计,运动休闲,夏季透气,38,女,河南省,否,13,是
969318909,安踏运动工装硬朗春季新款,安踏运动,99,141,70,4139,134,96,网布透气,TPR鞋底,拉链鞋款,工装硬朗,春季新款,55,男,江苏省,否,3,是
472945186,安踏运动户外机能春季新款,安踏运动,99,157,63,117,751,94,网布透气,混合鞋底,系带设计,户外机能,春季新款,49,男,湖北省,是,20,否
216697172,回力经典潮流高街冬季保暖,回力经典,99,160,62,918,3929,93,超纤皮鞋,EVA轻底,拉链鞋款,潮流高街,冬季保暖,46,男,四川省,否,2,否
806545897,李宁休闲运动休闲冬季保暖,李宁休闲,99,130,76,282,4475,91,合成革鞋,橡胶大底,拉链鞋款,运动休闲,冬季保暖,56,女,湖北省,否,22,否
334685329,李宁休闲简约百搭冬季保暖,李宁休闲,201,272,74,24,762,92,超纤皮鞋,TPR鞋底,拉链鞋款,简约百搭,冬季保暖,59,女,福建省,否,14,是
820161433,安踏运动户外机能夏季透气,安踏运动,216,296,73,6,155,93,合成革鞋,PU中底,松紧带鞋,户外机能,夏季透气,50,男,广东省,是,20,是
970217915,其他品牌日常休闲秋季百搭,其他品牌,99,109,91,28,2704,100,布面材质,TPR鞋底,松紧带鞋,日常休闲,秋季百搭,40,男,河北省,是,15,否
309257004,李宁休闲潮流高街春季新款,李宁休闲,99,139,71,1382,1716,94,布面材质,混合鞋底,套脚款式,潮流高街,春季新款,51,男,浙江省,是,23,是
366831645,京东京造复古潮鞋夏季透气,京东京造,281,401,70,1151,2130,95,混合材质,MD发泡底,松紧带鞋,复古潮鞋,夏季透气,33,男,江苏省,是,5,否
598001477,阿迪达斯工装硬朗夏季透气,阿迪达斯,322,565,57,2358,328,96,网布透气,EVA轻底,系带设计,工装硬朗,夏季透气,39,女,湖北省,是,14,否
668862956,斯凯奇潮复古潮鞋夏季透气,斯凯奇潮,99,183,54,855,367,96,合成革鞋,PU中底,魔术贴鞋,复古潮鞋,夏季透气,44,男,浙江省,是,19,是
939837625,回力经典运动休闲四季通用,回力经典,99,136,73,1276,2233,95,高端飞织,MD发泡底,魔术贴鞋,运动休闲,四季通用,20,女,广东省,否,22,是
799951992,特步男鞋复古潮鞋冬季保暖,特步男鞋,99,150,66,40,1742,91,超纤皮鞋,EVA轻底,魔术贴鞋,复古潮鞋,冬季保暖,48,男,四川省,是,23,是
607408588,李宁休闲复古潮鞋春季新款,李宁休闲,99,160,62,952,216,92,合成革鞋,混合鞋底,松紧带鞋,复古潮鞋,春季新款,44,女,四川省,否,20,否
454044929,斯凯奇潮户外机能夏季透气,斯凯奇潮,157,201,78,24,354,98,混合材质,橡胶大底,系带设计,户外机能,夏季透气,53,女,河南省,否,17,否
985697205,斯凯奇潮潮流高街春季新款,斯凯奇潮,232,414,56,14,24215,96,真皮柔软,MD发泡底,拉链鞋款,潮流高街,春季新款,51,女,四川省,是,13,是
896228060,李宁休闲运动休闲秋季百搭,李宁休闲,99,104,95,2164,5784,87,布面材质,PU中底,松紧带鞋,运动休闲,秋季百搭,57,女,河南省,是,15,是
474283191,回力经典潮流高街秋季百搭,回力经典,143,227,63,205,581,96,网布透气,PU中底,套脚款式,潮流高街,秋季百搭,54,女,四川省,否,21,否
136623121,鸿星尔克运动休闲春季新款,鸿星尔克,99,141,70,8,6545,95,布面材质,混合鞋底,套脚款式,运动休闲,春季新款,36,男,四川省,否,23,否
655951258,耐克潮流日常休闲秋季百搭,耐克潮流,174,218,80,1442,476,97,飞织面料,TPR鞋底,松紧带鞋,日常休闲,秋季百搭,62,男,江苏省,是,23,否
430986845,李宁休闲潮流高街秋季百搭,李宁休闲,130,171,76,965,286,90,混合材质,EVA轻底,拉链鞋款,潮流高街,秋季百搭,44,男,广东省,是,1,否
274383410,京东京造复古潮鞋秋季百搭,京东京造,99,112,88,47,506,91,合成革鞋,混合鞋底,拉链鞋款,复古潮鞋,秋季百搭,59,女,河南省,是,20,是
559337436,回力经典运动休闲冬季保暖,回力经典,104,114,91,697,827,97,网布透气,橡胶大底,套脚款式,运动休闲,冬季保暖,53,男,安徽省,是,15,是
587995579,耐克潮流工装硬朗夏季透气,耐克潮流,99,141,70,12,596,96,真皮柔软,PU中底,松紧带鞋,工装硬朗,夏季透气,51,女,安徽省,否,4,否
855593314,安踏运动日常休闲秋季百搭,安踏运动,280,333,84,75,1220,95,混合材质,混合鞋底,拉链鞋款,日常休闲,秋季百搭,52,女,安徽省,否,8,是
547631987,安踏运动复古潮鞋秋季百搭,安踏运动,274,464,59,1388,164,90,高端飞织,MD发泡底,拉链鞋款,复古潮鞋,秋季百搭,56,女,河南省,否,14,是
317097103,安踏运动潮流高街四季通用,安踏运动,99,143,69,1362,3949,96,真皮柔软,橡胶大底,松紧带鞋,潮流高街,四季通用,50,女,福建省,否,22,是
917059073,回力经典运动休闲四季通用,回力经典,99,152,65,16,131,97,网布透气,混合鞋底,系带设计,运动休闲,四季通用,45,女,广东省,否,7,否
533225895,特步男鞋潮流高街秋季百搭,特步男鞋,111,132,84,2004,781,91,高端飞织,橡胶大底,系带设计,潮流高街,秋季百搭,49,男,江苏省,是,12,否
395776371,安踏运动日常休闲春季新款,安踏运动,213,229,93,3111,4025,92,布面材质,TPR鞋底,拉链鞋款,日常休闲,春季新款,51,女,四川省,是,4,是
496241412,京东京造运动休闲夏季透气,京东京造,245,371,66,233,1359,100,合成革鞋,橡胶大底,松紧带鞋,运动休闲,夏季透气,32,男,江苏省,是,0,是
877916421,京东京造简约百搭冬季保暖,京东京造,99,171,58,225,17673,91,网布透气,MD发泡底,松紧带鞋,简约百搭,冬季保暖,38,女,浙江省,否,21,否
937162067,特步男鞋简约百搭夏季透气,特步男鞋,177,311,57,486,1604,95,布面材质,橡胶大底,松紧带鞋,简约百搭,夏季透气,40,男,四川省,是,16,否
603273187,阿迪达斯简约百搭秋季百搭,阿迪达斯,323,497,65,41,17362,87,布面材质,MD发泡底,松紧带鞋,简约百搭,秋季百搭,46,男,福建省,是,21,是
654575387,回力经典复古潮鞋春季新款,回力经典,171,311,55,263,1726,94,网布透气,橡胶大底,拉链鞋款,复古潮鞋,春季新款,42,男,河北省,否,2,否
891972186,京东京造运动休闲冬季保暖,京东京造,99,171,58,1306,7458,93,飞织面料,PU中底,魔术贴鞋,运动休闲,冬季保暖,43,女,湖北省,是,11,是
464470675,特步男鞋复古潮鞋四季通用,特步男鞋,99,127,78,26,2598,94,布面材质,TPR鞋底,系带设计,复古潮鞋,四季通用,54,男,河北省,否,19,否
325391695,京东京造运动休闲夏季透气,京东京造,99,106,93,1,301,95,超纤皮鞋,EVA轻底,松紧带鞋,运动休闲,夏季透气,45,女,浙江省,是,8,是
945456823,京东京造复古潮鞋夏季透气,京东京造,187,225,83,33,7599,93,飞织面料,TPR鞋底,拉链鞋款,复古潮鞋,夏季透气,42,女,河北省,否,6,是
509092995,回力经典日常休闲秋季百搭,回力经典,484,499,97,916,491,91,布面材质,混合鞋底,魔术贴鞋,日常休闲,秋季百搭,39,男,河南省,是,17,是
264373489,回力经典工装硬朗夏季透气,回力经典,105,121,87,821,1033,100,飞织面料,TPR鞋底,松紧带鞋,工装硬朗,夏季透气,49,女,福建省,否,11,否
778641139,特步男鞋潮流高街春季新款,特步男鞋,423,486,87,1197,248,94,真皮柔软,混合鞋底,魔术贴鞋,潮流高街,春季新款,43,男,河南省,是,0,是
445167329,回力经典复古潮鞋春季新款,回力经典,108,108,100,1250,4654,98,超纤皮鞋,EVA轻底,套脚款式,复古潮鞋,春季新款,51,男,江苏省,是,11,否
595624116,李宁休闲复古潮鞋夏季透气,李宁休闲,139,142,98,511,448,93,真皮柔软,EVA轻底,松紧带鞋,复古潮鞋,夏季透气,49,女,河北省,是,23,否
943664442,耐克潮流简约百搭夏季透气,耐克潮流,119,195,61,94,557,96,合成革鞋,混合鞋底,拉链鞋款,简约百搭,夏季透气,52,男,山东省,否,23,否
569876231,斯凯奇潮户外机能夏季透气,斯凯奇潮,99,155,64,331,1767,92,高端飞织,PU中底,拉链鞋款,户外机能,夏季透气,45,男,浙江省,是,16,否
408979506,李宁休闲简约百搭四季通用,李宁休闲,109,143,76,1310,642,91,高端飞织,PU中底,套脚款式,简约百搭,四季通用,30,女,湖北省,否,19,否
625707339,特步男鞋运动休闲四季通用,特步男鞋,198,220,90,32,291,98,高端飞织,PU中底,魔术贴鞋,运动休闲,四季通用,41,女,浙江省,否,3,是
278702522,耐克潮流工装硬朗四季通用,耐克潮流,182,188,97,20,1229,97,网布透气,PU中底,拉链鞋款,工装硬朗,四季通用,64,男,四川省,是,16,是
519969830,李宁休闲运动休闲四季通用,李宁休闲,185,203,91,26,2443,98,混合材质,混合鞋底,魔术贴鞋,运动休闲,四季通用,52,男,安徽省,是,5,否
946300593,其他品牌潮流高街四季通用,其他品牌,169,174,97,1301,313,94,合成革鞋,TPR鞋底,拉链鞋款,潮流高街,四季通用,57,女,湖北省,是,4,是
487852567,回力经典户外机能四季通用,回力经典,198,279,71,220,272,97,高端飞织,TPR鞋底,拉链鞋款,户外机能,四季通用,52,女,河北省,是,4,是
940722687,李宁休闲运动休闲春季新款,李宁休闲,149,173,86,612,1188,96,高端飞织,EVA轻底,套脚款式,运动休闲,春季新款,51,男,湖北省,否,5,否
625045929,京东京造日常休闲秋季百搭,京东京造,150,250,60,727,907,97,高端飞织,混合鞋底,套脚款式,日常休闲,秋季百搭,50,女,四川省,是,6,否
433573718,特步男鞋运动休闲冬季保暖,特步男鞋,99,110,90,32,314,89,超纤皮鞋,MD发泡底,松紧带鞋,运动休闲,冬季保暖,55,女,广东省,是,22,否
515286192,鸿星尔克简约百搭夏季透气,鸿星尔克,143,155,92,924,14135,97,合成革鞋,混合鞋底,松紧带鞋,简约百搭,夏季透气,49,男,河北省,是,5,是
885232284,京东京造工装硬朗冬季保暖,京东京造,187,322,58,1044,1693,100,真皮柔软,橡胶大底,系带设计,工装硬朗,冬季保暖,53,女,河南省,否,10,否
914301777,斯凯奇潮复古潮鞋冬季保暖,斯凯奇潮,178,330,54,36,6411,100,高端飞织,MD发泡底,系带设计,复古潮鞋,冬季保暖,35,女,四川省,是,2,是
949362409,京东京造运动休闲秋季百搭,京东京造,99,104,95,1001,625,93,网布透气,橡胶大底,套脚款式,运动休闲,秋季百搭,48,女,河南省,否,19,是
617207309,回力经典复古潮鞋春季新款,回力经典,158,272,58,38,3536,91,合成革鞋,TPR鞋底,拉链鞋款,复古潮鞋,春季新款,56,男,河南省,否,11,是
727640628,李宁休闲日常休闲夏季透气,李宁休闲,99,136,73,754,4985,93,超纤皮鞋,TPR鞋底,拉链鞋款,日常休闲,夏季透气,40,男,广东省,否,12,否
200900870,安踏运动运动休闲秋季百搭,安踏运动,151,302,50,37,3890,90,高端飞织,PU中底,系带设计,运动休闲,秋季百搭,29,女,江苏省,否,13,否
265560886,安踏运动户外机能春季新款,安踏运动,99,132,75,3086,2686,98,真皮柔软,混合鞋底,魔术贴鞋,户外机能,春季新款,49,女,广东省,是,12,是
971044540,李宁休闲户外机能冬季保暖,李宁休闲,99,108,92,3886,14858,90,合成革鞋,混合鞋底,魔术贴鞋,户外机能,冬季保暖,52,男,湖北省,否,12,是
521129048,斯凯奇潮工装硬朗秋季百搭,斯凯奇潮,99,111,89,755,286,95,布面材质,橡胶大底,系带设计,工装硬朗,秋季百搭,59,女,广东省,否,16,是
361465823,李宁休闲复古潮鞋四季通用,李宁休闲,99,114,87,768,586,97,布面材质,PU中底,拉链鞋款,复古潮鞋,四季通用,57,男,福建省,否,12,是
895818362,阿迪达斯户外机能春季新款,阿迪达斯,128,217,59,946,7172,97,网布透气,橡胶大底,松紧带鞋,户外机能,春季新款,52,女,江苏省,是,1,是
932779416,回力经典运动休闲冬季保暖,回力经典,114,119,96,690,1750,94,网布透气,EVA轻底,套脚款式,运动休闲,冬季保暖,46,男,湖北省,是,22,否
937034947,回力经典简约百搭四季通用,回力经典,244,452,54,351,2102,95,网布透气,EVA轻底,套脚款式,简约百搭,四季通用,64,男,河北省,否,0,否
468313451,李宁休闲潮流高街春季新款,李宁休闲,212,359,59,451,1259,95,超纤皮鞋,MD发泡底,魔术贴鞋,潮流高街,春季新款,53,女,四川省,是,23,是
236978788,特步男鞋简约百搭夏季透气,特步男鞋,99,112,88,66,197,96,飞织面料,橡胶大底,拉链鞋款,简约百搭,夏季透气,49,女,河南省,是,8,否
918471884,回力经典工装硬朗夏季透气,回力经典,190,253,75,31,164,94,真皮柔软,混合鞋底,松紧带鞋,工装硬朗,夏季透气,40,女,山东省,否,0,否
749114326,京东京造日常休闲春季新款,京东京造,150,221,68,859,696,85,合成革鞋,橡胶大底,魔术贴鞋,日常休闲,春季新款,34,男,福建省,是,23,是
502204935,李宁休闲简约百搭夏季透气,李宁休闲,186,295,63,351,186,97,飞织面料,PU中底,魔术贴鞋,简约百搭,夏季透气,47,女,安徽省,是,21,是
625681745,鸿星尔克日常休闲夏季透气,鸿星尔克,99,198,50,43,1068,95,网布透气,橡胶大底,魔术贴鞋,日常休闲,夏季透气,61,女,河南省,否,3,否
363625211,斯凯奇潮户外机能四季通用,斯凯奇潮,122,165,74,613,478,99,布面材质,MD发泡底,拉链鞋款,户外机能,四季通用,48,男,河北省,是,22,否
172739728,耐克潮流简约百搭春季新款,耐克潮流,460,505,91,26,104,96,超纤皮鞋,PU中底,拉链鞋款,简约百搭,春季新款,39,男,河南省,否,5,否
783584937,李宁休闲复古潮鞋夏季透气,李宁休闲,259,308,84,309,388,91,高端飞织,PU中底,松紧带鞋,复古潮鞋,夏季透气,45,女,四川省,否,21,是
315514884,特步男鞋工装硬朗夏季透气,特步男鞋,211,310,68,4301,418,94,布面材质,TPR鞋底,魔术贴鞋,工装硬朗,夏季透气,51,男,江苏省,否,1,是
539917763,斯凯奇潮工装硬朗秋季百搭,斯凯奇潮,242,257,94,202,188,92,布面材质,PU中底,松紧带鞋,工装硬朗,秋季百搭,43,女,湖北省,否,5,是
335318639,其他品牌工装硬朗秋季百搭,其他品牌,239,249,96,1171,1835,92,网布透气,橡胶大底,魔术贴鞋,工装硬朗,秋季百搭,57,男,湖北省,否,13,否
906421686,斯凯奇潮复古潮鞋春季新款,斯凯奇潮,231,373,62,14,1366,94,混合材质,PU中底,魔术贴鞋,复古潮鞋,春季新款,51,女,广东省,否,21,否
930357333,回力经典潮流高街四季通用,回力经典,117,225,52,5,1361,99,布面材质,TPR鞋底,系带设计,潮流高街,四季通用,48,女,江苏省,否,16,否
520985749,京东京造运动休闲四季通用,京东京造,101,174,58,3724,239,97,混合材质,EVA轻底,松紧带鞋,运动休闲,四季通用,42,女,河北省,否,8,是
998204735,回力经典复古潮鞋秋季百搭,回力经典,120,146,82,3824,736,98,混合材质,TPR鞋底,系带设计,复古潮鞋,秋季百搭,47,女,江苏省,否,15,是
513376850,阿迪达斯简约百搭夏季透气,阿迪达斯,99,198,50,75,170,99,高端飞织,MD发泡底,系带设计,简约百搭,夏季透气,39,女,湖北省,否,21,是
662712774,鸿星尔克简约百搭夏季透气,鸿星尔克,99,115,86,665,372,92,布面材质,MD发泡底,松紧带鞋,简约百搭,夏季透气,36,男,河南省,否,4,否
850384520,阿迪达斯潮流高街冬季保暖,阿迪达斯,99,138,72,1385,307,97,真皮柔软,橡胶大底,松紧带鞋,潮流高街,冬季保暖,42,男,广东省,是,23,是
623065842,其他品牌复古潮鞋冬季保暖,其他品牌,116,118,98,166,344,97,合成革鞋,混合鞋底,套脚款式,复古潮鞋,冬季保暖,36,男,福建省,否,20,否
265237882,其他品牌工装硬朗夏季透气,其他品牌,572,867,66,2596,1870,90,超纤皮鞋,PU中底,松紧带鞋,工装硬朗,夏季透气,36,女,湖北省,是,19,否
302555426,安踏运动日常休闲冬季保暖,安踏运动,202,227,89,1136,8353,87,高端飞织,PU中底,拉链鞋款,日常休闲,冬季保暖,37,男,浙江省,否,18,否
781293581,特步男鞋运动休闲春季新款,特步男鞋,219,313,70,279,4062,93,合成革鞋,EVA轻底,拉链鞋款,运动休闲,春季新款,51,男,广东省,否,20,否
401220584,特步男鞋复古潮鞋四季通用,特步男鞋,99,139,71,801,278,97,布面材质,混合鞋底,套脚款式,复古潮鞋,四季通用,40,女,浙江省,否,3,是
299288709,耐克潮流复古潮鞋夏季透气,耐克潮流,107,157,68,2107,330,97,混合材质,混合鞋底,套脚款式,复古潮鞋,夏季透气,50,女,湖北省,否,5,否
190766647,京东京造户外机能四季通用,京东京造,120,162,74,1425,1082,97,飞织面料,橡胶大底,拉链鞋款,户外机能,四季通用,42,男,江苏省,否,10,是
917595402,回力经典日常休闲四季通用,回力经典,99,108,92,404,10347,96,真皮柔软,MD发泡底,套脚款式,日常休闲,四季通用,48,女,四川省,否,23,是
697857827,斯凯奇潮潮流高街冬季保暖,斯凯奇潮,133,211,63,811,3159,97,超纤皮鞋,MD发泡底,松紧带鞋,潮流高街,冬季保暖,49,男,河北省,是,15,是
732413700,李宁休闲简约百搭冬季保暖,李宁休闲,130,236,55,2983,571,97,网布透气,EVA轻底,系带设计,简约百搭,冬季保暖,46,男,山东省,是,6,是
636270983,回力经典工装硬朗冬季保暖,回力经典,163,223,73,417,2728,93,混合材质,TPR鞋底,魔术贴鞋,工装硬朗,冬季保暖,34,男,福建省,否,6,是
550556080,回力经典运动休闲春季新款,回力经典,99,148,67,955,605,98,网布透气,EVA轻底,套脚款式,运动休闲,春季新款,46,女,河北省,否,5,是
998218210,鸿星尔克潮流高街冬季保暖,鸿星尔克,99,112,88,71,5499,96,混合材质,EVA轻底,拉链鞋款,潮流高街,冬季保暖,58,男,山东省,是,11,否
568970207,回力经典运动休闲冬季保暖,回力经典,99,105,94,2,605,93,高端飞织,混合鞋底,套脚款式,运动休闲,冬季保暖,39,女,江苏省,是,4,是
511696449,鸿星尔克潮流高街四季通用,鸿星尔克,99,114,87,2436,1151,99,高端飞织,混合鞋底,系带设计,潮流高街,四季通用,49,男,福建省,是,4,否
764039155,其他品牌日常休闲春季新款,其他品牌,99,134,74,46,535,87,高端飞织,TPR鞋底,套脚款式,日常休闲,春季新款,45,男,浙江省,否,11,是
437717994,耐克潮流日常休闲秋季百搭,耐克潮流,99,132,75,44,3852,91,网布透气,EVA轻底,魔术贴鞋,日常休闲,秋季百搭,31,男,河南省,是,22,是
830704575,耐克潮流简约百搭夏季透气,耐克潮流,108,208,52,576,2951,93,布面材质,EVA轻底,系带设计,简约百搭,夏季透气,47,女,安徽省,否,15,否
504277455,李宁休闲潮流高街秋季百搭,李宁休闲,107,147,73,82,6004,94,超纤皮鞋,橡胶大底,魔术贴鞋,潮流高街,秋季百搭,63,男,河南省,是,17,是
372553831,李宁休闲复古潮鞋四季通用,李宁休闲,117,127,92,4021,386,98,混合材质,PU中底,套脚款式,复古潮鞋,四季通用,45,男,湖北省,是,23,否
775571146,其他品牌工装硬朗秋季百搭,其他品牌,175,318,55,4105,263,96,真皮柔软,橡胶大底,拉链鞋款,工装硬朗,秋季百搭,58,男,河北省,否,20,是
403931539,斯凯奇潮日常休闲夏季透气,斯凯奇潮,297,362,82,1185,1745,95,真皮柔软,EVA轻底,魔术贴鞋,日常休闲,夏季透气,45,女,福建省,否,9,是
802459215,耐克潮流简约百搭冬季保暖,耐克潮流,99,100,99,1482,938,99,高端飞织,橡胶大底,套脚款式,简约百搭,冬季保暖,56,女,湖北省,否,21,是
126787051,安踏运动工装硬朗四季通用,安踏运动,127,161,79,336,25892,93,混合材质,橡胶大底,拉链鞋款,工装硬朗,四季通用,49,男,四川省,否,22,否
391383448,耐克潮流运动休闲冬季保暖,耐克潮流,99,177,56,2309,7588,90,超纤皮鞋,橡胶大底,系带设计,运动休闲,冬季保暖,61,女,湖北省,否,23,是
161090570,阿迪达斯潮流高街夏季透气,阿迪达斯,203,218,93,3843,450,85,真皮柔软,TPR鞋底,套脚款式,潮流高街,夏季透气,46,女,山东省,否,9,是
200595029,耐克潮流户外机能秋季百搭,耐克潮流,154,257,60,43,1962,93,合成革鞋,混合鞋底,松紧带鞋,户外机能,秋季百搭,41,男,江苏省,否,5,是
708687774,特步男鞋潮流高街春季新款,特步男鞋,99,146,68,410,743,88,超纤皮鞋,橡胶大底,松紧带鞋,潮流高街,春季新款,57,女,安徽省,是,22,是
315505108,回力经典潮流高街夏季透气,回力经典,206,231,89,4641,973,99,混合材质,PU中底,松紧带鞋,潮流高街,夏季透气,18,男,山东省,是,0,否
367584649,鸿星尔克潮流高街四季通用,鸿星尔克,225,308,73,1009,174,96,超纤皮鞋,MD发泡底,松紧带鞋,潮流高街,四季通用,44,女,广东省,是,0,否
311612549,耐克潮流复古潮鞋四季通用,耐克潮流,99,138,72,4982,147,93,布面材质,混合鞋底,拉链鞋款,复古潮鞋,四季通用,53,男,河北省,是,6,否
466891094,斯凯奇潮复古潮鞋夏季透气,斯凯奇潮,99,99,100,31,477,91,超纤皮鞋,EVA轻底,套脚款式,复古潮鞋,夏季透气,38,男,山东省,是,21,是
560093954,特步男鞋工装硬朗夏季透气,特步男鞋,197,286,69,28,1327,94,合成革鞋,MD发泡底,魔术贴鞋,工装硬朗,夏季透气,53,女,四川省,否,21,否
299664333,回力经典潮流高街秋季百搭,回力经典,105,109,96,890,196,90,高端飞织,橡胶大底,套脚款式,潮流高街,秋季百搭,44,女,河北省,是,23,是
798289112,李宁休闲运动休闲四季通用,李宁休闲,148,264,56,953,1024,97,超纤皮鞋,MD发泡底,拉链鞋款,运动休闲,四季通用,58,女,广东省,是,21,否
351885405,斯凯奇潮复古潮鞋四季通用,斯凯奇潮,99,114,87,657,3730,90,真皮柔软,PU中底,系带设计,复古潮鞋,四季通用,49,女,福建省,是,0,否
629936773,特步男鞋工装硬朗冬季保暖,特步男鞋,108,186,58,14,791,95,网布透气,橡胶大底,拉链鞋款,工装硬朗,冬季保暖,35,男,安徽省,否,21,否
571836250,安踏运动户外机能冬季保暖,安踏运动,113,116,97,980,240,90,超纤皮鞋,PU中底,系带设计,户外机能,冬季保暖,38,女,四川省,否,22,否
843970691,安踏运动工装硬朗夏季透气,安踏运动,171,305,56,1295,54,91,混合材质,MD发泡底,松紧带鞋,工装硬朗,夏季透气,51,男,四川省,否,23,否
348471188,阿迪达斯工装硬朗夏季透气,阿迪达斯,99,194,51,959,109,95,真皮柔软,混合鞋底,套脚款式,工装硬朗,夏季透气,45,男,福建省,否,5,否
847172742,回力经典工装硬朗四季通用,回力经典,100,112,89,484,7719,95,高端飞织,混合鞋底,系带设计,工装硬朗,四季通用,41,男,河北省,是,8,是
983484448,特步男鞋运动休闲春季新款,特步男鞋,99,108,92,286,764,90,网布透气,PU中底,魔术贴鞋,运动休闲,春季新款,37,女,福建省,否,5,是
449770239,其他品牌复古潮鞋四季通用,其他品牌,99,122,81,24,5094,92,布面材质,PU中底,拉链鞋款,复古潮鞋,四季通用,44,女,广东省,是,22,是
146819797,斯凯奇潮工装硬朗春季新款,斯凯奇潮,99,121,82,2443,294,94,高端飞织,TPR鞋底,魔术贴鞋,工装硬朗,春季新款,46,男,湖北省,是,11,否
877952872,阿迪达斯简约百搭秋季百搭,阿迪达斯,153,201,76,75,1579,100,高端飞织,MD发泡底,套脚款式,简约百搭,秋季百搭,52,男,浙江省,否,14,是
511868979,李宁休闲运动休闲春季新款,李宁休闲,121,144,84,3460,1088,96,混合材质,橡胶大底,系带设计,运动休闲,春季新款,51,女,湖北省,否,22,否
951597713,回力经典户外机能四季通用,回力经典,119,168,71,695,726,97,真皮柔软,MD发泡底,拉链鞋款,户外机能,四季通用,57,男,浙江省,是,16,是
100563825,李宁休闲潮流高街秋季百搭,李宁休闲,108,159,68,230,2775,96,高端飞织,EVA轻底,套脚款式,潮流高街,秋季百搭,47,男,江苏省,否,1,是
577953859,京东京造日常休闲秋季百搭,京东京造,99,130,76,304,830,97,混合材质,MD发泡底,拉链鞋款,日常休闲,秋季百搭,51,女,河北省,是,19,否
810186055,回力经典日常休闲四季通用,回力经典,137,204,67,2694,732,98,真皮柔软,橡胶大底,套脚款式,日常休闲,四季通用,56,女,河南省,是,1,是
982629768,耐克潮流工装硬朗秋季百搭,耐克潮流,320,364,88,849,488,90,真皮柔软,PU中底,松紧带鞋,工装硬朗,秋季百搭,39,女,河北省,是,0,是
746925273,耐克潮流户外机能秋季百搭,耐克潮流,106,125,85,321,2428,94,混合材质,混合鞋底,系带设计,户外机能,秋季百搭,50,男,湖北省,是,17,否
788904888,其他品牌潮流高街秋季百搭,其他品牌,146,154,95,387,800,95,高端飞织,混合鞋底,魔术贴鞋,潮流高街,秋季百搭,45,女,河南省,否,11,否
201461580,回力经典日常休闲冬季保暖,回力经典,230,434,53,699,119,95,布面材质,MD发泡底,系带设计,日常休闲,冬季保暖,35,女,浙江省,否,3,是
246983413,特步男鞋户外机能夏季透气,特步男鞋,99,130,76,900,124,95,真皮柔软,MD发泡底,套脚款式,户外机能,夏季透气,45,男,河南省,否,21,否
350742990,安踏运动日常休闲夏季透气,安踏运动,100,114,88,187,734,94,布面材质,EVA轻底,松紧带鞋,日常休闲,夏季透气,39,女,湖北省,否,9,是
401880772,其他品牌户外机能春季新款,其他品牌,109,125,87,1221,2093,97,混合材质,TPR鞋底,魔术贴鞋,户外机能,春季新款,49,男,河南省,是,19,是
562977161,回力经典日常休闲秋季百搭,回力经典,99,171,58,947,1634,93,混合材质,混合鞋底,系带设计,日常休闲,秋季百搭,56,男,福建省,否,17,是
186904527,斯凯奇潮潮流高街冬季保暖,斯凯奇潮,306,352,87,1072,10177,97,网布透气,MD发泡底,魔术贴鞋,潮流高街,冬季保暖,44,女,河南省,否,22,否
644991329,耐克潮流潮流高街春季新款,耐克潮流,198,309,64,18,570,98,布面材质,PU中底,系带设计,潮流高街,春季新款,55,女,河北省,否,1,否
483106419,特步男鞋工装硬朗春季新款,特步男鞋,213,273,78,293,2951,91,真皮柔软,混合鞋底,魔术贴鞋,工装硬朗,春季新款,43,男,四川省,是,20,否
118235927,安踏运动户外机能春季新款,安踏运动,199,302,66,694,9036,95,超纤皮鞋,PU中底,套脚款式,户外机能,春季新款,51,女,浙江省,是,23,是
434857364,回力经典运动休闲春季新款,回力经典,118,215,55,4769,8972,98,高端飞织,混合鞋底,松紧带鞋,运动休闲,春季新款,50,男,安徽省,否,13,是
706721490,李宁休闲简约百搭秋季百搭,李宁休闲,187,249,75,832,2849,96,合成革鞋,混合鞋底,拉链鞋款,简约百搭,秋季百搭,39,男,广东省,否,14,是
793867996,京东京造运动休闲秋季百搭,京东京造,124,138,90,23,6582,98,合成革鞋,混合鞋底,魔术贴鞋,运动休闲,秋季百搭,40,女,河北省,是,20,是
395129252,回力经典复古潮鞋秋季百搭,回力经典,99,136,73,4074,1669,94,合成革鞋,EVA轻底,魔术贴鞋,复古潮鞋,秋季百搭,45,女,河北省,否,3,是
738348007,特步男鞋简约百搭冬季保暖,特步男鞋,99,143,69,284,490,92,布面材质,MD发泡底,拉链鞋款,简约百搭,冬季保暖,51,男,江苏省,否,13,是
736122822,耐克潮流简约百搭春季新款,耐克潮流,99,198,50,1474,3161,92,布面材质,EVA轻底,魔术贴鞋,简约百搭,春季新款,52,男,浙江省,是,11,是
431913160,特步男鞋复古潮鞋四季通用,特步男鞋,143,172,83,953,2363,88,真皮柔软,EVA轻底,套脚款式,复古潮鞋,四季通用,43,男,福建省,否,21,否
298942110,回力经典日常休闲春季新款,回力经典,133,187,71,111,6503,99,布面材质,PU中底,套脚款式,日常休闲,春季新款,48,男,福建省,否,3,否
856023817,其他品牌简约百搭秋季百搭,其他品牌,619,1125,55,1478,2899,91,混合材质,橡胶大底,魔术贴鞋,简约百搭,秋季百搭,57,女,广东省,否,22,是
390284941,阿迪达斯复古潮鞋夏季透气,阿迪达斯,124,203,61,4383,397,94,超纤皮鞋,混合鞋底,套脚款式,复古潮鞋,夏季透气,44,男,河南省,是,21,是
166281778,回力经典工装硬朗春季新款,回力经典,259,350,74,1323,660,91,混合材质,混合鞋底,系带设计,工装硬朗,春季新款,42,男,河南省,否,21,否
272703832,特步男鞋简约百搭秋季百搭,特步男鞋,99,160,62,460,1467,87,飞织面料,TPR鞋底,魔术贴鞋,简约百搭,秋季百搭,44,女,江苏省,否,4,是
296627428,斯凯奇潮潮流高街四季通用,斯凯奇潮,111,142,78,1360,722,90,布面材质,TPR鞋底,魔术贴鞋,潮流高街,四季通用,39,女,河南省,是,22,否
566852859,鸿星尔克工装硬朗秋季百搭,鸿星尔克,125,216,58,13,1391,95,飞织面料,TPR鞋底,系带设计,工装硬朗,秋季百搭,45,男,江苏省,是,14,是
480803613,京东京造复古潮鞋冬季保暖,京东京造,125,202,62,790,2667,95,真皮柔软,PU中底,套脚款式,复古潮鞋,冬季保暖,43,男,浙江省,是,9,否
661556594,京东京造简约百搭春季新款,京东京造,174,202,86,2871,1448,95,超纤皮鞋,PU中底,拉链鞋款,简约百搭,春季新款,54,女,江苏省,否,16,否
104330315,斯凯奇潮简约百搭秋季百搭,斯凯奇潮,120,185,65,13,5008,85,真皮柔软,MD发泡底,套脚款式,简约百搭,秋季百搭,55,男,福建省,是,1,否
655805156,京东京造简约百搭春季新款,京东京造,99,148,67,223,2733,97,网布透气,EVA轻底,魔术贴鞋,简约百搭,春季新款,60,男,江苏省,是,22,是
806324566,特步男鞋复古潮鞋四季通用,特步男鞋,142,241,59,956,814,92,网布透气,PU中底,魔术贴鞋,复古潮鞋,四季通用,52,女,山东省,是,23,否
425699994,耐克潮流工装硬朗冬季保暖,耐克潮流,136,172,79,1433,900,93,飞织面料,MD发泡底,松紧带鞋,工装硬朗,冬季保暖,48,女,河南省,否,23,否
914911602,阿迪达斯复古潮鞋四季通用,阿迪达斯,144,192,75,32,251,85,网布透气,EVA轻底,系带设计,复古潮鞋,四季通用,46,男,江苏省,否,20,是
325408460,其他品牌复古潮鞋秋季百搭,其他品牌,99,109,91,868,1620,96,合成革鞋,混合鞋底,魔术贴鞋,复古潮鞋,秋季百搭,35,男,江苏省,否,20,否
764555093,安踏运动潮流高街四季通用,安踏运动,140,192,73,657,384,100,真皮柔软,橡胶大底,系带设计,潮流高街,四季通用,46,男,浙江省,否,23,是
123014938,特步男鞋复古潮鞋秋季百搭,特步男鞋,111,113,98,39,150,93,飞织面料,EVA轻底,松紧带鞋,复古潮鞋,秋季百搭,44,男,湖北省,是,19,否
300947982,阿迪达斯运动休闲冬季保暖,阿迪达斯,99,102,97,20,920,97,网布透气,EVA轻底,拉链鞋款,运动休闲,冬季保暖,45,女,福建省,否,9,是
480369394,李宁休闲简约百搭春季新款,李宁休闲,159,183,87,483,2049,94,网布透气,EVA轻底,魔术贴鞋,简约百搭,春季新款,59,男,湖北省,否,20,否
833271425,安踏运动户外机能秋季百搭,安踏运动,427,547,78,1400,1514,95,飞织面料,MD发泡底,套脚款式,户外机能,秋季百搭,55,男,河南省,是,2,否
664707550,耐克潮流日常休闲冬季保暖,耐克潮流,99,109,91,6,1080,95,布面材质,混合鞋底,松紧带鞋,日常休闲,冬季保暖,36,女,广东省,是,23,否
996286346,京东京造复古潮鞋四季通用,京东京造,99,136,73,3987,1628,100,网布透气,混合鞋底,魔术贴鞋,复古潮鞋,四季通用,47,男,河北省,是,22,否
135365277,其他品牌潮流高街夏季透气,其他品牌,99,125,79,763,376,99,飞织面料,橡胶大底,系带设计,潮流高街,夏季透气,50,女,河南省,否,22,是
656786650,李宁休闲日常休闲冬季保暖,李宁休闲,99,100,99,471,2772,97,合成革鞋,PU中底,魔术贴鞋,日常休闲,冬季保暖,39,女,福建省,否,19,否
672093616,其他品牌运动休闲四季通用,其他品牌,99,110,90,60,413,95,高端飞织,橡胶大底,拉链鞋款,运动休闲,四季通用,54,女,浙江省,是,21,是
795171663,斯凯奇潮运动休闲夏季透气,斯凯奇潮,185,208,89,152,17156,96,超纤皮鞋,TPR鞋底,系带设计,运动休闲,夏季透气,45,男,河北省,否,2,是
318151821,李宁休闲复古潮鞋四季通用,李宁休闲,144,187,77,2194,491,97,混合材质,MD发泡底,松紧带鞋,复古潮鞋,四季通用,34,女,福建省,是,23,否
516086960,阿迪达斯户外机能夏季透气,阿迪达斯,165,266,62,1366,1167,94,真皮柔软,EVA轻底,松紧带鞋,户外机能,夏季透气,52,女,河北省,否,1,是
796859783,李宁休闲日常休闲冬季保暖,李宁休闲,99,174,57,659,2443,90,网布透气,TPR鞋底,系带设计,日常休闲,冬季保暖,52,男,四川省,否,23,是
304672589,鸿星尔克运动休闲秋季百搭,鸿星尔克,121,173,70,2128,3447,93,网布透气,MD发泡底,套脚款式,运动休闲,秋季百搭,33,男,福建省,是,13,是
512254997,阿迪达斯日常休闲秋季百搭,阿迪达斯,241,371,65,773,1075,94,混合材质,橡胶大底,拉链鞋款,日常休闲,秋季百搭,41,女,河南省,否,19,是
332770145,京东京造日常休闲秋季百搭,京东京造,99,132,75,503,1236,90,布面材质,混合鞋底,套脚款式,日常休闲,秋季百搭,47,女,湖北省,否,0,否
473920646,李宁休闲运动休闲夏季透气,李宁休闲,99,190,52,508,442,96,超纤皮鞋,橡胶大底,魔术贴鞋,运动休闲,夏季透气,44,男,河北省,是,23,是
623572147,鸿星尔克潮流高街冬季保暖,鸿星尔克,198,233,85,3070,873,90,混合材质,TPR鞋底,松紧带鞋,潮流高街,冬季保暖,36,男,河南省,是,2,是
172959905,阿迪达斯简约百搭秋季百搭,阿迪达斯,99,141,70,1008,229,92,真皮柔软,混合鞋底,套脚款式,简约百搭,秋季百搭,39,女,江苏省,否,20,是
895215926,回力经典简约百搭四季通用,回力经典,99,130,76,190,5205,94,合成革鞋,PU中底,魔术贴鞋,简约百搭,四季通用,51,男,广东省,是,3,否
257137555,斯凯奇潮复古潮鞋四季通用,斯凯奇潮,99,174,57,1486,754,99,高端飞织,EVA轻底,套脚款式,复古潮鞋,四季通用,34,女,江苏省,是,21,否
964234661,安踏运动简约百搭春季新款,安踏运动,99,180,55,1404,461,97,真皮柔软,PU中底,松紧带鞋,简约百搭,春季新款,33,男,四川省,否,21,是
546150894,京东京造运动休闲秋季百搭,京东京造,116,181,64,2753,1805,90,超纤皮鞋,混合鞋底,套脚款式,运动休闲,秋季百搭,53,男,湖北省,否,13,否
736083729,安踏运动户外机能夏季透气,安踏运动,99,148,67,228,49,90,布面材质,橡胶大底,魔术贴鞋,户外机能,夏季透气,45,男,河北省,否,0,是
660958889,安踏运动日常休闲春季新款,安踏运动,99,124,80,1109,164,94,高端飞织,橡胶大底,套脚款式,日常休闲,春季新款,48,女,福建省,否,5,否
854155409,李宁休闲复古潮鞋四季通用,李宁休闲,113,169,67,563,30,93,混合材质,橡胶大底,魔术贴鞋,复古潮鞋,四季通用,45,男,河南省,是,23,是
435165330,其他品牌户外机能冬季保暖,其他品牌,99,136,73,806,653,91,合成革鞋,混合鞋底,系带设计,户外机能,冬季保暖,49,女,山东省,是,21,否
877934126,回力经典复古潮鞋春季新款,回力经典,164,293,56,48,280,91,合成革鞋,MD发泡底,套脚款式,复古潮鞋,春季新款,46,女,浙江省,否,9,是
522932489,特步男鞋复古潮鞋夏季透气,特步男鞋,578,714,81,102,158,92,真皮柔软,MD发泡底,系带设计,复古潮鞋,夏季透气,40,男,福建省,否,0,是
523284639,鸿星尔克复古潮鞋秋季百搭,鸿星尔克,99,124,80,1002,667,97,布面材质,PU中底,松紧带鞋,复古潮鞋,秋季百搭,44,男,山东省,否,12,是
884218028,斯凯奇潮日常休闲冬季保暖,斯凯奇潮,109,117,93,14,299,90,高端飞织,EVA轻底,松紧带鞋,日常休闲,冬季保暖,56,女,广东省,否,12,是
345325849,回力经典简约百搭夏季透气,回力经典,178,200,89,903,4299,96,混合材质,TPR鞋底,魔术贴鞋,简约百搭,夏季透气,46,男,福建省,否,21,否
224611803,阿迪达斯简约百搭四季通用,阿迪达斯,250,391,64,512,2271,92,高端飞织,PU中底,松紧带鞋,简约百搭,四季通用,45,女,福建省,是,5,是
441825335,回力经典复古潮鞋秋季百搭,回力经典,102,119,86,2892,1752,92,布面材质,EVA轻底,套脚款式,复古潮鞋,秋季百搭,48,女,河北省,否,16,是
451773326,回力经典复古潮鞋春季新款,回力经典,99,165,60,29,883,90,超纤皮鞋,混合鞋底,松紧带鞋,复古潮鞋,春季新款,53,女,山东省,否,13,是
537564151,京东京造运动休闲春季新款,京东京造,99,148,67,31,2063,100,飞织面料,MD发泡底,拉链鞋款,运动休闲,春季新款,56,女,福建省,否,4,是
936106158,鸿星尔克户外机能四季通用,鸿星尔克,99,108,92,154,288,96,超纤皮鞋,橡胶大底,套脚款式,户外机能,四季通用,50,女,河南省,否,20,是
418921239,李宁休闲工装硬朗春季新款,李宁休闲,99,146,68,4607,245,89,混合材质,MD发泡底,魔术贴鞋,工装硬朗,春季新款,19,女,浙江省,是,23,否
288713862,京东京造运动休闲秋季百搭,京东京造,99,114,87,22,795,100,网布透气,MD发泡底,松紧带鞋,运动休闲,秋季百搭,45,女,河南省,是,16,否
957104227,鸿星尔克简约百搭夏季透气,鸿星尔克,99,99,100,42,254,85,混合材质,MD发泡底,拉链鞋款,简约百搭,夏季透气,43,女,四川省,是,20,是
499457772,京东京造复古潮鞋夏季透气,京东京造,99,112,88,16,2314,91,高端飞织,混合鞋底,系带设计,复古潮鞋,夏季透气,50,男,河南省,否,20,是
820047853,安踏运动复古潮鞋春季新款,安踏运动,243,267,91,274,409,91,超纤皮鞋,EVA轻底,松紧带鞋,复古潮鞋,春季新款,52,女,山东省,是,14,是
638169738,安踏运动复古潮鞋冬季保暖,安踏运动,133,134,99,6,311,94,飞织面料,混合鞋底,系带设计,复古潮鞋,冬季保暖,46,男,河南省,否,11,是
708898091,京东京造复古潮鞋冬季保暖,京东京造,203,211,96,1421,715,91,混合材质,PU中底,魔术贴鞋,复古潮鞋,冬季保暖,52,女,河北省,否,13,是
552908837,鸿星尔克工装硬朗春季新款,鸿星尔克,213,380,56,16,1752,92,飞织面料,混合鞋底,松紧带鞋,工装硬朗,春季新款,58,女,安徽省,是,22,是
841007365,安踏运动日常休闲夏季透气,安踏运动,99,125,79,1310,170,96,网布透气,TPR鞋底,套脚款式,日常休闲,夏季透气,52,男,四川省,是,18,是
991278298,京东京造日常休闲四季通用,京东京造,157,171,92,3509,4391,91,飞织面料,TPR鞋底,套脚款式,日常休闲,四季通用,63,男,山东省,否,17,是
740431079,回力经典日常休闲夏季透气,回力经典,99,130,76,783,4945,93,网布透气,橡胶大底,松紧带鞋,日常休闲,夏季透气,46,女,湖北省,否,23,否
229206806,李宁休闲日常休闲春季新款,李宁休闲,99,119,83,2879,180,91,飞织面料,PU中底,系带设计,日常休闲,春季新款,44,女,广东省,否,10,是
164242909,鸿星尔克简约百搭夏季透气,鸿星尔克,99,125,79,821,833,90,合成革鞋,混合鞋底,拉链鞋款,简约百搭,夏季透气,42,女,江苏省,是,5,是
402797866,阿迪达斯潮流高街冬季保暖,阿迪达斯,129,159,81,308,427,90,混合材质,PU中底,系带设计,潮流高街,冬季保暖,49,女,河北省,否,22,是
729317438,耐克潮流日常休闲春季新款,耐克潮流,99,157,63,1040,1059,96,高端飞织,EVA轻底,拉链鞋款,日常休闲,春季新款,48,男,浙江省,是,20,是
261370021,其他品牌日常休闲夏季透气,其他品牌,131,187,70,700,3089,93,飞织面料,MD发泡底,魔术贴鞋,日常休闲,夏季透气,57,男,广东省,否,20,否
993811138,斯凯奇潮潮流高街冬季保暖,斯凯奇潮,99,150,66,11,441,97,飞织面料,TPR鞋底,拉链鞋款,潮流高街,冬季保暖,36,男,山东省,否,13,是
816987723,回力经典工装硬朗冬季保暖,回力经典,122,127,96,610,243,94,布面材质,TPR鞋底,拉链鞋款,工装硬朗,冬季保暖,38,女,山东省,否,1,是
109165078,特步男鞋日常休闲秋季百搭,特步男鞋,125,125,100,978,2297,99,网布透气,混合鞋底,系带设计,日常休闲,秋季百搭,49,女,河北省,否,0,是
315789551,安踏运动户外机能冬季保暖,安踏运动,126,127,99,2,929,98,合成革鞋,EVA轻底,魔术贴鞋,户外机能,冬季保暖,45,女,河南省,是,11,是
617679971,斯凯奇潮潮流高街夏季透气,斯凯奇潮,99,171,58,4058,965,94,混合材质,MD发泡底,拉链鞋款,潮流高街,夏季透气,49,男,河南省,是,23,是
479283758,安踏运动潮流高街秋季百搭,安踏运动,156,284,55,490,186,92,网布透气,混合鞋底,系带设计,潮流高街,秋季百搭,37,男,安徽省,是,3,是
473025142,耐克潮流日常休闲春季新款,耐克潮流,185,220,84,616,16079,97,混合材质,TPR鞋底,松紧带鞋,日常休闲,春季新款,36,女,广东省,是,22,否
379282730,安踏运动简约百搭秋季百搭,安踏运动,99,143,69,2574,857,100,合成革鞋,橡胶大底,系带设计,简约百搭,秋季百搭,51,女,江苏省,否,13,是
703315073,鸿星尔克运动休闲秋季百搭,鸿星尔克,173,192,90,3791,279,96,网布透气,PU中底,松紧带鞋,运动休闲,秋季百搭,55,女,河南省,否,17,否
690811795,京东京造运动休闲冬季保暖,京东京造,102,162,63,1355,842,94,飞织面料,PU中底,系带设计,运动休闲,冬季保暖,49,男,江苏省,否,21,否
924874044,回力经典工装硬朗冬季保暖,回力经典,212,385,55,302,753,87,高端飞织,TPR鞋底,拉链鞋款,工装硬朗,冬季保暖,56,男,福建省,是,4,否
732020682,斯凯奇潮简约百搭春季新款,斯凯奇潮,320,478,67,4335,1533,90,网布透气,TPR鞋底,松紧带鞋,简约百搭,春季新款,62,男,浙江省,是,16,是
433065892,阿迪达斯复古潮鞋冬季保暖,阿迪达斯,99,109,91,0,3398,90,网布透气,PU中底,系带设计,复古潮鞋,冬季保暖,46,女,浙江省,否,8,否
205325816,京东京造运动休闲冬季保暖,京东京造,99,106,93,14,342,90,超纤皮鞋,EVA轻底,松紧带鞋,运动休闲,冬季保暖,61,女,浙江省,否,20,是
298390997,安踏运动运动休闲春季新款,安踏运动,111,116,96,867,5911,90,超纤皮鞋,混合鞋底,松紧带鞋,运动休闲,春季新款,48,女,江苏省,是,6,是
132194161,耐克潮流潮流高街四季通用,耐克潮流,99,115,86,3582,549,99,网布透气,EVA轻底,松紧带鞋,潮流高街,四季通用,46,男,江苏省,是,1,是
810641881,特步男鞋简约百搭夏季透气,特步男鞋,99,155,64,2671,175,93,真皮柔软,EVA轻底,拉链鞋款,简约百搭,夏季透气,52,女,山东省,否,12,否
878990325,耐克潮流工装硬朗秋季百搭,耐克潮流,99,183,54,1491,27,96,飞织面料,PU中底,拉链鞋款,工装硬朗,秋季百搭,39,女,河北省,是,0,否
655641402,斯凯奇潮简约百搭四季通用,斯凯奇潮,229,402,57,10,2578,94,超纤皮鞋,TPR鞋底,松紧带鞋,简约百搭,四季通用,45,女,湖北省,否,8,是
726923918,特步男鞋简约百搭夏季透气,特步男鞋,128,128,100,1083,2173,86,合成革鞋,混合鞋底,套脚款式,简约百搭,夏季透气,49,男,福建省,是,20,是
756304768,耐克潮流运动休闲秋季百搭,耐克潮流,127,165,77,45,7642,95,网布透气,EVA轻底,系带设计,运动休闲,秋季百搭,42,男,江苏省,否,2,否
628222955,斯凯奇潮复古潮鞋四季通用,斯凯奇潮,101,107,94,1014,399,97,网布透气,TPR鞋底,系带设计,复古潮鞋,四季通用,57,男,安徽省,是,13,是
463289586,鸿星尔克简约百搭冬季保暖,鸿星尔克,99,177,56,68,1258,98,合成革鞋,TPR鞋底,套脚款式,简约百搭,冬季保暖,53,女,湖北省,是,16,否
467749382,耐克潮流户外机能四季通用,耐克潮流,114,165,69,4833,1751,86,布面材质,MD发泡底,松紧带鞋,户外机能,四季通用,46,男,河北省,否,10,否
884505444,特步男鞋运动休闲冬季保暖,特步男鞋,99,115,86,2036,323,92,真皮柔软,MD发泡底,松紧带鞋,运动休闲,冬季保暖,54,女,福建省,否,21,是
534000596,阿迪达斯复古潮鞋四季通用,阿迪达斯,99,106,93,562,537,91,布面材质,混合鞋底,套脚款式,复古潮鞋,四季通用,46,女,江苏省,是,1,否
724172226,京东京造潮流高街四季通用,京东京造,99,116,85,30,3709,97,超纤皮鞋,橡胶大底,松紧带鞋,潮流高街,四季通用,34,男,四川省,是,6,否
168167157,回力经典简约百搭夏季透气,回力经典,99,132,75,1333,687,95,布面材质,MD发泡底,魔术贴鞋,简约百搭,夏季透气,53,男,河南省,是,3,是
486451932,特步男鞋户外机能秋季百搭,特步男鞋,237,474,50,360,15854,90,飞织面料,橡胶大底,系带设计,户外机能,秋季百搭,51,女,四川省,否,16,否
355609490,斯凯奇潮复古潮鞋冬季保暖,斯凯奇潮,99,105,94,886,899,85,超纤皮鞋,PU中底,松紧带鞋,复古潮鞋,冬季保暖,44,男,江苏省,是,20,否
798596458,回力经典日常休闲夏季透气,回力经典,117,229,51,717,853,99,飞织面料,EVA轻底,系带设计,日常休闲,夏季透气,52,女,安徽省,是,13,是
478007233,阿迪达斯复古潮鞋夏季透气,阿迪达斯,99,100,99,1182,1755,94,飞织面料,PU中底,拉链鞋款,复古潮鞋,夏季透气,50,女,江苏省,是,23,否
774064264,耐克潮流日常休闲春季新款,耐克潮流,166,182,91,519,624,93,超纤皮鞋,MD发泡底,松紧带鞋,日常休闲,春季新款,49,男,河南省,否,8,是
708828320,京东京造运动休闲四季通用,京东京造,412,654,63,809,265,92,布面材质,MD发泡底,松紧带鞋,运动休闲,四季通用,41,男,山东省,否,7,否
761375744,阿迪达斯简约百搭春季新款,阿迪达斯,99,146,68,857,1139,93,超纤皮鞋,混合鞋底,拉链鞋款,简约百搭,春季新款,63,女,四川省,否,19,是
631191876,京东京造潮流高街春季新款,京东京造,99,100,99,857,1197,97,高端飞织,EVA轻底,系带设计,潮流高街,春季新款,63,女,安徽省,否,0,是
784426012,京东京造户外机能夏季透气,京东京造,220,253,87,4290,1241,92,高端飞织,TPR鞋底,套脚款式,户外机能,夏季透气,41,女,湖北省,是,16,是
213296028,阿迪达斯户外机能四季通用,阿迪达斯,136,177,77,47,426,92,网布透气,EVA轻底,松紧带鞋,户外机能,四季通用,32,女,四川省,否,23,是
261372587,京东京造日常休闲夏季透气,京东京造,225,271,83,47,790,91,高端飞织,EVA轻底,套脚款式,日常休闲,夏季透气,51,女,四川省,否,23,否
270168738,京东京造潮流高街四季通用,京东京造,140,230,61,30,665,91,合成革鞋,PU中底,松紧带鞋,潮流高街,四季通用,52,男,江苏省,否,21,是
192997678,回力经典工装硬朗秋季百搭,回力经典,116,151,77,36,870,93,真皮柔软,PU中底,系带设计,工装硬朗,秋季百搭,19,女,安徽省,是,4,否
295517282,回力经典工装硬朗冬季保暖,回力经典,108,152,71,1006,2543,90,网布透气,MD发泡底,拉链鞋款,工装硬朗,冬季保暖,36,女,福建省,否,7,否
449336196,耐克潮流日常休闲秋季百搭,耐克潮流,122,239,51,1263,175,99,真皮柔软,PU中底,松紧带鞋,日常休闲,秋季百搭,52,男,安徽省,是,17,是
771874920,京东京造复古潮鞋四季通用,京东京造,136,194,70,667,512,97,超纤皮鞋,EVA轻底,松紧带鞋,复古潮鞋,四季通用,45,男,河南省,是,0,是
270709794,耐克潮流复古潮鞋秋季百搭,耐克潮流,99,165,60,279,2254,94,飞织面料,混合鞋底,松紧带鞋,复古潮鞋,秋季百搭,32,男,安徽省,是,3,是
615552512,特步男鞋日常休闲夏季透气,特步男鞋,99,180,55,3784,979,94,飞织面料,橡胶大底,魔术贴鞋,日常休闲,夏季透气,48,女,四川省,是,22,是
184718502,李宁休闲日常休闲秋季百搭,李宁休闲,118,219,54,0,256,99,网布透气,TPR鞋底,拉链鞋款,日常休闲,秋季百搭,31,男,广东省,否,5,是
346377557,斯凯奇潮简约百搭四季通用,斯凯奇潮,101,194,52,1405,1426,97,高端飞织,混合鞋底,套脚款式,简约百搭,四季通用,44,男,河南省,是,20,否
236225295,鸿星尔克户外机能四季通用,鸿星尔克,331,338,98,738,2502,94,布面材质,混合鞋底,系带设计,户外机能,四季通用,39,男,河北省,否,15,是
361400953,其他品牌工装硬朗春季新款,其他品牌,183,197,93,388,1508,98,超纤皮鞋,橡胶大底,套脚款式,工装硬朗,春季新款,46,男,山东省,否,7,是
667514984,回力经典运动休闲春季新款,回力经典,99,190,52,13,1442,99,高端飞织,TPR鞋底,拉链鞋款,运动休闲,春季新款,46,男,河北省,是,0,否
965416590,京东京造户外机能秋季百搭,京东京造,108,137,79,46,4036,92,网布透气,橡胶大底,魔术贴鞋,户外机能,秋季百搭,44,女,浙江省,否,20,否
924000256,回力经典运动休闲夏季透气,回力经典,113,182,62,474,388,90,布面材质,PU中底,松紧带鞋,运动休闲,夏季透气,30,男,浙江省,是,22,是
126404733,斯凯奇潮工装硬朗四季通用,斯凯奇潮,219,353,62,7,394,97,高端飞织,混合鞋底,系带设计,工装硬朗,四季通用,41,男,四川省,是,5,否
324820408,李宁休闲户外机能秋季百搭,李宁休闲,212,233,91,1176,579,97,超纤皮鞋,PU中底,系带设计,户外机能,秋季百搭,49,男,河南省,是,22,是
362810332,阿迪达斯简约百搭冬季保暖,阿迪达斯,99,111,89,4498,95,97,混合材质,橡胶大底,魔术贴鞋,简约百搭,冬季保暖,40,男,浙江省,否,9,是
535277759,李宁休闲日常休闲秋季百搭,李宁休闲,126,194,65,1268,641,94,布面材质,橡胶大底,系带设计,日常休闲,秋季百搭,46,男,河北省,否,13,否
500461741,京东京造户外机能秋季百搭,京东京造,99,157,63,388,2929,86,超纤皮鞋,混合鞋底,拉链鞋款,户外机能,秋季百搭,33,男,广东省,否,1,否
200530774,李宁休闲复古潮鞋冬季保暖,李宁休闲,214,249,86,474,1272,93,网布透气,MD发泡底,套脚款式,复古潮鞋,冬季保暖,38,男,安徽省,是,16,是
709974336,斯凯奇潮户外机能夏季透气,斯凯奇潮,99,101,98,605,2730,93,网布透气,EVA轻底,拉链鞋款,户外机能,夏季透气,35,男,安徽省,是,13,否
538566387,安踏运动简约百搭春季新款,安踏运动,221,375,59,1200,1195,94,网布透气,TPR鞋底,套脚款式,简约百搭,春季新款,30,女,安徽省,是,8,否
283193573,京东京造日常休闲春季新款,京东京造,99,136,73,1493,1055,97,布面材质,MD发泡底,系带设计,日常休闲,春季新款,40,女,江苏省,是,20,是
319595739,斯凯奇潮潮流高街春季新款,斯凯奇潮,162,318,51,2,147,93,高端飞织,EVA轻底,系带设计,潮流高街,春季新款,52,男,福建省,否,20,是
115452913,阿迪达斯潮流高街秋季百搭,阿迪达斯,99,194,51,739,912,92,超纤皮鞋,橡胶大底,拉链鞋款,潮流高街,秋季百搭,46,男,湖北省,是,8,是
643321187,回力经典日常休闲秋季百搭,回力经典,150,169,89,4,2304,99,真皮柔软,EVA轻底,套脚款式,日常休闲,秋季百搭,52,男,河北省,是,4,否
718086989,京东京造日常休闲四季通用,京东京造,154,217,71,21,1610,97,网布透气,TPR鞋底,系带设计,日常休闲,四季通用,45,男,河北省,否,2,否
365263905,特步男鞋工装硬朗冬季保暖,特步男鞋,114,144,79,3355,232,92,真皮柔软,EVA轻底,拉链鞋款,工装硬朗,冬季保暖,42,男,湖北省,否,13,否
668919233,安踏运动复古潮鞋冬季保暖,安踏运动,99,174,57,345,519,91,混合材质,TPR鞋底,系带设计,复古潮鞋,冬季保暖,50,男,安徽省,否,20,是
890841804,其他品牌复古潮鞋夏季透气,其他品牌,99,150,66,1064,1067,92,超纤皮鞋,MD发泡底,松紧带鞋,复古潮鞋,夏季透气,41,女,湖北省,是,21,否
943892583,回力经典简约百搭四季通用,回力经典,157,162,97,1457,372,94,高端飞织,橡胶大底,拉链鞋款,简约百搭,四季通用,50,女,四川省,是,11,是
817515989,其他品牌运动休闲冬季保暖,其他品牌,423,432,98,32,2408,90,网布透气,橡胶大底,系带设计,运动休闲,冬季保暖,50,男,河南省,否,1,是
192002169,回力经典户外机能四季通用,回力经典,388,511,76,957,166,92,网布透气,EVA轻底,套脚款式,户外机能,四季通用,46,男,广东省,是,15,是
738667965,回力经典运动休闲四季通用,回力经典,262,397,66,3303,8255,94,网布透气,混合鞋底,拉链鞋款,运动休闲,四季通用,51,女,四川省,否,20,否
736501047,安踏运动运动休闲秋季百搭,安踏运动,99,104,95,2755,1793,97,混合材质,橡胶大底,套脚款式,运动休闲,秋季百搭,50,女,福建省,是,7,否
355581692,鸿星尔克运动休闲春季新款,鸿星尔克,99,139,71,539,1611,90,网布透气,MD发泡底,拉链鞋款,运动休闲,春季新款,51,男,浙江省,否,5,是
507575418,斯凯奇潮工装硬朗冬季保暖,斯凯奇潮,159,167,95,430,580,91,超纤皮鞋,混合鞋底,套脚款式,工装硬朗,冬季保暖,50,男,安徽省,否,21,否
205171854,耐克潮流户外机能冬季保暖,耐克潮流,118,137,86,160,433,90,超纤皮鞋,MD发泡底,套脚款式,户外机能,冬季保暖,46,女,福建省,是,5,否
546264976,阿迪达斯复古潮鞋冬季保暖,阿迪达斯,110,136,81,1057,439,97,高端飞织,橡胶大底,套脚款式,复古潮鞋,冬季保暖,56,男,福建省,否,16,是
983887500,京东京造日常休闲春季新款,京东京造,99,108,92,1238,2835,91,混合材质,MD发泡底,系带设计,日常休闲,春季新款,40,男,山东省,否,21,否
249748253,回力经典潮流高街四季通用,回力经典,99,109,91,4175,797,97,布面材质,混合鞋底,松紧带鞋,潮流高街,四季通用,32,男,河南省,否,6,否
987350180,鸿星尔克潮流高街夏季透气,鸿星尔克,145,175,83,894,4090,93,飞织面料,橡胶大底,套脚款式,潮流高街,夏季透气,38,男,福建省,是,10,是
546067061,鸿星尔克户外机能四季通用,鸿星尔克,99,132,75,2094,758,95,合成革鞋,MD发泡底,松紧带鞋,户外机能,四季通用,55,女,江苏省,否,15,否
333316360,其他品牌工装硬朗夏季透气,其他品牌,99,116,85,989,233,91,网布透气,MD发泡底,套脚款式,工装硬朗,夏季透气,49,男,福建省,是,22,是
163762059,其他品牌简约百搭夏季透气,其他品牌,99,150,66,32,362,97,合成革鞋,EVA轻底,魔术贴鞋,简约百搭,夏季透气,42,男,安徽省,否,20,否
884077783,阿迪达斯户外机能夏季透气,阿迪达斯,196,261,75,2,378,94,合成革鞋,橡胶大底,魔术贴鞋,户外机能,夏季透气,62,男,安徽省,是,12,是
112230733,特步男鞋日常休闲夏季透气,特步男鞋,248,295,84,49,570,90,超纤皮鞋,橡胶大底,松紧带鞋,日常休闲,夏季透气,36,女,河南省,否,9,是
256612011,安踏运动户外机能春季新款,安踏运动,244,274,89,158,997,96,高端飞织,混合鞋底,魔术贴鞋,户外机能,春季新款,45,男,浙江省,是,20,否
792992409,其他品牌日常休闲秋季百搭,其他品牌,134,258,52,307,235,98,布面材质,EVA轻底,拉链鞋款,日常休闲,秋季百搭,57,女,河北省,是,9,否
715164576,鸿星尔克工装硬朗春季新款,鸿星尔克,191,227,84,5,1996,92,超纤皮鞋,EVA轻底,松紧带鞋,工装硬朗,春季新款,48,女,湖北省,是,9,是
839780692,阿迪达斯潮流高街秋季百搭,阿迪达斯,99,104,95,3364,2697,87,布面材质,混合鞋底,系带设计,潮流高街,秋季百搭,50,男,浙江省,是,4,是
564970596,回力经典简约百搭四季通用,回力经典,99,174,57,4731,105,94,布面材质,混合鞋底,松紧带鞋,简约百搭,四季通用,55,女,浙江省,是,17,是
367141312,耐克潮流简约百搭春季新款,耐克潮流,133,158,84,179,1803,98,混合材质,PU中底,系带设计,简约百搭,春季新款,45,女,江苏省,否,4,是
558613850,斯凯奇潮工装硬朗冬季保暖,斯凯奇潮,99,122,81,12,1113,90,高端飞织,EVA轻底,套脚款式,工装硬朗,冬季保暖,43,女,广东省,是,23,是
892714710,安踏运动简约百搭秋季百搭,安踏运动,99,118,84,919,1450,98,超纤皮鞋,MD发泡底,套脚款式,简约百搭,秋季百搭,44,男,四川省,否,11,否
332617630,特步男鞋户外机能冬季保暖,特步男鞋,99,102,97,1032,790,94,飞织面料,PU中底,松紧带鞋,户外机能,冬季保暖,63,男,河南省,是,21,否
778952095,阿迪达斯运动休闲春季新款,阿迪达斯,115,135,85,1111,1002,92,超纤皮鞋,EVA轻底,魔术贴鞋,运动休闲,春季新款,50,男,安徽省,是,20,否
621392017,鸿星尔克运动休闲秋季百搭,鸿星尔克,99,99,100,47,2990,96,飞织面料,EVA轻底,系带设计,运动休闲,秋季百搭,51,男,湖北省,是,0,是
405750631,特步男鞋复古潮鞋夏季透气,特步男鞋,122,203,60,37,3765,98,高端飞织,EVA轻底,魔术贴鞋,复古潮鞋,夏季透气,53,女,湖北省,否,12,是
794685094,安踏运动运动休闲四季通用,安踏运动,177,230,77,949,1429,90,布面材质,MD发泡底,松紧带鞋,运动休闲,四季通用,54,女,浙江省,否,13,是
203001385,特步男鞋工装硬朗秋季百搭,特步男鞋,164,202,81,306,2051,90,超纤皮鞋,混合鞋底,套脚款式,工装硬朗,秋季百搭,41,女,河南省,是,13,是
576120786,耐克潮流复古潮鞋四季通用,耐克潮流,154,173,89,870,1359,100,飞织面料,混合鞋底,魔术贴鞋,复古潮鞋,四季通用,59,男,湖北省,是,9,否
146198083,鸿星尔克户外机能四季通用,鸿星尔克,116,138,84,1178,474,97,网布透气,TPR鞋底,松紧带鞋,户外机能,四季通用,61,女,四川省,是,22,否
950484882,李宁休闲运动休闲冬季保暖,李宁休闲,356,659,54,796,466,91,混合材质,MD发泡底,拉链鞋款,运动休闲,冬季保暖,50,男,浙江省,是,20,是
698993782,阿迪达斯日常休闲冬季保暖,阿迪达斯,99,125,79,9,399,90,混合材质,EVA轻底,松紧带鞋,日常休闲,冬季保暖,42,女,河北省,否,21,是
293015150,特步男鞋工装硬朗夏季透气,特步男鞋,164,193,85,808,571,92,合成革鞋,混合鞋底,拉链鞋款,工装硬朗,夏季透气,41,女,湖北省,是,18,否
698345343,斯凯奇潮潮流高街冬季保暖,斯凯奇潮,167,174,96,1418,5251,98,超纤皮鞋,TPR鞋底,拉链鞋款,潮流高街,冬季保暖,53,男,安徽省,否,16,否
214231326,其他品牌运动休闲冬季保暖,其他品牌,253,389,65,229,2333,85,高端飞织,TPR鞋底,拉链鞋款,运动休闲,冬季保暖,47,男,安徽省,是,21,是
830469544,耐克潮流潮流高街秋季百搭,耐克潮流,99,194,51,3889,386,96,超纤皮鞋,MD发泡底,套脚款式,潮流高街,秋季百搭,47,男,浙江省,否,10,否
303862564,安踏运动简约百搭秋季百搭,安踏运动,279,473,59,94,5098,90,超纤皮鞋,MD发泡底,系带设计,简约百搭,秋季百搭,49,男,江苏省,否,19,否
533107336,特步男鞋日常休闲春季新款,特步男鞋,99,143,69,740,2055,96,高端飞织,橡胶大底,套脚款式,日常休闲,春季新款,57,女,河北省,是,20,是
683553546,回力经典复古潮鞋春季新款,回力经典,203,216,94,1075,3161,93,真皮柔软,MD发泡底,套脚款式,复古潮鞋,春季新款,42,女,河南省,是,17,否
637202832,阿迪达斯运动休闲四季通用,阿迪达斯,99,168,59,3462,118,96,高端飞织,EVA轻底,套脚款式,运动休闲,四季通用,46,男,江苏省,否,4,否
743798980,李宁休闲简约百搭秋季百搭,李宁休闲,224,270,83,2290,1140,85,真皮柔软,PU中底,魔术贴鞋,简约百搭,秋季百搭,54,男,山东省,是,4,否
578307196,特步男鞋简约百搭冬季保暖,特步男鞋,220,282,78,259,1822,99,飞织面料,MD发泡底,套脚款式,简约百搭,冬季保暖,42,女,湖北省,否,21,是
309519165,回力经典复古潮鞋夏季透气,回力经典,99,174,57,1328,250,98,高端飞织,EVA轻底,套脚款式,复古潮鞋,夏季透气,53,女,广东省,否,18,否
794291723,阿迪达斯潮流高街冬季保暖,阿迪达斯,176,267,66,36,554,91,网布透气,MD发泡底,套脚款式,潮流高街,冬季保暖,42,女,四川省,否,7,是
562948383,京东京造户外机能四季通用,京东京造,99,103,96,31,338,95,混合材质,MD发泡底,魔术贴鞋,户外机能,四季通用,55,男,安徽省,否,20,是
147443067,耐克潮流潮流高街春季新款,耐克潮流,404,408,99,17,1348,100,飞织面料,橡胶大底,魔术贴鞋,潮流高街,春季新款,46,女,河南省,否,23,是
907678786,安踏运动户外机能秋季百搭,安踏运动,99,162,61,1454,6381,93,网布透气,MD发泡底,拉链鞋款,户外机能,秋季百搭,45,女,广东省,是,20,是
419277329,特步男鞋复古潮鞋四季通用,特步男鞋,188,348,54,60,862,94,高端飞织,橡胶大底,松紧带鞋,复古潮鞋,四季通用,41,女,江苏省,是,8,否
123474470,斯凯奇潮日常休闲冬季保暖,斯凯奇潮,120,145,83,1104,16284,97,真皮柔软,EVA轻底,拉链鞋款,日常休闲,冬季保暖,37,男,山东省,是,7,是
391459051,特步男鞋日常休闲冬季保暖,特步男鞋,167,196,85,4977,2770,97,网布透气,EVA轻底,魔术贴鞋,日常休闲,冬季保暖,44,女,湖北省,是,20,否
209418873,鸿星尔克工装硬朗春季新款,鸿星尔克,99,134,74,153,1065,95,高端飞织,TPR鞋底,系带设计,工装硬朗,春季新款,53,女,湖北省,是,2,是
298187273,李宁休闲简约百搭秋季百搭,李宁休闲,186,224,83,44,358,94,真皮柔软,EVA轻底,松紧带鞋,简约百搭,秋季百搭,51,女,浙江省,是,22,是
242275986,鸿星尔克日常休闲四季通用,鸿星尔克,172,193,89,113,3644,95,合成革鞋,MD发泡底,拉链鞋款,日常休闲,四季通用,43,男,四川省,是,8,是
420195505,京东京造工装硬朗春季新款,京东京造,99,114,87,869,306,95,高端飞织,TPR鞋底,拉链鞋款,工装硬朗,春季新款,38,男,河北省,否,20,是
890827504,耐克潮流简约百搭夏季透气,耐克潮流,99,152,65,8,906,100,混合材质,TPR鞋底,套脚款式,简约百搭,夏季透气,55,男,湖北省,是,2,是
385852709,特步男鞋潮流高街四季通用,特步男鞋,99,105,94,1483,790,98,真皮柔软,TPR鞋底,系带设计,潮流高街,四季通用,60,女,河南省,否,4,是
472739729,李宁休闲复古潮鞋夏季透气,李宁休闲,153,155,99,2326,1313,98,超纤皮鞋,混合鞋底,套脚款式,复古潮鞋,夏季透气,39,男,浙江省,是,3,否
897262569,安踏运动工装硬朗四季通用,安踏运动,218,218,100,98,5142,100,网布透气,EVA轻底,魔术贴鞋,工装硬朗,四季通用,47,女,四川省,是,3,是
517906574,鸿星尔克日常休闲秋季百搭,鸿星尔克,99,111,89,617,220,87,合成革鞋,MD发泡底,魔术贴鞋,日常休闲,秋季百搭,46,男,四川省,是,22,是
135795128,鸿星尔克潮流高街冬季保暖,鸿星尔克,192,259,74,532,10279,97,网布透气,MD发泡底,系带设计,潮流高街,冬季保暖,41,男,广东省,否,23,是
325878355,特步男鞋日常休闲冬季保暖,特步男鞋,99,148,67,2658,4280,95,混合材质,EVA轻底,拉链鞋款,日常休闲,冬季保暖,42,男,河南省,是,17,是
741197304,李宁休闲简约百搭秋季百搭,李宁休闲,143,181,79,34,1232,97,真皮柔软,混合鞋底,魔术贴鞋,简约百搭,秋季百搭,18,男,浙江省,否,17,是
616344775,斯凯奇潮工装硬朗四季通用,斯凯奇潮,99,177,56,333,965,95,布面材质,TPR鞋底,魔术贴鞋,工装硬朗,四季通用,51,男,湖北省,否,9,是
565157934,特步男鞋潮流高街秋季百搭,特步男鞋,464,469,99,1078,1235,91,布面材质,PU中底,拉链鞋款,潮流高街,秋季百搭,43,男,福建省,是,22,否
372898949,回力经典日常休闲四季通用,回力经典,337,535,63,116,1794,97,超纤皮鞋,EVA轻底,松紧带鞋,日常休闲,四季通用,43,男,湖北省,是,20,是
194529853,回力经典简约百搭夏季透气,回力经典,144,215,67,1299,7050,96,布面材质,PU中底,拉链鞋款,简约百搭,夏季透气,48,女,福建省,否,21,是
355960759,鸿星尔克复古潮鞋秋季百搭,鸿星尔克,99,138,72,861,650,91,高端飞织,橡胶大底,拉链鞋款,复古潮鞋,秋季百搭,39,男,安徽省,否,0,否
107333896,鸿星尔克潮流高街四季通用,鸿星尔克,99,104,95,416,2088,92,混合材质,EVA轻底,魔术贴鞋,潮流高街,四季通用,44,男,浙江省,是,19,否
643241555,安踏运动工装硬朗秋季百搭,安踏运动,99,146,68,1102,2763,92,布面材质,MD发泡底,系带设计,工装硬朗,秋季百搭,39,男,浙江省,是,6,是
881853690,李宁休闲复古潮鞋秋季百搭,李宁休闲,99,138,72,1200,234,91,超纤皮鞋,PU中底,魔术贴鞋,复古潮鞋,秋季百搭,53,女,江苏省,否,21,是
252568711,鸿星尔克简约百搭夏季透气,鸿星尔克,254,314,81,502,1417,95,超纤皮鞋,混合鞋底,松紧带鞋,简约百搭,夏季透气,40,男,湖北省,否,3,否
911192224,阿迪达斯复古潮鞋冬季保暖,阿迪达斯,148,170,87,39,817,97,超纤皮鞋,EVA轻底,魔术贴鞋,复古潮鞋,冬季保暖,42,女,湖北省,否,8,否
814497962,回力经典日常休闲四季通用,回力经典,183,195,94,208,602,94,飞织面料,混合鞋底,套脚款式,日常休闲,四季通用,42,男,广东省,是,16,否
570375796,耐克潮流复古潮鞋秋季百搭,耐克潮流,99,139,71,1133,1097,95,真皮柔软,PU中底,魔术贴鞋,复古潮鞋,秋季百搭,48,女,浙江省,是,21,是
738674731,斯凯奇潮运动休闲春季新款,斯凯奇潮,122,200,61,288,8157,86,高端飞织,EVA轻底,系带设计,运动休闲,春季新款,54,女,河南省,是,14,是
189601930,回力经典复古潮鞋四季通用,回力经典,235,237,99,1462,1150,96,飞织面料,EVA轻底,系带设计,复古潮鞋,四季通用,35,女,浙江省,是,23,否
722291066,鸿星尔克潮流高街夏季透气,鸿星尔克,99,198,50,39,4656,97,超纤皮鞋,混合鞋底,魔术贴鞋,潮流高街,夏季透气,49,男,广东省,否,7,否
665321798,特步男鞋户外机能秋季百搭,特步男鞋,112,145,77,973,1491,99,网布透气,EVA轻底,系带设计,户外机能,秋季百搭,35,男,四川省,否,20,否
897708177,李宁休闲简约百搭冬季保暖,李宁休闲,99,187,53,10,420,96,布面材质,橡胶大底,系带设计,简约百搭,冬季保暖,57,女,河北省,否,15,否
378974394,耐克潮流复古潮鞋春季新款,耐克潮流,99,171,58,33,1489,97,高端飞织,MD发泡底,系带设计,复古潮鞋,春季新款,46,女,福建省,是,5,否
264450935,阿迪达斯简约百搭夏季透气,阿迪达斯,182,236,77,3049,156,97,高端飞织,TPR鞋底,松紧带鞋,简约百搭,夏季透气,47,女,安徽省,否,21,是
842251236,其他品牌潮流高街春季新款,其他品牌,99,101,98,39,150,96,布面材质,混合鞋底,松紧带鞋,潮流高街,春季新款,46,女,四川省,否,10,否
291190126,斯凯奇潮日常休闲冬季保暖,斯凯奇潮,104,162,64,1161,1687,94,合成革鞋,PU中底,拉链鞋款,日常休闲,冬季保暖,46,女,四川省,是,23,是
479669936,鸿星尔克简约百搭冬季保暖,鸿星尔克,103,103,100,1462,4245,93,超纤皮鞋,混合鞋底,魔术贴鞋,简约百搭,冬季保暖,53,男,湖北省,是,11,否
712780844,李宁休闲潮流高街春季新款,李宁休闲,241,256,94,10,3853,86,真皮柔软,橡胶大底,套脚款式,潮流高街,春季新款,59,男,江苏省,否,22,是
660957982,安踏运动户外机能春季新款,安踏运动,99,100,99,606,504,94,超纤皮鞋,EVA轻底,魔术贴鞋,户外机能,春季新款,37,女,河南省,是,2,否
498574532,安踏运动工装硬朗夏季透气,安踏运动,99,101,98,25,909,92,真皮柔软,MD发泡底,系带设计,工装硬朗,夏季透气,34,女,湖北省,否,18,是
949810089,京东京造潮流高街秋季百搭,京东京造,285,335,85,1400,47,98,真皮柔软,橡胶大底,松紧带鞋,潮流高街,秋季百搭,41,男,湖北省,是,21,否
783808923,回力经典日常休闲冬季保暖,回力经典,99,160,62,12,1150,90,超纤皮鞋,PU中底,魔术贴鞋,日常休闲,冬季保暖,44,女,福建省,是,23,是
176274358,斯凯奇潮复古潮鞋秋季百搭,斯凯奇潮,103,120,86,3404,132,92,高端飞织,TPR鞋底,魔术贴鞋,复古潮鞋,秋季百搭,54,男,四川省,否,20,是
233012888,其他品牌日常休闲四季通用,其他品牌,202,311,65,38,1043,96,混合材质,混合鞋底,拉链鞋款,日常休闲,四季通用,56,女,河北省,否,12,是
820298844,安踏运动户外机能春季新款,安踏运动,99,101,98,72,299,93,超纤皮鞋,MD发泡底,系带设计,户外机能,春季新款,42,女,浙江省,是,20,是
188232298,特步男鞋潮流高街夏季透气,特步男鞋,99,132,75,944,3463,97,飞织面料,MD发泡底,魔术贴鞋,潮流高街,夏季透气,48,女,湖北省,是,21,是
761837815,回力经典户外机能冬季保暖,回力经典,99,152,65,5,3090,97,合成革鞋,EVA轻底,松紧带鞋,户外机能,冬季保暖,49,女,湖北省,是,23,是
528927607,鸿星尔克简约百搭秋季百搭,鸿星尔克,118,182,65,910,2593,90,合成革鞋,MD发泡底,魔术贴鞋,简约百搭,秋季百搭,41,女,湖北省,否,15,否
778505481,鸿星尔克运动休闲夏季透气,鸿星尔克,516,956,54,994,345,95,网布透气,橡胶大底,松紧带鞋,运动休闲,夏季透气,37,男,河南省,是,6,否
522774895,特步男鞋简约百搭春季新款,特步男鞋,101,101,100,1314,133,90,混合材质,MD发泡底,拉链鞋款,简约百搭,春季新款,55,女,山东省,是,12,是
408389220,斯凯奇潮户外机能夏季透气,斯凯奇潮,173,219,79,3193,1665,96,混合材质,橡胶大底,套脚款式,户外机能,夏季透气,60,女,安徽省,是,23,是
833166795,京东京造简约百搭四季通用,京东京造,186,300,62,690,514,94,高端飞织,MD发泡底,套脚款式,简约百搭,四季通用,37,女,河南省,是,7,否
226521294,斯凯奇潮复古潮鞋夏季透气,斯凯奇潮,131,144,91,617,979,95,混合材质,TPR鞋底,套脚款式,复古潮鞋,夏季透气,61,女,山东省,否,23,否
348646028,李宁休闲户外机能四季通用,李宁休闲,189,262,72,1473,965,93,超纤皮鞋,EVA轻底,松紧带鞋,户外机能,四季通用,54,男,河北省,是,16,是
286477574,耐克潮流潮流高街夏季透气,耐克潮流,280,549,51,2311,173,92,超纤皮鞋,TPR鞋底,魔术贴鞋,潮流高街,夏季透气,58,男,广东省,否,17,是
864941064,京东京造工装硬朗秋季百搭,京东京造,151,201,75,1496,626,92,超纤皮鞋,橡胶大底,拉链鞋款,工装硬朗,秋季百搭,50,女,福建省,是,23,否
242784894,安踏运动复古潮鞋春季新款,安踏运动,168,280,60,508,592,92,布面材质,TPR鞋底,系带设计,复古潮鞋,春季新款,43,男,福建省,否,4,是
209594009,安踏运动日常休闲四季通用,安踏运动,99,112,88,1159,1733,88,混合材质,EVA轻底,套脚款式,日常休闲,四季通用,55,女,河南省,否,1,是
682198432,其他品牌户外机能四季通用,其他品牌,347,377,92,1314,742,96,飞织面料,橡胶大底,系带设计,户外机能,四季通用,54,男,山东省,否,3,否
331312001,安踏运动日常休闲冬季保暖,安踏运动,181,318,57,17,498,100,超纤皮鞋,混合鞋底,套脚款式,日常休闲,冬季保暖,50,男,四川省,是,13,否
255965425,特步男鞋运动休闲夏季透气,特步男鞋,219,226,97,4453,1796,94,超纤皮鞋,EVA轻底,套脚款式,运动休闲,夏季透气,48,男,浙江省,是,4,是
482686792,耐克潮流运动休闲秋季百搭,耐克潮流,99,105,94,779,1233,91,超纤皮鞋,PU中底,魔术贴鞋,运动休闲,秋季百搭,40,女,山东省,是,9,是
873157462,安踏运动日常休闲秋季百搭,安踏运动,99,104,95,683,2190,92,合成革鞋,橡胶大底,松紧带鞋,日常休闲,秋季百搭,53,男,安徽省,否,15,否
506795618,鸿星尔克潮流高街四季通用,鸿星尔克,140,165,85,664,539,99,高端飞织,混合鞋底,系带设计,潮流高街,四季通用,61,女,广东省,是,9,是
901699310,回力经典复古潮鞋四季通用,回力经典,317,598,53,385,2154,91,超纤皮鞋,EVA轻底,系带设计,复古潮鞋,四季通用,40,男,江苏省,否,7,是
168968176,其他品牌日常休闲四季通用,其他品牌,160,225,71,4126,83,94,网布透气,EVA轻底,松紧带鞋,日常休闲,四季通用,32,女,四川省,否,2,是
901636063,鸿星尔克日常休闲春季新款,鸿星尔克,143,220,65,10,416,95,飞织面料,MD发泡底,拉链鞋款,日常休闲,春季新款,55,女,湖北省,否,10,否
722617737,回力经典复古潮鞋冬季保暖,回力经典,99,112,88,1441,268,94,混合材质,MD发泡底,套脚款式,复古潮鞋,冬季保暖,43,男,安徽省,是,1,否
995272800,其他品牌运动休闲冬季保暖,其他品牌,99,155,64,991,1757,94,合成革鞋,EVA轻底,魔术贴鞋,运动休闲,冬季保暖,65,男,河北省,否,21,是
275564537,李宁休闲工装硬朗春季新款,李宁休闲,99,122,81,994,398,97,高端飞织,PU中底,拉链鞋款,工装硬朗,春季新款,36,女,湖北省,否,22,否
181436130,耐克潮流户外机能秋季百搭,耐克潮流,106,147,72,4382,2093,85,超纤皮鞋,PU中底,松紧带鞋,户外机能,秋季百搭,39,男,安徽省,否,22,是
111595590,鸿星尔克潮流高街秋季百搭,鸿星尔克,176,275,64,1197,1571,96,网布透气,PU中底,松紧带鞋,潮流高街,秋季百搭,46,女,湖北省,否,4,否
662028959,回力经典户外机能夏季透气,回力经典,99,130,76,880,121,93,布面材质,混合鞋底,拉链鞋款,户外机能,夏季透气,46,女,四川省,是,17,否
183411280,其他品牌潮流高街春季新款,其他品牌,110,190,58,297,2016,95,超纤皮鞋,EVA轻底,套脚款式,潮流高街,春季新款,36,女,湖北省,是,23,是
506201070,京东京造工装硬朗冬季保暖,京东京造,138,197,70,40,3240,96,超纤皮鞋,EVA轻底,魔术贴鞋,工装硬朗,冬季保暖,44,女,广东省,是,16,是
743347414,其他品牌运动休闲四季通用,其他品牌,148,168,88,736,2688,92,真皮柔软,EVA轻底,系带设计,运动休闲,四季通用,39,女,河北省,否,0,否
613049065,鸿星尔克日常休闲秋季百搭,鸿星尔克,317,547,58,323,2502,94,高端飞织,MD发泡底,拉链鞋款,日常休闲,秋季百搭,55,男,福建省,是,10,是
865456188,京东京造日常休闲春季新款,京东京造,99,136,73,31,2901,86,合成革鞋,TPR鞋底,松紧带鞋,日常休闲,春季新款,55,女,安徽省,是,20,否
129891318,耐克潮流运动休闲夏季透气,耐克潮流,491,614,80,17,863,95,网布透气,EVA轻底,魔术贴鞋,运动休闲,夏季透气,19,男,福建省,是,4,是
945036949,斯凯奇潮日常休闲夏季透气,斯凯奇潮,99,136,73,523,221,87,网布透气,EVA轻底,系带设计,日常休闲,夏季透气,47,女,山东省,否,8,是
925976634,其他品牌潮流高街春季新款,其他品牌,122,152,80,692,1439,94,布面材质,橡胶大底,系带设计,潮流高街,春季新款,41,男,河南省,否,2,否
730619688,阿迪达斯潮流高街秋季百搭,阿迪达斯,99,99,100,61,345,98,飞织面料,EVA轻底,拉链鞋款,潮流高街,秋季百搭,40,男,安徽省,是,11,是
952760554,京东京造运动休闲秋季百搭,京东京造,99,129,77,3171,415,95,真皮柔软,橡胶大底,松紧带鞋,运动休闲,秋季百搭,41,男,山东省,是,10,否
429031228,斯凯奇潮复古潮鞋四季通用,斯凯奇潮,237,354,67,627,909,89,混合材质,橡胶大底,拉链鞋款,复古潮鞋,四季通用,43,女,山东省,否,17,否
254813921,其他品牌运动休闲春季新款,其他品牌,208,234,89,49,4922,100,网布透气,MD发泡底,套脚款式,运动休闲,春季新款,49,女,广东省,否,7,否
757623241,阿迪达斯日常休闲夏季透气,阿迪达斯,286,314,91,665,1117,93,真皮柔软,TPR鞋底,拉链鞋款,日常休闲,夏季透气,23,女,江苏省,是,21,是
229714271,特步男鞋复古潮鞋夏季透气,特步男鞋,286,308,93,1305,1555,95,高端飞织,EVA轻底,魔术贴鞋,复古潮鞋,夏季透气,54,男,浙江省,是,22,是
274658823,安踏运动户外机能秋季百搭,安踏运动,99,139,71,15,1323,92,混合材质,PU中底,魔术贴鞋,户外机能,秋季百搭,36,男,河北省,是,18,否
489518769,阿迪达斯潮流高街秋季百搭,阿迪达斯,307,539,57,751,11283,90,合成革鞋,EVA轻底,套脚款式,潮流高街,秋季百搭,38,男,河北省,是,18,是
808916945,鸿星尔克潮流高街春季新款,鸿星尔克,136,227,60,4690,541,91,飞织面料,MD发泡底,拉链鞋款,潮流高街,春季新款,48,男,河北省,否,4,是
318744366,鸿星尔克运动休闲四季通用,鸿星尔克,395,520,76,631,780,90,飞织面料,橡胶大底,松紧带鞋,运动休闲,四季通用,42,女,福建省,是,13,否
463898549,耐克潮流复古潮鞋春季新款,耐克潮流,137,151,91,2290,434,94,混合材质,混合鞋底,魔术贴鞋,复古潮鞋,春季新款,50,女,江苏省,否,23,否
364577848,阿迪达斯户外机能春季新款,阿迪达斯,142,156,91,371,337,97,混合材质,混合鞋底,系带设计,户外机能,春季新款,39,女,湖北省,是,22,否
263916364,回力经典户外机能冬季保暖,回力经典,99,155,64,2850,8641,90,高端飞织,PU中底,魔术贴鞋,户外机能,冬季保暖,44,女,广东省,否,20,是
200955546,耐克潮流工装硬朗秋季百搭,耐克潮流,137,199,69,1376,2161,96,合成革鞋,橡胶大底,松紧带鞋,工装硬朗,秋季百搭,40,男,山东省,是,20,否
197325970,李宁休闲运动休闲冬季保暖,李宁休闲,209,218,96,1492,795,92,飞织面料,PU中底,拉链鞋款,运动休闲,冬季保暖,37,女,福建省,否,22,是
224863030,回力经典运动休闲冬季保暖,回力经典,172,174,99,1164,1659,94,混合材质,MD发泡底,魔术贴鞋,运动休闲,冬季保暖,39,女,安徽省,否,19,是
633086387,阿迪达斯日常休闲春季新款,阿迪达斯,99,152,65,33,280,100,飞织面料,混合鞋底,系带设计,日常休闲,春季新款,46,女,四川省,是,3,否
876070203,李宁休闲运动休闲冬季保暖,李宁休闲,159,289,55,3679,789,100,混合材质,橡胶大底,拉链鞋款,运动休闲,冬季保暖,51,女,湖北省,是,22,否
242008641,斯凯奇潮简约百搭四季通用,斯凯奇潮,99,155,64,40,762,95,飞织面料,PU中底,松紧带鞋,简约百搭,四季通用,59,男,湖北省,是,13,是
893917076,其他品牌户外机能春季新款,其他品牌,99,114,87,2349,1326,91,高端飞织,EVA轻底,松紧带鞋,户外机能,春季新款,55,女,湖北省,否,14,否
420451737,阿迪达斯复古潮鞋冬季保暖,阿迪达斯,108,133,81,1235,419,94,高端飞织,PU中底,魔术贴鞋,复古潮鞋,冬季保暖,53,女,福建省,是,11,否
887562405,其他品牌户外机能夏季透气,其他品牌,99,112,88,1269,3136,97,布面材质,TPR鞋底,松紧带鞋,户外机能,夏季透气,38,女,山东省,是,10,是
498061052,回力经典潮流高街冬季保暖,回力经典,152,185,82,327,16803,100,网布透气,PU中底,套脚款式,潮流高街,冬季保暖,44,男,安徽省,否,18,是
141330088,回力经典简约百搭秋季百搭,回力经典,174,200,87,1453,5570,98,飞织面料,TPR鞋底,系带设计,简约百搭,秋季百搭,38,男,安徽省,否,21,否
902524598,京东京造潮流高街春季新款,京东京造,161,209,77,1404,638,95,布面材质,橡胶大底,拉链鞋款,潮流高街,春季新款,46,男,河南省,否,20,是
656280744,京东京造简约百搭秋季百搭,京东京造,179,197,91,1223,267,95,飞织面料,MD发泡底,魔术贴鞋,简约百搭,秋季百搭,49,男,河北省,是,13,否
480130494,其他品牌简约百搭四季通用,其他品牌,100,175,57,597,596,86,飞织面料,MD发泡底,套脚款式,简约百搭,四季通用,61,男,湖北省,否,23,是
228397556,阿迪达斯运动休闲夏季透气,阿迪达斯,143,188,76,21,1153,98,布面材质,EVA轻底,松紧带鞋,运动休闲,夏季透气,45,女,山东省,否,9,是
849736647,阿迪达斯简约百搭秋季百搭,阿迪达斯,262,514,51,1044,1679,87,网布透气,EVA轻底,松紧带鞋,简约百搭,秋季百搭,46,女,四川省,是,11,是
360273649,斯凯奇潮工装硬朗四季通用,斯凯奇潮,168,329,51,41,2056,91,合成革鞋,橡胶大底,魔术贴鞋,工装硬朗,四季通用,45,男,浙江省,是,5,否
671406876,斯凯奇潮运动休闲冬季保暖,斯凯奇潮,252,293,86,42,2601,92,超纤皮鞋,混合鞋底,系带设计,运动休闲,冬季保暖,39,女,浙江省,是,18,否
809766329,斯凯奇潮运动休闲夏季透气,斯凯奇潮,173,173,100,50,277,97,超纤皮鞋,橡胶大底,魔术贴鞋,运动休闲,夏季透气,30,男,河北省,是,21,否
652802290,李宁休闲潮流高街四季通用,李宁休闲,110,133,83,169,8239,95,飞织面料,混合鞋底,松紧带鞋,潮流高街,四季通用,43,男,浙江省,是,18,否
152333925,斯凯奇潮运动休闲四季通用,斯凯奇潮,99,143,69,24,539,98,网布透气,橡胶大底,魔术贴鞋,运动休闲,四季通用,43,男,安徽省,是,4,否
149683855,阿迪达斯潮流高街夏季透气,阿迪达斯,99,180,55,1380,765,96,网布透气,TPR鞋底,松紧带鞋,潮流高街,夏季透气,34,女,河南省,是,21,是
155692779,京东京造户外机能春季新款,京东京造,129,130,99,2192,939,92,混合材质,橡胶大底,套脚款式,户外机能,春季新款,52,男,河北省,否,18,是
260604030,鸿星尔克复古潮鞋夏季透气,鸿星尔克,437,643,68,1025,371,86,高端飞织,MD发泡底,松紧带鞋,复古潮鞋,夏季透气,53,男,福建省,否,2,否
591388803,阿迪达斯潮流高街四季通用,阿迪达斯,99,194,51,15,5078,94,网布透气,橡胶大底,套脚款式,潮流高街,四季通用,46,男,山东省,否,22,是
123075378,京东京造简约百搭四季通用,京东京造,99,141,70,122,1611,93,超纤皮鞋,MD发泡底,魔术贴鞋,简约百搭,四季通用,47,男,山东省,否,4,是
691487994,回力经典复古潮鞋冬季保暖,回力经典,99,190,52,1444,125,96,合成革鞋,TPR鞋底,魔术贴鞋,复古潮鞋,冬季保暖,52,女,福建省,否,23,否
617284590,京东京造运动休闲四季通用,京东京造,213,254,84,773,1133,97,高端飞织,混合鞋底,套脚款式,运动休闲,四季通用,62,男,四川省,否,12,是
189851383,其他品牌简约百搭四季通用,其他品牌,99,104,95,1275,11343,93,高端飞织,PU中底,拉链鞋款,简约百搭,四季通用,45,女,浙江省,是,20,否
294204824,特步男鞋简约百搭冬季保暖,特步男鞋,287,486,59,19,4108,97,合成革鞋,MD发泡底,系带设计,简约百搭,冬季保暖,52,男,山东省,否,3,是
491062075,特步男鞋简约百搭冬季保暖,特步男鞋,99,139,71,1135,1411,95,高端飞织,TPR鞋底,拉链鞋款,简约百搭,冬季保暖,45,女,安徽省,否,23,否
654983830,安踏运动复古潮鞋秋季百搭,安踏运动,99,127,78,1056,343,100,飞织面料,PU中底,松紧带鞋,复古潮鞋,秋季百搭,40,女,浙江省,否,14,否
305184308,鸿星尔克户外机能冬季保暖,鸿星尔克,136,247,55,1216,2272,95,飞织面料,MD发泡底,松紧带鞋,户外机能,冬季保暖,55,男,河北省,是,0,否
557271694,安踏运动复古潮鞋冬季保暖,安踏运动,101,171,59,839,1160,91,高端飞织,EVA轻底,拉链鞋款,复古潮鞋,冬季保暖,41,男,湖北省,是,2,否
747237946,耐克潮流简约百搭春季新款,耐克潮流,99,111,89,547,1160,92,飞织面料,MD发泡底,套脚款式,简约百搭,春季新款,42,男,江苏省,是,0,否
639073919,其他品牌潮流高街秋季百搭,其他品牌,99,112,88,1230,753,96,真皮柔软,混合鞋底,魔术贴鞋,潮流高街,秋季百搭,48,男,江苏省,是,3,否
361222301,特步男鞋工装硬朗夏季透气,特步男鞋,106,109,97,244,664,97,高端飞织,EVA轻底,魔术贴鞋,工装硬朗,夏季透气,38,男,江苏省,否,4,否
794707414,京东京造运动休闲四季通用,京东京造,139,267,52,1103,240,92,超纤皮鞋,混合鞋底,套脚款式,运动休闲,四季通用,44,男,山东省,是,18,否
128183351,鸿星尔克户外机能夏季透气,鸿星尔克,169,171,99,857,3556,94,合成革鞋,PU中底,套脚款式,户外机能,夏季透气,55,女,安徽省,否,20,是
319211456,阿迪达斯潮流高街春季新款,阿迪达斯,214,289,74,1339,921,90,混合材质,橡胶大底,系带设计,潮流高街,春季新款,55,男,河北省,是,16,是
879229033,斯凯奇潮日常休闲秋季百搭,斯凯奇潮,99,115,86,1010,395,99,超纤皮鞋,橡胶大底,松紧带鞋,日常休闲,秋季百搭,42,男,安徽省,是,4,是
655261120,鸿星尔克运动休闲秋季百搭,鸿星尔克,394,773,51,951,138,90,真皮柔软,TPR鞋底,拉链鞋款,运动休闲,秋季百搭,44,男,河南省,否,16,是
890497118,安踏运动户外机能四季通用,安踏运动,357,576,62,53,1533,100,真皮柔软,PU中底,套脚款式,户外机能,四季通用,48,男,福建省,否,22,是
174207379,安踏运动运动休闲春季新款,安踏运动,99,114,87,4249,835,90,网布透气,混合鞋底,拉链鞋款,运动休闲,春季新款,44,男,山东省,是,5,否
911218317,李宁休闲复古潮鞋夏季透气,李宁休闲,178,278,64,1022,1037,93,混合材质,MD发泡底,系带设计,复古潮鞋,夏季透气,38,男,江苏省,否,2,否
698331245,其他品牌日常休闲秋季百搭,其他品牌,179,351,51,2051,1501,85,混合材质,MD发泡底,套脚款式,日常休闲,秋季百搭,55,男,浙江省,是,9,是
340648389,阿迪达斯工装硬朗冬季保暖,阿迪达斯,132,181,73,1104,18620,94,飞织面料,MD发泡底,套脚款式,工装硬朗,冬季保暖,33,男,河北省,是,17,是
589355131,李宁休闲日常休闲冬季保暖,李宁休闲,122,145,84,178,2951,89,飞织面料,MD发泡底,松紧带鞋,日常休闲,冬季保暖,51,男,山东省,是,18,是
649729851,安踏运动户外机能四季通用,安踏运动,99,160,62,782,2865,86,飞织面料,PU中底,套脚款式,户外机能,四季通用,49,男,河北省,是,6,是
310063102,特步男鞋复古潮鞋夏季透气,特步男鞋,99,183,54,1286,789,93,混合材质,MD发泡底,系带设计,复古潮鞋,夏季透气,50,男,浙江省,否,7,否
375933144,李宁休闲户外机能夏季透气,李宁休闲,99,105,94,2652,769,95,超纤皮鞋,混合鞋底,套脚款式,户外机能,夏季透气,60,女,江苏省,是,8,否
390909569,特步男鞋简约百搭四季通用,特步男鞋,260,265,98,3678,176,92,混合材质,MD发泡底,魔术贴鞋,简约百搭,四季通用,42,男,河南省,是,21,是
865063805,京东京造运动休闲夏季透气,京东京造,126,180,70,236,1792,90,合成革鞋,PU中底,系带设计,运动休闲,夏季透气,47,女,河北省,是,23,否
149857409,回力经典日常休闲秋季百搭,回力经典,99,190,52,1150,182,96,飞织面料,PU中底,松紧带鞋,日常休闲,秋季百搭,37,男,河南省,否,11,否
341245776,特步男鞋潮流高街秋季百搭,特步男鞋,99,162,61,338,834,93,超纤皮鞋,混合鞋底,套脚款式,潮流高街,秋季百搭,46,男,河北省,否,17,否
202956034,其他品牌运动休闲四季通用,其他品牌,115,183,63,286,2065,91,真皮柔软,TPR鞋底,拉链鞋款,运动休闲,四季通用,56,男,河南省,是,18,否
343720546,鸿星尔克潮流高街冬季保暖,鸿星尔克,102,102,100,924,1398,100,网布透气,混合鞋底,魔术贴鞋,潮流高街,冬季保暖,51,男,广东省,否,13,否
458492103,阿迪达斯日常休闲春季新款,阿迪达斯,149,175,85,1272,1512,92,超纤皮鞋,TPR鞋底,系带设计,日常休闲,春季新款,41,男,四川省,是,6,否
720809473,阿迪达斯日常休闲冬季保暖,阿迪达斯,99,177,56,195,1636,96,飞织面料,橡胶大底,魔术贴鞋,日常休闲,冬季保暖,51,男,安徽省,是,23,否
316308061,阿迪达斯潮流高街四季通用,阿迪达斯,99,118,84,1370,195,100,网布透气,TPR鞋底,系带设计,潮流高街,四季通用,42,男,安徽省,否,1,是
101938059,鸿星尔克日常休闲冬季保暖,鸿星尔克,99,146,68,37,3884,97,飞织面料,PU中底,系带设计,日常休闲,冬季保暖,50,男,安徽省,否,20,否
829515929,其他品牌日常休闲春季新款,其他品牌,233,307,76,43,1441,91,网布透气,MD发泡底,套脚款式,日常休闲,春季新款,41,男,湖北省,是,3,是
660140235,回力经典工装硬朗秋季百搭,回力经典,305,418,73,362,805,90,网布透气,橡胶大底,松紧带鞋,工装硬朗,秋季百搭,57,男,浙江省,是,3,否
171072584,李宁休闲工装硬朗四季通用,李宁休闲,282,448,63,22,3273,94,飞织面料,PU中底,拉链鞋款,工装硬朗,四季通用,61,男,安徽省,否,5,否
297020290,斯凯奇潮运动休闲春季新款,斯凯奇潮,180,265,68,481,185,94,网布透气,TPR鞋底,套脚款式,运动休闲,春季新款,62,男,山东省,是,23,否
697838190,阿迪达斯工装硬朗春季新款,阿迪达斯,99,136,73,47,644,94,飞织面料,MD发泡底,松紧带鞋,工装硬朗,春季新款,59,女,湖北省,是,21,否
522037426,特步男鞋潮流高街夏季透气,特步男鞋,288,543,53,251,679,94,高端飞织,PU中底,魔术贴鞋,潮流高街,夏季透气,48,男,河南省,是,21,是
108758631,斯凯奇潮工装硬朗秋季百搭,斯凯奇潮,225,259,87,335,139,92,高端飞织,橡胶大底,松紧带鞋,工装硬朗,秋季百搭,55,男,浙江省,是,15,是
272914953,其他品牌户外机能冬季保暖,其他品牌,269,320,84,1077,698,93,合成革鞋,PU中底,套脚款式,户外机能,冬季保暖,48,男,四川省,是,22,否
972193728,阿迪达斯简约百搭秋季百搭,阿迪达斯,99,121,82,1383,6741,97,超纤皮鞋,橡胶大底,魔术贴鞋,简约百搭,秋季百搭,47,女,山东省,是,4,否
183848440,李宁休闲运动休闲冬季保暖,李宁休闲,112,207,54,3776,854,92,布面材质,PU中底,松紧带鞋,运动休闲,冬季保暖,47,女,河北省,是,2,是
351499924,阿迪达斯潮流高街春季新款,阿迪达斯,162,186,87,759,462,97,布面材质,EVA轻底,系带设计,潮流高街,春季新款,41,女,山东省,是,8,是
488310350,特步男鞋复古潮鞋冬季保暖,特步男鞋,211,414,51,130,1650,92,高端飞织,TPR鞋底,系带设计,复古潮鞋,冬季保暖,53,女,河北省,是,12,是
391374674,鸿星尔克户外机能夏季透气,鸿星尔克,99,174,57,4702,3013,86,超纤皮鞋,橡胶大底,魔术贴鞋,户外机能,夏季透气,38,女,浙江省,否,12,否
879866588,京东京造复古潮鞋冬季保暖,京东京造,140,187,75,1115,947,94,混合材质,MD发泡底,拉链鞋款,复古潮鞋,冬季保暖,53,女,河北省,是,12,是
658092074,其他品牌日常休闲冬季保暖,其他品牌,161,183,88,1062,155,97,网布透气,MD发泡底,魔术贴鞋,日常休闲,冬季保暖,59,男,湖北省,否,21,否
527149458,李宁休闲简约百搭夏季透气,李宁休闲,125,240,52,4479,623,93,高端飞织,TPR鞋底,系带设计,简约百搭,夏季透气,52,男,山东省,否,9,是
466621312,安踏运动潮流高街夏季透气,安踏运动,99,160,62,993,6279,99,布面材质,混合鞋底,套脚款式,潮流高街,夏季透气,56,女,浙江省,否,16,是
175423252,特步男鞋工装硬朗春季新款,特步男鞋,120,135,89,806,2014,99,布面材质,PU中底,魔术贴鞋,工装硬朗,春季新款,57,男,湖北省,否,17,是
112849067,其他品牌工装硬朗四季通用,其他品牌,99,165,60,26,1032,92,合成革鞋,MD发泡底,魔术贴鞋,工装硬朗,四季通用,48,女,四川省,否,8,是
124427513,鸿星尔克运动休闲冬季保暖,鸿星尔克,160,242,66,739,2173,91,飞织面料,TPR鞋底,拉链鞋款,运动休闲,冬季保暖,39,女,河北省,是,19,是
894309469,安踏运动简约百搭冬季保暖,安踏运动,220,310,71,27,4631,100,飞织面料,橡胶大底,魔术贴鞋,简约百搭,冬季保暖,50,男,山东省,是,20,是
113915984,回力经典日常休闲秋季百搭,回力经典,99,162,61,22,11532,91,合成革鞋,橡胶大底,松紧带鞋,日常休闲,秋季百搭,49,女,山东省,否,8,是
654442547,阿迪达斯日常休闲春季新款,阿迪达斯,161,282,57,909,708,90,超纤皮鞋,TPR鞋底,系带设计,日常休闲,春季新款,47,女,广东省,否,5,否
560284079,京东京造复古潮鞋冬季保暖,京东京造,119,159,75,19,567,93,网布透气,EVA轻底,魔术贴鞋,复古潮鞋,冬季保暖,59,女,四川省,否,17,是
409669826,其他品牌户外机能秋季百搭,其他品牌,210,228,92,891,1162,97,真皮柔软,PU中底,套脚款式,户外机能,秋季百搭,45,女,浙江省,否,23,是
381864460,鸿星尔克运动休闲四季通用,鸿星尔克,150,254,59,742,362,96,真皮柔软,EVA轻底,系带设计,运动休闲,四季通用,42,男,湖北省,否,8,是
932338123,安踏运动工装硬朗夏季透气,安踏运动,117,133,88,10,2004,94,混合材质,橡胶大底,松紧带鞋,工装硬朗,夏季透气,59,女,四川省,是,4,否
897377827,斯凯奇潮运动休闲四季通用,斯凯奇潮,99,146,68,1149,372,94,高端飞织,MD发泡底,系带设计,运动休闲,四季通用,46,男,河南省,否,6,是
480832524,安踏运动复古潮鞋冬季保暖,安踏运动,155,254,61,667,196,91,混合材质,TPR鞋底,松紧带鞋,复古潮鞋,冬季保暖,40,女,安徽省,是,13,否
484875768,特步男鞋工装硬朗四季通用,特步男鞋,303,452,67,964,1517,94,超纤皮鞋,PU中底,套脚款式,工装硬朗,四季通用,58,女,河北省,否,20,是
594238061,李宁休闲潮流高街冬季保暖,李宁休闲,99,160,62,120,475,93,超纤皮鞋,PU中底,拉链鞋款,潮流高街,冬季保暖,53,女,河北省,是,15,否
453688524,鸿星尔克复古潮鞋冬季保暖,鸿星尔克,99,157,63,1391,2066,92,超纤皮鞋,橡胶大底,松紧带鞋,复古潮鞋,冬季保暖,39,男,湖北省,否,23,否
509636334,鸿星尔克运动休闲秋季百搭,鸿星尔克,136,162,84,327,3718,90,飞织面料,混合鞋底,松紧带鞋,运动休闲,秋季百搭,61,男,河南省,否,20,是
722725739,特步男鞋户外机能夏季透气,特步男鞋,99,132,75,4566,1835,92,超纤皮鞋,TPR鞋底,系带设计,户外机能,夏季透气,44,女,河北省,否,15,是
751594034,鸿星尔克简约百搭冬季保暖,鸿星尔克,241,395,61,581,601,92,飞织面料,橡胶大底,套脚款式,简约百搭,冬季保暖,65,女,河北省,否,23,是
139053512,耐克潮流户外机能春季新款,耐克潮流,227,291,78,27,179,91,布面材质,TPR鞋底,拉链鞋款,户外机能,春季新款,51,女,浙江省,是,7,是
633055769,阿迪达斯简约百搭秋季百搭,阿迪达斯,115,135,85,1488,404,99,布面材质,混合鞋底,松紧带鞋,简约百搭,秋季百搭,64,男,安徽省,否,16,是
642910190,京东京造户外机能四季通用,京东京造,179,186,96,175,8983,91,混合材质,TPR鞋底,系带设计,户外机能,四季通用,61,女,江苏省,是,20,是
969277266,耐克潮流潮流高街冬季保暖,耐克潮流,134,165,81,4289,4370,90,合成革鞋,MD发泡底,魔术贴鞋,潮流高街,冬季保暖,40,女,河北省,否,18,是
103594079,李宁休闲日常休闲夏季透气,李宁休闲,250,403,62,806,1711,88,超纤皮鞋,EVA轻底,松紧带鞋,日常休闲,夏季透气,44,女,浙江省,是,4,否
386068288,特步男鞋潮流高街夏季透气,特步男鞋,171,204,84,1186,177,94,合成革鞋,PU中底,松紧带鞋,潮流高街,夏季透气,63,男,广东省,否,7,否
763468442,回力经典潮流高街夏季透气,回力经典,99,112,88,4760,1051,96,超纤皮鞋,TPR鞋底,套脚款式,潮流高街,夏季透气,33,女,河南省,否,15,否
521474642,京东京造复古潮鞋秋季百搭,京东京造,312,332,94,222,1921,98,布面材质,EVA轻底,松紧带鞋,复古潮鞋,秋季百搭,55,男,浙江省,否,21,否
562502224,耐克潮流复古潮鞋冬季保暖,耐克潮流,99,146,68,4542,5134,96,超纤皮鞋,橡胶大底,松紧带鞋,复古潮鞋,冬季保暖,46,女,广东省,否,19,否
972580505,斯凯奇潮日常休闲夏季透气,斯凯奇潮,99,112,88,816,529,92,合成革鞋,EVA轻底,拉链鞋款,日常休闲,夏季透气,23,男,河北省,是,13,是
852148860,其他品牌日常休闲春季新款,其他品牌,143,161,89,4251,185,97,合成革鞋,PU中底,松紧带鞋,日常休闲,春季新款,46,男,浙江省,是,21,是
449311227,回力经典潮流高街夏季透气,回力经典,99,124,80,718,2818,92,超纤皮鞋,MD发泡底,拉链鞋款,潮流高街,夏季透气,45,女,浙江省,是,23,否
434823240,李宁休闲运动休闲四季通用,李宁休闲,156,274,57,41,1320,93,高端飞织,橡胶大底,系带设计,运动休闲,四季通用,36,女,四川省,是,19,否
590639886,鸿星尔克日常休闲冬季保暖,鸿星尔克,99,198,50,805,694,98,飞织面料,混合鞋底,松紧带鞋,日常休闲,冬季保暖,61,女,江苏省,否,14,否
837382200,回力经典工装硬朗冬季保暖,回力经典,136,252,54,1252,252,97,真皮柔软,橡胶大底,松紧带鞋,工装硬朗,冬季保暖,41,男,浙江省,否,13,否
115187903,京东京造复古潮鞋冬季保暖,京东京造,118,128,92,382,121,93,高端飞织,橡胶大底,魔术贴鞋,复古潮鞋,冬季保暖,42,女,安徽省,否,11,否
720628927,阿迪达斯工装硬朗冬季保暖,阿迪达斯,161,256,63,1030,1508,91,布面材质,EVA轻底,拉链鞋款,工装硬朗,冬季保暖,44,女,湖北省,否,12,是
595962143,其他品牌工装硬朗秋季百搭,其他品牌,441,474,93,30,1179,94,网布透气,橡胶大底,套脚款式,工装硬朗,秋季百搭,38,男,山东省,是,8,是
997030152,安踏运动复古潮鞋四季通用,安踏运动,99,116,85,4627,1702,95,超纤皮鞋,MD发泡底,魔术贴鞋,复古潮鞋,四季通用,50,女,河南省,否,21,否
786715305,李宁休闲工装硬朗秋季百搭,李宁休闲,99,130,76,463,7003,91,真皮柔软,EVA轻底,松紧带鞋,工装硬朗,秋季百搭,38,女,浙江省,是,14,是
352833617,耐克潮流复古潮鞋冬季保暖,耐克潮流,99,100,99,1087,1985,100,飞织面料,EVA轻底,魔术贴鞋,复古潮鞋,冬季保暖,55,男,湖北省,否,23,否
787545267,其他品牌复古潮鞋秋季百搭,其他品牌,99,162,61,414,10324,89,合成革鞋,混合鞋底,魔术贴鞋,复古潮鞋,秋季百搭,18,男,河北省,否,22,是
644501463,斯凯奇潮日常休闲秋季百搭,斯凯奇潮,99,99,100,3503,940,92,高端飞织,TPR鞋底,魔术贴鞋,日常休闲,秋季百搭,43,男,河北省,否,5,否
987527342,阿迪达斯户外机能冬季保暖,阿迪达斯,298,596,50,465,504,92,超纤皮鞋,EVA轻底,魔术贴鞋,户外机能,冬季保暖,48,男,山东省,是,22,是
325753989,特步男鞋户外机能夏季透气,特步男鞋,194,308,63,3535,156,90,混合材质,混合鞋底,套脚款式,户外机能,夏季透气,47,女,浙江省,是,14,是
920462766,特步男鞋潮流高街冬季保暖,特步男鞋,99,119,83,6,541,100,混合材质,橡胶大底,系带设计,潮流高街,冬季保暖,45,男,浙江省,是,22,否
440980607,李宁休闲运动休闲秋季百搭,李宁休闲,99,125,79,835,410,90,布面材质,TPR鞋底,拉链鞋款,运动休闲,秋季百搭,46,女,江苏省,是,1,否
701936088,李宁休闲潮流高街四季通用,李宁休闲,129,157,82,895,189,90,合成革鞋,橡胶大底,系带设计,潮流高街,四季通用,51,男,安徽省,是,12,是
902868416,特步男鞋日常休闲夏季透气,特步男鞋,116,120,97,7,2214,95,真皮柔软,橡胶大底,松紧带鞋,日常休闲,夏季透气,54,女,广东省,否,8,是
247475048,耐克潮流工装硬朗春季新款,耐克潮流,113,138,82,4343,499,86,布面材质,橡胶大底,魔术贴鞋,工装硬朗,春季新款,54,男,浙江省,是,20,是
346935658,安踏运动复古潮鞋秋季百搭,安踏运动,99,103,96,4191,963,96,高端飞织,MD发泡底,套脚款式,复古潮鞋,秋季百搭,40,女,福建省,是,19,否
693260452,安踏运动潮流高街四季通用,安踏运动,99,150,66,1298,1036,89,飞织面料,橡胶大底,松紧带鞋,潮流高街,四季通用,50,女,湖北省,否,7,否
122879694,安踏运动工装硬朗冬季保暖,安踏运动,99,115,86,236,1740,96,网布透气,TPR鞋底,套脚款式,工装硬朗,冬季保暖,55,男,广东省,否,9,否
139891839,鸿星尔克工装硬朗冬季保暖,鸿星尔克,99,124,80,21,683,98,高端飞织,EVA轻底,套脚款式,工装硬朗,冬季保暖,52,男,广东省,否,2,否
732839125,其他品牌日常休闲春季新款,其他品牌,99,134,74,2684,1250,90,高端飞织,橡胶大底,套脚款式,日常休闲,春季新款,38,男,安徽省,否,19,否
218221341,特步男鞋复古潮鞋四季通用,特步男鞋,136,252,54,4045,954,85,真皮柔软,混合鞋底,拉链鞋款,复古潮鞋,四季通用,42,男,河南省,否,20,否
797634480,特步男鞋复古潮鞋冬季保暖,特步男鞋,124,194,64,1016,3116,94,飞织面料,橡胶大底,拉链鞋款,复古潮鞋,冬季保暖,45,女,福建省,否,6,否
176435001,安踏运动潮流高街春季新款,安踏运动,99,183,54,34,1278,90,高端飞织,混合鞋底,魔术贴鞋,潮流高街,春季新款,50,女,江苏省,是,22,否
826892835,李宁休闲户外机能春季新款,李宁休闲,491,571,86,4300,3024,94,布面材质,混合鞋底,松紧带鞋,户外机能,春季新款,43,女,湖北省,是,1,是
485617821,李宁休闲简约百搭冬季保暖,李宁休闲,99,177,56,282,6547,96,网布透气,TPR鞋底,套脚款式,简约百搭,冬季保暖,62,男,河南省,是,12,是
391748322,耐克潮流运动休闲春季新款,耐克潮流,99,152,65,3,230,90,布面材质,MD发泡底,拉链鞋款,运动休闲,春季新款,46,女,河南省,否,7,是
729426388,鸿星尔克工装硬朗四季通用,鸿星尔克,261,458,57,38,38888,100,高端飞织,TPR鞋底,魔术贴鞋,工装硬朗,四季通用,37,男,河北省,否,14,是
526703152,京东京造潮流高街冬季保暖,京东京造,178,324,55,12,5398,94,混合材质,橡胶大底,套脚款式,潮流高街,冬季保暖,48,女,湖北省,是,12,否
324539173,斯凯奇潮运动休闲夏季透气,斯凯奇潮,112,193,58,7,269,99,超纤皮鞋,EVA轻底,魔术贴鞋,运动休闲,夏季透气,61,男,湖北省,是,2,否
969193663,特步男鞋工装硬朗秋季百搭,特步男鞋,128,175,73,56,1479,93,合成革鞋,MD发泡底,拉链鞋款,工装硬朗,秋季百搭,49,女,广东省,是,8,否
162101521,安踏运动复古潮鞋夏季透气,安踏运动,674,757,89,192,232,93,网布透气,TPR鞋底,松紧带鞋,复古潮鞋,夏季透气,53,男,广东省,是,21,是
384047635,李宁休闲简约百搭冬季保暖,李宁休闲,99,101,98,126,7358,85,混合材质,橡胶大底,系带设计,简约百搭,冬季保暖,54,女,浙江省,否,18,是
221044764,其他品牌运动休闲四季通用,其他品牌,413,536,77,4714,245,96,网布透气,EVA轻底,系带设计,运动休闲,四季通用,49,女,河南省,是,0,是
266571064,耐克潮流工装硬朗冬季保暖,耐克潮流,99,122,81,889,503,95,布面材质,MD发泡底,套脚款式,工装硬朗,冬季保暖,37,男,河南省,否,20,否
156177135,鸿星尔克潮流高街四季通用,鸿星尔克,187,205,91,840,3858,97,飞织面料,EVA轻底,松紧带鞋,潮流高街,四季通用,63,女,浙江省,否,20,否
614467856,京东京造简约百搭春季新款,京东京造,117,141,83,757,292,99,高端飞织,PU中底,拉链鞋款,简约百搭,春季新款,54,女,河南省,是,21,是
361538001,鸿星尔克运动休闲冬季保暖,鸿星尔克,99,102,97,538,646,92,真皮柔软,混合鞋底,松紧带鞋,运动休闲,冬季保暖,45,男,河北省,是,7,是
306040968,阿迪达斯潮流高街秋季百搭,阿迪达斯,100,185,54,1490,1364,92,混合材质,TPR鞋底,松紧带鞋,潮流高街,秋季百搭,53,男,河北省,否,11,否
959615703,斯凯奇潮日常休闲夏季透气,斯凯奇潮,130,134,97,1310,800,91,混合材质,EVA轻底,套脚款式,日常休闲,夏季透气,42,女,江苏省,是,18,是
947210180,斯凯奇潮工装硬朗夏季透气,斯凯奇潮,211,251,84,1476,3017,91,布面材质,TPR鞋底,套脚款式,工装硬朗,夏季透气,61,女,四川省,否,19,否
157580814,李宁休闲运动休闲秋季百搭,李宁休闲,99,122,81,668,1469,92,高端飞织,PU中底,系带设计,运动休闲,秋季百搭,56,男,浙江省,是,11,否
552519488,耐克潮流户外机能秋季百搭,耐克潮流,111,111,100,3673,682,91,飞织面料,橡胶大底,拉链鞋款,户外机能,秋季百搭,53,女,河北省,否,16,是
181919962,安踏运动日常休闲冬季保暖,安踏运动,180,202,89,1105,1414,87,合成革鞋,PU中底,拉链鞋款,日常休闲,冬季保暖,49,男,浙江省,否,3,否
257132383,回力经典简约百搭春季新款,回力经典,99,103,96,755,3388,96,网布透气,MD发泡底,套脚款式,简约百搭,春季新款,43,男,福建省,是,17,否
500793499,京东京造简约百搭四季通用,京东京造,99,105,94,890,1226,97,布面材质,TPR鞋底,套脚款式,简约百搭,四季通用,30,男,福建省,是,7,否
353408149,鸿星尔克户外机能春季新款,鸿星尔克,300,333,90,23,502,90,合成革鞋,MD发泡底,魔术贴鞋,户外机能,春季新款,55,男,浙江省,否,5,否
215289409,京东京造户外机能秋季百搭,京东京造,99,148,67,276,3677,93,混合材质,橡胶大底,拉链鞋款,户外机能,秋季百搭,52,男,河南省,否,20,否
510453718,回力经典复古潮鞋冬季保暖,回力经典,141,276,51,4127,669,100,网布透气,TPR鞋底,套脚款式,复古潮鞋,冬季保暖,35,女,江苏省,是,23,是
917924232,鸿星尔克潮流高街夏季透气,鸿星尔克,221,362,61,325,8369,88,超纤皮鞋,TPR鞋底,系带设计,潮流高街,夏季透气,58,女,广东省,是,22,是
908561353,斯凯奇潮工装硬朗四季通用,斯凯奇潮,99,165,60,18,6408,91,高端飞织,混合鞋底,魔术贴鞋,工装硬朗,四季通用,55,男,河北省,否,12,是
987738944,其他品牌运动休闲秋季百搭,其他品牌,229,382,60,825,1950,94,高端飞织,混合鞋底,拉链鞋款,运动休闲,秋季百搭,47,女,山东省,是,20,是
933826270,耐克潮流户外机能四季通用,耐克潮流,199,229,87,2185,1617,92,合成革鞋,橡胶大底,拉链鞋款,户外机能,四季通用,53,男,山东省,是,22,否
344713170,耐克潮流工装硬朗秋季百搭,耐克潮流,225,341,66,3077,606,93,网布透气,MD发泡底,套脚款式,工装硬朗,秋季百搭,52,男,河北省,是,16,是
706316938,李宁休闲潮流高街春季新款,李宁休闲,139,257,54,62,8053,97,高端飞织,EVA轻底,套脚款式,潮流高街,春季新款,49,女,河南省,是,23,是
405885942,耐克潮流复古潮鞋冬季保暖,耐克潮流,99,183,54,1345,242,93,网布透气,EVA轻底,拉链鞋款,复古潮鞋,冬季保暖,50,女,浙江省,否,20,是
527015185,特步男鞋工装硬朗夏季透气,特步男鞋,99,110,90,3807,290,96,混合材质,MD发泡底,系带设计,工装硬朗,夏季透气,36,女,河南省,否,9,否
607101900,回力经典日常休闲夏季透气,回力经典,99,180,55,531,323,94,合成革鞋,EVA轻底,松紧带鞋,日常休闲,夏季透气,53,男,安徽省,是,22,否
996016433,鸿星尔克日常休闲夏季透气,鸿星尔克,99,112,88,46,555,95,飞织面料,MD发泡底,松紧带鞋,日常休闲,夏季透气,54,女,安徽省,否,18,否
691883079,特步男鞋复古潮鞋夏季透气,特步男鞋,99,111,89,1482,2333,91,网布透气,PU中底,系带设计,复古潮鞋,夏季透气,41,男,湖北省,否,21,是
569671212,回力经典运动休闲四季通用,回力经典,99,143,69,274,2538,92,真皮柔软,TPR鞋底,松紧带鞋,运动休闲,四季通用,50,男,福建省,是,8,否
901572503,斯凯奇潮复古潮鞋夏季透气,斯凯奇潮,107,188,57,600,5187,93,真皮柔软,MD发泡底,松紧带鞋,复古潮鞋,夏季透气,58,男,福建省,是,21,否
349554901,阿迪达斯潮流高街夏季透气,阿迪达斯,142,222,64,656,51,100,网布透气,MD发泡底,魔术贴鞋,潮流高街,夏季透气,28,男,山东省,否,7,是
506865239,鸿星尔克日常休闲冬季保暖,鸿星尔克,99,155,64,1337,126,91,网布透气,混合鞋底,系带设计,日常休闲,冬季保暖,45,女,浙江省,否,5,否
738628383,其他品牌运动休闲夏季透气,其他品牌,191,242,79,621,551,86,网布透气,橡胶大底,套脚款式,运动休闲,夏季透气,50,女,广东省,否,9,否
138242695,斯凯奇潮日常休闲秋季百搭,斯凯奇潮,170,246,69,837,3084,97,真皮柔软,TPR鞋底,拉链鞋款,日常休闲,秋季百搭,44,女,福建省,否,19,否
994285308,回力经典复古潮鞋四季通用,回力经典,99,177,56,10,5706,86,真皮柔软,橡胶大底,松紧带鞋,复古潮鞋,四季通用,38,男,浙江省,否,23,否
256598791,耐克潮流简约百搭冬季保暖,耐克潮流,179,211,85,1079,27738,96,网布透气,混合鞋底,魔术贴鞋,简约百搭,冬季保暖,41,女,广东省,否,0,否
223635600,京东京造简约百搭春季新款,京东京造,151,184,82,355,3905,97,超纤皮鞋,MD发泡底,魔术贴鞋,简约百搭,春季新款,41,女,湖北省,是,21,否
345413674,安踏运动复古潮鞋秋季百搭,安踏运动,99,168,59,20,1125,92,飞织面料,混合鞋底,套脚款式,复古潮鞋,秋季百搭,44,男,江苏省,否,13,是
954661693,特步男鞋工装硬朗秋季百搭,特步男鞋,140,157,89,4655,387,91,网布透气,PU中底,系带设计,工装硬朗,秋季百搭,36,女,湖北省,是,23,是
670219496,李宁休闲潮流高街冬季保暖,李宁休闲,99,101,98,1490,702,97,高端飞织,PU中底,套脚款式,潮流高街,冬季保暖,46,女,河南省,是,3,是
418782271,特步男鞋工装硬朗秋季百搭,特步男鞋,149,162,92,10,947,94,高端飞织,TPR鞋底,拉链鞋款,工装硬朗,秋季百搭,32,男,江苏省,是,18,是
724823460,耐克潮流潮流高街夏季透气,耐克潮流,119,170,70,1258,502,96,混合材质,混合鞋底,套脚款式,潮流高街,夏季透气,41,女,河北省,否,3,否
719972400,京东京造潮流高街春季新款,京东京造,116,166,70,704,4201,93,合成革鞋,TPR鞋底,魔术贴鞋,潮流高街,春季新款,37,男,福建省,是,10,否
979789711,阿迪达斯日常休闲冬季保暖,阿迪达斯,99,122,81,798,348,99,飞织面料,混合鞋底,松紧带鞋,日常休闲,冬季保暖,48,男,河北省,否,8,否
862193279,鸿星尔克潮流高街夏季透气,鸿星尔克,99,116,85,267,1155,93,混合材质,橡胶大底,松紧带鞋,潮流高街,夏季透气,29,女,安徽省,是,9,是
583686994,鸿星尔克日常休闲春季新款,鸿星尔克,104,176,59,4723,1433,100,网布透气,TPR鞋底,松紧带鞋,日常休闲,春季新款,44,男,江苏省,是,6,否
752022751,阿迪达斯日常休闲秋季百搭,阿迪达斯,132,148,89,31,770,92,高端飞织,MD发泡底,系带设计,日常休闲,秋季百搭,43,男,江苏省,否,21,否
895353293,耐克潮流户外机能秋季百搭,耐克潮流,131,156,84,1382,1456,93,飞织面料,MD发泡底,松紧带鞋,户外机能,秋季百搭,44,女,江苏省,是,22,否
787233154,李宁休闲工装硬朗冬季保暖,李宁休闲,99,125,79,4318,1801,93,真皮柔软,TPR鞋底,套脚款式,工装硬朗,冬季保暖,48,女,山东省,否,5,是
593950672,其他品牌日常休闲秋季百搭,其他品牌,208,214,97,359,133,91,合成革鞋,TPR鞋底,松紧带鞋,日常休闲,秋季百搭,43,男,山东省,否,15,否
378602097,安踏运动工装硬朗夏季透气,安踏运动,165,232,71,2386,1963,93,高端飞织,TPR鞋底,魔术贴鞋,工装硬朗,夏季透气,55,男,江苏省,是,12,是
440594913,耐克潮流日常休闲秋季百搭,耐克潮流,99,162,61,31,4192,91,混合材质,TPR鞋底,系带设计,日常休闲,秋季百搭,53,女,河南省,是,16,否
859421836,特步男鞋运动休闲冬季保暖,特步男鞋,99,118,84,3898,370,95,合成革鞋,TPR鞋底,拉链鞋款,运动休闲,冬季保暖,34,女,河北省,否,11,是
815648252,李宁休闲简约百搭春季新款,李宁休闲,335,349,96,2347,394,100,飞织面料,EVA轻底,魔术贴鞋,简约百搭,春季新款,41,女,福建省,否,12,否
906819568,安踏运动日常休闲春季新款,安踏运动,233,343,68,786,891,97,网布透气,TPR鞋底,套脚款式,日常休闲,春季新款,37,女,浙江省,否,5,是
772649553,斯凯奇潮工装硬朗秋季百搭,斯凯奇潮,228,400,57,90,360,95,飞织面料,混合鞋底,系带设计,工装硬朗,秋季百搭,35,女,山东省,否,20,是
932864162,其他品牌简约百搭冬季保暖,其他品牌,99,160,62,575,339,89,高端飞织,混合鞋底,魔术贴鞋,简约百搭,冬季保暖,45,女,广东省,是,20,否
456105498,京东京造户外机能冬季保暖,京东京造,256,269,95,1265,8526,86,网布透气,橡胶大底,魔术贴鞋,户外机能,冬季保暖,47,男,河北省,是,2,否
842949526,京东京造简约百搭四季通用,京东京造,101,155,65,100,3152,91,真皮柔软,PU中底,拉链鞋款,简约百搭,四季通用,53,男,四川省,是,21,是
755951386,斯凯奇潮运动休闲夏季透气,斯凯奇潮,99,119,83,21,5855,86,网布透气,TPR鞋底,系带设计,运动休闲,夏季透气,55,女,安徽省,是,19,是
222185202,其他品牌户外机能冬季保暖,其他品牌,203,216,94,1,224,96,布面材质,MD发泡底,系带设计,户外机能,冬季保暖,37,男,河南省,否,2,是
431824204,阿迪达斯户外机能春季新款,阿迪达斯,172,236,73,304,1282,92,高端飞织,橡胶大底,系带设计,户外机能,春季新款,35,男,安徽省,否,13,否
767990497,其他品牌复古潮鞋春季新款,其他品牌,358,442,81,201,72,96,合成革鞋,MD发泡底,拉链鞋款,复古潮鞋,春季新款,45,女,安徽省,是,21,是
304478561,李宁休闲运动休闲冬季保暖,李宁休闲,147,169,87,0,1070,90,高端飞织,混合鞋底,系带设计,运动休闲,冬季保暖,37,女,安徽省,否,17,是
997954289,李宁休闲户外机能四季通用,李宁休闲,111,113,98,401,1664,87,合成革鞋,混合鞋底,套脚款式,户外机能,四季通用,58,男,山东省,否,0,否
257674563,安踏运动日常休闲夏季透气,安踏运动,408,800,51,318,2073,86,高端飞织,EVA轻底,拉链鞋款,日常休闲,夏季透气,39,女,福建省,是,21,是
527333421,耐克潮流潮流高街夏季透气,耐克潮流,111,141,79,274,109,98,真皮柔软,PU中底,拉链鞋款,潮流高街,夏季透气,48,女,安徽省,是,14,是
685301208,斯凯奇潮运动休闲夏季透气,斯凯奇潮,337,337,100,28,1253,97,布面材质,TPR鞋底,魔术贴鞋,运动休闲,夏季透气,59,男,安徽省,否,21,是
391867237,李宁休闲日常休闲夏季透气,李宁休闲,129,253,51,932,292,88,合成革鞋,EVA轻底,松紧带鞋,日常休闲,夏季透气,54,女,四川省,是,11,是
365686809,阿迪达斯日常休闲冬季保暖,阿迪达斯,99,119,83,1009,58,95,高端飞织,MD发泡底,松紧带鞋,日常休闲,冬季保暖,58,女,四川省,是,8,否
784769887,安踏运动简约百搭春季新款,安踏运动,124,163,76,1329,678,100,真皮柔软,PU中底,拉链鞋款,简约百搭,春季新款,44,男,广东省,否,12,是
428636667,特步男鞋日常休闲秋季百搭,特步男鞋,99,109,91,235,2243,94,合成革鞋,PU中底,系带设计,日常休闲,秋季百搭,52,女,广东省,是,0,否
559991406,李宁休闲运动休闲夏季透气,李宁休闲,99,99,100,1430,686,91,超纤皮鞋,混合鞋底,松紧带鞋,运动休闲,夏季透气,50,女,河北省,否,20,否
921562123,李宁休闲简约百搭四季通用,李宁休闲,99,132,75,205,1321,90,布面材质,MD发泡底,系带设计,简约百搭,四季通用,61,男,河南省,否,14,否
150244442,京东京造简约百搭四季通用,京东京造,99,111,89,486,4468,85,混合材质,TPR鞋底,套脚款式,简约百搭,四季通用,49,男,河北省,是,6,否
558130324,耐克潮流运动休闲冬季保暖,耐克潮流,99,100,99,1255,951,97,飞织面料,橡胶大底,套脚款式,运动休闲,冬季保暖,52,男,广东省,是,17,是
580477393,鸿星尔克潮流高街四季通用,鸿星尔克,159,173,92,798,1409,90,网布透气,EVA轻底,松紧带鞋,潮流高街,四季通用,51,男,江苏省,否,7,是
954374486,阿迪达斯潮流高街秋季百搭,阿迪达斯,248,279,89,1147,5384,90,网布透气,混合鞋底,系带设计,潮流高街,秋季百搭,50,男,河北省,否,19,是
175845091,耐克潮流日常休闲夏季透气,耐克潮流,126,143,88,124,1339,90,混合材质,TPR鞋底,魔术贴鞋,日常休闲,夏季透气,38,女,安徽省,是,0,否
343076639,耐克潮流简约百搭秋季百搭,耐克潮流,338,504,67,665,931,98,真皮柔软,MD发泡底,魔术贴鞋,简约百搭,秋季百搭,44,男,广东省,是,3,是
492399317,斯凯奇潮潮流高街秋季百搭,斯凯奇潮,99,127,78,1430,257,97,飞织面料,PU中底,拉链鞋款,潮流高街,秋季百搭,56,女,浙江省,否,23,否
557791394,李宁休闲复古潮鞋夏季透气,李宁休闲,192,369,52,13,1991,93,超纤皮鞋,混合鞋底,魔术贴鞋,复古潮鞋,夏季透气,52,男,河南省,是,23,否
807616372,阿迪达斯日常休闲夏季透气,阿迪达斯,105,167,63,1213,2828,96,网布透气,EVA轻底,套脚款式,日常休闲,夏季透气,42,女,江苏省,是,22,否
959490749,李宁休闲工装硬朗四季通用,李宁休闲,309,332,93,3141,1149,97,飞织面料,TPR鞋底,魔术贴鞋,工装硬朗,四季通用,51,男,福建省,否,21,是
200122546,耐克潮流户外机能冬季保暖,耐克潮流,141,145,97,1400,16766,96,混合材质,混合鞋底,拉链鞋款,户外机能,冬季保暖,57,男,浙江省,是,19,是
566563867,特步男鞋日常休闲四季通用,特步男鞋,99,152,65,3580,3206,98,合成革鞋,TPR鞋底,拉链鞋款,日常休闲,四季通用,45,女,四川省,否,2,否
348818646,斯凯奇潮户外机能春季新款,斯凯奇潮,113,151,75,20,920,96,真皮柔软,TPR鞋底,拉链鞋款,户外机能,春季新款,60,男,山东省,否,23,是
428344952,阿迪达斯潮流高街夏季透气,阿迪达斯,99,111,89,36,1365,97,混合材质,混合鞋底,拉链鞋款,潮流高街,夏季透气,57,男,安徽省,否,22,是
205489406,李宁休闲日常休闲冬季保暖,李宁休闲,282,357,79,10,2058,97,真皮柔软,PU中底,松紧带鞋,日常休闲,冬季保暖,51,女,浙江省,是,2,否
505272728,特步男鞋日常休闲春季新款,特步男鞋,126,242,52,34,145,100,布面材质,EVA轻底,松紧带鞋,日常休闲,春季新款,39,男,广东省,是,8,否
554164012,阿迪达斯运动休闲夏季透气,阿迪达斯,99,112,88,724,1532,93,高端飞织,EVA轻底,魔术贴鞋,运动休闲,夏季透气,41,女,湖北省,是,20,是
294037303,特步男鞋工装硬朗秋季百搭,特步男鞋,137,258,53,576,5049,91,混合材质,混合鞋底,系带设计,工装硬朗,秋季百搭,58,男,四川省,否,6,否
730361399,京东京造日常休闲四季通用,京东京造,105,144,73,475,5145,98,真皮柔软,MD发泡底,套脚款式,日常休闲,四季通用,61,男,河南省,是,6,否
583302371,其他品牌复古潮鞋冬季保暖,其他品牌,115,195,59,584,1558,90,布面材质,TPR鞋底,套脚款式,复古潮鞋,冬季保暖,46,男,河南省,否,14,否
912746820,李宁休闲潮流高街冬季保暖,李宁休闲,101,194,52,3141,1227,90,真皮柔软,混合鞋底,套脚款式,潮流高街,冬季保暖,40,男,浙江省,是,0,否
599998235,斯凯奇潮简约百搭春季新款,斯凯奇潮,99,101,98,1,3112,91,飞织面料,EVA轻底,松紧带鞋,简约百搭,春季新款,42,男,四川省,是,6,是
943208608,特步男鞋日常休闲春季新款,特步男鞋,257,271,95,24,66,94,超纤皮鞋,TPR鞋底,松紧带鞋,日常休闲,春季新款,53,男,山东省,否,19,是
489883389,耐克潮流工装硬朗夏季透气,耐克潮流,99,148,67,13,1845,95,网布透气,MD发泡底,拉链鞋款,工装硬朗,夏季透气,56,女,河南省,否,20,是
997758108,鸿星尔克潮流高街四季通用,鸿星尔克,133,242,55,503,1053,96,超纤皮鞋,TPR鞋底,拉链鞋款,潮流高街,四季通用,60,男,广东省,是,3,否
654221022,斯凯奇潮潮流高街四季通用,斯凯奇潮,164,182,90,440,3486,92,高端飞织,橡胶大底,系带设计,潮流高街,四季通用,46,女,福建省,是,7,否
722846887,斯凯奇潮简约百搭四季通用,斯凯奇潮,149,173,86,14,2025,98,网布透气,MD发泡底,系带设计,简约百搭,四季通用,55,女,山东省,是,22,否
460816255,其他品牌户外机能四季通用,其他品牌,99,127,78,156,587,86,合成革鞋,橡胶大底,松紧带鞋,户外机能,四季通用,40,男,山东省,否,23,是
238246325,阿迪达斯运动休闲四季通用,阿迪达斯,99,121,82,36,2235,92,飞织面料,TPR鞋底,松紧带鞋,运动休闲,四季通用,63,男,江苏省,是,13,是
891660271,京东京造复古潮鞋夏季透气,京东京造,203,299,68,465,194,94,高端飞织,橡胶大底,系带设计,复古潮鞋,夏季透气,65,女,安徽省,否,18,否
905102813,鸿星尔克工装硬朗四季通用,鸿星尔克,99,148,67,4759,375,95,超纤皮鞋,TPR鞋底,松紧带鞋,工装硬朗,四季通用,35,女,山东省,是,2,否
903578863,特步男鞋复古潮鞋春季新款,特步男鞋,131,182,72,439,438,96,布面材质,混合鞋底,魔术贴鞋,复古潮鞋,春季新款,45,男,湖北省,否,17,否
247037667,李宁休闲运动休闲夏季透气,李宁休闲,99,148,67,29,245,97,布面材质,PU中底,魔术贴鞋,运动休闲,夏季透气,53,男,福建省,是,17,否
207796814,其他品牌复古潮鞋春季新款,其他品牌,149,204,73,1335,2238,91,高端飞织,TPR鞋底,魔术贴鞋,复古潮鞋,春季新款,48,男,福建省,是,22,否
266731546,安踏运动简约百搭冬季保暖,安踏运动,151,191,79,976,1613,90,混合材质,MD发泡底,魔术贴鞋,简约百搭,冬季保暖,43,女,湖北省,否,23,否
785713415,耐克潮流复古潮鞋四季通用,耐克潮流,101,102,99,65,524,93,超纤皮鞋,MD发泡底,系带设计,复古潮鞋,四季通用,43,女,四川省,否,0,是
495875829,斯凯奇潮户外机能夏季透气,斯凯奇潮,189,252,75,4069,7206,97,布面材质,EVA轻底,魔术贴鞋,户外机能,夏季透气,55,女,山东省,是,11,否
245702062,鸿星尔克简约百搭夏季透气,鸿星尔克,102,103,99,749,7724,91,真皮柔软,橡胶大底,套脚款式,简约百搭,夏季透气,50,男,湖北省,否,18,否
685361880,李宁休闲日常休闲春季新款,李宁休闲,99,124,80,141,3817,91,布面材质,PU中底,拉链鞋款,日常休闲,春季新款,41,男,广东省,否,23,否
392292222,其他品牌日常休闲秋季百搭,其他品牌,210,420,50,27,2298,91,合成革鞋,MD发泡底,套脚款式,日常休闲,秋季百搭,37,男,广东省,否,13,否
430545066,鸿星尔克户外机能春季新款,鸿星尔克,202,269,75,3034,1024,87,布面材质,混合鞋底,拉链鞋款,户外机能,春季新款,42,女,山东省,否,11,否
331988286,斯凯奇潮复古潮鞋秋季百搭,斯凯奇潮,139,214,65,990,1738,90,高端飞织,橡胶大底,松紧带鞋,复古潮鞋,秋季百搭,47,女,河北省,是,14,是
483737837,斯凯奇潮户外机能春季新款,斯凯奇潮,246,254,97,1470,851,89,布面材质,混合鞋底,松紧带鞋,户外机能,春季新款,49,男,福建省,是,20,否
777673592,斯凯奇潮运动休闲四季通用,斯凯奇潮,163,187,87,27,878,90,高端飞织,PU中底,魔术贴鞋,运动休闲,四季通用,46,女,浙江省,是,8,否
287581939,京东京造工装硬朗秋季百搭,京东京造,99,108,92,46,1588,97,真皮柔软,混合鞋底,松紧带鞋,工装硬朗,秋季百搭,52,男,安徽省,否,20,否
561063607,阿迪达斯日常休闲秋季百搭,阿迪达斯,99,108,92,2276,128,95,超纤皮鞋,EVA轻底,松紧带鞋,日常休闲,秋季百搭,56,女,湖北省,否,21,否
663796340,其他品牌简约百搭秋季百搭,其他品牌,99,150,66,49,2269,92,网布透气,EVA轻底,松紧带鞋,简约百搭,秋季百搭,50,女,浙江省,否,0,否
343302007,耐克潮流日常休闲夏季透气,耐克潮流,126,200,63,285,2380,91,布面材质,橡胶大底,套脚款式,日常休闲,夏季透气,32,男,山东省,否,2,否
759714891,阿迪达斯简约百搭秋季百搭,阿迪达斯,443,599,74,1266,702,91,飞织面料,混合鞋底,松紧带鞋,简约百搭,秋季百搭,18,男,福建省,是,9,是
224379773,安踏运动简约百搭夏季透气,安踏运动,99,127,78,12,4078,100,混合材质,EVA轻底,魔术贴鞋,简约百搭,夏季透气,42,男,河南省,否,11,是
543650970,阿迪达斯日常休闲四季通用,阿迪达斯,124,214,58,1250,3525,100,网布透气,橡胶大底,套脚款式,日常休闲,四季通用,44,女,四川省,否,21,否
285573352,李宁休闲潮流高街秋季百搭,李宁休闲,153,184,83,451,1585,93,合成革鞋,MD发泡底,系带设计,潮流高街,秋季百搭,56,女,福建省,是,11,否
974355054,李宁休闲潮流高街春季新款,李宁休闲,162,176,92,344,9124,95,飞织面料,TPR鞋底,松紧带鞋,潮流高街,春季新款,39,女,安徽省,是,7,否
227920780,阿迪达斯潮流高街四季通用,阿迪达斯,99,122,81,1185,82,94,飞织面料,混合鞋底,松紧带鞋,潮流高街,四季通用,41,女,湖北省,否,21,否
295968969,阿迪达斯户外机能冬季保暖,阿迪达斯,149,171,87,1087,1161,91,网布透气,EVA轻底,松紧带鞋,户外机能,冬季保暖,27,女,河南省,是,5,否
367292386,其他品牌潮流高街秋季百搭,其他品牌,107,147,73,368,772,96,合成革鞋,MD发泡底,拉链鞋款,潮流高街,秋季百搭,40,女,湖北省,否,21,是
773358846,其他品牌工装硬朗冬季保暖,其他品牌,99,115,86,366,4366,91,混合材质,橡胶大底,松紧带鞋,工装硬朗,冬季保暖,49,女,山东省,是,21,否
796560016,斯凯奇潮工装硬朗秋季百搭,斯凯奇潮,582,954,61,1500,1825,95,合成革鞋,MD发泡底,系带设计,工装硬朗,秋季百搭,50,男,河北省,是,23,是
545486275,阿迪达斯简约百搭秋季百搭,阿迪达斯,145,223,65,1328,1125,96,合成革鞋,混合鞋底,松紧带鞋,简约百搭,秋季百搭,42,男,湖北省,否,1,否
533205337,回力经典复古潮鞋冬季保暖,回力经典,99,111,89,671,265,97,超纤皮鞋,MD发泡底,套脚款式,复古潮鞋,冬季保暖,51,女,广东省,是,23,是
641611743,斯凯奇潮复古潮鞋四季通用,斯凯奇潮,225,402,56,1350,1066,96,飞织面料,混合鞋底,拉链鞋款,复古潮鞋,四季通用,52,男,河北省,否,18,是
541631333,李宁休闲潮流高街秋季百搭,李宁休闲,99,124,80,322,918,96,布面材质,EVA轻底,拉链鞋款,潮流高街,秋季百搭,45,女,河南省,否,18,是
740316099,耐克潮流日常休闲秋季百搭,耐克潮流,99,121,82,4683,643,95,网布透气,混合鞋底,魔术贴鞋,日常休闲,秋季百搭,43,男,福建省,是,0,是
940121036,耐克潮流复古潮鞋春季新款,耐克潮流,184,341,54,1422,624,85,真皮柔软,TPR鞋底,魔术贴鞋,复古潮鞋,春季新款,46,男,湖北省,否,15,是
840836172,其他品牌运动休闲四季通用,其他品牌,99,103,96,10,5636,97,网布透气,MD发泡底,魔术贴鞋,运动休闲,四季通用,41,男,湖北省,是,17,否
714899254,鸿星尔克潮流高街春季新款,鸿星尔克,99,198,50,1218,287,96,高端飞织,TPR鞋底,套脚款式,潮流高街,春季新款,49,女,浙江省,否,6,否
768061723,耐克潮流日常休闲冬季保暖,耐克潮流,99,105,94,1130,2807,87,高端飞织,EVA轻底,套脚款式,日常休闲,冬季保暖,59,男,广东省,否,16,是
471022819,鸿星尔克复古潮鞋春季新款,鸿星尔克,131,132,99,1100,465,98,网布透气,EVA轻底,拉链鞋款,复古潮鞋,春季新款,60,女,福建省,否,1,否
821497584,回力经典简约百搭冬季保暖,回力经典,99,180,55,417,3150,91,布面材质,PU中底,拉链鞋款,简约百搭,冬季保暖,54,男,河南省,否,2,否
601491673,鸿星尔克潮流高街冬季保暖,鸿星尔克,112,113,99,2009,103,91,合成革鞋,PU中底,拉链鞋款,潮流高街,冬季保暖,52,男,河北省,否,23,是
263152566,其他品牌简约百搭秋季百搭,其他品牌,298,347,86,56,2410,90,合成革鞋,EVA轻底,松紧带鞋,简约百搭,秋季百搭,65,男,河南省,是,7,否
183292001,安踏运动运动休闲春季新款,安踏运动,99,177,56,1341,407,93,真皮柔软,MD发泡底,松紧带鞋,运动休闲,春季新款,49,女,广东省,是,5,否
363880331,特步男鞋潮流高街春季新款,特步男鞋,147,148,99,3611,638,95,布面材质,混合鞋底,魔术贴鞋,潮流高街,春季新款,51,男,江苏省,否,8,是
604132313,斯凯奇潮日常休闲四季通用,斯凯奇潮,172,195,88,14,1024,90,高端飞织,EVA轻底,套脚款式,日常休闲,四季通用,51,男,河南省,否,21,否
424923543,鸿星尔克简约百搭四季通用,鸿星尔克,99,100,99,1275,2470,94,布面材质,混合鞋底,套脚款式,简约百搭,四季通用,48,男,浙江省,是,21,是
897185853,特步男鞋日常休闲秋季百搭,特步男鞋,99,134,74,4,330,85,超纤皮鞋,TPR鞋底,系带设计,日常休闲,秋季百搭,56,男,四川省,是,14,否
376558944,耐克潮流户外机能秋季百搭,耐克潮流,99,116,85,26,884,97,合成革鞋,PU中底,拉链鞋款,户外机能,秋季百搭,55,女,安徽省,否,10,否
649471726,李宁休闲户外机能春季新款,李宁休闲,149,204,73,26,1883,93,网布透气,PU中底,魔术贴鞋,户外机能,春季新款,38,女,河北省,否,22,否
246862990,京东京造潮流高街夏季透气,京东京造,128,128,100,23,288,97,布面材质,TPR鞋底,拉链鞋款,潮流高街,夏季透气,33,男,江苏省,是,3,否
203921793,其他品牌户外机能秋季百搭,其他品牌,100,182,55,1236,1328,97,超纤皮鞋,MD发泡底,松紧带鞋,户外机能,秋季百搭,33,女,广东省,是,0,否
799251294,安踏运动简约百搭冬季保暖,安踏运动,190,279,68,1018,4085,99,真皮柔软,TPR鞋底,套脚款式,简约百搭,冬季保暖,46,男,福建省,否,4,否
852568536,鸿星尔克潮流高街冬季保暖,鸿星尔克,200,385,52,686,883,90,飞织面料,MD发泡底,套脚款式,潮流高街,冬季保暖,58,男,江苏省,否,17,是
492576549,回力经典运动休闲春季新款,回力经典,269,498,54,7,378,95,飞织面料,EVA轻底,拉链鞋款,运动休闲,春季新款,45,女,四川省,是,19,否
859158860,京东京造潮流高街夏季透气,京东京造,107,141,76,1205,1070,98,网布透气,MD发泡底,套脚款式,潮流高街,夏季透气,45,女,广东省,否,12,是
724729650,回力经典简约百搭夏季透气,回力经典,99,177,56,102,939,96,网布透气,MD发泡底,松紧带鞋,简约百搭,夏季透气,41,女,浙江省,否,4,是
172296864,京东京造户外机能秋季百搭,京东京造,99,104,95,14,307,91,真皮柔软,PU中底,松紧带鞋,户外机能,秋季百搭,43,女,四川省,否,23,否
467641298,其他品牌运动休闲四季通用,其他品牌,402,462,87,1187,186,96,合成革鞋,EVA轻底,松紧带鞋,运动休闲,四季通用,49,男,四川省,是,21,是
681635940,斯凯奇潮工装硬朗秋季百搭,斯凯奇潮,99,155,64,592,7764,91,网布透气,MD发泡底,拉链鞋款,工装硬朗,秋季百搭,49,女,山东省,是,18,是
945315506,安踏运动简约百搭春季新款,安踏运动,134,203,66,1445,330,94,混合材质,橡胶大底,拉链鞋款,简约百搭,春季新款,49,女,四川省,是,4,是
503705027,斯凯奇潮运动休闲四季通用,斯凯奇潮,242,372,65,7,8889,99,布面材质,EVA轻底,魔术贴鞋,运动休闲,四季通用,44,男,浙江省,是,20,否
284367880,其他品牌复古潮鞋夏季透气,其他品牌,99,134,74,1147,1596,95,超纤皮鞋,橡胶大底,套脚款式,复古潮鞋,夏季透气,43,女,安徽省,是,22,是
940117821,鸿星尔克运动休闲冬季保暖,鸿星尔克,99,108,92,44,1681,96,超纤皮鞋,橡胶大底,松紧带鞋,运动休闲,冬季保暖,37,男,安徽省,否,22,是
436880810,安踏运动复古潮鞋夏季透气,安踏运动,236,299,79,733,1421,91,高端飞织,PU中底,魔术贴鞋,复古潮鞋,夏季透气,51,女,江苏省,是,1,否
104281919,耐克潮流复古潮鞋春季新款,耐克潮流,128,210,61,930,1267,99,真皮柔软,混合鞋底,系带设计,复古潮鞋,春季新款,48,女,安徽省,否,13,是
169063449,京东京造复古潮鞋秋季百搭,京东京造,146,228,64,1241,1831,92,真皮柔软,EVA轻底,系带设计,复古潮鞋,秋季百搭,53,女,浙江省,否,21,否
354817282,安踏运动运动休闲夏季透气,安踏运动,99,114,87,10,2694,89,合成革鞋,EVA轻底,拉链鞋款,运动休闲,夏季透气,60,男,浙江省,否,0,否
346047187,回力经典潮流高街四季通用,回力经典,99,129,77,467,2338,89,混合材质,MD发泡底,松紧带鞋,潮流高街,四季通用,48,男,福建省,是,11,是
616486128,安踏运动户外机能四季通用,安踏运动,99,146,68,428,802,93,超纤皮鞋,TPR鞋底,系带设计,户外机能,四季通用,42,女,河南省,否,5,是
688506211,斯凯奇潮日常休闲夏季透气,斯凯奇潮,138,141,98,1432,344,96,超纤皮鞋,EVA轻底,拉链鞋款,日常休闲,夏季透气,53,男,广东省,否,4,是
595014887,鸿星尔克运动休闲冬季保暖,鸿星尔克,99,110,90,4237,1462,89,布面材质,EVA轻底,套脚款式,运动休闲,冬季保暖,58,女,安徽省,是,22,否
671903088,李宁休闲运动休闲春季新款,李宁休闲,168,218,77,1111,2054,91,高端飞织,EVA轻底,拉链鞋款,运动休闲,春季新款,48,男,湖北省,否,22,是
734762652,李宁休闲工装硬朗四季通用,李宁休闲,227,405,56,37,9119,95,飞织面料,MD发泡底,拉链鞋款,工装硬朗,四季通用,56,男,广东省,否,18,否
417138480,鸿星尔克简约百搭四季通用,鸿星尔克,106,123,86,934,2257,99,混合材质,混合鞋底,拉链鞋款,简约百搭,四季通用,65,女,河南省,否,4,否
250932716,李宁休闲潮流高街春季新款,李宁休闲,168,305,55,1359,111,94,高端飞织,混合鞋底,松紧带鞋,潮流高街,春季新款,37,女,安徽省,是,1,是
399517932,特步男鞋工装硬朗四季通用,特步男鞋,198,271,73,1449,789,90,真皮柔软,橡胶大底,魔术贴鞋,工装硬朗,四季通用,49,男,福建省,否,0,否
453914601,回力经典户外机能春季新款,回力经典,183,359,51,2207,379,92,网布透气,橡胶大底,套脚款式,户外机能,春季新款,50,女,湖北省,是,0,否
158127184,其他品牌简约百搭夏季透气,其他品牌,99,109,91,4912,2794,96,合成革鞋,MD发泡底,套脚款式,简约百搭,夏季透气,40,女,浙江省,否,20,否
771972679,安踏运动复古潮鞋秋季百搭,安踏运动,99,111,89,50,2969,92,高端飞织,TPR鞋底,魔术贴鞋,复古潮鞋,秋季百搭,55,女,河南省,是,11,否
745976043,李宁休闲户外机能夏季透气,李宁休闲,177,316,56,2,1250,90,飞织面料,MD发泡底,松紧带鞋,户外机能,夏季透气,43,男,湖北省,是,23,否
522825170,鸿星尔克工装硬朗春季新款,鸿星尔克,99,99,100,595,487,94,超纤皮鞋,TPR鞋底,拉链鞋款,工装硬朗,春季新款,43,女,四川省,否,20,是
854222709,回力经典日常休闲秋季百搭,回力经典,142,229,62,870,5204,91,真皮柔软,TPR鞋底,套脚款式,日常休闲,秋季百搭,58,男,湖北省,是,23,是
185265220,阿迪达斯工装硬朗秋季百搭,阿迪达斯,99,134,74,732,733,96,超纤皮鞋,混合鞋底,套脚款式,工装硬朗,秋季百搭,57,女,福建省,是,21,否
906372200,特步男鞋日常休闲夏季透气,特步男鞋,134,203,66,854,1398,100,超纤皮鞋,混合鞋底,魔术贴鞋,日常休闲,夏季透气,59,女,河北省,否,2,是
323746327,特步男鞋户外机能夏季透气,特步男鞋,99,162,61,381,335,90,高端飞织,EVA轻底,魔术贴鞋,户外机能,夏季透气,43,男,四川省,是,19,否
820461445,京东京造工装硬朗冬季保暖,京东京造,99,116,85,873,880,94,布面材质,TPR鞋底,系带设计,工装硬朗,冬季保暖,37,女,广东省,否,15,是
338035961,斯凯奇潮运动休闲四季通用,斯凯奇潮,173,244,71,21,1373,95,合成革鞋,EVA轻底,松紧带鞋,运动休闲,四季通用,42,女,广东省,是,23,否
300019557,耐克潮流日常休闲四季通用,耐克潮流,263,393,67,1368,322,93,布面材质,PU中底,拉链鞋款,日常休闲,四季通用,48,男,山东省,是,8,是
790894191,回力经典简约百搭夏季透气,回力经典,99,105,94,509,1999,92,布面材质,混合鞋底,松紧带鞋,简约百搭,夏季透气,46,男,河南省,否,20,否
940635723,李宁休闲工装硬朗冬季保暖,李宁休闲,222,239,93,4101,363,94,混合材质,混合鞋底,套脚款式,工装硬朗,冬季保暖,48,男,福建省,否,5,否
575307464,京东京造复古潮鞋四季通用,京东京造,115,217,53,31,3179,94,布面材质,橡胶大底,松紧带鞋,复古潮鞋,四季通用,60,女,安徽省,是,2,否
901692887,特步男鞋日常休闲春季新款,特步男鞋,99,180,55,721,497,96,高端飞织,橡胶大底,系带设计,日常休闲,春季新款,50,女,安徽省,是,4,是
358465920,耐克潮流户外机能冬季保暖,耐克潮流,99,177,56,1114,634,92,混合材质,TPR鞋底,系带设计,户外机能,冬季保暖,49,女,河南省,否,18,是
505679244,阿迪达斯简约百搭春季新款,阿迪达斯,194,388,50,22,762,95,真皮柔软,EVA轻底,套脚款式,简约百搭,春季新款,46,女,浙江省,是,9,否
181339061,阿迪达斯复古潮鞋夏季透气,阿迪达斯,151,244,62,378,9388,97,合成革鞋,PU中底,套脚款式,复古潮鞋,夏季透气,38,男,湖北省,是,20,是
765725294,斯凯奇潮日常休闲冬季保暖,斯凯奇潮,169,319,53,50,160,91,合成革鞋,MD发泡底,松紧带鞋,日常休闲,冬季保暖,42,女,湖北省,是,22,否
224001121,阿迪达斯工装硬朗冬季保暖,阿迪达斯,239,368,65,0,264,93,合成革鞋,PU中底,套脚款式,工装硬朗,冬季保暖,38,女,河南省,否,3,否
728818712,耐克潮流户外机能春季新款,耐克潮流,214,274,78,854,809,97,超纤皮鞋,混合鞋底,系带设计,户外机能,春季新款,32,女,湖北省,是,8,是
999604040,阿迪达斯工装硬朗冬季保暖,阿迪达斯,107,173,62,448,613,94,高端飞织,TPR鞋底,拉链鞋款,工装硬朗,冬季保暖,38,女,广东省,否,5,否
750978502,回力经典工装硬朗秋季百搭,回力经典,134,179,75,14,776,97,混合材质,EVA轻底,松紧带鞋,工装硬朗,秋季百搭,46,女,河南省,是,18,是
831685288,回力经典运动休闲春季新款,回力经典,305,343,89,450,1129,87,混合材质,PU中底,拉链鞋款,运动休闲,春季新款,48,男,安徽省,是,20,否
800504723,李宁休闲日常休闲冬季保暖,李宁休闲,102,132,77,12,744,90,真皮柔软,EVA轻底,套脚款式,日常休闲,冬季保暖,44,女,河南省,是,11,否
153466885,其他品牌户外机能秋季百搭,其他品牌,99,134,74,43,1112,92,高端飞织,EVA轻底,套脚款式,户外机能,秋季百搭,48,女,湖北省,是,20,否
844531163,京东京造复古潮鞋冬季保暖,京东京造,120,135,89,1210,3128,94,真皮柔软,EVA轻底,拉链鞋款,复古潮鞋,冬季保暖,63,男,河北省,否,23,否
409542289,李宁休闲潮流高街四季通用,李宁休闲,99,165,60,461,684,93,飞织面料,EVA轻底,套脚款式,潮流高街,四季通用,40,男,安徽省,是,0,是
522406494,其他品牌复古潮鞋春季新款,其他品牌,130,155,84,652,3041,98,超纤皮鞋,TPR鞋底,拉链鞋款,复古潮鞋,春季新款,42,女,浙江省,否,5,否
322059477,特步男鞋日常休闲春季新款,特步男鞋,99,198,50,2,1007,90,真皮柔软,TPR鞋底,拉链鞋款,日常休闲,春季新款,47,男,安徽省,否,14,否
139713448,回力经典简约百搭秋季百搭,回力经典,180,182,99,1299,3043,93,超纤皮鞋,EVA轻底,魔术贴鞋,简约百搭,秋季百搭,47,男,福建省,否,17,否
472876077,安踏运动工装硬朗春季新款,安踏运动,99,162,61,16,8036,95,超纤皮鞋,MD发泡底,套脚款式,工装硬朗,春季新款,56,女,广东省,否,22,是
499052136,其他品牌复古潮鞋四季通用,其他品牌,203,223,91,3690,720,89,网布透气,混合鞋底,套脚款式,复古潮鞋,四季通用,54,男,河南省,是,10,否
391626068,安踏运动复古潮鞋春季新款,安踏运动,99,198,50,382,502,90,网布透气,混合鞋底,拉链鞋款,复古潮鞋,春季新款,57,女,广东省,否,2,否
965514738,其他品牌日常休闲夏季透气,其他品牌,491,592,83,3801,1183,88,高端飞织,MD发泡底,套脚款式,日常休闲,夏季透气,36,女,福建省,是,23,否
892927333,特步男鞋户外机能四季通用,特步男鞋,360,383,94,824,4115,91,超纤皮鞋,混合鞋底,拉链鞋款,户外机能,四季通用,40,女,浙江省,是,21,否
686386558,李宁休闲工装硬朗冬季保暖,李宁休闲,99,174,57,24,3389,92,混合材质,橡胶大底,套脚款式,工装硬朗,冬季保暖,39,女,河南省,否,16,否
809258152,斯凯奇潮潮流高街夏季透气,斯凯奇潮,99,160,62,1411,185,95,混合材质,混合鞋底,拉链鞋款,潮流高街,夏季透气,43,女,安徽省,否,19,是
801412534,其他品牌运动休闲冬季保暖,其他品牌,158,193,82,113,1746,93,超纤皮鞋,橡胶大底,套脚款式,运动休闲,冬季保暖,36,女,湖北省,是,21,否
687636203,鸿星尔克简约百搭春季新款,鸿星尔克,280,500,56,4542,509,99,真皮柔软,混合鞋底,魔术贴鞋,简约百搭,春季新款,45,男,福建省,是,19,是
564527010,京东京造简约百搭冬季保暖,京东京造,217,381,57,26,87,88,合成革鞋,EVA轻底,套脚款式,简约百搭,冬季保暖,51,男,福建省,是,9,否
225282292,李宁休闲复古潮鞋夏季透气,李宁休闲,231,241,96,3200,307,93,混合材质,EVA轻底,松紧带鞋,复古潮鞋,夏季透气,42,女,山东省,否,23,否
486631581,阿迪达斯潮流高街夏季透气,阿迪达斯,99,162,61,122,7904,97,混合材质,PU中底,系带设计,潮流高街,夏季透气,59,女,浙江省,否,3,是
388692550,阿迪达斯复古潮鞋夏季透气,阿迪达斯,243,458,53,3300,89,90,超纤皮鞋,混合鞋底,松紧带鞋,复古潮鞋,夏季透气,38,男,河北省,是,7,否
459336936,鸿星尔克日常休闲春季新款,鸿星尔克,186,278,67,18,2071,97,高端飞织,PU中底,魔术贴鞋,日常休闲,春季新款,40,男,湖北省,否,10,否
639878329,安踏运动潮流高街秋季百搭,安踏运动,166,259,64,43,1105,96,合成革鞋,TPR鞋底,系带设计,潮流高街,秋季百搭,47,男,安徽省,否,5,是
402194036,京东京造日常休闲夏季透气,京东京造,623,1198,52,2699,2061,93,超纤皮鞋,橡胶大底,系带设计,日常休闲,夏季透气,63,男,四川省,否,2,否
770291836,特步男鞋简约百搭秋季百搭,特步男鞋,99,118,84,1237,228,90,混合材质,TPR鞋底,松紧带鞋,简约百搭,秋季百搭,55,男,江苏省,是,22,否
635961632,耐克潮流运动休闲四季通用,耐克潮流,99,183,54,10,64,91,飞织面料,混合鞋底,系带设计,运动休闲,四季通用,42,男,河南省,是,20,是
906586849,阿迪达斯潮流高街春季新款,阿迪达斯,147,175,84,1228,838,90,真皮柔软,MD发泡底,拉链鞋款,潮流高街,春季新款,60,女,四川省,否,22,否
171903801,京东京造户外机能四季通用,京东京造,183,185,99,676,1565,92,合成革鞋,MD发泡底,拉链鞋款,户外机能,四季通用,47,女,福建省,否,11,是
463860358,特步男鞋简约百搭春季新款,特步男鞋,99,116,85,3,253,91,真皮柔软,TPR鞋底,拉链鞋款,简约百搭,春季新款,42,男,河南省,是,9,否
865826745,耐克潮流运动休闲四季通用,耐克潮流,242,484,50,4924,795,98,混合材质,TPR鞋底,拉链鞋款,运动休闲,四季通用,40,女,四川省,是,23,否
871463963,安踏运动复古潮鞋冬季保暖,安踏运动,99,180,55,3115,1182,96,高端飞织,橡胶大底,松紧带鞋,复古潮鞋,冬季保暖,61,男,河北省,是,23,否
533924828,特步男鞋复古潮鞋冬季保暖,特步男鞋,141,266,53,983,1117,96,网布透气,EVA轻底,魔术贴鞋,复古潮鞋,冬季保暖,60,女,河南省,是,15,否
668626568,其他品牌运动休闲冬季保暖,其他品牌,143,159,90,1464,3879,88,飞织面料,PU中底,套脚款式,运动休闲,冬季保暖,57,男,湖北省,是,15,否
356077946,阿迪达斯工装硬朗冬季保暖,阿迪达斯,99,119,83,808,5182,94,网布透气,橡胶大底,套脚款式,工装硬朗,冬季保暖,48,女,河北省,否,7,否
443354088,安踏运动复古潮鞋四季通用,安踏运动,99,143,69,2598,242,92,高端飞织,TPR鞋底,魔术贴鞋,复古潮鞋,四季通用,42,男,湖北省,是,7,是
809780474,京东京造简约百搭四季通用,京东京造,166,241,69,585,2070,97,布面材质,橡胶大底,拉链鞋款,简约百搭,四季通用,44,女,福建省,否,23,是
981913153,安踏运动运动休闲春季新款,安踏运动,99,110,90,2728,10627,100,高端飞织,PU中底,魔术贴鞋,运动休闲,春季新款,51,女,安徽省,是,10,是
529117095,特步男鞋复古潮鞋春季新款,特步男鞋,246,332,74,56,1892,97,高端飞织,橡胶大底,魔术贴鞋,复古潮鞋,春季新款,39,男,山东省,否,17,否
542223284,耐克潮流潮流高街夏季透气,耐克潮流,181,210,86,33,2087,93,高端飞织,混合鞋底,套脚款式,潮流高街,夏季透气,55,女,江苏省,是,23,否
521708204,阿迪达斯复古潮鞋冬季保暖,阿迪达斯,230,264,87,4780,284,97,真皮柔软,EVA轻底,魔术贴鞋,复古潮鞋,冬季保暖,57,男,山东省,是,18,否
243183031,安踏运动简约百搭四季通用,安踏运动,164,283,58,256,611,86,布面材质,TPR鞋底,魔术贴鞋,简约百搭,四季通用,64,女,四川省,是,1,是
634822744,阿迪达斯日常休闲秋季百搭,阿迪达斯,99,190,52,2900,466,93,高端飞织,EVA轻底,拉链鞋款,日常休闲,秋季百搭,45,女,浙江省,否,1,是
287658415,安踏运动工装硬朗夏季透气,安踏运动,164,167,98,2607,3708,97,飞织面料,橡胶大底,系带设计,工装硬朗,夏季透气,52,女,安徽省,否,20,否
340921421,李宁休闲运动休闲春季新款,李宁休闲,99,150,66,1233,2983,90,真皮柔软,混合鞋底,魔术贴鞋,运动休闲,春季新款,47,女,河南省,是,21,否
968148623,鸿星尔克潮流高街冬季保暖,鸿星尔克,99,119,83,1034,2367,93,超纤皮鞋,橡胶大底,系带设计,潮流高街,冬季保暖,35,女,四川省,是,9,否
224922950,安踏运动工装硬朗四季通用,安踏运动,123,220,56,2564,2089,96,高端飞织,TPR鞋底,松紧带鞋,工装硬朗,四季通用,37,女,浙江省,否,14,是
135280665,安踏运动运动休闲春季新款,安踏运动,99,150,66,538,4458,95,合成革鞋,PU中底,套脚款式,运动休闲,春季新款,49,女,河南省,否,20,是
315988748,回力经典潮流高街秋季百搭,回力经典,161,166,97,556,2786,97,高端飞织,PU中底,松紧带鞋,潮流高街,秋季百搭,41,男,安徽省,是,11,否
614913737,京东京造简约百搭四季通用,京东京造,99,155,64,322,4470,92,超纤皮鞋,橡胶大底,松紧带鞋,简约百搭,四季通用,53,男,广东省,是,2,是
258602934,斯凯奇潮复古潮鞋冬季保暖,斯凯奇潮,230,418,55,4537,496,93,飞织面料,混合鞋底,魔术贴鞋,复古潮鞋,冬季保暖,55,男,河南省,否,1,是
531007547,阿迪达斯潮流高街冬季保暖,阿迪达斯,122,177,69,15,2349,94,真皮柔软,TPR鞋底,拉链鞋款,潮流高街,冬季保暖,42,男,浙江省,是,3,是
226648249,安踏运动户外机能四季通用,安踏运动,471,636,74,1194,1077,94,合成革鞋,MD发泡底,魔术贴鞋,户外机能,四季通用,46,男,广东省,是,0,是
193649930,其他品牌日常休闲冬季保暖,其他品牌,99,194,51,32,6734,95,混合材质,TPR鞋底,拉链鞋款,日常休闲,冬季保暖,41,女,浙江省,是,20,是
988126918,李宁休闲户外机能春季新款,李宁休闲,99,110,90,779,2953,98,布面材质,MD发泡底,拉链鞋款,户外机能,春季新款,60,女,河南省,否,20,是
177375906,特步男鞋简约百搭四季通用,特步男鞋,99,132,75,26,650,88,混合材质,橡胶大底,魔术贴鞋,简约百搭,四季通用,29,男,安徽省,否,22,否
659047334,鸿星尔克运动休闲秋季百搭,鸿星尔克,107,181,59,491,822,95,布面材质,PU中底,拉链鞋款,运动休闲,秋季百搭,41,女,广东省,否,12,否
258380075,特步男鞋运动休闲秋季百搭,特步男鞋,99,132,75,40,7150,97,布面材质,EVA轻底,魔术贴鞋,运动休闲,秋季百搭,59,男,河南省,是,9,否
757476043,耐克潮流运动休闲冬季保暖,耐克潮流,161,248,65,4463,649,96,混合材质,混合鞋底,套脚款式,运动休闲,冬季保暖,53,男,江苏省,否,17,是
880577876,鸿星尔克户外机能秋季百搭,鸿星尔克,141,148,95,304,2283,87,合成革鞋,EVA轻底,系带设计,户外机能,秋季百搭,48,女,湖北省,否,16,否
576067589,鸿星尔克运动休闲夏季透气,鸿星尔克,178,312,57,233,1239,95,真皮柔软,混合鞋底,魔术贴鞋,运动休闲,夏季透气,38,女,福建省,否,21,否
133467203,耐克潮流日常休闲春季新款,耐克潮流,99,109,91,1093,830,90,合成革鞋,MD发泡底,套脚款式,日常休闲,春季新款,43,女,四川省,否,15,否
844629970,回力经典日常休闲四季通用,回力经典,99,129,77,983,1479,92,真皮柔软,橡胶大底,套脚款式,日常休闲,四季通用,44,女,广东省,是,12,是
323072688,李宁休闲工装硬朗四季通用,李宁休闲,260,317,82,3746,716,95,超纤皮鞋,TPR鞋底,系带设计,工装硬朗,四季通用,46,女,福建省,否,21,否
414832204,特步男鞋工装硬朗春季新款,特步男鞋,166,198,84,831,82,96,布面材质,橡胶大底,松紧带鞋,工装硬朗,春季新款,53,女,福建省,否,22,是
803674666,李宁休闲潮流高街秋季百搭,李宁休闲,204,385,53,68,198,94,网布透气,混合鞋底,松紧带鞋,潮流高街,秋季百搭,49,女,江苏省,否,4,是
117575833,耐克潮流潮流高街春季新款,耐克潮流,239,310,77,628,316,91,合成革鞋,橡胶大底,套脚款式,潮流高街,春季新款,43,男,安徽省,是,9,否
324379914,李宁休闲潮流高街夏季透气,李宁休闲,113,182,62,739,2846,91,混合材质,TPR鞋底,松紧带鞋,潮流高街,夏季透气,48,男,安徽省,否,23,是
576735332,特步男鞋日常休闲春季新款,特步男鞋,169,219,77,1030,1782,95,飞织面料,MD发泡底,松紧带鞋,日常休闲,春季新款,51,男,四川省,否,22,否
820778859,阿迪达斯运动休闲冬季保暖,阿迪达斯,99,112,88,1053,3886,94,高端飞织,橡胶大底,松紧带鞋,运动休闲,冬季保暖,55,女,山东省,是,10,否
192198750,阿迪达斯日常休闲春季新款,阿迪达斯,99,187,53,1254,303,95,真皮柔软,EVA轻底,系带设计,日常休闲,春季新款,59,男,浙江省,是,20,否
465775548,回力经典工装硬朗四季通用,回力经典,117,213,55,872,1611,96,合成革鞋,TPR鞋底,拉链鞋款,工装硬朗,四季通用,40,男,福建省,是,6,是
295692411,鸿星尔克潮流高街冬季保暖,鸿星尔克,209,261,80,1441,1121,93,合成革鞋,PU中底,系带设计,潮流高街,冬季保暖,53,男,山东省,否,20,是
246066129,鸿星尔克复古潮鞋冬季保暖,鸿星尔克,108,126,86,1066,753,92,混合材质,橡胶大底,魔术贴鞋,复古潮鞋,冬季保暖,49,男,浙江省,是,0,是
130257474,京东京造运动休闲冬季保暖,京东京造,99,112,88,910,2132,89,高端飞织,PU中底,套脚款式,运动休闲,冬季保暖,55,男,江苏省,否,20,是
290986100,耐克潮流复古潮鞋秋季百搭,耐克潮流,109,156,70,970,3419,93,网布透气,EVA轻底,套脚款式,复古潮鞋,秋季百搭,38,女,山东省,否,17,否
650491787,安踏运动运动休闲冬季保暖,安踏运动,151,225,67,1247,487,90,合成革鞋,TPR鞋底,套脚款式,运动休闲,冬季保暖,52,男,四川省,否,11,是
116462678,京东京造潮流高街四季通用,京东京造,120,129,93,1267,141,92,高端飞织,混合鞋底,套脚款式,潮流高街,四季通用,50,男,山东省,否,22,是
185878130,阿迪达斯复古潮鞋四季通用,阿迪达斯,99,136,73,122,799,86,真皮柔软,混合鞋底,套脚款式,复古潮鞋,四季通用,49,男,四川省,否,21,是
737252509,鸿星尔克工装硬朗秋季百搭,鸿星尔克,130,148,88,608,1297,100,布面材质,混合鞋底,魔术贴鞋,工装硬朗,秋季百搭,46,女,山东省,否,22,否
387603112,阿迪达斯工装硬朗冬季保暖,阿迪达斯,159,162,98,3101,3931,95,真皮柔软,MD发泡底,魔术贴鞋,工装硬朗,冬季保暖,46,女,广东省,否,21,是
250340520,李宁休闲简约百搭四季通用,李宁休闲,120,226,53,1156,4239,99,网布透气,EVA轻底,魔术贴鞋,简约百搭,四季通用,33,男,河南省,否,9,否
642927293,特步男鞋简约百搭秋季百搭,特步男鞋,99,160,62,1063,1205,91,飞织面料,橡胶大底,魔术贴鞋,简约百搭,秋季百搭,46,女,山东省,否,15,否
694392549,阿迪达斯日常休闲春季新款,阿迪达斯,195,257,76,520,1306,97,超纤皮鞋,PU中底,系带设计,日常休闲,春季新款,36,男,安徽省,是,23,是
183208629,斯凯奇潮复古潮鞋冬季保暖,斯凯奇潮,99,157,63,25,2171,89,超纤皮鞋,MD发泡底,魔术贴鞋,复古潮鞋,冬季保暖,36,女,湖北省,否,18,是
961519586,斯凯奇潮运动休闲秋季百搭,斯凯奇潮,369,486,76,1315,1805,92,合成革鞋,TPR鞋底,拉链鞋款,运动休闲,秋季百搭,45,女,山东省,是,22,否
319380084,特步男鞋复古潮鞋夏季透气,特步男鞋,99,115,86,816,111,91,真皮柔软,MD发泡底,系带设计,复古潮鞋,夏季透气,58,男,四川省,否,22,是
993666886,阿迪达斯简约百搭夏季透气,阿迪达斯,173,214,81,1460,153,99,飞织面料,PU中底,拉链鞋款,简约百搭,夏季透气,55,女,浙江省,否,20,是
160808761,耐克潮流运动休闲秋季百搭,耐克潮流,221,335,66,50,693,90,合成革鞋,TPR鞋底,套脚款式,运动休闲,秋季百搭,41,男,河北省,是,21,否
996032041,斯凯奇潮日常休闲夏季透气,斯凯奇潮,99,108,92,414,1478,96,超纤皮鞋,TPR鞋底,拉链鞋款,日常休闲,夏季透气,45,女,河南省,是,5,是
694762625,安踏运动潮流高街四季通用,安踏运动,142,143,99,122,704,96,高端飞织,TPR鞋底,系带设计,潮流高街,四季通用,20,女,河北省,否,22,否
447302261,李宁休闲简约百搭四季通用,李宁休闲,233,284,82,342,2005,94,混合材质,混合鞋底,魔术贴鞋,简约百搭,四季通用,40,女,安徽省,否,23,否
345315559,京东京造复古潮鞋秋季百搭,京东京造,181,362,50,243,2187,94,网布透气,橡胶大底,魔术贴鞋,复古潮鞋,秋季百搭,48,男,湖北省,是,23,否
295637475,斯凯奇潮户外机能冬季保暖,斯凯奇潮,299,325,92,956,3522,91,飞织面料,EVA轻底,套脚款式,户外机能,冬季保暖,39,男,安徽省,否,10,否
869738371,回力经典户外机能秋季百搭,回力经典,139,224,62,399,226,98,布面材质,EVA轻底,系带设计,户外机能,秋季百搭,48,男,湖北省,否,22,否
727294271,鸿星尔克复古潮鞋春季新款,鸿星尔克,99,103,96,1211,7234,96,合成革鞋,PU中底,松紧带鞋,复古潮鞋,春季新款,35,女,福建省,否,23,是
695786081,斯凯奇潮运动休闲春季新款,斯凯奇潮,281,309,91,575,3052,91,合成革鞋,TPR鞋底,系带设计,运动休闲,春季新款,55,女,四川省,否,3,否
569558302,特步男鞋复古潮鞋四季通用,特步男鞋,125,160,78,767,371,92,布面材质,混合鞋底,松紧带鞋,复古潮鞋,四季通用,44,男,河北省,是,0,否
926769796,李宁休闲简约百搭春季新款,李宁休闲,217,314,69,32,3180,99,高端飞织,TPR鞋底,魔术贴鞋,简约百搭,春季新款,41,男,广东省,是,11,是
900453158,安踏运动户外机能夏季透气,安踏运动,254,410,62,10,18119,85,高端飞织,MD发泡底,松紧带鞋,户外机能,夏季透气,62,男,四川省,否,22,否
186278831,特步男鞋简约百搭冬季保暖,特步男鞋,142,146,97,111,128,86,混合材质,橡胶大底,系带设计,简约百搭,冬季保暖,43,女,浙江省,是,2,否
501708341,特步男鞋简约百搭四季通用,特步男鞋,141,201,70,14,315,97,超纤皮鞋,PU中底,系带设计,简约百搭,四季通用,53,男,广东省,是,21,是
146848901,阿迪达斯工装硬朗秋季百搭,阿迪达斯,337,359,94,4065,431,91,网布透气,EVA轻底,套脚款式,工装硬朗,秋季百搭,46,女,安徽省,否,4,是
192577434,回力经典工装硬朗秋季百搭,回力经典,113,185,61,3514,5336,100,合成革鞋,橡胶大底,系带设计,工装硬朗,秋季百搭,37,女,山东省,是,20,否
714802723,回力经典复古潮鞋春季新款,回力经典,148,260,57,1094,209,91,网布透气,EVA轻底,松紧带鞋,复古潮鞋,春季新款,41,女,广东省,是,3,是
712002618,安踏运动潮流高街夏季透气,安踏运动,404,652,62,190,1265,96,网布透气,橡胶大底,魔术贴鞋,潮流高街,夏季透气,65,女,江苏省,否,22,是
403276464,阿迪达斯简约百搭春季新款,阿迪达斯,122,136,90,4441,2736,96,超纤皮鞋,橡胶大底,松紧带鞋,简约百搭,春季新款,35,女,河南省,否,21,是
763609426,其他品牌复古潮鞋四季通用,其他品牌,99,168,59,1334,514,92,合成革鞋,混合鞋底,拉链鞋款,复古潮鞋,四季通用,48,女,河南省,是,11,否
736532621,特步男鞋复古潮鞋夏季透气,特步男鞋,99,110,90,450,1880,98,飞织面料,混合鞋底,系带设计,复古潮鞋,夏季透气,48,男,四川省,是,2,否
872657780,安踏运动日常休闲四季通用,安踏运动,99,180,55,25,5087,91,高端飞织,橡胶大底,套脚款式,日常休闲,四季通用,47,男,湖北省,否,11,否
645635527,其他品牌工装硬朗春季新款,其他品牌,99,115,86,1172,1002,96,混合材质,混合鞋底,魔术贴鞋,工装硬朗,春季新款,55,女,安徽省,是,20,是
761675940,阿迪达斯简约百搭冬季保暖,阿迪达斯,99,110,90,599,2348,91,真皮柔软,PU中底,套脚款式,简约百搭,冬季保暖,36,男,四川省,否,0,否
240495565,特步男鞋潮流高街春季新款,特步男鞋,200,200,100,1100,254,96,混合材质,TPR鞋底,系带设计,潮流高街,春季新款,50,女,江苏省,是,14,否
543041871,京东京造复古潮鞋冬季保暖,京东京造,99,177,56,4583,3996,91,合成革鞋,MD发泡底,套脚款式,复古潮鞋,冬季保暖,51,女,山东省,否,10,是
128582631,京东京造潮流高街冬季保暖,京东京造,99,110,90,4977,783,91,高端飞织,MD发泡底,套脚款式,潮流高街,冬季保暖,41,女,福建省,是,20,否
157744625,其他品牌日常休闲春季新款,其他品牌,232,305,76,25,971,99,高端飞织,MD发泡底,魔术贴鞋,日常休闲,春季新款,31,男,湖北省,否,8,是
885248109,京东京造工装硬朗夏季透气,京东京造,99,108,92,1418,1780,95,飞织面料,PU中底,套脚款式,工装硬朗,夏季透气,56,女,广东省,否,6,否
774611045,阿迪达斯运动休闲春季新款,阿迪达斯,119,127,94,1222,1589,96,合成革鞋,EVA轻底,系带设计,运动休闲,春季新款,59,男,江苏省,否,17,否
258995381,耐克潮流户外机能四季通用,耐克潮流,99,109,91,3383,4607,98,合成革鞋,混合鞋底,拉链鞋款,户外机能,四季通用,50,男,河南省,否,13,是
605798147,回力经典复古潮鞋秋季百搭,回力经典,99,103,96,12,2267,91,混合材质,EVA轻底,拉链鞋款,复古潮鞋,秋季百搭,55,男,福建省,否,9,否
583349008,京东京造工装硬朗秋季百搭,京东京造,179,275,65,146,339,92,超纤皮鞋,混合鞋底,套脚款式,工装硬朗,秋季百搭,55,女,河南省,否,20,否
291133322,京东京造复古潮鞋夏季透气,京东京造,99,198,50,822,789,94,混合材质,PU中底,松紧带鞋,复古潮鞋,夏季透气,50,男,福建省,否,21,否
330930522,斯凯奇潮简约百搭冬季保暖,斯凯奇潮,99,138,72,1148,293,96,真皮柔软,MD发泡底,松紧带鞋,简约百搭,冬季保暖,48,男,河南省,是,23,否
570371935,阿迪达斯工装硬朗夏季透气,阿迪达斯,332,365,91,785,347,91,布面材质,EVA轻底,套脚款式,工装硬朗,夏季透气,31,男,浙江省,是,14,是
510172919,安踏运动工装硬朗春季新款,安踏运动,99,105,94,965,3163,94,合成革鞋,橡胶大底,松紧带鞋,工装硬朗,春季新款,55,女,河北省,是,0,否
501056990,其他品牌简约百搭秋季百搭,其他品牌,161,194,83,34,7415,93,超纤皮鞋,TPR鞋底,魔术贴鞋,简约百搭,秋季百搭,59,女,湖北省,是,23,是
478987906,安踏运动日常休闲四季通用,安踏运动,138,157,88,1360,541,97,超纤皮鞋,橡胶大底,系带设计,日常休闲,四季通用,55,男,山东省,否,21,否
857598599,京东京造复古潮鞋春季新款,京东京造,178,234,76,317,675,99,网布透气,混合鞋底,拉链鞋款,复古潮鞋,春季新款,48,男,福建省,否,21,是
125510379,鸿星尔克简约百搭春季新款,鸿星尔克,206,245,84,87,595,96,超纤皮鞋,橡胶大底,松紧带鞋,简约百搭,春季新款,45,女,江苏省,否,5,是
523899541,特步男鞋户外机能四季通用,特步男鞋,99,150,66,420,2268,92,布面材质,混合鞋底,套脚款式,户外机能,四季通用,48,男,安徽省,否,20,是
183931867,安踏运动简约百搭冬季保暖,安踏运动,220,239,92,1141,2301,93,网布透气,橡胶大底,松紧带鞋,简约百搭,冬季保暖,47,女,广东省,是,3,是
898562829,李宁休闲工装硬朗秋季百搭,李宁休闲,99,114,87,414,1487,93,网布透气,TPR鞋底,松紧带鞋,工装硬朗,秋季百搭,50,男,四川省,是,23,是
607847832,回力经典工装硬朗春季新款,回力经典,163,243,67,2207,2949,91,布面材质,EVA轻底,松紧带鞋,工装硬朗,春季新款,50,男,广东省,是,16,是
751919949,回力经典潮流高街秋季百搭,回力经典,99,157,63,11,7847,97,真皮柔软,EVA轻底,松紧带鞋,潮流高街,秋季百搭,34,男,福建省,是,2,否
783606851,回力经典户外机能冬季保暖,回力经典,276,484,57,0,100,100,高端飞织,PU中底,拉链鞋款,户外机能,冬季保暖,53,女,四川省,是,22,是
157930559,鸿星尔克运动休闲春季新款,鸿星尔克,410,436,94,30,579,92,超纤皮鞋,橡胶大底,魔术贴鞋,运动休闲,春季新款,46,女,湖北省,是,20,是
935535917,回力经典潮流高街秋季百搭,回力经典,101,109,93,67,494,90,超纤皮鞋,橡胶大底,套脚款式,潮流高街,秋季百搭,54,女,河北省,是,14,是
390361253,京东京造潮流高街春季新款,京东京造,270,273,99,1127,299,96,高端飞织,PU中底,拉链鞋款,潮流高街,春季新款,47,女,湖北省,是,8,否
572441930,京东京造简约百搭四季通用,京东京造,99,143,69,7,999,94,飞织面料,EVA轻底,系带设计,简约百搭,四季通用,48,女,江苏省,是,18,否
804520192,耐克潮流运动休闲夏季透气,耐克潮流,99,198,50,50,5289,90,超纤皮鞋,MD发泡底,魔术贴鞋,运动休闲,夏季透气,47,男,湖北省,否,7,是
933204202,斯凯奇潮复古潮鞋秋季百搭,斯凯奇潮,99,111,89,807,3346,91,混合材质,EVA轻底,系带设计,复古潮鞋,秋季百搭,35,男,河北省,是,5,否
875816634,斯凯奇潮简约百搭春季新款,斯凯奇潮,99,122,81,724,206,95,高端飞织,MD发泡底,系带设计,简约百搭,春季新款,47,男,浙江省,是,4,否
464557044,鸿星尔克简约百搭春季新款,鸿星尔克,240,258,93,243,2841,99,网布透气,EVA轻底,魔术贴鞋,简约百搭,春季新款,46,女,湖北省,否,20,否
445164431,斯凯奇潮简约百搭四季通用,斯凯奇潮,99,134,74,14,391,90,超纤皮鞋,PU中底,拉链鞋款,简约百搭,四季通用,58,女,福建省,否,4,否
997681679,阿迪达斯潮流高街冬季保暖,阿迪达斯,99,165,60,3995,480,93,合成革鞋,MD发泡底,魔术贴鞋,潮流高街,冬季保暖,50,女,广东省,是,6,是
662609914,京东京造运动休闲夏季透气,京东京造,109,151,72,1405,1670,93,真皮柔软,PU中底,套脚款式,运动休闲,夏季透气,28,男,山东省,是,7,否
811686958,安踏运动复古潮鞋冬季保暖,安踏运动,190,260,73,845,1362,91,高端飞织,EVA轻底,拉链鞋款,复古潮鞋,冬季保暖,47,男,湖北省,否,20,否
563039606,安踏运动运动休闲冬季保暖,安踏运动,141,271,52,21,335,96,合成革鞋,TPR鞋底,系带设计,运动休闲,冬季保暖,57,男,河北省,否,18,否
119333733,鸿星尔克户外机能冬季保暖,鸿星尔克,137,173,79,633,90,95,真皮柔软,PU中底,松紧带鞋,户外机能,冬季保暖,56,男,四川省,是,21,否
178241994,特步男鞋日常休闲夏季透气,特步男鞋,184,186,99,16,4969,98,布面材质,橡胶大底,系带设计,日常休闲,夏季透气,57,女,福建省,否,0,是
147850821,安踏运动运动休闲秋季百搭,安踏运动,99,119,83,1286,2476,90,布面材质,EVA轻底,魔术贴鞋,运动休闲,秋季百搭,42,男,浙江省,否,22,否
488128329,特步男鞋复古潮鞋四季通用,特步男鞋,99,99,100,4199,1453,86,超纤皮鞋,TPR鞋底,松紧带鞋,复古潮鞋,四季通用,40,女,湖北省,否,11,是
746788125,京东京造户外机能夏季透气,京东京造,249,341,73,49,1108,93,真皮柔软,橡胶大底,拉链鞋款,户外机能,夏季透气,61,女,广东省,否,16,是
266438002,京东京造运动休闲春季新款,京东京造,164,193,85,1039,253,97,超纤皮鞋,橡胶大底,松紧带鞋,运动休闲,春季新款,53,男,湖北省,是,21,是
412591119,李宁休闲简约百搭四季通用,李宁休闲,99,124,80,613,708,95,高端飞织,EVA轻底,魔术贴鞋,简约百搭,四季通用,47,女,河南省,是,9,否
337818507,特步男鞋潮流高街四季通用,特步男鞋,158,188,84,635,1064,92,真皮柔软,橡胶大底,拉链鞋款,潮流高街,四季通用,39,女,福建省,否,22,否
669836655,其他品牌工装硬朗春季新款,其他品牌,132,174,76,1280,366,87,高端飞织,EVA轻底,魔术贴鞋,工装硬朗,春季新款,44,女,浙江省,是,22,是
246760973,回力经典运动休闲秋季百搭,回力经典,99,106,93,714,574,99,布面材质,EVA轻底,松紧带鞋,运动休闲,秋季百搭,60,女,安徽省,否,15,否
303123010,鸿星尔克运动休闲春季新款,鸿星尔克,156,168,93,2,1120,91,飞织面料,混合鞋底,魔术贴鞋,运动休闲,春季新款,35,男,河北省,是,21,是
534460492,安踏运动户外机能秋季百搭,安踏运动,330,635,52,924,1809,92,超纤皮鞋,橡胶大底,拉链鞋款,户外机能,秋季百搭,49,男,江苏省,是,21,是
743724776,斯凯奇潮户外机能夏季透气,斯凯奇潮,119,124,96,87,817,96,布面材质,橡胶大底,套脚款式,户外机能,夏季透气,43,男,福建省,否,21,否
468228758,阿迪达斯复古潮鞋秋季百搭,阿迪达斯,99,102,97,160,2155,97,飞织面料,橡胶大底,魔术贴鞋,复古潮鞋,秋季百搭,49,女,山东省,否,19,是
501910621,李宁休闲运动休闲春季新款,李宁休闲,238,298,80,467,3734,85,真皮柔软,EVA轻底,拉链鞋款,运动休闲,春季新款,43,女,浙江省,是,20,否
831926782,阿迪达斯简约百搭四季通用,阿迪达斯,104,120,87,1492,585,100,网布透气,MD发泡底,拉链鞋款,简约百搭,四季通用,41,女,浙江省,是,11,是
544818306,耐克潮流潮流高街四季通用,耐克潮流,142,268,53,2919,3353,95,网布透气,混合鞋底,松紧带鞋,潮流高街,四季通用,44,女,四川省,是,1,是
226765778,特步男鞋工装硬朗秋季百搭,特步男鞋,101,153,66,39,3891,85,高端飞织,混合鞋底,松紧带鞋,工装硬朗,秋季百搭,33,男,广东省,是,5,否
510357612,京东京造日常休闲四季通用,京东京造,99,108,92,1176,1614,98,超纤皮鞋,MD发泡底,系带设计,日常休闲,四季通用,61,男,浙江省,否,6,否
341623394,特步男鞋户外机能冬季保暖,特步男鞋,123,195,63,788,3131,94,网布透气,EVA轻底,套脚款式,户外机能,冬季保暖,48,男,福建省,是,23,是
497535190,耐克潮流工装硬朗四季通用,耐克潮流,172,253,68,1391,516,95,合成革鞋,橡胶大底,套脚款式,工装硬朗,四季通用,36,女,福建省,是,14,是
468011723,鸿星尔克日常休闲夏季透气,鸿星尔克,150,150,100,1130,1143,94,超纤皮鞋,TPR鞋底,魔术贴鞋,日常休闲,夏季透气,52,男,安徽省,否,21,否
561599435,耐克潮流日常休闲夏季透气,耐克潮流,446,544,82,4091,2558,95,合成革鞋,TPR鞋底,系带设计,日常休闲,夏季透气,48,女,山东省,否,8,否
373666309,特步男鞋运动休闲秋季百搭,特步男鞋,99,121,82,4693,694,92,飞织面料,EVA轻底,松紧带鞋,运动休闲,秋季百搭,61,男,湖北省,否,6,否
862242765,斯凯奇潮运动休闲春季新款,斯凯奇潮,142,142,100,4751,521,93,高端飞织,橡胶大底,拉链鞋款,运动休闲,春季新款,49,女,安徽省,是,10,否
363111954,斯凯奇潮户外机能四季通用,斯凯奇潮,104,108,96,609,308,92,高端飞织,橡胶大底,套脚款式,户外机能,四季通用,44,男,河南省,是,6,否
189501870,回力经典复古潮鞋夏季透气,回力经典,121,126,96,1498,100,93,混合材质,橡胶大底,拉链鞋款,复古潮鞋,夏季透气,44,男,河北省,否,16,否
133178920,其他品牌简约百搭秋季百搭,其他品牌,102,134,76,218,246,100,布面材质,混合鞋底,系带设计,简约百搭,秋季百搭,34,男,四川省,否,21,否
876762774,其他品牌工装硬朗冬季保暖,其他品牌,99,168,59,3977,1604,92,合成革鞋,橡胶大底,魔术贴鞋,工装硬朗,冬季保暖,40,男,湖北省,是,12,是
840752407,安踏运动复古潮鞋夏季透气,安踏运动,99,160,62,33,57,97,混合材质,PU中底,魔术贴鞋,复古潮鞋,夏季透气,31,男,湖北省,否,15,否
928031584,安踏运动工装硬朗四季通用,安踏运动,132,153,86,29,1275,94,混合材质,PU中底,魔术贴鞋,工装硬朗,四季通用,51,男,四川省,否,17,否
755354722,耐克潮流复古潮鞋春季新款,耐克潮流,141,152,93,467,1801,92,合成革鞋,PU中底,系带设计,复古潮鞋,春季新款,35,女,浙江省,否,1,是
134064324,安踏运动简约百搭四季通用,安踏运动,533,620,86,3551,3138,92,高端飞织,橡胶大底,松紧带鞋,简约百搭,四季通用,56,女,浙江省,是,20,是
284036586,李宁休闲日常休闲四季通用,李宁休闲,99,125,79,779,11649,97,飞织面料,PU中底,系带设计,日常休闲,四季通用,36,男,福建省,是,11,否
650562996,京东京造工装硬朗春季新款,京东京造,99,122,81,4658,149,98,飞织面料,MD发泡底,系带设计,工装硬朗,春季新款,43,男,安徽省,是,19,是
193455620,耐克潮流简约百搭春季新款,耐克潮流,99,132,75,1037,2785,94,合成革鞋,TPR鞋底,魔术贴鞋,简约百搭,春季新款,40,男,湖北省,是,16,是
171053379,阿迪达斯简约百搭秋季百搭,阿迪达斯,176,189,93,504,1047,93,真皮柔软,EVA轻底,魔术贴鞋,简约百搭,秋季百搭,45,男,江苏省,否,1,否
541404621,安踏运动运动休闲夏季透气,安踏运动,121,151,80,1372,600,98,真皮柔软,MD发泡底,系带设计,运动休闲,夏季透气,49,男,浙江省,否,6,是
624156720,阿迪达斯潮流高街秋季百搭,阿迪达斯,157,191,82,259,81,100,飞织面料,橡胶大底,拉链鞋款,潮流高街,秋季百搭,56,女,湖北省,否,0,是
156576001,回力经典运动休闲夏季透气,回力经典,99,121,82,1174,880,96,真皮柔软,混合鞋底,拉链鞋款,运动休闲,夏季透气,57,男,福建省,否,22,是
281129947,鸿星尔克潮流高街冬季保暖,鸿星尔克,154,190,81,4618,232,92,飞织面料,混合鞋底,魔术贴鞋,潮流高街,冬季保暖,55,男,湖北省,否,0,是
349465675,回力经典简约百搭夏季透气,回力经典,169,194,87,1420,1834,90,合成革鞋,EVA轻底,松紧带鞋,简约百搭,夏季透气,42,男,安徽省,是,0,是
911762235,京东京造潮流高街四季通用,京东京造,122,179,68,3908,1165,92,真皮柔软,PU中底,魔术贴鞋,潮流高街,四季通用,52,男,福建省,否,22,是
787637441,阿迪达斯日常休闲春季新款,阿迪达斯,127,153,83,1014,2590,96,高端飞织,PU中底,魔术贴鞋,日常休闲,春季新款,45,女,湖北省,否,0,是
354831353,鸿星尔克潮流高街冬季保暖,鸿星尔克,99,121,82,67,289,92,混合材质,EVA轻底,魔术贴鞋,潮流高街,冬季保暖,60,女,山东省,是,12,是
990284831,鸿星尔克工装硬朗秋季百搭,鸿星尔克,105,140,75,324,3815,96,飞织面料,橡胶大底,松紧带鞋,工装硬朗,秋季百搭,36,女,福建省,是,8,是
867034251,阿迪达斯简约百搭四季通用,阿迪达斯,167,249,67,19,2943,97,真皮柔软,橡胶大底,松紧带鞋,简约百搭,四季通用,32,男,湖北省,否,21,否
293255415,鸿星尔克工装硬朗四季通用,鸿星尔克,120,167,72,10,2862,91,超纤皮鞋,橡胶大底,系带设计,工装硬朗,四季通用,44,女,江苏省,是,17,否
223163735,耐克潮流日常休闲冬季保暖,耐克潮流,122,161,76,29,411,96,超纤皮鞋,EVA轻底,系带设计,日常休闲,冬季保暖,45,女,福建省,是,2,是
403878564,耐克潮流日常休闲四季通用,耐克潮流,321,357,90,1425,1057,99,混合材质,橡胶大底,松紧带鞋,日常休闲,四季通用,49,男,山东省,否,17,否
150281572,其他品牌简约百搭春季新款,其他品牌,129,243,53,1135,381,94,超纤皮鞋,混合鞋底,魔术贴鞋,简约百搭,春季新款,53,女,河南省,否,11,否
444965982,京东京造简约百搭冬季保暖,京东京造,157,308,51,432,802,93,真皮柔软,TPR鞋底,魔术贴鞋,简约百搭,冬季保暖,47,女,浙江省,否,13,是
922987297,李宁休闲潮流高街冬季保暖,李宁休闲,125,162,77,2574,1248,96,混合材质,橡胶大底,套脚款式,潮流高街,冬季保暖,60,女,河北省,否,17,否
371394712,京东京造运动休闲夏季透气,京东京造,127,127,100,800,2811,90,超纤皮鞋,MD发泡底,系带设计,运动休闲,夏季透气,44,男,福建省,否,0,是
975343606,李宁休闲运动休闲夏季透气,李宁休闲,175,201,87,36,885,91,超纤皮鞋,橡胶大底,系带设计,运动休闲,夏季透气,59,男,四川省,是,6,否
617302913,回力经典潮流高街冬季保暖,回力经典,281,562,50,1069,4510,95,布面材质,EVA轻底,魔术贴鞋,潮流高街,冬季保暖,43,女,江苏省,是,20,是
424540306,安踏运动简约百搭四季通用,安踏运动,485,770,63,4735,2368,93,网布透气,橡胶大底,魔术贴鞋,简约百搭,四季通用,60,男,河南省,否,19,否
528229758,回力经典潮流高街夏季透气,回力经典,277,360,77,4551,93,99,超纤皮鞋,EVA轻底,系带设计,潮流高街,夏季透气,39,男,湖北省,否,16,否
800916175,耐克潮流复古潮鞋春季新款,耐克潮流,114,148,77,5,3454,93,混合材质,MD发泡底,松紧带鞋,复古潮鞋,春季新款,55,男,山东省,否,12,是
442561047,特步男鞋复古潮鞋夏季透气,特步男鞋,99,141,70,750,699,90,飞织面料,PU中底,拉链鞋款,复古潮鞋,夏季透气,61,女,江苏省,否,6,是
595279105,耐克潮流潮流高街四季通用,耐克潮流,211,377,56,174,2207,96,布面材质,橡胶大底,系带设计,潮流高街,四季通用,20,女,河北省,是,23,否
874175673,回力经典日常休闲夏季透气,回力经典,99,108,92,48,243,95,飞织面料,TPR鞋底,系带设计,日常休闲,夏季透气,44,女,河北省,否,16,否
545787140,安踏运动运动休闲夏季透气,安踏运动,173,214,81,487,645,100,飞织面料,橡胶大底,套脚款式,运动休闲,夏季透气,51,男,福建省,否,11,是
967462134,京东京造简约百搭春季新款,京东京造,99,134,74,34,855,93,合成革鞋,混合鞋底,拉链鞋款,简约百搭,春季新款,50,女,河南省,否,3,否
728148720,鸿星尔克复古潮鞋夏季透气,鸿星尔克,116,207,56,8,1142,90,高端飞织,TPR鞋底,系带设计,复古潮鞋,夏季透气,35,男,湖北省,否,21,是
776192337,鸿星尔克潮流高街冬季保暖,鸿星尔克,99,109,91,924,1560,98,超纤皮鞋,EVA轻底,拉链鞋款,潮流高街,冬季保暖,61,男,湖北省,否,13,是
103963547,斯凯奇潮潮流高街秋季百搭,斯凯奇潮,252,400,63,46,415,99,高端飞织,PU中底,套脚款式,潮流高街,秋季百搭,38,男,广东省,是,19,是
253773823,李宁休闲运动休闲秋季百搭,李宁休闲,109,127,86,17,1839,99,超纤皮鞋,PU中底,套脚款式,运动休闲,秋季百搭,48,男,广东省,是,13,否
490484579,特步男鞋简约百搭四季通用,特步男鞋,99,162,61,46,1062,94,合成革鞋,EVA轻底,松紧带鞋,简约百搭,四季通用,51,男,四川省,是,5,是
564279216,阿迪达斯复古潮鞋冬季保暖,阿迪达斯,142,229,62,1393,5014,86,混合材质,橡胶大底,系带设计,复古潮鞋,冬季保暖,61,女,湖北省,是,23,否
894302086,斯凯奇潮日常休闲夏季透气,斯凯奇潮,99,110,90,218,1324,88,布面材质,EVA轻底,套脚款式,日常休闲,夏季透气,29,女,山东省,否,12,是
277435520,斯凯奇潮运动休闲冬季保暖,斯凯奇潮,99,146,68,1024,1854,94,合成革鞋,EVA轻底,套脚款式,运动休闲,冬季保暖,56,男,安徽省,是,20,是
339374851,安踏运动简约百搭夏季透气,安踏运动,99,152,65,48,2871,91,真皮柔软,MD发泡底,魔术贴鞋,简约百搭,夏季透气,45,女,河南省,是,3,否
324022340,耐克潮流复古潮鞋秋季百搭,耐克潮流,99,116,85,40,828,99,合成革鞋,EVA轻底,套脚款式,复古潮鞋,秋季百搭,48,男,湖北省,是,8,是
760615758,京东京造户外机能冬季保暖,京东京造,109,191,57,1272,600,96,合成革鞋,TPR鞋底,魔术贴鞋,户外机能,冬季保暖,48,男,福建省,否,5,是
878505980,鸿星尔克工装硬朗夏季透气,鸿星尔克,158,236,67,16,2212,91,超纤皮鞋,MD发泡底,魔术贴鞋,工装硬朗,夏季透气,39,男,河北省,是,14,否
626172487,其他品牌运动休闲四季通用,其他品牌,123,123,100,1342,38000,96,高端飞织,MD发泡底,魔术贴鞋,运动休闲,四季通用,52,女,山东省,是,21,否
337214051,京东京造简约百搭春季新款,京东京造,144,178,81,832,1983,95,混合材质,橡胶大底,套脚款式,简约百搭,春季新款,45,男,安徽省,否,22,否
540980865,阿迪达斯工装硬朗秋季百搭,阿迪达斯,132,183,72,1416,160,97,混合材质,PU中底,套脚款式,工装硬朗,秋季百搭,48,男,四川省,否,23,是
191627994,特步男鞋简约百搭四季通用,特步男鞋,304,313,97,41,11985,97,混合材质,MD发泡底,拉链鞋款,简约百搭,四季通用,46,男,浙江省,否,13,否
415691206,阿迪达斯工装硬朗春季新款,阿迪达斯,191,195,98,684,372,86,真皮柔软,MD发泡底,套脚款式,工装硬朗,春季新款,40,女,浙江省,否,22,否
390694258,回力经典户外机能四季通用,回力经典,501,589,85,2984,2884,98,网布透气,混合鞋底,松紧带鞋,户外机能,四季通用,39,女,江苏省,否,6,否
547714262,耐克潮流工装硬朗春季新款,耐克潮流,99,108,92,503,3669,90,超纤皮鞋,橡胶大底,拉链鞋款,工装硬朗,春季新款,38,女,广东省,是,20,是
650249446,鸿星尔克工装硬朗春季新款,鸿星尔克,99,187,53,28,425,96,高端飞织,PU中底,系带设计,工装硬朗,春季新款,44,男,山东省,否,1,是
498462167,回力经典运动休闲秋季百搭,回力经典,99,121,82,1429,2254,93,高端飞织,TPR鞋底,拉链鞋款,运动休闲,秋季百搭,49,女,四川省,否,15,否
915424565,安踏运动运动休闲春季新款,安踏运动,218,346,63,832,1945,99,高端飞织,混合鞋底,套脚款式,运动休闲,春季新款,56,女,浙江省,否,10,是
237410231,耐克潮流日常休闲秋季百搭,耐克潮流,136,247,55,1401,403,92,飞织面料,PU中底,魔术贴鞋,日常休闲,秋季百搭,45,女,福建省,是,15,否
599090477,李宁休闲简约百搭四季通用,李宁休闲,115,183,63,1315,492,90,飞织面料,TPR鞋底,套脚款式,简约百搭,四季通用,62,女,江苏省,否,22,否
494126749,其他品牌工装硬朗四季通用,其他品牌,99,100,99,420,248,94,高端飞织,TPR鞋底,拉链鞋款,工装硬朗,四季通用,48,男,河北省,否,4,是
627055708,其他品牌潮流高街夏季透气,其他品牌,99,155,64,1113,593,90,混合材质,PU中底,松紧带鞋,潮流高街,夏季透气,36,男,江苏省,否,22,是
185944844,阿迪达斯复古潮鞋夏季透气,阿迪达斯,99,165,60,1426,599,94,高端飞织,TPR鞋底,系带设计,复古潮鞋,夏季透气,54,女,山东省,否,12,否
855323244,斯凯奇潮复古潮鞋秋季百搭,斯凯奇潮,136,143,95,732,8457,92,网布透气,混合鞋底,松紧带鞋,复古潮鞋,秋季百搭,51,女,江苏省,是,8,否
399517579,其他品牌简约百搭春季新款,其他品牌,99,129,77,41,654,96,高端飞织,TPR鞋底,系带设计,简约百搭,春季新款,23,女,福建省,是,0,是
605128271,其他品牌工装硬朗春季新款,其他品牌,129,248,52,1033,411,92,高端飞织,混合鞋底,系带设计,工装硬朗,春季新款,39,男,浙江省,是,10,否
392606435,李宁休闲简约百搭冬季保暖,李宁休闲,99,157,63,3846,1682,93,合成革鞋,EVA轻底,拉链鞋款,简约百搭,冬季保暖,58,男,浙江省,否,4,是
345063078,安踏运动日常休闲冬季保暖,安踏运动,295,355,83,17,1634,94,网布透气,EVA轻底,拉链鞋款,日常休闲,冬季保暖,52,男,广东省,是,19,否
290082744,阿迪达斯工装硬朗春季新款,阿迪达斯,179,183,98,1003,1362,98,真皮柔软,混合鞋底,套脚款式,工装硬朗,春季新款,51,男,福建省,否,21,否
870862947,特步男鞋工装硬朗夏季透气,特步男鞋,99,146,68,1066,538,89,真皮柔软,MD发泡底,系带设计,工装硬朗,夏季透气,37,男,广东省,否,1,是
794842171,阿迪达斯运动休闲冬季保暖,阿迪达斯,125,149,84,1437,304,93,混合材质,EVA轻底,松紧带鞋,运动休闲,冬季保暖,51,男,浙江省,是,5,是
956042790,京东京造运动休闲夏季透气,京东京造,175,186,94,1057,2693,91,网布透气,TPR鞋底,套脚款式,运动休闲,夏季透气,50,男,福建省,是,4,否
765887129,京东京造简约百搭秋季百搭,京东京造,145,163,89,408,4875,93,超纤皮鞋,混合鞋底,系带设计,简约百搭,秋季百搭,47,男,广东省,否,16,是
856012337,回力经典潮流高街春季新款,回力经典,303,505,60,730,3015,91,合成革鞋,混合鞋底,拉链鞋款,潮流高街,春季新款,36,女,河南省,是,3,是
879942812,鸿星尔克复古潮鞋秋季百搭,鸿星尔克,198,287,69,283,2347,97,布面材质,PU中底,套脚款式,复古潮鞋,秋季百搭,46,男,山东省,否,23,是
849381550,其他品牌运动休闲秋季百搭,其他品牌,99,143,69,41,2288,95,高端飞织,PU中底,套脚款式,运动休闲,秋季百搭,55,男,河北省,否,23,否
110936011,安踏运动潮流高街秋季百搭,安踏运动,138,175,79,905,5362,97,网布透气,TPR鞋底,拉链鞋款,潮流高街,秋季百搭,35,男,四川省,否,2,否
810499173,阿迪达斯户外机能冬季保暖,阿迪达斯,219,264,83,79,167,96,合成革鞋,橡胶大底,套脚款式,户外机能,冬季保暖,34,男,江苏省,否,22,是
108633981,李宁休闲户外机能秋季百搭,李宁休闲,120,136,88,212,1713,90,混合材质,PU中底,套脚款式,户外机能,秋季百搭,30,女,浙江省,否,6,否
921503558,阿迪达斯复古潮鞋冬季保暖,阿迪达斯,218,330,66,36,86,94,飞织面料,混合鞋底,系带设计,复古潮鞋,冬季保暖,47,男,河南省,是,20,是
720806961,耐克潮流潮流高街冬季保暖,耐克潮流,104,146,71,10,189,90,高端飞织,MD发泡底,系带设计,潮流高街,冬季保暖,50,男,福建省,是,1,是
161205009,斯凯奇潮运动休闲夏季透气,斯凯奇潮,147,213,69,712,3016,93,真皮柔软,TPR鞋底,魔术贴鞋,运动休闲,夏季透气,50,女,山东省,否,17,是
948749788,阿迪达斯户外机能冬季保暖,阿迪达斯,106,204,52,9,747,91,混合材质,PU中底,拉链鞋款,户外机能,冬季保暖,54,女,山东省,是,3,是
694449426,回力经典潮流高街四季通用,回力经典,225,230,98,1342,547,92,真皮柔软,EVA轻底,魔术贴鞋,潮流高街,四季通用,47,男,江苏省,是,21,否
695003801,阿迪达斯简约百搭夏季透气,阿迪达斯,147,155,95,542,2703,90,高端飞织,橡胶大底,魔术贴鞋,简约百搭,夏季透气,42,女,安徽省,否,22,否
422271654,其他品牌运动休闲四季通用,其他品牌,99,119,83,907,555,99,真皮柔软,PU中底,套脚款式,运动休闲,四季通用,54,男,河南省,是,3,是
248938043,特步男鞋复古潮鞋秋季百搭,特步男鞋,149,213,70,0,844,97,布面材质,TPR鞋底,拉链鞋款,复古潮鞋,秋季百搭,47,男,河南省,否,8,否
311448852,耐克潮流日常休闲春季新款,耐克潮流,99,124,80,387,764,93,网布透气,橡胶大底,拉链鞋款,日常休闲,春季新款,40,男,福建省,是,20,否
890680451,特步男鞋日常休闲夏季透气,特步男鞋,100,145,69,1208,378,93,飞织面料,TPR鞋底,松紧带鞋,日常休闲,夏季透气,49,女,河北省,是,16,否
738454364,李宁休闲日常休闲秋季百搭,李宁休闲,99,125,79,18,106,92,真皮柔软,PU中底,魔术贴鞋,日常休闲,秋季百搭,48,女,安徽省,否,4,是
290912002,李宁休闲工装硬朗春季新款,李宁休闲,285,361,79,629,1992,95,合成革鞋,混合鞋底,套脚款式,工装硬朗,春季新款,53,男,广东省,否,23,否
917674740,特步男鞋户外机能秋季百搭,特步男鞋,345,352,98,47,707,91,布面材质,PU中底,系带设计,户外机能,秋季百搭,43,男,安徽省,是,23,否
543150795,特步男鞋潮流高街秋季百搭,特步男鞋,154,156,99,2225,785,98,布面材质,MD发泡底,套脚款式,潮流高街,秋季百搭,48,女,河北省,是,20,否
283480482,斯凯奇潮工装硬朗秋季百搭,斯凯奇潮,99,139,71,3971,5964,91,网布透气,TPR鞋底,系带设计,工装硬朗,秋季百搭,44,男,浙江省,是,6,是
126391104,安踏运动潮流高街春季新款,安踏运动,202,235,86,821,1708,90,高端飞织,MD发泡底,系带设计,潮流高街,春季新款,53,男,河南省,否,20,是
667919911,京东京造工装硬朗四季通用,京东京造,99,148,67,1003,517,93,布面材质,MD发泡底,系带设计,工装硬朗,四季通用,55,男,山东省,是,4,是
836265190,耐克潮流简约百搭秋季百搭,耐克潮流,99,118,84,1081,547,99,超纤皮鞋,PU中底,拉链鞋款,简约百搭,秋季百搭,58,女,浙江省,是,5,是
746440651,阿迪达斯复古潮鞋四季通用,阿迪达斯,272,280,97,2806,647,90,飞织面料,橡胶大底,套脚款式,复古潮鞋,四季通用,51,女,浙江省,否,11,否
699367651,京东京造复古潮鞋秋季百搭,京东京造,99,174,57,1287,162,96,飞织面料,混合鞋底,魔术贴鞋,复古潮鞋,秋季百搭,59,女,江苏省,是,20,是
608455239,李宁休闲运动休闲春季新款,李宁休闲,146,232,63,1483,1354,96,布面材质,混合鞋底,松紧带鞋,运动休闲,春季新款,50,女,河南省,否,21,否
951203869,特步男鞋复古潮鞋夏季透气,特步男鞋,195,291,67,7,12066,93,飞织面料,PU中底,套脚款式,复古潮鞋,夏季透气,34,女,河北省,否,18,是
581897200,京东京造简约百搭冬季保暖,京东京造,168,191,88,303,1320,94,网布透气,橡胶大底,魔术贴鞋,简约百搭,冬季保暖,45,女,江苏省,否,3,否
970415590,特步男鞋复古潮鞋四季通用,特步男鞋,401,786,51,1020,265,99,网布透气,EVA轻底,魔术贴鞋,复古潮鞋,四季通用,56,女,山东省,否,20,是
448275244,阿迪达斯潮流高街夏季透气,阿迪达斯,238,245,97,33,963,93,混合材质,混合鞋底,拉链鞋款,潮流高街,夏季透气,42,男,四川省,否,11,是
327343104,阿迪达斯工装硬朗夏季透气,阿迪达斯,99,124,80,1120,135,95,超纤皮鞋,PU中底,拉链鞋款,工装硬朗,夏季透气,56,女,福建省,否,21,是
597459568,阿迪达斯潮流高街四季通用,阿迪达斯,353,430,82,161,1896,90,超纤皮鞋,PU中底,魔术贴鞋,潮流高街,四季通用,59,女,湖北省,否,2,否
265158253,李宁休闲户外机能四季通用,李宁休闲,188,269,70,40,531,95,超纤皮鞋,PU中底,系带设计,户外机能,四季通用,43,女,江苏省,是,8,是
573484367,其他品牌工装硬朗夏季透气,其他品牌,99,108,92,1088,1034,99,布面材质,MD发泡底,套脚款式,工装硬朗,夏季透气,47,男,山东省,是,12,否
713922365,阿迪达斯运动休闲春季新款,阿迪达斯,302,408,74,480,365,100,合成革鞋,橡胶大底,松紧带鞋,运动休闲,春季新款,44,女,山东省,否,20,否
577544643,其他品牌工装硬朗冬季保暖,其他品牌,99,177,56,118,2428,90,网布透气,TPR鞋底,松紧带鞋,工装硬朗,冬季保暖,41,男,河北省,否,17,否
697024323,耐克潮流潮流高街冬季保暖,耐克潮流,99,143,69,1289,2164,97,合成革鞋,混合鞋底,系带设计,潮流高街,冬季保暖,48,男,湖北省,是,8,是
459661742,安踏运动简约百搭四季通用,安踏运动,99,160,62,1491,148,94,网布透气,TPR鞋底,松紧带鞋,简约百搭,四季通用,41,女,四川省,否,22,是
852796080,安踏运动户外机能冬季保暖,安踏运动,142,218,65,1334,2593,97,布面材质,PU中底,拉链鞋款,户外机能,冬季保暖,48,男,河北省,否,22,否
894734170,特步男鞋工装硬朗秋季百搭,特步男鞋,99,162,61,24,2075,92,布面材质,EVA轻底,套脚款式,工装硬朗,秋季百搭,48,女,广东省,否,21,是
313442880,回力经典户外机能春季新款,回力经典,125,176,71,894,898,96,高端飞织,PU中底,套脚款式,户外机能,春季新款,49,女,湖北省,否,20,是
234437763,特步男鞋运动休闲夏季透气,特步男鞋,161,173,93,360,3608,93,真皮柔软,EVA轻底,松紧带鞋,运动休闲,夏季透气,49,男,广东省,是,18,是
160953091,京东京造日常休闲夏季透气,京东京造,133,193,69,906,840,90,高端飞织,MD发泡底,拉链鞋款,日常休闲,夏季透气,48,女,湖北省,否,13,否
820595179,特步男鞋潮流高街冬季保暖,特步男鞋,233,307,76,750,215,92,混合材质,TPR鞋底,松紧带鞋,潮流高街,冬季保暖,51,男,福建省,否,0,否
552800066,李宁休闲潮流高街四季通用,李宁休闲,124,225,55,413,1411,91,布面材质,EVA轻底,系带设计,潮流高街,四季通用,55,女,山东省,否,5,是
509889061,耐克潮流潮流高街秋季百搭,耐克潮流,159,194,82,477,13230,93,布面材质,TPR鞋底,系带设计,潮流高街,秋季百搭,54,男,浙江省,是,21,否
599928813,斯凯奇潮简约百搭四季通用,斯凯奇潮,133,149,89,2,533,94,布面材质,橡胶大底,套脚款式,简约百搭,四季通用,30,女,安徽省,是,5,否
473474460,鸿星尔克工装硬朗秋季百搭,鸿星尔克,182,246,74,906,1331,93,高端飞织,PU中底,系带设计,工装硬朗,秋季百搭,49,男,河北省,否,17,否
456068849,特步男鞋工装硬朗四季通用,特步男鞋,231,379,61,974,1747,93,高端飞织,橡胶大底,松紧带鞋,工装硬朗,四季通用,60,男,福建省,否,16,是
351519219,特步男鞋运动休闲夏季透气,特步男鞋,99,138,72,523,5006,92,网布透气,PU中底,拉链鞋款,运动休闲,夏季透气,61,女,福建省,否,22,否
608702377,李宁休闲户外机能夏季透气,李宁休闲,99,157,63,39,604,96,混合材质,PU中底,系带设计,户外机能,夏季透气,61,女,湖北省,是,16,是
320892198,阿迪达斯运动休闲秋季百搭,阿迪达斯,99,102,97,555,1701,99,合成革鞋,橡胶大底,松紧带鞋,运动休闲,秋季百搭,59,女,湖北省,否,9,否
840736887,阿迪达斯户外机能夏季透气,阿迪达斯,193,302,64,2728,1344,85,飞织面料,橡胶大底,拉链鞋款,户外机能,夏季透气,44,男,安徽省,否,20,否
413581013,安踏运动工装硬朗秋季百搭,安踏运动,128,188,68,50,374,93,超纤皮鞋,混合鞋底,拉链鞋款,工装硬朗,秋季百搭,35,女,安徽省,否,9,是
122259762,京东京造简约百搭春季新款,京东京造,99,146,68,386,77,100,合成革鞋,PU中底,松紧带鞋,简约百搭,春季新款,47,女,浙江省,是,12,是
632431509,阿迪达斯简约百搭春季新款,阿迪达斯,99,187,53,274,883,100,真皮柔软,TPR鞋底,拉链鞋款,简约百搭,春季新款,39,男,浙江省,否,14,否
822537405,京东京造复古潮鞋冬季保暖,京东京造,132,203,65,975,850,96,布面材质,EVA轻底,系带设计,复古潮鞋,冬季保暖,48,女,河北省,否,23,否
383746796,鸿星尔克日常休闲夏季透气,鸿星尔克,117,127,92,215,2247,99,超纤皮鞋,PU中底,系带设计,日常休闲,夏季透气,48,女,浙江省,否,6,否
690299251,李宁休闲运动休闲冬季保暖,李宁休闲,99,132,75,17,301,89,网布透气,EVA轻底,拉链鞋款,运动休闲,冬季保暖,45,女,福建省,是,7,是
219132627,其他品牌工装硬朗夏季透气,其他品牌,99,143,69,103,3841,93,超纤皮鞋,PU中底,拉链鞋款,工装硬朗,夏季透气,53,女,广东省,是,12,是
744560812,鸿星尔克简约百搭四季通用,鸿星尔克,99,141,70,1312,5845,97,混合材质,EVA轻底,魔术贴鞋,简约百搭,四季通用,40,男,四川省,是,22,是
367151884,李宁休闲日常休闲春季新款,李宁休闲,248,282,88,69,3221,97,混合材质,EVA轻底,魔术贴鞋,日常休闲,春季新款,49,女,江苏省,否,15,否
633765869,安踏运动潮流高街冬季保暖,安踏运动,99,127,78,1253,279,95,超纤皮鞋,混合鞋底,魔术贴鞋,潮流高街,冬季保暖,46,女,广东省,否,9,是
844197256,其他品牌潮流高街夏季透气,其他品牌,99,138,72,1222,2912,92,真皮柔软,橡胶大底,系带设计,潮流高街,夏季透气,46,女,安徽省,否,14,是
581678534,回力经典工装硬朗夏季透气,回力经典,99,183,54,1398,1889,88,真皮柔软,橡胶大底,松紧带鞋,工装硬朗,夏季透气,47,女,江苏省,是,23,是
761357662,回力经典户外机能秋季百搭,回力经典,99,110,90,3459,1291,92,网布透气,TPR鞋底,魔术贴鞋,户外机能,秋季百搭,27,女,江苏省,否,9,是
644260643,斯凯奇潮潮流高街冬季保暖,斯凯奇潮,99,198,50,1358,1385,99,合成革鞋,EVA轻底,松紧带鞋,潮流高街,冬季保暖,60,男,湖北省,否,23,否
543790610,其他品牌工装硬朗夏季透气,其他品牌,148,203,73,507,5169,90,真皮柔软,PU中底,套脚款式,工装硬朗,夏季透气,38,女,山东省,否,0,是
787724824,斯凯奇潮运动休闲四季通用,斯凯奇潮,140,241,58,3681,2653,93,布面材质,混合鞋底,系带设计,运动休闲,四季通用,47,男,江苏省,是,6,是
420231615,阿迪达斯工装硬朗冬季保暖,阿迪达斯,99,136,73,655,14266,91,布面材质,橡胶大底,松紧带鞋,工装硬朗,冬季保暖,39,男,山东省,是,23,否
812229122,特步男鞋运动休闲冬季保暖,特步男鞋,99,180,55,122,235,89,网布透气,EVA轻底,松紧带鞋,运动休闲,冬季保暖,57,女,河南省,否,23,是
490170913,京东京造户外机能春季新款,京东京造,227,267,85,550,187,100,混合材质,TPR鞋底,松紧带鞋,户外机能,春季新款,36,女,安徽省,是,9,是
333564778,李宁休闲复古潮鞋春季新款,李宁休闲,99,106,93,10,249,93,真皮柔软,MD发泡底,松紧带鞋,复古潮鞋,春季新款,47,女,山东省,是,3,否
379543535,安踏运动潮流高街冬季保暖,安踏运动,248,310,80,123,769,93,超纤皮鞋,橡胶大底,拉链鞋款,潮流高街,冬季保暖,49,女,广东省,否,19,否
976416470,斯凯奇潮户外机能夏季透气,斯凯奇潮,158,184,86,869,2848,96,合成革鞋,橡胶大底,套脚款式,户外机能,夏季透气,45,男,河南省,否,8,否
178332858,回力经典复古潮鞋春季新款,回力经典,151,244,62,4634,3508,91,超纤皮鞋,EVA轻底,魔术贴鞋,复古潮鞋,春季新款,46,女,浙江省,否,16,否
830238424,京东京造户外机能秋季百搭,京东京造,117,152,77,624,1844,97,真皮柔软,橡胶大底,系带设计,户外机能,秋季百搭,40,女,河北省,是,4,是
707451585,耐克潮流复古潮鞋春季新款,耐克潮流,99,174,57,20,330,93,飞织面料,橡胶大底,拉链鞋款,复古潮鞋,春季新款,48,女,广东省,否,21,否
517304096,斯凯奇潮简约百搭四季通用,斯凯奇潮,99,101,98,868,7874,94,网布透气,橡胶大底,拉链鞋款,简约百搭,四季通用,51,女,福建省,否,1,是
760120693,斯凯奇潮简约百搭夏季透气,斯凯奇潮,100,116,86,2591,2735,86,真皮柔软,PU中底,系带设计,简约百搭,夏季透气,43,女,福建省,是,18,否
328989628,京东京造潮流高街春季新款,京东京造,99,124,80,1093,491,96,高端飞织,橡胶大底,拉链鞋款,潮流高街,春季新款,42,女,河北省,是,22,否
281539451,其他品牌运动休闲四季通用,其他品牌,232,242,96,2541,727,97,高端飞织,MD发泡底,拉链鞋款,运动休闲,四季通用,53,男,河北省,是,2,否
814079459,耐克潮流运动休闲冬季保暖,耐克潮流,273,448,61,1085,478,85,真皮柔软,MD发泡底,魔术贴鞋,运动休闲,冬季保暖,49,男,河北省,是,1,是
481064992,耐克潮流简约百搭夏季透气,耐克潮流,126,217,58,3519,717,92,混合材质,橡胶大底,松紧带鞋,简约百搭,夏季透气,18,女,安徽省,是,16,否
645936245,鸿星尔克运动休闲秋季百搭,鸿星尔克,122,147,83,2659,98,97,混合材质,混合鞋底,系带设计,运动休闲,秋季百搭,55,男,江苏省,是,8,否
585833095,阿迪达斯日常休闲秋季百搭,阿迪达斯,99,121,82,23,18512,95,网布透气,MD发泡底,拉链鞋款,日常休闲,秋季百搭,47,女,湖北省,否,17,否
174789987,阿迪达斯简约百搭四季通用,阿迪达斯,125,245,51,470,231,95,网布透气,TPR鞋底,套脚款式,简约百搭,四季通用,53,男,浙江省,是,17,否
178554609,回力经典潮流高街春季新款,回力经典,152,158,96,36,2654,87,合成革鞋,EVA轻底,魔术贴鞋,潮流高街,春季新款,59,男,河南省,是,3,否
719685404,阿迪达斯简约百搭春季新款,阿迪达斯,99,125,79,36,1262,88,超纤皮鞋,橡胶大底,松紧带鞋,简约百搭,春季新款,40,女,江苏省,是,21,是
788356704,阿迪达斯户外机能夏季透气,阿迪达斯,99,141,70,127,3338,92,合成革鞋,PU中底,拉链鞋款,户外机能,夏季透气,35,男,广东省,否,12,是
232955065,京东京造潮流高街夏季透气,京东京造,99,162,61,491,1995,98,高端飞织,TPR鞋底,套脚款式,潮流高街,夏季透气,40,男,河北省,是,4,否
300270254,安踏运动日常休闲夏季透气,安踏运动,102,146,70,885,3346,96,合成革鞋,橡胶大底,松紧带鞋,日常休闲,夏季透气,54,女,河北省,否,6,否
919896340,李宁休闲户外机能秋季百搭,李宁休闲,99,109,91,38,1191,96,高端飞织,混合鞋底,松紧带鞋,户外机能,秋季百搭,35,女,河北省,否,22,是
878960886,阿迪达斯工装硬朗春季新款,阿迪达斯,99,127,78,3506,754,93,高端飞织,PU中底,松紧带鞋,工装硬朗,春季新款,34,男,浙江省,是,16,是
910012538,李宁休闲简约百搭秋季百搭,李宁休闲,121,233,52,1286,220,90,高端飞织,EVA轻底,拉链鞋款,简约百搭,秋季百搭,39,女,广东省,是,0,是
494863770,特步男鞋日常休闲四季通用,特步男鞋,99,146,68,30,370,97,高端飞织,EVA轻底,系带设计,日常休闲,四季通用,52,女,四川省,是,20,否
515661034,斯凯奇潮简约百搭夏季透气,斯凯奇潮,122,182,67,1001,433,91,超纤皮鞋,橡胶大底,系带设计,简约百搭,夏季透气,47,男,广东省,是,3,是
949916107,鸿星尔克运动休闲四季通用,鸿星尔克,99,138,72,16,202,99,合成革鞋,EVA轻底,拉链鞋款,运动休闲,四季通用,50,男,河北省,否,6,否
975055209,特步男鞋户外机能秋季百搭,特步男鞋,99,148,67,1079,222,87,真皮柔软,PU中底,拉链鞋款,户外机能,秋季百搭,45,男,河北省,是,18,是
562335131,特步男鞋工装硬朗冬季保暖,特步男鞋,99,143,69,3190,71,88,混合材质,橡胶大底,拉链鞋款,工装硬朗,冬季保暖,53,男,安徽省,是,4,否
156029585,阿迪达斯简约百搭冬季保暖,阿迪达斯,139,253,55,118,420,98,合成革鞋,PU中底,拉链鞋款,简约百搭,冬季保暖,50,男,河北省,是,20,是
308753339,回力经典简约百搭春季新款,回力经典,184,252,73,1131,6527,94,合成革鞋,混合鞋底,松紧带鞋,简约百搭,春季新款,38,女,福建省,否,3,否
437707869,安踏运动复古潮鞋冬季保暖,安踏运动,116,130,89,39,751,88,混合材质,EVA轻底,松紧带鞋,复古潮鞋,冬季保暖,63,女,安徽省,否,21,是
138541959,特步男鞋工装硬朗夏季透气,特步男鞋,312,433,72,37,658,95,真皮柔软,PU中底,套脚款式,工装硬朗,夏季透气,57,男,河北省,是,4,是
190822106,京东京造户外机能四季通用,京东京造,205,380,54,421,19773,95,飞织面料,橡胶大底,魔术贴鞋,户外机能,四季通用,50,男,河北省,否,3,否
488537750,斯凯奇潮日常休闲春季新款,斯凯奇潮,99,121,82,1204,150,98,网布透气,混合鞋底,套脚款式,日常休闲,春季新款,57,女,河北省,是,23,是
276158615,鸿星尔克户外机能夏季透气,鸿星尔克,132,143,92,3,2576,94,真皮柔软,混合鞋底,松紧带鞋,户外机能,夏季透气,49,女,河南省,是,9,是
691073772,阿迪达斯复古潮鞋秋季百搭,阿迪达斯,237,272,87,38,3790,90,网布透气,橡胶大底,套脚款式,复古潮鞋,秋季百搭,46,男,安徽省,是,21,否
336222781,其他品牌运动休闲四季通用,其他品牌,140,143,98,159,358,93,布面材质,PU中底,魔术贴鞋,运动休闲,四季通用,46,女,广东省,是,4,是
427292456,斯凯奇潮复古潮鞋四季通用,斯凯奇潮,172,177,97,658,649,95,真皮柔软,TPR鞋底,松紧带鞋,复古潮鞋,四季通用,46,女,江苏省,是,22,是
238518201,耐克潮流日常休闲四季通用,耐克潮流,127,146,87,809,31935,94,高端飞织,TPR鞋底,松紧带鞋,日常休闲,四季通用,44,男,湖北省,是,9,是
747484349,斯凯奇潮运动休闲春季新款,斯凯奇潮,99,165,60,7,862,95,飞织面料,EVA轻底,魔术贴鞋,运动休闲,春季新款,49,男,安徽省,否,13,是
932607386,安踏运动户外机能夏季透气,安踏运动,99,198,50,1189,681,92,飞织面料,混合鞋底,魔术贴鞋,户外机能,夏季透气,46,男,福建省,否,23,否
327591917,安踏运动工装硬朗春季新款,安踏运动,99,99,100,25,4037,90,高端飞织,EVA轻底,魔术贴鞋,工装硬朗,春季新款,55,女,广东省,是,17,是
512141216,特步男鞋潮流高街夏季透气,特步男鞋,160,170,94,1389,1173,90,飞织面料,PU中底,套脚款式,潮流高街,夏季透气,42,女,河北省,否,7,否
700593739,特步男鞋简约百搭冬季保暖,特步男鞋,113,119,95,1052,270,93,网布透气,橡胶大底,系带设计,简约百搭,冬季保暖,46,女,四川省,是,11,否
265007000,耐克潮流复古潮鞋夏季透气,耐克潮流,336,589,57,16,418,92,飞织面料,橡胶大底,套脚款式,复古潮鞋,夏季透气,50,男,福建省,是,21,是
726091062,李宁休闲简约百搭四季通用,李宁休闲,120,200,60,3922,3264,93,高端飞织,混合鞋底,拉链鞋款,简约百搭,四季通用,47,男,安徽省,否,3,是
307208986,特步男鞋日常休闲冬季保暖,特步男鞋,197,226,87,181,757,91,混合材质,MD发泡底,套脚款式,日常休闲,冬季保暖,32,女,广东省,否,20,是
239728771,鸿星尔克工装硬朗春季新款,鸿星尔克,151,157,96,1369,468,92,网布透气,TPR鞋底,魔术贴鞋,工装硬朗,春季新款,46,男,四川省,否,12,是
812261247,耐克潮流工装硬朗春季新款,耐克潮流,124,131,95,2489,634,95,真皮柔软,MD发泡底,松紧带鞋,工装硬朗,春季新款,54,女,河北省,是,7,否
486427939,其他品牌复古潮鞋冬季保暖,其他品牌,322,370,87,854,1507,93,真皮柔软,EVA轻底,魔术贴鞋,复古潮鞋,冬季保暖,49,男,福建省,否,22,否
474783207,李宁休闲简约百搭四季通用,李宁休闲,103,129,80,265,1451,90,网布透气,混合鞋底,系带设计,简约百搭,四季通用,58,男,河北省,否,13,是
834643267,安踏运动工装硬朗四季通用,安踏运动,99,122,81,10,938,93,合成革鞋,MD发泡底,拉链鞋款,工装硬朗,四季通用,48,女,江苏省,是,6,是
942490587,李宁休闲简约百搭夏季透气,李宁休闲,99,168,59,27,274,93,混合材质,EVA轻底,魔术贴鞋,简约百搭,夏季透气,53,女,湖北省,否,18,否
112939496,安踏运动工装硬朗春季新款,安踏运动,99,109,91,1176,6553,96,真皮柔软,橡胶大底,魔术贴鞋,工装硬朗,春季新款,60,男,四川省,否,10,否
561178962,其他品牌潮流高街秋季百搭,其他品牌,126,238,53,924,913,100,布面材质,MD发泡底,拉链鞋款,潮流高街,秋季百搭,53,男,安徽省,是,20,是
686770409,安踏运动日常休闲冬季保暖,安踏运动,99,100,99,4390,147,95,真皮柔软,EVA轻底,魔术贴鞋,日常休闲,冬季保暖,54,男,浙江省,是,22,否
318856002,回力经典户外机能秋季百搭,回力经典,99,168,59,1377,1016,96,混合材质,TPR鞋底,松紧带鞋,户外机能,秋季百搭,63,男,福建省,否,15,是
952338240,安踏运动简约百搭秋季百搭,安踏运动,118,123,96,409,1418,94,超纤皮鞋,PU中底,拉链鞋款,简约百搭,秋季百搭,40,女,广东省,否,5,是
448417835,回力经典日常休闲冬季保暖,回力经典,200,312,64,1406,940,98,布面材质,PU中底,松紧带鞋,日常休闲,冬季保暖,59,男,福建省,是,21,是
546354022,其他品牌日常休闲春季新款,其他品牌,160,262,61,50,2514,97,布面材质,PU中底,拉链鞋款,日常休闲,春季新款,51,女,河南省,否,19,否
857127673,阿迪达斯简约百搭秋季百搭,阿迪达斯,99,177,56,618,6788,95,超纤皮鞋,EVA轻底,套脚款式,简约百搭,秋季百搭,52,女,山东省,否,4,是
317090531,回力经典运动休闲四季通用,回力经典,99,152,65,1129,594,90,高端飞织,混合鞋底,魔术贴鞋,运动休闲,四季通用,42,男,山东省,是,7,是
966113152,京东京造运动休闲夏季透气,京东京造,99,194,51,96,3037,92,飞织面料,EVA轻底,松紧带鞋,运动休闲,夏季透气,44,女,山东省,否,17,是
522781425,其他品牌户外机能春季新款,其他品牌,181,255,71,1274,766,92,混合材质,EVA轻底,拉链鞋款,户外机能,春季新款,45,男,福建省,否,6,是
795355544,斯凯奇潮潮流高街夏季透气,斯凯奇潮,110,133,83,1320,19681,100,合成革鞋,EVA轻底,套脚款式,潮流高街,夏季透气,59,男,山东省,否,20,是
224249258,斯凯奇潮运动休闲夏季透气,斯凯奇潮,99,102,97,13,1136,93,混合材质,EVA轻底,系带设计,运动休闲,夏季透气,46,女,广东省,是,15,是
859824038,京东京造日常休闲四季通用,京东京造,99,162,61,14,156,98,混合材质,PU中底,魔术贴鞋,日常休闲,四季通用,44,女,安徽省,是,21,是
785510622,京东京造工装硬朗春季新款,京东京造,120,148,81,3325,7825,92,布面材质,橡胶大底,套脚款式,工装硬朗,春季新款,41,男,山东省,是,22,否
769030053,鸿星尔克日常休闲四季通用,鸿星尔克,297,371,80,985,1306,95,飞织面料,MD发泡底,魔术贴鞋,日常休闲,四季通用,51,女,河北省,是,2,否
637275041,其他品牌复古潮鞋夏季透气,其他品牌,363,378,96,0,965,90,网布透气,PU中底,套脚款式,复古潮鞋,夏季透气,52,女,河北省,否,21,是
894349575,安踏运动工装硬朗冬季保暖,安踏运动,145,220,66,258,1924,90,网布透气,EVA轻底,松紧带鞋,工装硬朗,冬季保暖,35,女,河北省,是,21,是
602645633,安踏运动户外机能秋季百搭,安踏运动,99,102,97,29,378,96,布面材质,EVA轻底,套脚款式,户外机能,秋季百搭,48,男,河北省,是,6,否
546432597,安踏运动工装硬朗冬季保暖,安踏运动,99,194,51,649,17176,98,高端飞织,TPR鞋底,系带设计,工装硬朗,冬季保暖,48,女,福建省,是,15,是
884280557,回力经典简约百搭春季新款,回力经典,163,187,87,1221,10493,90,真皮柔软,PU中底,系带设计,简约百搭,春季新款,60,女,湖北省,否,23,是
132887152,特步男鞋日常休闲四季通用,特步男鞋,99,124,80,279,456,92,合成革鞋,PU中底,系带设计,日常休闲,四季通用,60,女,河北省,否,20,否
883208472,其他品牌复古潮鞋春季新款,其他品牌,203,390,52,376,1066,97,飞织面料,EVA轻底,套脚款式,复古潮鞋,春季新款,58,男,河南省,是,22,是
116473518,安踏运动日常休闲夏季透气,安踏运动,110,118,93,528,3726,98,高端飞织,PU中底,系带设计,日常休闲,夏季透气,59,女,河南省,否,14,是
219305627,鸿星尔克复古潮鞋冬季保暖,鸿星尔克,99,155,64,593,1524,94,混合材质,MD发泡底,系带设计,复古潮鞋,冬季保暖,50,男,四川省,是,8,否
684070725,鸿星尔克工装硬朗四季通用,鸿星尔克,183,201,91,31,1040,92,网布透气,EVA轻底,系带设计,工装硬朗,四季通用,52,女,浙江省,是,2,是
592833249,阿迪达斯复古潮鞋四季通用,阿迪达斯,122,197,62,82,546,91,合成革鞋,混合鞋底,套脚款式,复古潮鞋,四季通用,39,男,江苏省,是,6,否
398450263,阿迪达斯潮流高街秋季百搭,阿迪达斯,99,114,87,3732,1413,95,飞织面料,PU中底,魔术贴鞋,潮流高街,秋季百搭,40,女,四川省,否,21,否
982127619,李宁休闲复古潮鞋春季新款,李宁休闲,263,405,65,829,64,91,混合材质,MD发泡底,系带设计,复古潮鞋,春季新款,53,男,山东省,否,5,否
659664167,其他品牌日常休闲四季通用,其他品牌,99,155,64,892,541,100,飞织面料,TPR鞋底,系带设计,日常休闲,四季通用,45,男,浙江省,否,20,是
179560406,特步男鞋简约百搭秋季百搭,特步男鞋,196,377,52,1449,1173,91,飞织面料,PU中底,拉链鞋款,简约百搭,秋季百搭,33,女,广东省,否,20,否
746163318,耐克潮流复古潮鞋四季通用,耐克潮流,99,121,82,4410,453,98,真皮柔软,混合鞋底,松紧带鞋,复古潮鞋,四季通用,53,女,福建省,否,4,是
124585539,斯凯奇潮日常休闲冬季保暖,斯凯奇潮,149,287,52,979,1530,94,高端飞织,MD发泡底,松紧带鞋,日常休闲,冬季保暖,46,女,福建省,否,22,是
368517392,斯凯奇潮潮流高街冬季保暖,斯凯奇潮,363,660,55,46,307,100,合成革鞋,橡胶大底,魔术贴鞋,潮流高街,冬季保暖,54,女,四川省,是,2,否
356888466,鸿星尔克复古潮鞋春季新款,鸿星尔克,152,208,73,514,463,95,合成革鞋,PU中底,拉链鞋款,复古潮鞋,春季新款,55,女,江苏省,是,13,否
857217899,安踏运动工装硬朗四季通用,安踏运动,140,141,99,223,760,86,真皮柔软,MD发泡底,松紧带鞋,工装硬朗,四季通用,46,男,安徽省,是,0,是
939468684,鸿星尔克工装硬朗四季通用,鸿星尔克,99,165,60,3038,1443,89,布面材质,EVA轻底,拉链鞋款,工装硬朗,四季通用,45,男,河南省,否,14,是
811433058,斯凯奇潮日常休闲冬季保暖,斯凯奇潮,105,146,72,692,1047,93,高端飞织,橡胶大底,拉链鞋款,日常休闲,冬季保暖,31,女,湖北省,是,20,否
950178653,斯凯奇潮户外机能夏季透气,斯凯奇潮,113,209,54,783,2350,93,超纤皮鞋,橡胶大底,套脚款式,户外机能,夏季透气,53,男,四川省,是,2,是
949503244,鸿星尔克复古潮鞋夏季透气,鸿星尔克,425,518,82,75,1896,95,合成革鞋,PU中底,松紧带鞋,复古潮鞋,夏季透气,54,女,福建省,否,23,是
924250113,特步男鞋潮流高街春季新款,特步男鞋,368,400,92,2395,1775,93,高端飞织,橡胶大底,套脚款式,潮流高街,春季新款,52,女,四川省,否,23,否
138377177,耐克潮流工装硬朗冬季保暖,耐克潮流,241,301,80,38,6383,96,混合材质,EVA轻底,拉链鞋款,工装硬朗,冬季保暖,46,女,河北省,是,3,是
871724215,李宁休闲日常休闲春季新款,李宁休闲,138,168,82,2631,1165,95,高端飞织,MD发泡底,拉链鞋款,日常休闲,春季新款,47,女,安徽省,否,10,是
432319397,阿迪达斯运动休闲秋季百搭,阿迪达斯,508,696,73,826,5011,96,网布透气,混合鞋底,系带设计,运动休闲,秋季百搭,59,男,浙江省,是,23,是
881560622,特步男鞋复古潮鞋秋季百搭,特步男鞋,99,138,72,460,2769,96,合成革鞋,TPR鞋底,拉链鞋款,复古潮鞋,秋季百搭,30,女,河南省,是,22,否
348567904,耐克潮流日常休闲四季通用,耐克潮流,298,473,63,1073,2794,91,真皮柔软,PU中底,魔术贴鞋,日常休闲,四季通用,59,女,浙江省,否,10,是
515754357,其他品牌运动休闲春季新款,其他品牌,104,160,65,841,315,93,布面材质,MD发泡底,套脚款式,运动休闲,春季新款,48,女,广东省,否,2,否
120567511,鸿星尔克工装硬朗四季通用,鸿星尔克,99,116,85,401,1236,100,布面材质,EVA轻底,拉链鞋款,工装硬朗,四季通用,45,男,广东省,否,18,是
912657482,阿迪达斯运动休闲四季通用,阿迪达斯,110,180,61,1173,179,96,飞织面料,EVA轻底,拉链鞋款,运动休闲,四季通用,41,女,湖北省,否,18,否
686457273,斯凯奇潮日常休闲春季新款,斯凯奇潮,99,121,82,1326,459,94,高端飞织,TPR鞋底,松紧带鞋,日常休闲,春季新款,45,女,江苏省,是,11,否
695412528,斯凯奇潮潮流高街夏季透气,斯凯奇潮,240,255,94,768,289,96,网布透气,橡胶大底,松紧带鞋,潮流高街,夏季透气,50,女,浙江省,是,13,是
140761310,鸿星尔克户外机能秋季百搭,鸿星尔克,191,294,65,638,6171,88,真皮柔软,橡胶大底,拉链鞋款,户外机能,秋季百搭,55,男,山东省,否,6,是
779527677,回力经典户外机能秋季百搭,回力经典,287,350,82,1155,446,92,布面材质,EVA轻底,套脚款式,户外机能,秋季百搭,49,男,福建省,否,0,否
635327602,鸿星尔克复古潮鞋四季通用,鸿星尔克,110,180,61,473,1306,85,飞织面料,MD发泡底,魔术贴鞋,复古潮鞋,四季通用,51,女,福建省,否,7,是
603990369,斯凯奇潮潮流高街春季新款,斯凯奇潮,128,246,52,3509,1405,98,飞织面料,橡胶大底,松紧带鞋,潮流高街,春季新款,45,男,浙江省,否,20,否
847511815,阿迪达斯工装硬朗冬季保暖,阿迪达斯,118,146,81,1460,164,96,真皮柔软,MD发泡底,魔术贴鞋,工装硬朗,冬季保暖,63,女,安徽省,否,2,是
518883277,安踏运动潮流高街冬季保暖,安踏运动,197,201,98,4861,1753,88,高端飞织,MD发泡底,魔术贴鞋,潮流高街,冬季保暖,46,男,江苏省,否,22,否
425122290,其他品牌复古潮鞋夏季透气,其他品牌,108,111,97,454,5075,99,飞织面料,混合鞋底,拉链鞋款,复古潮鞋,夏季透气,61,女,广东省,是,15,是
505248663,回力经典户外机能春季新款,回力经典,129,155,83,781,4400,99,合成革鞋,TPR鞋底,系带设计,户外机能,春季新款,39,男,湖北省,是,23,否
494074598,其他品牌户外机能秋季百搭,其他品牌,180,240,75,964,1519,99,网布透气,EVA轻底,拉链鞋款,户外机能,秋季百搭,40,男,浙江省,否,5,否
333128125,李宁休闲日常休闲冬季保暖,李宁休闲,126,221,57,28,2313,97,高端飞织,MD发泡底,魔术贴鞋,日常休闲,冬季保暖,51,女,山东省,否,23,是
853630825,鸿星尔克复古潮鞋冬季保暖,鸿星尔克,184,204,90,440,51,89,飞织面料,混合鞋底,拉链鞋款,复古潮鞋,冬季保暖,50,女,河北省,否,21,是
265417620,斯凯奇潮简约百搭春季新款,斯凯奇潮,99,146,68,1332,267,95,高端飞织,混合鞋底,套脚款式,简约百搭,春季新款,57,女,山东省,是,20,否
817775366,耐克潮流简约百搭秋季百搭,耐克潮流,102,140,73,8,688,100,飞织面料,混合鞋底,魔术贴鞋,简约百搭,秋季百搭,52,男,浙江省,否,14,否
626402559,斯凯奇潮运动休闲春季新款,斯凯奇潮,123,228,54,3997,925,92,混合材质,EVA轻底,系带设计,运动休闲,春季新款,65,女,江苏省,是,22,是
598486977,斯凯奇潮户外机能秋季百搭,斯凯奇潮,197,266,74,7,1420,95,真皮柔软,TPR鞋底,松紧带鞋,户外机能,秋季百搭,35,女,安徽省,是,10,是
598761852,京东京造潮流高街四季通用,京东京造,412,615,67,1297,656,88,飞织面料,PU中底,套脚款式,潮流高街,四季通用,39,男,福建省,否,3,是
526547777,京东京造日常休闲四季通用,京东京造,99,174,57,480,523,94,网布透气,PU中底,松紧带鞋,日常休闲,四季通用,46,男,福建省,否,23,是
959341779,阿迪达斯日常休闲春季新款,阿迪达斯,199,212,94,876,5309,91,合成革鞋,TPR鞋底,松紧带鞋,日常休闲,春季新款,55,女,四川省,否,21,否
317753398,京东京造日常休闲夏季透气,京东京造,99,138,72,1298,6860,93,混合材质,MD发泡底,套脚款式,日常休闲,夏季透气,44,女,福建省,是,20,是
150139067,耐克潮流简约百搭四季通用,耐克潮流,99,119,83,93,3863,98,合成革鞋,MD发泡底,松紧带鞋,简约百搭,四季通用,54,女,广东省,否,21,否
184644135,斯凯奇潮运动休闲四季通用,斯凯奇潮,99,155,64,3292,1953,97,超纤皮鞋,MD发泡底,魔术贴鞋,运动休闲,四季通用,40,男,湖北省,是,23,否
222018706,回力经典日常休闲四季通用,回力经典,99,198,50,1155,3343,100,超纤皮鞋,橡胶大底,松紧带鞋,日常休闲,四季通用,45,男,浙江省,是,20,否
198580831,鸿星尔克工装硬朗冬季保暖,鸿星尔克,122,214,57,1328,820,94,高端飞织,MD发泡底,系带设计,工装硬朗,冬季保暖,19,男,山东省,否,13,否
553216235,京东京造复古潮鞋春季新款,京东京造,99,99,100,732,3491,94,高端飞织,混合鞋底,系带设计,复古潮鞋,春季新款,42,男,湖北省,否,22,否
917005450,京东京造日常休闲四季通用,京东京造,99,132,75,4998,469,93,合成革鞋,橡胶大底,松紧带鞋,日常休闲,四季通用,46,女,河北省,是,9,是
241157563,特步男鞋复古潮鞋春季新款,特步男鞋,221,417,53,106,506,87,混合材质,混合鞋底,魔术贴鞋,复古潮鞋,春季新款,48,女,安徽省,是,10,是
884614506,京东京造日常休闲冬季保暖,京东京造,171,255,67,3344,773,98,高端飞织,TPR鞋底,拉链鞋款,日常休闲,冬季保暖,58,男,湖北省,否,22,否
718363175,京东京造运动休闲秋季百搭,京东京造,197,199,99,2497,214,97,布面材质,EVA轻底,拉链鞋款,运动休闲,秋季百搭,54,女,福建省,是,23,是
175925709,耐克潮流潮流高街秋季百搭,耐克潮流,198,314,63,954,1380,95,超纤皮鞋,PU中底,魔术贴鞋,潮流高街,秋季百搭,46,男,浙江省,是,6,否
879592129,京东京造日常休闲四季通用,京东京造,173,216,80,20,830,95,高端飞织,PU中底,套脚款式,日常休闲,四季通用,36,男,河北省,是,3,是
136139250,回力经典复古潮鞋春季新款,回力经典,113,209,54,891,1152,96,真皮柔软,混合鞋底,松紧带鞋,复古潮鞋,春季新款,51,女,四川省,是,12,否
875550346,特步男鞋运动休闲冬季保暖,特步男鞋,379,534,71,925,1547,96,混合材质,EVA轻底,魔术贴鞋,运动休闲,冬季保暖,38,男,福建省,否,20,是
921006901,阿迪达斯复古潮鞋春季新款,阿迪达斯,189,236,80,825,933,97,网布透气,EVA轻底,套脚款式,复古潮鞋,春季新款,42,男,福建省,否,4,是
245480793,鸿星尔克简约百搭春季新款,鸿星尔克,132,249,53,1242,1048,99,布面材质,橡胶大底,系带设计,简约百搭,春季新款,45,男,福建省,是,7,否
471484970,特步男鞋复古潮鞋春季新款,特步男鞋,184,252,73,999,364,90,飞织面料,混合鞋底,魔术贴鞋,复古潮鞋,春季新款,59,男,江苏省,否,8,否
138239993,李宁休闲日常休闲秋季百搭,李宁休闲,123,148,83,45,4000,94,布面材质,MD发泡底,系带设计,日常休闲,秋季百搭,38,女,福建省,否,12,否
361299046,李宁休闲潮流高街夏季透气,李宁休闲,147,230,64,10,124,95,真皮柔软,EVA轻底,套脚款式,潮流高街,夏季透气,53,女,安徽省,是,9,是
442746365,其他品牌简约百搭夏季透气,其他品牌,127,187,68,8,503,93,飞织面料,TPR鞋底,套脚款式,简约百搭,夏季透气,52,女,湖北省,是,2,是
173080158,其他品牌日常休闲四季通用,其他品牌,316,486,65,303,459,95,飞织面料,PU中底,拉链鞋款,日常休闲,四季通用,45,女,浙江省,否,12,是
311854529,特步男鞋潮流高街四季通用,特步男鞋,143,172,83,1204,1927,89,布面材质,混合鞋底,松紧带鞋,潮流高街,四季通用,41,男,广东省,否,15,否
715498195,李宁休闲日常休闲冬季保暖,李宁休闲,233,448,52,536,7284,91,超纤皮鞋,PU中底,松紧带鞋,日常休闲,冬季保暖,49,男,四川省,否,23,否
123367870,安踏运动简约百搭春季新款,安踏运动,99,162,61,26,964,92,混合材质,EVA轻底,套脚款式,简约百搭,春季新款,52,男,湖北省,是,12,否
573523149,其他品牌简约百搭四季通用,其他品牌,279,507,55,737,314,97,真皮柔软,橡胶大底,套脚款式,简约百搭,四季通用,44,女,安徽省,是,11,是
471890550,斯凯奇潮潮流高街四季通用,斯凯奇潮,577,1110,52,847,781,96,超纤皮鞋,MD发泡底,系带设计,潮流高街,四季通用,39,男,河北省,是,21,否
623874878,京东京造复古潮鞋春季新款,京东京造,150,150,100,18,836,91,网布透气,MD发泡底,魔术贴鞋,复古潮鞋,春季新款,39,女,山东省,是,1,是
943469322,鸿星尔克日常休闲夏季透气,鸿星尔克,314,388,81,501,85,96,真皮柔软,TPR鞋底,系带设计,日常休闲,夏季透气,62,女,福建省,是,21,是
694229258,其他品牌日常休闲四季通用,其他品牌,121,134,90,12,4214,97,飞织面料,PU中底,魔术贴鞋,日常休闲,四季通用,61,男,四川省,是,23,否
125335298,耐克潮流潮流高街四季通用,耐克潮流,203,211,96,21,12565,90,混合材质,EVA轻底,魔术贴鞋,潮流高街,四季通用,61,男,河南省,否,3,否
809201425,回力经典户外机能秋季百搭,回力经典,481,677,71,18,188,95,高端飞织,PU中底,松紧带鞋,户外机能,秋季百搭,48,女,山东省,是,23,是
787585928,斯凯奇潮工装硬朗秋季百搭,斯凯奇潮,212,312,68,1384,4670,91,合成革鞋,TPR鞋底,系带设计,工装硬朗,秋季百搭,28,男,福建省,否,21,是
842876273,其他品牌工装硬朗夏季透气,其他品牌,291,469,62,1176,1585,91,飞织面料,MD发泡底,魔术贴鞋,工装硬朗,夏季透气,51,男,四川省,是,20,是
559796301,阿迪达斯简约百搭夏季透气,阿迪达斯,99,146,68,3139,9303,100,超纤皮鞋,EVA轻底,拉链鞋款,简约百搭,夏季透气,60,男,广东省,否,8,否
607167444,斯凯奇潮工装硬朗秋季百搭,斯凯奇潮,183,251,73,604,687,93,合成革鞋,混合鞋底,松紧带鞋,工装硬朗,秋季百搭,35,女,浙江省,否,18,否
203895310,李宁休闲户外机能秋季百搭,李宁休闲,99,116,85,1138,3998,92,网布透气,混合鞋底,松紧带鞋,户外机能,秋季百搭,49,女,湖北省,是,22,否
501181678,特步男鞋复古潮鞋秋季百搭,特步男鞋,99,132,75,1444,3676,90,混合材质,TPR鞋底,套脚款式,复古潮鞋,秋季百搭,50,女,安徽省,否,22,否
285658681,回力经典日常休闲春季新款,回力经典,146,239,61,979,579,100,网布透气,MD发泡底,套脚款式,日常休闲,春季新款,45,男,山东省,是,15,否
405861739,其他品牌日常休闲秋季百搭,其他品牌,115,172,67,2344,2417,97,网布透气,混合鞋底,松紧带鞋,日常休闲,秋季百搭,49,女,广东省,是,12,否
778858525,回力经典工装硬朗夏季透气,回力经典,121,205,59,552,13217,95,超纤皮鞋,混合鞋底,系带设计,工装硬朗,夏季透气,43,女,四川省,是,20,是
293819685,回力经典户外机能春季新款,回力经典,99,165,60,2495,402,91,高端飞织,TPR鞋底,魔术贴鞋,户外机能,春季新款,58,女,河北省,否,22,否
960547906,其他品牌运动休闲冬季保暖,其他品牌,101,122,83,1120,1739,92,合成革鞋,混合鞋底,套脚款式,运动休闲,冬季保暖,64,男,广东省,否,20,是
541692973,安踏运动运动休闲四季通用,安踏运动,99,141,70,662,2456,90,超纤皮鞋,TPR鞋底,魔术贴鞋,运动休闲,四季通用,38,女,湖北省,是,12,否
525464857,其他品牌复古潮鞋夏季透气,其他品牌,99,114,87,3379,580,100,高端飞织,TPR鞋底,套脚款式,复古潮鞋,夏季透气,45,男,湖北省,是,3,是
774238647,京东京造日常休闲夏季透气,京东京造,120,130,92,1071,960,97,真皮柔软,TPR鞋底,系带设计,日常休闲,夏季透气,55,男,福建省,是,21,否
202364545,京东京造日常休闲四季通用,京东京造,158,168,94,2599,759,91,布面材质,TPR鞋底,套脚款式,日常休闲,四季通用,49,男,广东省,否,8,否
163518037,耐克潮流简约百搭春季新款,耐克潮流,99,132,75,472,970,94,真皮柔软,PU中底,松紧带鞋,简约百搭,春季新款,56,男,湖北省,是,8,是
492939717,李宁休闲日常休闲秋季百搭,李宁休闲,99,136,73,2317,423,97,飞织面料,橡胶大底,松紧带鞋,日常休闲,秋季百搭,51,男,河北省,否,11,是
368339133,回力经典户外机能夏季透气,回力经典,357,392,91,673,4772,92,真皮柔软,混合鞋底,魔术贴鞋,户外机能,夏季透气,38,男,安徽省,是,7,否
152437597,鸿星尔克运动休闲春季新款,鸿星尔克,99,125,79,1368,280,93,布面材质,橡胶大底,魔术贴鞋,运动休闲,春季新款,38,女,湖北省,是,14,是
565222241,回力经典复古潮鞋夏季透气,回力经典,178,180,99,96,842,91,真皮柔软,MD发泡底,套脚款式,复古潮鞋,夏季透气,44,女,河北省,是,23,否
379503906,京东京造日常休闲秋季百搭,京东京造,257,408,63,282,388,94,混合材质,PU中底,拉链鞋款,日常休闲,秋季百搭,49,女,山东省,是,15,否
257139272,阿迪达斯复古潮鞋四季通用,阿迪达斯,99,139,71,813,113,95,网布透气,混合鞋底,系带设计,复古潮鞋,四季通用,42,女,山东省,否,2,是
137641330,阿迪达斯运动休闲四季通用,阿迪达斯,99,171,58,533,1914,94,超纤皮鞋,混合鞋底,松紧带鞋,运动休闲,四季通用,53,男,福建省,否,0,是
329116602,回力经典简约百搭冬季保暖,回力经典,172,181,95,560,2666,96,合成革鞋,混合鞋底,系带设计,简约百搭,冬季保暖,38,男,福建省,是,6,否
323161431,特步男鞋复古潮鞋秋季百搭,特步男鞋,140,184,76,1411,450,96,混合材质,EVA轻底,拉链鞋款,复古潮鞋,秋季百搭,47,女,福建省,否,8,是
669227106,耐克潮流户外机能秋季百搭,耐克潮流,107,147,73,430,629,92,混合材质,TPR鞋底,拉链鞋款,户外机能,秋季百搭,43,女,河南省,是,20,是
881968416,阿迪达斯运动休闲冬季保暖,阿迪达斯,179,259,69,2242,430,95,混合材质,橡胶大底,系带设计,运动休闲,冬季保暖,63,男,广东省,是,8,否
318195206,京东京造简约百搭冬季保暖,京东京造,99,121,82,2293,1501,97,合成革鞋,EVA轻底,拉链鞋款,简约百搭,冬季保暖,55,男,安徽省,否,20,是
956769174,耐克潮流潮流高街秋季百搭,耐克潮流,99,194,51,1319,976,93,真皮柔软,EVA轻底,魔术贴鞋,潮流高街,秋季百搭,54,男,湖北省,否,21,否
180378084,其他品牌简约百搭秋季百搭,其他品牌,99,162,61,882,265,100,合成革鞋,PU中底,系带设计,简约百搭,秋季百搭,61,女,浙江省,否,17,否
495102185,安踏运动简约百搭夏季透气,安踏运动,135,270,50,7,456,87,网布透气,PU中底,系带设计,简约百搭,夏季透气,51,男,浙江省,是,14,是
709070924,阿迪达斯日常休闲春季新款,阿迪达斯,227,307,74,1230,2984,98,真皮柔软,MD发泡底,松紧带鞋,日常休闲,春季新款,35,女,山东省,是,22,是
371355574,鸿星尔克潮流高街春季新款,鸿星尔克,99,168,59,113,429,95,布面材质,TPR鞋底,系带设计,潮流高街,春季新款,46,女,广东省,是,23,是
565626449,安踏运动工装硬朗春季新款,安踏运动,99,127,78,250,699,91,飞织面料,MD发泡底,松紧带鞋,工装硬朗,春季新款,35,男,湖北省,否,13,否
188904837,安踏运动工装硬朗夏季透气,安踏运动,99,150,66,225,683,96,网布透气,PU中底,拉链鞋款,工装硬朗,夏季透气,41,女,福建省,是,23,否
585117598,斯凯奇潮工装硬朗夏季透气,斯凯奇潮,460,821,56,81,1735,97,合成革鞋,橡胶大底,魔术贴鞋,工装硬朗,夏季透气,43,男,湖北省,是,8,否
363365537,安踏运动日常休闲夏季透气,安踏运动,392,413,95,2635,3503,97,网布透气,MD发泡底,套脚款式,日常休闲,夏季透气,43,女,山东省,否,16,否
671845512,耐克潮流潮流高街四季通用,耐克潮流,208,208,100,623,482,86,混合材质,混合鞋底,拉链鞋款,潮流高街,四季通用,24,女,河北省,否,10,否
648898891,安踏运动运动休闲冬季保暖,安踏运动,146,155,94,15,599,96,合成革鞋,PU中底,拉链鞋款,运动休闲,冬季保暖,49,男,浙江省,否,17,否
681679020,回力经典潮流高街秋季百搭,回力经典,163,259,63,1465,272,96,混合材质,PU中底,套脚款式,潮流高街,秋季百搭,51,女,四川省,否,20,否
293235754,其他品牌复古潮鞋冬季保暖,其他品牌,99,104,95,4227,1127,96,布面材质,MD发泡底,拉链鞋款,复古潮鞋,冬季保暖,20,女,广东省,是,22,是
397568312,李宁休闲户外机能春季新款,李宁休闲,147,193,76,666,455,94,真皮柔软,橡胶大底,系带设计,户外机能,春季新款,57,男,江苏省,否,11,是
445806747,回力经典潮流高街夏季透气,回力经典,99,165,60,3270,479,94,合成革鞋,EVA轻底,魔术贴鞋,潮流高街,夏季透气,43,女,河南省,是,4,否
351475480,李宁休闲简约百搭冬季保暖,李宁休闲,165,192,86,2,237,95,超纤皮鞋,TPR鞋底,套脚款式,简约百搭,冬季保暖,54,男,河北省,是,23,是
350334429,特步男鞋户外机能春季新款,特步男鞋,178,205,87,4051,510,96,真皮柔软,混合鞋底,系带设计,户外机能,春季新款,61,男,河北省,否,6,否
897343226,鸿星尔克潮流高街秋季百搭,鸿星尔克,99,160,62,2988,362,96,超纤皮鞋,EVA轻底,拉链鞋款,潮流高街,秋季百搭,45,女,河南省,否,18,否
465251677,李宁休闲复古潮鞋秋季百搭,李宁休闲,120,138,87,1088,1818,97,真皮柔软,橡胶大底,系带设计,复古潮鞋,秋季百搭,47,男,浙江省,是,1,否
289081049,斯凯奇潮工装硬朗冬季保暖,斯凯奇潮,161,215,75,26,1163,100,飞织面料,TPR鞋底,套脚款式,工装硬朗,冬季保暖,46,男,福建省,是,22,否
174981453,特步男鞋日常休闲冬季保暖,特步男鞋,273,369,74,1438,13008,91,网布透气,混合鞋底,拉链鞋款,日常休闲,冬季保暖,49,女,山东省,否,22,否
573817021,耐克潮流复古潮鞋秋季百搭,耐克潮流,272,353,77,896,1746,99,高端飞织,PU中底,松紧带鞋,复古潮鞋,秋季百搭,58,男,福建省,否,23,否
908630068,鸿星尔克复古潮鞋秋季百搭,鸿星尔克,130,134,97,1376,1230,100,网布透气,MD发泡底,魔术贴鞋,复古潮鞋,秋季百搭,49,男,湖北省,否,4,是
325718100,回力经典户外机能夏季透气,回力经典,230,307,75,807,1629,97,合成革鞋,EVA轻底,松紧带鞋,户外机能,夏季透气,46,男,福建省,是,7,否
304087319,斯凯奇潮简约百搭秋季百搭,斯凯奇潮,423,481,88,1014,182,94,混合材质,混合鞋底,系带设计,简约百搭,秋季百搭,50,女,湖北省,是,2,否
664121935,特步男鞋简约百搭秋季百搭,特步男鞋,134,258,52,88,760,91,网布透气,PU中底,系带设计,简约百搭,秋季百搭,19,男,福建省,是,17,否
455108557,京东京造潮流高街春季新款,京东京造,99,177,56,45,1264,93,高端飞织,PU中底,魔术贴鞋,潮流高街,春季新款,54,男,浙江省,是,13,是
309745634,李宁休闲运动休闲春季新款,李宁休闲,99,109,91,2839,3511,91,高端飞织,EVA轻底,套脚款式,运动休闲,春季新款,42,女,河南省,是,11,是
683920955,特步男鞋日常休闲秋季百搭,特步男鞋,101,151,67,1355,1241,92,网布透气,MD发泡底,魔术贴鞋,日常休闲,秋季百搭,57,男,福建省,否,22,是
780528665,耐克潮流运动休闲春季新款,耐克潮流,99,124,80,163,135,90,飞织面料,PU中底,魔术贴鞋,运动休闲,春季新款,49,男,广东省,是,1,是
377172018,特步男鞋工装硬朗秋季百搭,特步男鞋,173,275,63,546,2231,94,真皮柔软,TPR鞋底,系带设计,工装硬朗,秋季百搭,58,女,江苏省,否,10,是
630973129,李宁休闲日常休闲冬季保暖,李宁休闲,99,106,93,3450,1427,99,飞织面料,PU中底,魔术贴鞋,日常休闲,冬季保暖,50,女,福建省,是,4,否
453704008,其他品牌户外机能夏季透气,其他品牌,99,146,68,1499,1194,91,高端飞织,橡胶大底,系带设计,户外机能,夏季透气,38,男,河北省,否,12,是
319765324,其他品牌户外机能冬季保暖,其他品牌,142,203,70,21,10620,97,真皮柔软,MD发泡底,套脚款式,户外机能,冬季保暖,42,男,河南省,是,11,是
948938012,斯凯奇潮复古潮鞋四季通用,斯凯奇潮,168,285,59,6,825,93,网布透气,PU中底,系带设计,复古潮鞋,四季通用,60,女,河南省,是,23,是
367445072,安踏运动运动休闲冬季保暖,安踏运动,99,190,52,3513,307,92,真皮柔软,PU中底,魔术贴鞋,运动休闲,冬季保暖,40,女,河南省,否,8,是
699861478,鸿星尔克日常休闲冬季保暖,鸿星尔克,103,121,85,15,1241,93,真皮柔软,TPR鞋底,松紧带鞋,日常休闲,冬季保暖,48,男,河南省,是,9,是
386284189,斯凯奇潮工装硬朗春季新款,斯凯奇潮,296,370,80,1233,239,89,高端飞织,橡胶大底,魔术贴鞋,工装硬朗,春季新款,60,男,四川省,是,15,是
109714376,耐克潮流运动休闲冬季保暖,耐克潮流,156,248,63,1224,10963,92,合成革鞋,橡胶大底,松紧带鞋,运动休闲,冬季保暖,34,女,湖北省,是,0,否
819384850,鸿星尔克工装硬朗夏季透气,鸿星尔克,99,110,90,36,411,97,合成革鞋,PU中底,松紧带鞋,工装硬朗,夏季透气,52,男,浙江省,否,4,否
998605103,阿迪达斯复古潮鞋春季新款,阿迪达斯,115,125,92,346,448,96,高端飞织,EVA轻底,套脚款式,复古潮鞋,春季新款,43,男,浙江省,否,6,是
526305615,阿迪达斯工装硬朗夏季透气,阿迪达斯,99,177,56,1345,989,99,布面材质,混合鞋底,套脚款式,工装硬朗,夏季透气,44,女,河北省,是,9,否
629010621,京东京造潮流高街春季新款,京东京造,257,357,72,446,931,90,混合材质,MD发泡底,魔术贴鞋,潮流高街,春季新款,42,男,湖北省,是,6,是
356959654,斯凯奇潮工装硬朗冬季保暖,斯凯奇潮,283,289,98,421,1288,89,高端飞织,PU中底,系带设计,工装硬朗,冬季保暖,45,男,四川省,是,20,否
899908721,特步男鞋户外机能夏季透气,特步男鞋,122,152,80,136,13631,91,高端飞织,橡胶大底,拉链鞋款,户外机能,夏季透气,57,女,四川省,否,23,否
807016004,安踏运动潮流高街秋季百搭,安踏运动,270,351,77,1309,756,93,网布透气,EVA轻底,魔术贴鞋,潮流高街,秋季百搭,47,女,河北省,否,8,是
118698062,京东京造日常休闲春季新款,京东京造,125,126,99,55,844,93,混合材质,EVA轻底,拉链鞋款,日常休闲,春季新款,55,女,河北省,是,7,否
569860477,鸿星尔克运动休闲四季通用,鸿星尔克,99,130,76,3339,57,92,网布透气,EVA轻底,魔术贴鞋,运动休闲,四季通用,48,男,山东省,是,23,是
194510470,鸿星尔克户外机能春季新款,鸿星尔克,145,242,60,513,3153,98,布面材质,EVA轻底,系带设计,户外机能,春季新款,51,男,山东省,否,17,是
813943336,耐克潮流户外机能冬季保暖,耐克潮流,99,150,66,200,4658,96,网布透气,TPR鞋底,魔术贴鞋,户外机能,冬季保暖,44,男,山东省,否,12,否
606746522,李宁休闲运动休闲秋季百搭,李宁休闲,99,115,86,1472,602,96,网布透气,PU中底,拉链鞋款,运动休闲,秋季百搭,39,男,河北省,否,20,否
162195832,耐克潮流日常休闲春季新款,耐克潮流,99,122,81,998,450,96,布面材质,混合鞋底,系带设计,日常休闲,春季新款,33,男,河南省,是,22,否
227322558,特步男鞋工装硬朗冬季保暖,特步男鞋,99,148,67,8,87,89,网布透气,EVA轻底,拉链鞋款,工装硬朗,冬季保暖,60,女,广东省,否,23,否
487345156,回力经典户外机能秋季百搭,回力经典,99,190,52,1013,403,96,高端飞织,混合鞋底,拉链鞋款,户外机能,秋季百搭,50,女,湖北省,是,10,是
329293270,鸿星尔克运动休闲春季新款,鸿星尔克,435,870,50,3554,5273,91,真皮柔软,TPR鞋底,套脚款式,运动休闲,春季新款,58,男,山东省,否,21,否
848066290,李宁休闲日常休闲春季新款,李宁休闲,144,147,98,912,1058,98,高端飞织,混合鞋底,松紧带鞋,日常休闲,春季新款,48,女,河南省,否,12,否
973343796,安踏运动简约百搭夏季透气,安踏运动,305,324,94,10,513,89,网布透气,橡胶大底,系带设计,简约百搭,夏季透气,57,男,山东省,是,21,是
571835839,回力经典复古潮鞋秋季百搭,回力经典,237,325,73,364,1304,100,超纤皮鞋,橡胶大底,松紧带鞋,复古潮鞋,秋季百搭,45,女,湖北省,否,7,是
561215417,李宁休闲工装硬朗四季通用,李宁休闲,149,199,75,46,1233,96,网布透气,PU中底,松紧带鞋,工装硬朗,四季通用,52,女,湖北省,是,8,是
165521463,安踏运动户外机能四季通用,安踏运动,99,118,84,1275,91,95,网布透气,MD发泡底,松紧带鞋,户外机能,四季通用,52,女,河北省,是,15,否
222204070,鸿星尔克潮流高街春季新款,鸿星尔克,99,130,76,10,4912,94,飞织面料,橡胶大底,系带设计,潮流高街,春季新款,62,男,浙江省,是,18,是
582759945,李宁休闲户外机能春季新款,李宁休闲,117,213,55,993,2206,98,网布透气,TPR鞋底,魔术贴鞋,户外机能,春季新款,55,女,浙江省,否,21,是
935742814,阿迪达斯运动休闲秋季百搭,阿迪达斯,145,269,54,1427,2305,90,布面材质,TPR鞋底,拉链鞋款,运动休闲,秋季百搭,42,女,浙江省,是,3,否
801065677,耐克潮流简约百搭秋季百搭,耐克潮流,129,147,88,1494,233,87,飞织面料,PU中底,松紧带鞋,简约百搭,秋季百搭,52,女,河北省,否,22,否
946075939,京东京造工装硬朗四季通用,京东京造,179,289,62,3369,584,93,飞织面料,EVA轻底,套脚款式,工装硬朗,四季通用,44,男,广东省,否,0,否
536325801,其他品牌运动休闲四季通用,其他品牌,252,315,80,802,518,94,真皮柔软,TPR鞋底,套脚款式,运动休闲,四季通用,59,女,浙江省,是,6,是
610790557,其他品牌简约百搭春季新款,其他品牌,122,130,94,93,9954,87,网布透气,TPR鞋底,系带设计,简约百搭,春季新款,40,男,四川省,是,1,是
252902340,京东京造复古潮鞋四季通用,京东京造,111,182,61,294,210,89,网布透气,橡胶大底,套脚款式,复古潮鞋,四季通用,37,男,湖北省,否,20,是
634557109,京东京造复古潮鞋秋季百搭,京东京造,222,404,55,1034,675,98,超纤皮鞋,橡胶大底,松紧带鞋,复古潮鞋,秋季百搭,44,女,广东省,是,9,否
641542570,特步男鞋潮流高街春季新款,特步男鞋,568,738,77,33,259,95,超纤皮鞋,MD发泡底,魔术贴鞋,潮流高街,春季新款,55,男,山东省,是,10,否
874818061,其他品牌日常休闲春季新款,其他品牌,202,204,99,2510,531,94,布面材质,MD发泡底,拉链鞋款,日常休闲,春季新款,48,女,浙江省,否,1,否
312423410,回力经典简约百搭四季通用,回力经典,267,281,95,13,920,95,飞织面料,EVA轻底,拉链鞋款,简约百搭,四季通用,37,男,河南省,否,2,否
811044736,阿迪达斯运动休闲夏季透气,阿迪达斯,99,109,91,1127,1492,91,高端飞织,橡胶大底,松紧带鞋,运动休闲,夏季透气,59,男,河南省,是,16,是
422254443,京东京造日常休闲春季新款,京东京造,99,132,75,327,772,100,真皮柔软,EVA轻底,拉链鞋款,日常休闲,春季新款,45,男,山东省,是,20,否
855783055,耐克潮流户外机能四季通用,耐克潮流,185,261,71,838,709,93,网布透气,橡胶大底,系带设计,户外机能,四季通用,37,女,福建省,是,23,是
729381663,回力经典潮流高街秋季百搭,回力经典,105,133,79,226,143,97,混合材质,EVA轻底,系带设计,潮流高街,秋季百搭,47,男,广东省,是,8,是
622671963,回力经典工装硬朗秋季百搭,回力经典,137,274,50,5,901,91,混合材质,MD发泡底,系带设计,工装硬朗,秋季百搭,40,男,广东省,是,16,是
107648800,其他品牌简约百搭四季通用,其他品牌,101,102,99,270,209,93,飞织面料,橡胶大底,松紧带鞋,简约百搭,四季通用,52,男,广东省,否,22,是
906659700,其他品牌运动休闲冬季保暖,其他品牌,99,168,59,171,5793,93,合成革鞋,混合鞋底,套脚款式,运动休闲,冬季保暖,35,男,河北省,是,4,否
522142387,阿迪达斯户外机能春季新款,阿迪达斯,240,240,100,1197,1466,99,网布透气,混合鞋底,拉链鞋款,户外机能,春季新款,49,男,四川省,否,20,否
268015141,其他品牌简约百搭秋季百搭,其他品牌,129,152,85,836,656,88,混合材质,TPR鞋底,松紧带鞋,简约百搭,秋季百搭,42,女,广东省,否,3,是
278854656,阿迪达斯日常休闲夏季透气,阿迪达斯,99,108,92,190,2179,91,合成革鞋,TPR鞋底,松紧带鞋,日常休闲,夏季透气,42,男,浙江省,是,22,否
164287386,京东京造潮流高街夏季透气,京东京造,101,110,92,710,414,94,真皮柔软,MD发泡底,松紧带鞋,潮流高街,夏季透气,42,男,浙江省,否,7,否
888803171,其他品牌潮流高街秋季百搭,其他品牌,140,156,90,861,100,90,真皮柔软,MD发泡底,松紧带鞋,潮流高街,秋季百搭,40,男,山东省,是,2,是
291730114,鸿星尔克工装硬朗四季通用,鸿星尔克,99,194,51,7,2194,92,混合材质,橡胶大底,松紧带鞋,工装硬朗,四季通用,56,女,四川省,否,16,是
347210678,特步男鞋复古潮鞋冬季保暖,特步男鞋,167,253,66,1236,637,97,飞织面料,TPR鞋底,拉链鞋款,复古潮鞋,冬季保暖,43,女,河南省,是,16,是
663027529,回力经典运动休闲冬季保暖,回力经典,296,305,97,39,2120,98,网布透气,EVA轻底,套脚款式,运动休闲,冬季保暖,52,男,河北省,否,21,否
756130977,京东京造简约百搭冬季保暖,京东京造,167,214,78,763,2525,93,超纤皮鞋,混合鞋底,拉链鞋款,简约百搭,冬季保暖,45,女,河北省,否,18,否
686100294,特步男鞋工装硬朗冬季保暖,特步男鞋,126,188,67,397,2248,91,合成革鞋,EVA轻底,松紧带鞋,工装硬朗,冬季保暖,45,女,安徽省,是,3,否
490188558,鸿星尔克日常休闲夏季透气,鸿星尔克,99,183,54,182,1150,90,真皮柔软,TPR鞋底,套脚款式,日常休闲,夏季透气,18,女,山东省,否,10,是
462919475,斯凯奇潮简约百搭夏季透气,斯凯奇潮,147,167,88,636,1708,91,布面材质,PU中底,拉链鞋款,简约百搭,夏季透气,50,男,河南省,否,16,是
938775905,京东京造运动休闲夏季透气,京东京造,99,198,50,2623,6336,94,高端飞织,MD发泡底,魔术贴鞋,运动休闲,夏季透气,42,女,安徽省,是,13,是
124446663,李宁休闲简约百搭春季新款,李宁休闲,190,211,90,46,661,96,网布透气,TPR鞋底,拉链鞋款,简约百搭,春季新款,35,女,河南省,是,16,是
187438549,斯凯奇潮日常休闲春季新款,斯凯奇潮,209,317,66,4147,1472,92,真皮柔软,橡胶大底,拉链鞋款,日常休闲,春季新款,53,男,福建省,否,7,是
487014709,安踏运动复古潮鞋夏季透气,安踏运动,206,278,74,92,2984,96,合成革鞋,MD发泡底,系带设计,复古潮鞋,夏季透气,37,女,浙江省,是,22,否
944342292,回力经典日常休闲四季通用,回力经典,99,109,91,2736,363,95,布面材质,混合鞋底,拉链鞋款,日常休闲,四季通用,52,女,浙江省,是,16,否
807879210,耐克潮流潮流高街冬季保暖,耐克潮流,123,228,54,2,918,94,真皮柔软,混合鞋底,拉链鞋款,潮流高街,冬季保暖,42,男,四川省,是,23,是
211807190,回力经典户外机能春季新款,回力经典,152,167,91,658,1221,99,网布透气,MD发泡底,系带设计,户外机能,春季新款,58,女,江苏省,否,1,是
366952441,鸿星尔克潮流高街四季通用,鸿星尔克,223,225,99,1153,570,93,飞织面料,EVA轻底,拉链鞋款,潮流高街,四季通用,60,女,福建省,是,5,是
165170373,回力经典户外机能冬季保暖,回力经典,135,178,76,2638,330,96,真皮柔软,EVA轻底,松紧带鞋,户外机能,冬季保暖,28,女,江苏省,否,20,否
459234091,安踏运动潮流高街四季通用,安踏运动,163,204,80,456,804,90,合成革鞋,混合鞋底,魔术贴鞋,潮流高街,四季通用,40,男,广东省,是,0,否
862196869,鸿星尔克户外机能春季新款,鸿星尔克,99,130,76,783,608,93,真皮柔软,EVA轻底,系带设计,户外机能,春季新款,42,女,河北省,是,14,否
262644754,其他品牌工装硬朗秋季百搭,其他品牌,546,613,89,775,268,95,布面材质,EVA轻底,套脚款式,工装硬朗,秋季百搭,43,女,湖北省,是,16,否
186727071,安踏运动户外机能春季新款,安踏运动,137,196,70,41,351,99,真皮柔软,橡胶大底,魔术贴鞋,户外机能,春季新款,46,女,江苏省,是,18,否
408504417,李宁休闲户外机能春季新款,李宁休闲,353,471,75,25,4051,92,合成革鞋,TPR鞋底,拉链鞋款,户外机能,春季新款,58,女,安徽省,否,12,否
395650948,阿迪达斯工装硬朗四季通用,阿迪达斯,99,111,89,4028,46,96,高端飞织,混合鞋底,松紧带鞋,工装硬朗,四季通用,47,女,广东省,是,17,是
149166804,耐克潮流运动休闲四季通用,耐克潮流,236,429,55,1104,780,97,网布透气,TPR鞋底,套脚款式,运动休闲,四季通用,46,男,河北省,是,22,否
832970244,耐克潮流户外机能冬季保暖,耐克潮流,99,177,56,842,496,98,高端飞织,EVA轻底,套脚款式,户外机能,冬季保暖,61,男,广东省,是,17,是
495526505,特步男鞋简约百搭冬季保暖,特步男鞋,219,353,62,682,7442,100,混合材质,EVA轻底,套脚款式,简约百搭,冬季保暖,61,男,河南省,否,21,是
780800934,安踏运动复古潮鞋秋季百搭,安踏运动,214,278,77,46,5235,99,飞织面料,MD发泡底,松紧带鞋,复古潮鞋,秋季百搭,38,女,湖北省,否,4,是
894431116,京东京造日常休闲春季新款,京东京造,99,177,56,17,817,97,合成革鞋,PU中底,系带设计,日常休闲,春季新款,20,男,江苏省,是,4,是
186337401,安踏运动日常休闲秋季百搭,安踏运动,99,121,82,22,623,94,布面材质,TPR鞋底,拉链鞋款,日常休闲,秋季百搭,63,男,福建省,是,4,否
896083450,回力经典运动休闲秋季百搭,回力经典,100,118,85,640,751,90,网布透气,TPR鞋底,套脚款式,运动休闲,秋季百搭,46,女,湖北省,否,8,是
401654978,回力经典简约百搭四季通用,回力经典,99,103,96,50,1006,92,网布透气,TPR鞋底,松紧带鞋,简约百搭,四季通用,51,女,河南省,是,5,是
129067437,其他品牌户外机能夏季透气,其他品牌,322,362,89,14,1297,95,真皮柔软,橡胶大底,松紧带鞋,户外机能,夏季透气,48,女,湖北省,是,16,否
446499369,回力经典日常休闲冬季保暖,回力经典,99,119,83,286,2673,88,高端飞织,PU中底,拉链鞋款,日常休闲,冬季保暖,56,男,四川省,否,23,否
788708977,斯凯奇潮运动休闲夏季透气,斯凯奇潮,99,165,60,21,4119,96,混合材质,EVA轻底,系带设计,运动休闲,夏季透气,57,女,四川省,否,3,否
617247742,特步男鞋运动休闲春季新款,特步男鞋,129,148,87,612,208,89,混合材质,PU中底,魔术贴鞋,运动休闲,春季新款,48,女,安徽省,否,6,是
769565273,阿迪达斯复古潮鞋春季新款,阿迪达斯,221,340,65,1400,1965,87,真皮柔软,混合鞋底,套脚款式,复古潮鞋,春季新款,40,男,湖北省,是,22,否
940226838,阿迪达斯日常休闲秋季百搭,阿迪达斯,99,160,62,31,3866,97,混合材质,TPR鞋底,松紧带鞋,日常休闲,秋季百搭,45,女,江苏省,是,1,是
909318126,耐克潮流运动休闲春季新款,耐克潮流,123,127,97,915,698,93,真皮柔软,MD发泡底,魔术贴鞋,运动休闲,春季新款,41,女,福建省,是,15,是
471868898,其他品牌潮流高街秋季百搭,其他品牌,116,173,67,1158,5267,88,网布透气,混合鞋底,松紧带鞋,潮流高街,秋季百搭,51,女,河南省,是,21,是
628607453,特步男鞋户外机能春季新款,特步男鞋,99,134,74,892,5200,90,高端飞织,混合鞋底,魔术贴鞋,户外机能,春季新款,42,女,浙江省,是,19,否
927567888,安踏运动潮流高街冬季保暖,安踏运动,99,187,53,495,321,95,混合材质,TPR鞋底,魔术贴鞋,潮流高街,冬季保暖,50,女,湖北省,是,20,是
681362475,李宁休闲运动休闲春季新款,李宁休闲,99,141,70,520,2064,94,飞织面料,混合鞋底,套脚款式,运动休闲,春季新款,42,男,湖北省,是,23,否
185537662,斯凯奇潮复古潮鞋春季新款,斯凯奇潮,99,139,71,1225,496,96,超纤皮鞋,TPR鞋底,套脚款式,复古潮鞋,春季新款,33,男,山东省,是,12,否
889607286,回力经典工装硬朗四季通用,回力经典,99,139,71,741,1173,94,真皮柔软,MD发泡底,套脚款式,工装硬朗,四季通用,47,女,山东省,是,23,是
464681070,阿迪达斯复古潮鞋春季新款,阿迪达斯,133,251,53,4253,11781,90,混合材质,混合鞋底,套脚款式,复古潮鞋,春季新款,43,女,河南省,是,21,是
853680423,鸿星尔克简约百搭冬季保暖,鸿星尔克,209,343,61,44,4396,87,超纤皮鞋,TPR鞋底,系带设计,简约百搭,冬季保暖,39,男,江苏省,否,17,是
168452986,安踏运动日常休闲春季新款,安踏运动,129,174,74,9,2884,94,合成革鞋,PU中底,套脚款式,日常休闲,春季新款,51,女,四川省,是,6,否
956278358,斯凯奇潮复古潮鞋春季新款,斯凯奇潮,114,136,84,130,2470,100,合成革鞋,MD发泡底,系带设计,复古潮鞋,春季新款,39,男,湖北省,是,23,否
172479828,其他品牌潮流高街夏季透气,其他品牌,99,118,84,930,89,97,网布透气,PU中底,套脚款式,潮流高街,夏季透气,39,女,湖北省,否,22,否
613001276,斯凯奇潮户外机能冬季保暖,斯凯奇潮,190,365,52,742,1295,94,网布透气,TPR鞋底,魔术贴鞋,户外机能,冬季保暖,49,女,福建省,是,21,否
870365978,斯凯奇潮工装硬朗春季新款,斯凯奇潮,699,1043,67,1021,953,90,混合材质,MD发泡底,拉链鞋款,工装硬朗,春季新款,39,女,四川省,否,22,否
524266840,特步男鞋潮流高街四季通用,特步男鞋,107,165,65,793,1568,95,高端飞织,EVA轻底,魔术贴鞋,潮流高街,四季通用,64,女,浙江省,是,21,否
641937644,回力经典简约百搭四季通用,回力经典,99,198,50,129,2165,94,高端飞织,橡胶大底,松紧带鞋,简约百搭,四季通用,33,男,河南省,是,22,否
859972244,阿迪达斯复古潮鞋夏季透气,阿迪达斯,193,339,57,495,971,93,真皮柔软,混合鞋底,系带设计,复古潮鞋,夏季透气,46,男,河北省,否,17,否
162890504,回力经典运动休闲冬季保暖,回力经典,99,155,64,895,1246,94,合成革鞋,橡胶大底,系带设计,运动休闲,冬季保暖,56,男,安徽省,否,21,否
966318973,京东京造潮流高街春季新款,京东京造,129,195,66,4076,2168,93,真皮柔软,混合鞋底,系带设计,潮流高街,春季新款,46,男,安徽省,是,4,否
574498499,斯凯奇潮潮流高街四季通用,斯凯奇潮,99,139,71,501,1257,92,真皮柔软,TPR鞋底,魔术贴鞋,潮流高街,四季通用,57,女,湖北省,是,22,是
440757016,鸿星尔克运动休闲冬季保暖,鸿星尔克,99,129,77,3183,1264,92,网布透气,MD发泡底,套脚款式,运动休闲,冬季保暖,51,女,山东省,否,15,是
359389834,阿迪达斯运动休闲夏季透气,阿迪达斯,99,198,50,3040,405,98,飞织面料,MD发泡底,系带设计,运动休闲,夏季透气,55,男,福建省,否,12,否
855854990,其他品牌运动休闲四季通用,其他品牌,99,138,72,45,3284,98,真皮柔软,PU中底,拉链鞋款,运动休闲,四季通用,58,女,广东省,是,21,否
625113227,安踏运动复古潮鞋四季通用,安踏运动,229,252,91,4651,131,97,混合材质,MD发泡底,松紧带鞋,复古潮鞋,四季通用,51,女,江苏省,是,22,是
151598484,鸿星尔克简约百搭冬季保暖,鸿星尔克,99,106,93,3142,223,94,布面材质,混合鞋底,拉链鞋款,简约百搭,冬季保暖,59,女,山东省,是,14,是
124287173,特步男鞋潮流高街秋季百搭,特步男鞋,183,261,70,1249,5605,95,飞织面料,TPR鞋底,系带设计,潮流高街,秋季百搭,41,女,湖北省,否,0,是
656238310,安踏运动潮流高街四季通用,安踏运动,292,400,73,390,369,97,合成革鞋,橡胶大底,魔术贴鞋,潮流高街,四季通用,54,男,江苏省,否,23,否
884987474,特步男鞋简约百搭春季新款,特步男鞋,298,317,94,291,678,91,超纤皮鞋,橡胶大底,套脚款式,简约百搭,春季新款,54,女,河北省,是,21,是
895298123,京东京造日常休闲秋季百搭,京东京造,148,228,65,12,925,99,合成革鞋,橡胶大底,魔术贴鞋,日常休闲,秋季百搭,43,男,湖北省,否,4,是
992233736,其他品牌简约百搭夏季透气,其他品牌,191,222,86,1365,1791,99,合成革鞋,橡胶大底,套脚款式,简约百搭,夏季透气,47,女,江苏省,否,2,是
145318095,耐克潮流户外机能春季新款,耐克潮流,183,238,77,1132,958,97,真皮柔软,EVA轻底,系带设计,户外机能,春季新款,48,男,安徽省,否,1,否
942132534,安踏运动日常休闲春季新款,安踏运动,125,216,58,1411,2653,85,合成革鞋,EVA轻底,系带设计,日常休闲,春季新款,32,女,湖北省,否,22,否
342787281,回力经典复古潮鞋春季新款,回力经典,99,174,57,1292,1348,91,合成革鞋,混合鞋底,系带设计,复古潮鞋,春季新款,47,女,湖北省,是,22,是
184857814,鸿星尔克户外机能冬季保暖,鸿星尔克,184,335,55,4517,712,91,网布透气,混合鞋底,拉链鞋款,户外机能,冬季保暖,47,男,河北省,是,19,否
717566049,回力经典简约百搭秋季百搭,回力经典,195,300,65,1404,427,99,高端飞织,TPR鞋底,拉链鞋款,简约百搭,秋季百搭,28,男,广东省,是,23,是
457648090,鸿星尔克日常休闲冬季保暖,鸿星尔克,99,103,96,1230,3104,94,高端飞织,橡胶大底,系带设计,日常休闲,冬季保暖,49,男,湖北省,是,14,否
338720720,阿迪达斯户外机能秋季百搭,阿迪达斯,176,212,83,12,1124,88,飞织面料,TPR鞋底,系带设计,户外机能,秋季百搭,37,女,山东省,否,5,否
800706204,鸿星尔克户外机能冬季保暖,鸿星尔克,121,181,67,4515,1482,91,高端飞织,EVA轻底,魔术贴鞋,户外机能,冬季保暖,55,女,四川省,否,9,否
637865804,斯凯奇潮简约百搭夏季透气,斯凯奇潮,160,167,96,1366,280,96,布面材质,TPR鞋底,套脚款式,简约百搭,夏季透气,46,男,湖北省,否,15,是
145064477,京东京造工装硬朗春季新款,京东京造,175,216,81,1276,1062,90,混合材质,MD发泡底,套脚款式,工装硬朗,春季新款,44,男,浙江省,否,22,否
888151215,阿迪达斯工装硬朗春季新款,阿迪达斯,99,180,55,1136,335,91,高端飞织,PU中底,系带设计,工装硬朗,春季新款,54,男,广东省,是,17,否
819954903,特步男鞋工装硬朗春季新款,特步男鞋,100,125,80,466,3977,88,网布透气,橡胶大底,魔术贴鞋,工装硬朗,春季新款,57,女,广东省,是,15,是
830301009,京东京造日常休闲四季通用,京东京造,99,180,55,973,8613,97,真皮柔软,混合鞋底,松紧带鞋,日常休闲,四季通用,45,男,浙江省,是,21,否
673577609,阿迪达斯户外机能四季通用,阿迪达斯,162,222,73,1476,764,90,合成革鞋,混合鞋底,松紧带鞋,户外机能,四季通用,43,男,安徽省,否,23,是
874133968,特步男鞋运动休闲秋季百搭,特步男鞋,213,220,97,176,797,90,混合材质,EVA轻底,套脚款式,运动休闲,秋季百搭,48,男,四川省,否,15,是
936971425,斯凯奇潮复古潮鞋冬季保暖,斯凯奇潮,103,110,94,2745,350,87,合成革鞋,PU中底,套脚款式,复古潮鞋,冬季保暖,47,男,山东省,否,6,是
868898639,京东京造日常休闲夏季透气,京东京造,179,259,69,1315,1230,94,混合材质,MD发泡底,拉链鞋款,日常休闲,夏季透气,45,女,湖北省,否,21,否
871655544,其他品牌复古潮鞋冬季保暖,其他品牌,99,103,96,31,1979,91,高端飞织,EVA轻底,拉链鞋款,复古潮鞋,冬季保暖,60,女,广东省,是,21,是
456259357,阿迪达斯潮流高街春季新款,阿迪达斯,130,191,68,386,141,96,高端飞织,橡胶大底,拉链鞋款,潮流高街,春季新款,48,女,四川省,是,22,否
649142832,京东京造复古潮鞋春季新款,京东京造,146,190,77,2823,1325,98,布面材质,混合鞋底,拉链鞋款,复古潮鞋,春季新款,53,女,广东省,是,3,是
785169059,安踏运动户外机能春季新款,安踏运动,99,106,93,982,854,96,飞织面料,MD发泡底,拉链鞋款,户外机能,春季新款,43,女,山东省,否,20,否
740896295,斯凯奇潮户外机能秋季百搭,斯凯奇潮,220,440,50,4831,590,98,混合材质,混合鞋底,松紧带鞋,户外机能,秋季百搭,43,女,广东省,否,19,否
993828064,安踏运动日常休闲四季通用,安踏运动,99,146,68,48,4737,95,飞织面料,PU中底,拉链鞋款,日常休闲,四季通用,47,女,四川省,是,1,否
887147778,斯凯奇潮复古潮鞋四季通用,斯凯奇潮,99,119,83,23,2035,100,飞织面料,PU中底,拉链鞋款,复古潮鞋,四季通用,42,女,湖北省,是,16,否
411977489,京东京造户外机能夏季透气,京东京造,99,150,66,2285,2799,96,布面材质,TPR鞋底,松紧带鞋,户外机能,夏季透气,52,男,河南省,是,22,否
431473908,其他品牌日常休闲夏季透气,其他品牌,134,189,71,1180,271,94,混合材质,TPR鞋底,系带设计,日常休闲,夏季透气,37,男,浙江省,否,18,否
668986878,回力经典工装硬朗四季通用,回力经典,118,215,55,0,255,91,真皮柔软,PU中底,魔术贴鞋,工装硬朗,四季通用,47,男,湖北省,是,11,否
568996858,京东京造户外机能冬季保暖,京东京造,153,199,77,574,1363,100,合成革鞋,PU中底,套脚款式,户外机能,冬季保暖,55,男,福建省,是,9,否
890893368,京东京造运动休闲夏季透气,京东京造,151,280,54,928,1599,100,混合材质,EVA轻底,系带设计,运动休闲,夏季透气,52,男,湖北省,否,20,否
555098640,斯凯奇潮简约百搭春季新款,斯凯奇潮,106,119,89,2704,138,100,超纤皮鞋,MD发泡底,松紧带鞋,简约百搭,春季新款,47,女,江苏省,否,3,否
493388548,特步男鞋潮流高街四季通用,特步男鞋,170,181,94,986,2305,95,网布透气,混合鞋底,拉链鞋款,潮流高街,四季通用,48,女,江苏省,否,3,是
817973771,安踏运动户外机能秋季百搭,安踏运动,99,100,99,1066,383,88,真皮柔软,EVA轻底,魔术贴鞋,户外机能,秋季百搭,40,男,广东省,否,23,否
725315656,回力经典户外机能四季通用,回力经典,133,180,74,31,251,95,合成革鞋,混合鞋底,系带设计,户外机能,四季通用,52,女,江苏省,否,16,否
235631547,阿迪达斯运动休闲四季通用,阿迪达斯,99,168,59,274,7591,97,高端飞织,橡胶大底,魔术贴鞋,运动休闲,四季通用,49,女,广东省,是,21,否
526481364,回力经典户外机能冬季保暖,回力经典,228,356,64,1022,9240,90,飞织面料,混合鞋底,系带设计,户外机能,冬季保暖,48,女,山东省,是,23,是
708945905,斯凯奇潮日常休闲秋季百搭,斯凯奇潮,142,273,52,245,927,94,超纤皮鞋,PU中底,魔术贴鞋,日常休闲,秋季百搭,39,男,河南省,是,14,否
801574174,李宁休闲日常休闲冬季保暖,李宁休闲,99,110,90,130,5677,96,网布透气,MD发泡底,系带设计,日常休闲,冬季保暖,27,女,浙江省,是,23,是
190926375,李宁休闲运动休闲冬季保暖,李宁休闲,125,205,61,20,251,90,飞织面料,橡胶大底,系带设计,运动休闲,冬季保暖,53,女,江苏省,否,15,否
260722597,其他品牌户外机能春季新款,其他品牌,146,187,78,615,398,91,网布透气,橡胶大底,魔术贴鞋,户外机能,春季新款,42,男,安徽省,是,13,是
164935602,特步男鞋日常休闲冬季保暖,特步男鞋,157,174,90,598,1085,96,超纤皮鞋,橡胶大底,套脚款式,日常休闲,冬季保暖,36,男,河北省,否,1,否
699874835,其他品牌简约百搭四季通用,其他品牌,127,157,81,542,129,96,高端飞织,TPR鞋底,魔术贴鞋,简约百搭,四季通用,51,男,浙江省,否,15,否
712616240,其他品牌户外机能秋季百搭,其他品牌,99,112,88,136,1089,96,超纤皮鞋,橡胶大底,系带设计,户外机能,秋季百搭,35,女,山东省,否,20,是
521786139,安踏运动工装硬朗冬季保暖,安踏运动,253,452,56,2066,2029,96,合成革鞋,橡胶大底,系带设计,工装硬朗,冬季保暖,37,男,河南省,否,16,否
447515924,李宁休闲户外机能夏季透气,李宁休闲,99,104,95,1044,35,98,布面材质,TPR鞋底,松紧带鞋,户外机能,夏季透气,42,女,福建省,否,13,否
644183973,阿迪达斯简约百搭夏季透气,阿迪达斯,99,162,61,3458,95,92,高端飞织,橡胶大底,套脚款式,简约百搭,夏季透气,49,男,江苏省,否,22,是
595567741,回力经典简约百搭秋季百搭,回力经典,99,114,87,34,9115,97,真皮柔软,橡胶大底,松紧带鞋,简约百搭,秋季百搭,58,男,江苏省,否,23,是
270803964,阿迪达斯复古潮鞋春季新款,阿迪达斯,99,143,69,46,5831,91,合成革鞋,橡胶大底,松紧带鞋,复古潮鞋,春季新款,53,女,江苏省,是,16,是
384331744,斯凯奇潮户外机能冬季保暖,斯凯奇潮,99,122,81,4047,1165,88,飞织面料,橡胶大底,魔术贴鞋,户外机能,冬季保暖,60,女,河南省,是,21,是
834984806,斯凯奇潮运动休闲春季新款,斯凯奇潮,99,114,87,192,226,99,布面材质,混合鞋底,魔术贴鞋,运动休闲,春季新款,59,男,四川省,是,6,是
729762716,李宁休闲复古潮鞋夏季透气,李宁休闲,99,148,67,1019,2715,96,真皮柔软,MD发泡底,拉链鞋款,复古潮鞋,夏季透气,44,女,四川省,是,21,否
132665928,阿迪达斯简约百搭春季新款,阿迪达斯,241,280,86,168,4547,94,高端飞织,TPR鞋底,松紧带鞋,简约百搭,春季新款,39,女,福建省,是,9,否
295132601,耐克潮流运动休闲冬季保暖,耐克潮流,100,104,96,802,693,98,飞织面料,EVA轻底,松紧带鞋,运动休闲,冬季保暖,53,女,河南省,是,23,否
289633819,安踏运动工装硬朗夏季透气,安踏运动,99,168,59,611,308,96,飞织面料,EVA轻底,魔术贴鞋,工装硬朗,夏季透气,53,女,浙江省,是,10,是
738523551,特步男鞋潮流高街秋季百搭,特步男鞋,147,165,89,3924,1481,94,真皮柔软,橡胶大底,魔术贴鞋,潮流高街,秋季百搭,49,女,江苏省,是,20,否
975528194,其他品牌简约百搭冬季保暖,其他品牌,127,167,76,1307,112,93,混合材质,EVA轻底,拉链鞋款,简约百搭,冬季保暖,59,男,河南省,是,3,是
402196033,阿迪达斯简约百搭四季通用,阿迪达斯,202,204,99,2812,1712,94,飞织面料,MD发泡底,魔术贴鞋,简约百搭,四季通用,50,男,江苏省,否,12,否
207337624,鸿星尔克工装硬朗夏季透气,鸿星尔克,99,150,66,1075,426,94,混合材质,混合鞋底,魔术贴鞋,工装硬朗,夏季透气,59,女,浙江省,是,4,否
267565900,李宁休闲潮流高街夏季透气,李宁休闲,587,851,69,416,5003,99,超纤皮鞋,EVA轻底,套脚款式,潮流高街,夏季透气,53,女,四川省,是,14,否
294302116,耐克潮流户外机能冬季保暖,耐克潮流,123,145,85,971,442,99,超纤皮鞋,PU中底,松紧带鞋,户外机能,冬季保暖,52,男,河北省,是,19,否
700893316,京东京造复古潮鞋秋季百搭,京东京造,143,159,90,836,686,91,混合材质,MD发泡底,魔术贴鞋,复古潮鞋,秋季百搭,65,女,河南省,否,16,否
367199381,其他品牌简约百搭秋季百搭,其他品牌,99,187,53,713,563,99,混合材质,MD发泡底,松紧带鞋,简约百搭,秋季百搭,46,男,山东省,否,22,否
250698974,耐克潮流工装硬朗秋季百搭,耐克潮流,99,103,96,538,963,91,混合材质,TPR鞋底,拉链鞋款,工装硬朗,秋季百搭,52,女,安徽省,否,23,是
982460364,京东京造简约百搭四季通用,京东京造,99,118,84,426,801,92,混合材质,EVA轻底,系带设计,简约百搭,四季通用,63,男,浙江省,是,20,是
240251726,鸿星尔克复古潮鞋秋季百搭,鸿星尔克,99,109,91,1088,136,95,布面材质,TPR鞋底,魔术贴鞋,复古潮鞋,秋季百搭,47,女,安徽省,是,7,否
784582107,耐克潮流潮流高街夏季透气,耐克潮流,99,174,57,3290,1451,93,超纤皮鞋,TPR鞋底,系带设计,潮流高街,夏季透气,43,男,广东省,否,6,否
224032535,斯凯奇潮简约百搭夏季透气,斯凯奇潮,135,169,80,1492,1532,91,网布透气,TPR鞋底,拉链鞋款,简约百搭,夏季透气,64,女,福建省,否,4,否
472609184,京东京造简约百搭四季通用,京东京造,99,157,63,777,1069,95,布面材质,MD发泡底,拉链鞋款,简约百搭,四季通用,46,女,广东省,是,0,是
814031382,鸿星尔克潮流高街冬季保暖,鸿星尔克,175,194,90,158,1425,96,超纤皮鞋,MD发泡底,系带设计,潮流高街,冬季保暖,51,男,江苏省,否,22,是
968737783,特步男鞋简约百搭四季通用,特步男鞋,128,135,95,404,712,99,混合材质,混合鞋底,魔术贴鞋,简约百搭,四季通用,42,女,河北省,是,23,否
960236070,李宁休闲工装硬朗秋季百搭,李宁休闲,119,140,85,509,998,94,合成革鞋,TPR鞋底,魔术贴鞋,工装硬朗,秋季百搭,48,女,福建省,否,9,否
118353290,阿迪达斯户外机能夏季透气,阿迪达斯,99,155,64,610,793,90,合成革鞋,TPR鞋底,套脚款式,户外机能,夏季透气,64,女,福建省,否,9,是
299856575,特步男鞋日常休闲四季通用,特步男鞋,160,213,75,944,2568,92,真皮柔软,PU中底,拉链鞋款,日常休闲,四季通用,50,男,河南省,否,13,否
613661218,安踏运动日常休闲春季新款,安踏运动,310,431,72,2888,647,93,飞织面料,EVA轻底,套脚款式,日常休闲,春季新款,41,女,河北省,否,22,否
585916913,其他品牌运动休闲夏季透气,其他品牌,241,259,93,472,2243,96,超纤皮鞋,混合鞋底,套脚款式,运动休闲,夏季透气,59,女,河北省,是,22,否
961824709,李宁休闲户外机能秋季百搭,李宁休闲,422,528,80,784,1532,94,高端飞织,MD发泡底,系带设计,户外机能,秋季百搭,52,男,河北省,否,0,是
870695544,安踏运动运动休闲秋季百搭,安踏运动,262,380,69,77,1272,92,超纤皮鞋,MD发泡底,系带设计,运动休闲,秋季百搭,53,男,广东省,否,2,是
733043232,耐克潮流复古潮鞋四季通用,耐克潮流,129,155,83,370,739,90,网布透气,EVA轻底,套脚款式,复古潮鞋,四季通用,54,女,江苏省,是,20,是
541072479,斯凯奇潮日常休闲秋季百搭,斯凯奇潮,232,258,90,1187,1056,100,布面材质,混合鞋底,魔术贴鞋,日常休闲,秋季百搭,28,女,福建省,否,12,否
762030816,阿迪达斯简约百搭秋季百搭,阿迪达斯,100,112,89,4431,82,92,混合材质,EVA轻底,系带设计,简约百搭,秋季百搭,50,男,河北省,是,21,否
925616065,回力经典工装硬朗春季新款,回力经典,104,155,67,782,692,91,飞织面料,EVA轻底,系带设计,工装硬朗,春季新款,43,女,广东省,是,3,是
933168945,李宁休闲复古潮鞋秋季百搭,李宁休闲,143,164,87,1266,7526,96,飞织面料,TPR鞋底,套脚款式,复古潮鞋,秋季百搭,49,女,湖北省,是,0,否
826057812,阿迪达斯简约百搭四季通用,阿迪达斯,156,181,86,2557,190,94,高端飞织,MD发泡底,套脚款式,简约百搭,四季通用,42,女,江苏省,否,5,否
378444230,李宁休闲复古潮鞋秋季百搭,李宁休闲,189,191,99,4859,634,96,真皮柔软,TPR鞋底,拉链鞋款,复古潮鞋,秋季百搭,62,男,浙江省,是,10,是
185132117,耐克潮流日常休闲夏季透气,耐克潮流,265,349,76,4633,523,86,真皮柔软,EVA轻底,魔术贴鞋,日常休闲,夏季透气,54,男,四川省,是,14,否
867848944,耐克潮流简约百搭四季通用,耐克潮流,99,183,54,45,280,93,合成革鞋,橡胶大底,魔术贴鞋,简约百搭,四季通用,40,男,湖北省,否,15,是
552593371,安踏运动日常休闲春季新款,安踏运动,99,141,70,3224,523,96,混合材质,PU中底,拉链鞋款,日常休闲,春季新款,41,男,河南省,是,20,否
173594172,耐克潮流户外机能春季新款,耐克潮流,168,218,77,311,479,93,合成革鞋,PU中底,拉链鞋款,户外机能,春季新款,35,男,四川省,是,15,是
175439111,斯凯奇潮日常休闲四季通用,斯凯奇潮,151,275,55,1152,4070,93,飞织面料,EVA轻底,魔术贴鞋,日常休闲,四季通用,37,女,福建省,否,21,否
663368563,耐克潮流工装硬朗冬季保暖,耐克潮流,275,289,95,1184,3220,98,布面材质,TPR鞋底,魔术贴鞋,工装硬朗,冬季保暖,49,女,江苏省,否,17,否
138464118,特步男鞋简约百搭夏季透气,特步男鞋,99,114,87,273,2099,88,飞织面料,橡胶大底,系带设计,简约百搭,夏季透气,29,男,浙江省,是,17,否
815233091,鸿星尔克工装硬朗冬季保暖,鸿星尔克,99,103,96,406,59,91,飞织面料,MD发泡底,魔术贴鞋,工装硬朗,冬季保暖,54,女,河南省,否,21,是
322569329,安踏运动复古潮鞋夏季透气,安踏运动,120,124,97,1176,2032,92,布面材质,MD发泡底,系带设计,复古潮鞋,夏季透气,44,女,安徽省,否,20,否
279940620,京东京造复古潮鞋春季新款,京东京造,99,118,84,275,360,95,超纤皮鞋,MD发泡底,套脚款式,复古潮鞋,春季新款,55,男,江苏省,否,23,是
725838632,京东京造工装硬朗冬季保暖,京东京造,461,781,59,599,3527,93,合成革鞋,EVA轻底,魔术贴鞋,工装硬朗,冬季保暖,54,男,江苏省,否,8,是
151306956,鸿星尔克运动休闲四季通用,鸿星尔克,102,162,63,48,1395,92,网布透气,MD发泡底,套脚款式,运动休闲,四季通用,35,男,广东省,是,22,是
926145125,京东京造潮流高街四季通用,京东京造,180,180,100,775,1489,96,真皮柔软,MD发泡底,拉链鞋款,潮流高街,四季通用,47,男,浙江省,是,20,是
273554186,特步男鞋简约百搭四季通用,特步男鞋,205,256,80,1136,898,96,合成革鞋,混合鞋底,系带设计,简约百搭,四季通用,47,女,江苏省,否,23,否
932590198,鸿星尔克工装硬朗春季新款,鸿星尔克,309,364,85,3723,1808,93,飞织面料,橡胶大底,系带设计,工装硬朗,春季新款,40,女,河南省,是,15,是
611874528,安踏运动简约百搭冬季保暖,安踏运动,277,277,100,967,177,91,超纤皮鞋,混合鞋底,套脚款式,简约百搭,冬季保暖,46,女,江苏省,是,11,否
822466864,特步男鞋潮流高街春季新款,特步男鞋,180,186,97,769,153,90,混合材质,橡胶大底,松紧带鞋,潮流高街,春季新款,59,男,湖北省,是,13,是
761885622,斯凯奇潮户外机能夏季透气,斯凯奇潮,99,108,92,918,214,94,高端飞织,混合鞋底,系带设计,户外机能,夏季透气,37,男,河北省,否,0,是
294676719,京东京造工装硬朗四季通用,京东京造,285,401,71,272,3044,100,混合材质,EVA轻底,系带设计,工装硬朗,四季通用,50,男,四川省,否,15,否
573740191,耐克潮流潮流高街四季通用,耐克潮流,163,168,97,487,139,93,真皮柔软,橡胶大底,魔术贴鞋,潮流高街,四季通用,45,男,安徽省,否,17,否
760650530,耐克潮流日常休闲夏季透气,耐克潮流,99,114,87,1032,11851,94,布面材质,MD发泡底,松紧带鞋,日常休闲,夏季透气,51,女,安徽省,是,19,是
673266674,京东京造简约百搭冬季保暖,京东京造,99,108,92,537,1120,91,合成革鞋,混合鞋底,套脚款式,简约百搭,冬季保暖,33,女,湖北省,否,4,否
823635382,鸿星尔克日常休闲秋季百搭,鸿星尔克,99,116,85,12,6648,97,网布透气,混合鞋底,系带设计,日常休闲,秋季百搭,45,女,河南省,是,1,否
216200372,鸿星尔克简约百搭秋季百搭,鸿星尔克,148,197,75,1162,419,88,高端飞织,橡胶大底,松紧带鞋,简约百搭,秋季百搭,53,男,江苏省,否,2,是
620626604,鸿星尔克简约百搭春季新款,鸿星尔克,241,309,78,1111,111,96,布面材质,橡胶大底,系带设计,简约百搭,春季新款,59,男,江苏省,否,1,是
721487163,特步男鞋日常休闲四季通用,特步男鞋,99,162,61,4225,896,93,飞织面料,混合鞋底,系带设计,日常休闲,四季通用,54,男,江苏省,否,15,是
254624980,京东京造户外机能秋季百搭,京东京造,100,179,56,2953,220,93,真皮柔软,MD发泡底,拉链鞋款,户外机能,秋季百搭,43,男,山东省,是,23,是
496047175,其他品牌日常休闲夏季透气,其他品牌,127,146,87,896,9563,90,高端飞织,MD发泡底,松紧带鞋,日常休闲,夏季透气,40,女,广东省,否,20,是
954353620,京东京造简约百搭秋季百搭,京东京造,339,429,79,4901,1470,91,网布透气,EVA轻底,系带设计,简约百搭,秋季百搭,37,女,广东省,否,5,是
880447041,李宁休闲运动休闲冬季保暖,李宁休闲,99,104,95,47,824,95,合成革鞋,TPR鞋底,系带设计,运动休闲,冬季保暖,49,女,河北省,是,14,否
727239173,京东京造工装硬朗四季通用,京东京造,168,280,60,3689,6114,92,合成革鞋,EVA轻底,魔术贴鞋,工装硬朗,四季通用,51,女,福建省,是,4,否
235684148,安踏运动简约百搭秋季百搭,安踏运动,99,118,84,1479,2782,92,飞织面料,TPR鞋底,拉链鞋款,简约百搭,秋季百搭,40,男,四川省,是,0,是
133826035,李宁休闲户外机能春季新款,李宁休闲,208,335,62,4,19577,95,布面材质,混合鞋底,魔术贴鞋,户外机能,春季新款,37,男,四川省,是,20,否
115907452,斯凯奇潮日常休闲冬季保暖,斯凯奇潮,137,254,54,772,3191,95,混合材质,EVA轻底,拉链鞋款,日常休闲,冬季保暖,42,女,浙江省,是,13,是
297626101,回力经典简约百搭春季新款,回力经典,99,101,98,1041,1271,97,布面材质,MD发泡底,套脚款式,简约百搭,春季新款,64,女,安徽省,否,16,否
691676359,京东京造复古潮鞋冬季保暖,京东京造,128,217,59,2330,1484,87,合成革鞋,混合鞋底,拉链鞋款,复古潮鞋,冬季保暖,48,女,浙江省,否,22,否
309961679,耐克潮流户外机能春季新款,耐克潮流,284,546,52,4,53,96,高端飞织,混合鞋底,系带设计,户外机能,春季新款,30,女,浙江省,是,21,否
871008241,回力经典工装硬朗秋季百搭,回力经典,99,190,52,1252,3187,95,高端飞织,TPR鞋底,套脚款式,工装硬朗,秋季百搭,46,女,河南省,是,1,是
191991764,鸿星尔克工装硬朗夏季透气,鸿星尔克,145,188,77,3509,2228,96,布面材质,TPR鞋底,系带设计,工装硬朗,夏季透气,38,女,湖北省,否,11,否
451865064,耐克潮流复古潮鞋夏季透气,耐克潮流,180,207,87,3790,917,94,飞织面料,EVA轻底,系带设计,复古潮鞋,夏季透气,48,男,浙江省,是,5,是
540163017,回力经典工装硬朗冬季保暖,回力经典,426,435,98,3263,851,88,网布透气,MD发泡底,魔术贴鞋,工装硬朗,冬季保暖,26,男,浙江省,否,9,否
879608780,李宁休闲简约百搭秋季百搭,李宁休闲,99,108,92,20,477,99,飞织面料,橡胶大底,套脚款式,简约百搭,秋季百搭,34,男,浙江省,否,0,是
699910516,阿迪达斯复古潮鞋春季新款,阿迪达斯,387,744,52,2761,511,99,超纤皮鞋,混合鞋底,松紧带鞋,复古潮鞋,春季新款,43,女,福建省,否,17,否
137056141,回力经典运动休闲春季新款,回力经典,146,243,60,330,6635,94,合成革鞋,EVA轻底,拉链鞋款,运动休闲,春季新款,51,男,四川省,是,21,是
982775415,耐克潮流工装硬朗春季新款,耐克潮流,134,239,56,1483,19905,96,网布透气,MD发泡底,魔术贴鞋,工装硬朗,春季新款,58,女,福建省,否,10,否
996655299,鸿星尔克运动休闲夏季透气,鸿星尔克,329,463,71,7,1594,93,布面材质,混合鞋底,魔术贴鞋,运动休闲,夏季透气,50,男,河北省,否,22,否
485970082,其他品牌简约百搭夏季透气,其他品牌,99,103,96,230,542,91,合成革鞋,TPR鞋底,套脚款式,简约百搭,夏季透气,35,男,安徽省,否,23,否
453894619,京东京造日常休闲春季新款,京东京造,99,150,66,1165,179,94,合成革鞋,混合鞋底,套脚款式,日常休闲,春季新款,55,女,福建省,否,2,否
361406700,鸿星尔克日常休闲春季新款,鸿星尔克,142,149,95,1061,62,92,飞织面料,MD发泡底,拉链鞋款,日常休闲,春季新款,52,男,广东省,是,22,是
266827981,回力经典日常休闲四季通用,回力经典,99,130,76,4,278,92,合成革鞋,PU中底,魔术贴鞋,日常休闲,四季通用,44,女,四川省,是,6,是
854575469,斯凯奇潮户外机能夏季透气,斯凯奇潮,99,101,98,36,2894,91,高端飞织,MD发泡底,套脚款式,户外机能,夏季透气,43,女,福建省,是,18,否
794439029,耐克潮流潮流高街秋季百搭,耐克潮流,99,106,93,39,3795,99,飞织面料,PU中底,魔术贴鞋,潮流高街,秋季百搭,34,男,广东省,是,8,否
314183041,阿迪达斯潮流高街春季新款,阿迪达斯,99,171,58,423,2450,93,高端飞织,EVA轻底,系带设计,潮流高街,春季新款,40,女,山东省,否,9,是
302964514,特步男鞋工装硬朗冬季保暖,特步男鞋,179,331,54,75,912,100,网布透气,TPR鞋底,拉链鞋款,工装硬朗,冬季保暖,45,男,四川省,否,9,是
264765143,斯凯奇潮运动休闲四季通用,斯凯奇潮,195,195,100,431,5902,97,真皮柔软,橡胶大底,套脚款式,运动休闲,四季通用,46,女,浙江省,否,9,是
460478997,鸿星尔克工装硬朗冬季保暖,鸿星尔克,130,194,67,338,6668,93,高端飞织,混合鞋底,套脚款式,工装硬朗,冬季保暖,50,男,湖北省,是,9,是
857782293,阿迪达斯复古潮鞋春季新款,阿迪达斯,99,165,60,119,1685,100,高端飞织,PU中底,系带设计,复古潮鞋,春季新款,32,女,安徽省,否,21,是
394007641,回力经典工装硬朗春季新款,回力经典,150,214,70,1370,1485,100,混合材质,橡胶大底,拉链鞋款,工装硬朗,春季新款,42,女,江苏省,是,17,是
215302723,安踏运动复古潮鞋冬季保暖,安踏运动,99,99,100,131,3792,99,布面材质,PU中底,拉链鞋款,复古潮鞋,冬季保暖,30,男,湖北省,是,1,否
212283727,回力经典日常休闲四季通用,回力经典,155,231,67,417,1599,99,混合材质,橡胶大底,松紧带鞋,日常休闲,四季通用,57,男,四川省,否,17,否
487316526,安踏运动运动休闲冬季保暖,安踏运动,253,436,58,105,628,96,高端飞织,EVA轻底,系带设计,运动休闲,冬季保暖,38,男,河北省,否,23,否
519334713,京东京造工装硬朗春季新款,京东京造,99,148,67,147,1814,95,布面材质,TPR鞋底,系带设计,工装硬朗,春季新款,39,男,山东省,是,1,否
326402497,回力经典复古潮鞋春季新款,回力经典,180,186,97,404,6647,95,网布透气,TPR鞋底,松紧带鞋,复古潮鞋,春季新款,38,女,浙江省,否,22,是
357000042,京东京造复古潮鞋四季通用,京东京造,162,208,78,27,1933,98,布面材质,PU中底,套脚款式,复古潮鞋,四季通用,33,男,山东省,否,15,是
507123657,耐克潮流运动休闲冬季保暖,耐克潮流,151,225,67,111,33,92,飞织面料,橡胶大底,系带设计,运动休闲,冬季保暖,52,男,江苏省,是,20,否
678921792,特步男鞋户外机能夏季透气,特步男鞋,135,233,58,952,368,98,布面材质,混合鞋底,套脚款式,户外机能,夏季透气,42,女,江苏省,是,7,否
751352395,特步男鞋日常休闲夏季透气,特步男鞋,99,177,56,783,1511,95,真皮柔软,PU中底,松紧带鞋,日常休闲,夏季透气,49,男,河南省,否,10,是
337184137,其他品牌简约百搭冬季保暖,其他品牌,102,103,99,319,510,92,布面材质,EVA轻底,松紧带鞋,简约百搭,冬季保暖,61,男,广东省,是,12,否
417947703,鸿星尔克运动休闲秋季百搭,鸿星尔克,108,157,69,843,1931,95,网布透气,橡胶大底,套脚款式,运动休闲,秋季百搭,32,男,江苏省,是,6,否
305480001,李宁休闲户外机能冬季保暖,李宁休闲,99,104,95,958,559,93,真皮柔软,EVA轻底,魔术贴鞋,户外机能,冬季保暖,60,男,江苏省,否,12,是
322959382,阿迪达斯日常休闲春季新款,阿迪达斯,122,136,90,723,331,93,布面材质,混合鞋底,松紧带鞋,日常休闲,春季新款,44,男,安徽省,是,2,是
663302998,京东京造简约百搭冬季保暖,京东京造,99,114,87,24,1697,98,布面材质,MD发泡底,系带设计,简约百搭,冬季保暖,51,女,湖北省,否,22,是
264335392,其他品牌简约百搭春季新款,其他品牌,99,152,65,3964,824,97,超纤皮鞋,橡胶大底,系带设计,简约百搭,春季新款,45,男,山东省,是,22,否
600947979,李宁休闲复古潮鞋冬季保暖,李宁休闲,99,168,59,857,17186,90,混合材质,EVA轻底,系带设计,复古潮鞋,冬季保暖,55,女,河南省,否,20,是
927731331,特步男鞋户外机能秋季百搭,特步男鞋,179,216,83,527,234,96,合成革鞋,EVA轻底,松紧带鞋,户外机能,秋季百搭,56,女,福建省,否,20,否
806990917,斯凯奇潮复古潮鞋夏季透气,斯凯奇潮,202,232,87,25,210,94,高端飞织,TPR鞋底,魔术贴鞋,复古潮鞋,夏季透气,54,男,浙江省,否,23,否
674510427,斯凯奇潮潮流高街冬季保暖,斯凯奇潮,109,163,67,3481,1225,95,真皮柔软,TPR鞋底,拉链鞋款,潮流高街,冬季保暖,46,女,福建省,否,8,是
735682176,耐克潮流户外机能秋季百搭,耐克潮流,99,134,74,717,1100,97,高端飞织,PU中底,系带设计,户外机能,秋季百搭,41,女,浙江省,是,9,是
795196867,耐克潮流复古潮鞋四季通用,耐克潮流,216,400,54,26,2324,90,真皮柔软,TPR鞋底,系带设计,复古潮鞋,四季通用,43,女,山东省,是,6,是
200923065,特步男鞋日常休闲四季通用,特步男鞋,207,233,89,47,325,90,布面材质,混合鞋底,套脚款式,日常休闲,四季通用,51,女,广东省,是,22,否
512698448,特步男鞋户外机能夏季透气,特步男鞋,188,219,86,23,753,99,飞织面料,TPR鞋底,拉链鞋款,户外机能,夏季透气,60,女,河北省,否,14,否
511580888,其他品牌简约百搭四季通用,其他品牌,99,109,91,203,2090,90,飞织面料,EVA轻底,套脚款式,简约百搭,四季通用,54,男,湖北省,否,8,否
271902162,耐克潮流简约百搭冬季保暖,耐克潮流,99,114,87,699,1874,89,网布透气,MD发泡底,魔术贴鞋,简约百搭,冬季保暖,44,男,浙江省,是,4,是
102008447,阿迪达斯户外机能四季通用,阿迪达斯,189,191,99,2340,135,94,飞织面料,PU中底,系带设计,户外机能,四季通用,61,女,四川省,是,2,否
139370604,安踏运动复古潮鞋秋季百搭,安踏运动,159,209,76,583,540,97,布面材质,MD发泡底,套脚款式,复古潮鞋,秋季百搭,33,女,山东省,否,10,否
890321867,京东京造运动休闲冬季保暖,京东京造,207,209,99,953,2260,93,高端飞织,橡胶大底,松紧带鞋,运动休闲,冬季保暖,45,男,四川省,否,5,是
558191036,安踏运动潮流高街夏季透气,安踏运动,191,382,50,27,399,92,网布透气,EVA轻底,松紧带鞋,潮流高街,夏季透气,44,女,安徽省,否,10,否
742654766,耐克潮流日常休闲夏季透气,耐克潮流,141,282,50,1128,4766,91,混合材质,混合鞋底,套脚款式,日常休闲,夏季透气,41,男,河南省,否,22,是
795071497,回力经典简约百搭夏季透气,回力经典,119,195,61,47,1208,90,高端飞织,EVA轻底,魔术贴鞋,简约百搭,夏季透气,18,女,河北省,否,17,是
425598628,斯凯奇潮潮流高街四季通用,斯凯奇潮,134,181,74,796,2681,94,真皮柔软,EVA轻底,拉链鞋款,潮流高街,四季通用,46,男,浙江省,是,19,是
518978742,安踏运动运动休闲秋季百搭,安踏运动,156,284,55,808,1466,91,真皮柔软,MD发泡底,松紧带鞋,运动休闲,秋季百搭,42,男,湖北省,是,21,是
227610094,特步男鞋简约百搭冬季保暖,特步男鞋,105,131,80,856,704,97,飞织面料,MD发泡底,拉链鞋款,简约百搭,冬季保暖,46,女,福建省,否,22,否
584781766,斯凯奇潮简约百搭春季新款,斯凯奇潮,99,155,64,653,3914,97,网布透气,EVA轻底,魔术贴鞋,简约百搭,春季新款,26,女,山东省,否,10,是
333257084,回力经典简约百搭四季通用,回力经典,103,107,96,3255,2619,94,真皮柔软,TPR鞋底,套脚款式,简约百搭,四季通用,45,女,浙江省,否,16,是
371196052,鸿星尔克日常休闲冬季保暖,鸿星尔克,99,160,62,12,1238,94,超纤皮鞋,PU中底,系带设计,日常休闲,冬季保暖,55,女,浙江省,是,5,否
698315355,安踏运动潮流高街四季通用,安踏运动,288,430,67,2,1404,92,真皮柔软,TPR鞋底,拉链鞋款,潮流高街,四季通用,40,女,四川省,否,11,是
277957869,阿迪达斯潮流高街秋季百搭,阿迪达斯,99,111,89,698,132,100,网布透气,混合鞋底,系带设计,潮流高街,秋季百搭,61,女,广东省,否,10,否
713808402,耐克潮流户外机能夏季透气,耐克潮流,104,165,63,744,207,92,混合材质,PU中底,套脚款式,户外机能,夏季透气,46,男,浙江省,否,21,否
360646370,斯凯奇潮复古潮鞋春季新款,斯凯奇潮,120,222,54,1371,1194,91,合成革鞋,MD发泡底,套脚款式,复古潮鞋,春季新款,42,女,浙江省,是,4,是
844269450,斯凯奇潮工装硬朗秋季百搭,斯凯奇潮,99,105,94,799,245,95,飞织面料,PU中底,魔术贴鞋,工装硬朗,秋季百搭,60,男,山东省,否,18,否
507526876,鸿星尔克户外机能秋季百搭,鸿星尔克,602,1075,56,25,55,97,混合材质,混合鞋底,套脚款式,户外机能,秋季百搭,49,男,河南省,是,0,否
697099982,京东京造日常休闲春季新款,京东京造,390,406,96,453,526,88,高端飞织,EVA轻底,魔术贴鞋,日常休闲,春季新款,61,男,四川省,是,2,是
513270268,耐克潮流复古潮鞋冬季保暖,耐克潮流,132,210,63,1193,1140,96,真皮柔软,MD发泡底,松紧带鞋,复古潮鞋,冬季保暖,43,女,安徽省,是,23,是
644182170,阿迪达斯简约百搭四季通用,阿迪达斯,136,156,87,9,507,92,混合材质,TPR鞋底,系带设计,简约百搭,四季通用,62,男,山东省,否,9,否
495152833,阿迪达斯工装硬朗秋季百搭,阿迪达斯,99,150,66,892,2934,87,真皮柔软,MD发泡底,套脚款式,工装硬朗,秋季百搭,60,女,安徽省,是,21,是
151845501,斯凯奇潮日常休闲四季通用,斯凯奇潮,99,114,87,571,10088,91,飞织面料,MD发泡底,魔术贴鞋,日常休闲,四季通用,50,男,广东省,是,3,否
359683816,斯凯奇潮运动休闲四季通用,斯凯奇潮,109,118,92,413,554,90,真皮柔软,TPR鞋底,魔术贴鞋,运动休闲,四季通用,52,女,河南省,否,11,是
669789986,京东京造潮流高街夏季透气,京东京造,123,128,96,1192,690,90,高端飞织,橡胶大底,系带设计,潮流高街,夏季透气,45,男,福建省,是,9,否
266764770,其他品牌日常休闲四季通用,其他品牌,144,145,99,4268,1596,93,混合材质,混合鞋底,套脚款式,日常休闲,四季通用,51,女,湖北省,否,14,是
804530724,其他品牌运动休闲春季新款,其他品牌,180,265,68,1260,1051,95,超纤皮鞋,混合鞋底,拉链鞋款,运动休闲,春季新款,58,男,江苏省,否,13,否
193379028,耐克潮流工装硬朗四季通用,耐克潮流,104,120,87,1098,3244,95,合成革鞋,TPR鞋底,拉链鞋款,工装硬朗,四季通用,41,女,浙江省,是,4,否
291547827,斯凯奇潮日常休闲四季通用,斯凯奇潮,99,198,50,717,1263,96,真皮柔软,TPR鞋底,松紧带鞋,日常休闲,四季通用,60,女,江苏省,否,23,否
624056699,特步男鞋日常休闲秋季百搭,特步男鞋,109,202,54,1442,7842,95,网布透气,TPR鞋底,系带设计,日常休闲,秋季百搭,64,女,浙江省,是,4,否
545685472,鸿星尔克工装硬朗夏季透气,鸿星尔克,99,127,78,1276,3051,98,真皮柔软,PU中底,魔术贴鞋,工装硬朗,夏季透气,56,男,福建省,是,21,是
778554888,安踏运动简约百搭四季通用,安踏运动,111,209,53,475,5364,98,高端飞织,混合鞋底,套脚款式,简约百搭,四季通用,44,男,浙江省,是,20,否
140652041,回力经典运动休闲秋季百搭,回力经典,99,111,89,297,1351,90,真皮柔软,TPR鞋底,松紧带鞋,运动休闲,秋季百搭,48,女,江苏省,否,1,否
932064266,李宁休闲复古潮鞋冬季保暖,李宁休闲,153,204,75,59,4604,96,混合材质,EVA轻底,松紧带鞋,复古潮鞋,冬季保暖,45,男,浙江省,是,23,否
696063375,李宁休闲运动休闲夏季透气,李宁休闲,99,148,67,847,2293,86,超纤皮鞋,橡胶大底,松紧带鞋,运动休闲,夏季透气,45,女,四川省,否,21,是
887003915,李宁休闲工装硬朗秋季百搭,李宁休闲,99,108,92,2951,498,90,真皮柔软,EVA轻底,松紧带鞋,工装硬朗,秋季百搭,51,男,四川省,否,12,否
831614768,回力经典运动休闲冬季保暖,回力经典,315,492,64,43,466,92,真皮柔软,EVA轻底,套脚款式,运动休闲,冬季保暖,49,女,安徽省,否,22,否
632918745,阿迪达斯工装硬朗秋季百搭,阿迪达斯,149,244,61,1088,105,99,真皮柔软,橡胶大底,拉链鞋款,工装硬朗,秋季百搭,53,女,安徽省,是,0,否
398911280,鸿星尔克简约百搭秋季百搭,鸿星尔克,165,223,74,699,3237,93,网布透气,TPR鞋底,套脚款式,简约百搭,秋季百搭,46,女,江苏省,是,18,是
838453865,斯凯奇潮运动休闲四季通用,斯凯奇潮,143,170,84,1169,885,92,布面材质,TPR鞋底,拉链鞋款,运动休闲,四季通用,49,女,江苏省,否,5,否
610053238,其他品牌户外机能春季新款,其他品牌,145,230,63,773,685,95,合成革鞋,混合鞋底,套脚款式,户外机能,春季新款,54,男,河北省,是,14,否
200528346,阿迪达斯运动休闲夏季透气,阿迪达斯,155,310,50,496,2181,90,布面材质,混合鞋底,系带设计,运动休闲,夏季透气,56,女,河南省,是,22,否
908358403,安踏运动日常休闲四季通用,安踏运动,99,162,61,3445,1817,91,真皮柔软,PU中底,套脚款式,日常休闲,四季通用,31,男,河北省,是,17,否
946267592,安踏运动工装硬朗冬季保暖,安踏运动,144,185,78,4828,5296,97,超纤皮鞋,混合鞋底,魔术贴鞋,工装硬朗,冬季保暖,45,男,河北省,否,20,是
942418254,特步男鞋潮流高街秋季百搭,特步男鞋,379,431,88,234,13975,90,网布透气,MD发泡底,魔术贴鞋,潮流高街,秋季百搭,44,男,四川省,是,19,是
464824373,特步男鞋复古潮鞋春季新款,特步男鞋,99,100,99,1160,14256,92,飞织面料,MD发泡底,系带设计,复古潮鞋,春季新款,41,女,河南省,否,11,是
981920498,安踏运动运动休闲夏季透气,安踏运动,152,163,93,237,2785,93,高端飞织,TPR鞋底,拉链鞋款,运动休闲,夏季透气,44,男,江苏省,否,0,是
117421852,李宁休闲日常休闲夏季透气,李宁休闲,201,231,87,801,442,97,混合材质,混合鞋底,拉链鞋款,日常休闲,夏季透气,52,男,河北省,否,18,否
532021646,特步男鞋复古潮鞋冬季保暖,特步男鞋,107,127,84,830,401,93,高端飞织,EVA轻底,套脚款式,复古潮鞋,冬季保暖,45,男,四川省,否,9,否
722807118,斯凯奇潮运动休闲四季通用,斯凯奇潮,110,118,93,166,3324,87,真皮柔软,PU中底,松紧带鞋,运动休闲,四季通用,46,女,四川省,是,13,否
184418945,回力经典运动休闲春季新款,回力经典,161,310,52,1051,269,97,网布透气,EVA轻底,拉链鞋款,运动休闲,春季新款,40,女,安徽省,否,18,是
469011636,安踏运动运动休闲冬季保暖,安踏运动,173,279,62,691,796,94,布面材质,PU中底,套脚款式,运动休闲,冬季保暖,40,男,湖北省,是,23,否
856031785,其他品牌工装硬朗夏季透气,其他品牌,217,233,93,952,909,91,真皮柔软,MD发泡底,魔术贴鞋,工装硬朗,夏季透气,54,女,山东省,否,7,否
194678038,阿迪达斯复古潮鞋春季新款,阿迪达斯,212,312,68,177,2246,96,混合材质,MD发泡底,松紧带鞋,复古潮鞋,春季新款,40,女,山东省,是,22,否
813954818,回力经典日常休闲夏季透气,回力经典,188,241,78,694,1885,94,网布透气,TPR鞋底,魔术贴鞋,日常休闲,夏季透气,44,女,山东省,是,22,是
157119025,鸿星尔克户外机能冬季保暖,鸿星尔克,172,249,69,4303,8516,96,混合材质,橡胶大底,套脚款式,户外机能,冬季保暖,53,女,湖北省,是,13,是
781426088,回力经典户外机能春季新款,回力经典,401,704,57,1435,4248,98,合成革鞋,混合鞋底,魔术贴鞋,户外机能,春季新款,35,男,安徽省,是,17,是
181131286,回力经典工装硬朗夏季透气,回力经典,192,315,61,37,2962,94,高端飞织,EVA轻底,魔术贴鞋,工装硬朗,夏季透气,51,男,浙江省,是,3,否
112045938,其他品牌潮流高街四季通用,其他品牌,99,106,93,1285,1676,95,混合材质,EVA轻底,系带设计,潮流高街,四季通用,39,男,安徽省,否,23,否
829655250,耐克潮流户外机能春季新款,耐克潮流,99,168,59,844,266,85,网布透气,MD发泡底,松紧带鞋,户外机能,春季新款,53,男,安徽省,是,18,是
572275981,鸿星尔克潮流高街夏季透气,鸿星尔克,99,109,91,46,2321,95,飞织面料,MD发泡底,魔术贴鞋,潮流高街,夏季透气,49,女,福建省,是,0,是
990989905,斯凯奇潮潮流高街四季通用,斯凯奇潮,147,277,53,663,413,95,布面材质,TPR鞋底,套脚款式,潮流高街,四季通用,64,女,福建省,否,10,否
850909336,斯凯奇潮简约百搭春季新款,斯凯奇潮,99,134,74,1125,112,92,真皮柔软,混合鞋底,松紧带鞋,简约百搭,春季新款,50,男,湖北省,是,21,否
243939847,阿迪达斯运动休闲秋季百搭,阿迪达斯,138,150,92,3620,346,94,网布透气,MD发泡底,系带设计,运动休闲,秋季百搭,55,女,四川省,否,4,否
412105756,安踏运动简约百搭夏季透气,安踏运动,120,185,65,769,812,96,真皮柔软,橡胶大底,系带设计,简约百搭,夏季透气,49,女,安徽省,是,23,是
895780042,阿迪达斯日常休闲冬季保暖,阿迪达斯,351,373,94,221,1455,91,真皮柔软,橡胶大底,松紧带鞋,日常休闲,冬季保暖,31,男,湖北省,否,7,否
673381157,斯凯奇潮复古潮鞋春季新款,斯凯奇潮,207,269,77,1209,1636,90,真皮柔软,EVA轻底,松紧带鞋,复古潮鞋,春季新款,47,女,四川省,否,10,是
307716634,京东京造日常休闲四季通用,京东京造,161,252,64,1258,1084,94,高端飞织,混合鞋底,套脚款式,日常休闲,四季通用,21,男,广东省,否,23,否
607509779,阿迪达斯运动休闲冬季保暖,阿迪达斯,324,377,86,34,5014,97,超纤皮鞋,TPR鞋底,套脚款式,运动休闲,冬季保暖,54,男,河南省,是,22,否
998610082,特步男鞋运动休闲夏季透气,特步男鞋,100,112,89,1112,3126,85,高端飞织,MD发泡底,拉链鞋款,运动休闲,夏季透气,46,男,福建省,否,0,是
681969842,其他品牌日常休闲春季新款,其他品牌,99,115,86,703,2637,87,真皮柔软,EVA轻底,系带设计,日常休闲,春季新款,56,男,四川省,是,10,是
755145273,李宁休闲工装硬朗夏季透气,李宁休闲,181,185,98,33,230,95,超纤皮鞋,混合鞋底,松紧带鞋,工装硬朗,夏季透气,43,女,江苏省,是,17,是
865119821,阿迪达斯日常休闲四季通用,阿迪达斯,99,108,92,989,252,96,真皮柔软,PU中底,套脚款式,日常休闲,四季通用,45,女,四川省,否,22,否
588687879,安踏运动简约百搭夏季透气,安踏运动,99,108,92,4147,513,91,合成革鞋,TPR鞋底,套脚款式,简约百搭,夏季透气,47,女,河南省,否,20,是
575381627,回力经典日常休闲夏季透气,回力经典,99,194,51,214,1373,91,超纤皮鞋,橡胶大底,套脚款式,日常休闲,夏季透气,45,女,四川省,否,22,否
774827207,其他品牌户外机能秋季百搭,其他品牌,99,187,53,2786,1036,92,超纤皮鞋,混合鞋底,松紧带鞋,户外机能,秋季百搭,48,男,湖北省,否,7,是
266773872,阿迪达斯复古潮鞋秋季百搭,阿迪达斯,99,121,82,50,151,100,超纤皮鞋,PU中底,套脚款式,复古潮鞋,秋季百搭,58,男,河北省,否,20,否
338734911,李宁休闲复古潮鞋秋季百搭,李宁休闲,240,480,50,795,1199,93,网布透气,MD发泡底,系带设计,复古潮鞋,秋季百搭,47,女,河南省,否,8,否
452985354,京东京造潮流高街春季新款,京东京造,99,105,94,3154,3203,98,飞织面料,PU中底,魔术贴鞋,潮流高街,春季新款,38,女,四川省,否,20,是
244884306,阿迪达斯潮流高街春季新款,阿迪达斯,162,228,71,463,1994,92,超纤皮鞋,PU中底,拉链鞋款,潮流高街,春季新款,52,男,河北省,是,0,否
652206287,特步男鞋运动休闲秋季百搭,特步男鞋,135,208,65,46,4420,95,混合材质,橡胶大底,系带设计,运动休闲,秋季百搭,51,女,河北省,是,11,是
717101393,斯凯奇潮户外机能冬季保暖,斯凯奇潮,151,151,100,19,204,91,飞织面料,TPR鞋底,魔术贴鞋,户外机能,冬季保暖,43,女,安徽省,是,22,是
149745390,京东京造工装硬朗冬季保暖,京东京造,112,178,63,648,1313,97,飞织面料,PU中底,魔术贴鞋,工装硬朗,冬季保暖,64,女,安徽省,否,8,是
446426804,回力经典日常休闲秋季百搭,回力经典,186,192,97,481,257,98,混合材质,MD发泡底,魔术贴鞋,日常休闲,秋季百搭,60,女,山东省,否,23,否
884167263,回力经典潮流高街秋季百搭,回力经典,99,187,53,884,5503,93,布面材质,MD发泡底,松紧带鞋,潮流高街,秋季百搭,46,女,四川省,否,11,否
135607377,京东京造工装硬朗四季通用,京东京造,214,420,51,1023,373,94,合成革鞋,混合鞋底,魔术贴鞋,工装硬朗,四季通用,44,女,河北省,否,11,否
703964412,特步男鞋户外机能秋季百搭,特步男鞋,280,308,91,769,2413,97,高端飞织,PU中底,魔术贴鞋,户外机能,秋季百搭,40,男,浙江省,否,20,否
799532189,安踏运动潮流高街冬季保暖,安踏运动,158,232,68,1134,398,96,网布透气,EVA轻底,魔术贴鞋,潮流高街,冬季保暖,27,女,广东省,是,0,是
639284953,安踏运动日常休闲夏季透气,安踏运动,99,148,67,968,1706,97,超纤皮鞋,TPR鞋底,拉链鞋款,日常休闲,夏季透气,55,男,河北省,否,23,是
760282999,其他品牌潮流高街夏季透气,其他品牌,233,295,79,455,5557,92,布面材质,MD发泡底,系带设计,潮流高街,夏季透气,61,女,湖北省,是,20,是
371675596,阿迪达斯复古潮鞋四季通用,阿迪达斯,166,313,53,967,293,94,布面材质,EVA轻底,松紧带鞋,复古潮鞋,四季通用,55,女,河北省,否,5,是
296161237,鸿星尔克运动休闲秋季百搭,鸿星尔克,191,347,55,1211,1791,90,合成革鞋,PU中底,系带设计,运动休闲,秋季百搭,53,男,安徽省,是,23,是
794846298,李宁休闲户外机能秋季百搭,李宁休闲,99,125,79,29,146,93,网布透气,PU中底,魔术贴鞋,户外机能,秋季百搭,40,男,湖北省,否,3,是
516133151,其他品牌工装硬朗四季通用,其他品牌,163,217,75,2829,397,95,网布透气,混合鞋底,魔术贴鞋,工装硬朗,四季通用,53,男,安徽省,否,14,是
798607280,京东京造运动休闲夏季透气,京东京造,118,193,61,537,500,90,超纤皮鞋,EVA轻底,套脚款式,运动休闲,夏季透气,57,女,福建省,否,21,是
745583301,特步男鞋日常休闲夏季透气,特步男鞋,99,121,82,972,3621,95,超纤皮鞋,PU中底,系带设计,日常休闲,夏季透气,51,女,湖北省,是,21,否
721667184,李宁休闲潮流高街春季新款,李宁休闲,99,150,66,339,1459,92,真皮柔软,橡胶大底,系带设计,潮流高街,春季新款,39,男,江苏省,否,4,是
491639881,耐克潮流日常休闲夏季透气,耐克潮流,120,135,89,18,3414,85,合成革鞋,PU中底,松紧带鞋,日常休闲,夏季透气,49,女,浙江省,否,7,是
494072559,斯凯奇潮工装硬朗夏季透气,斯凯奇潮,99,127,78,1348,1438,91,超纤皮鞋,EVA轻底,魔术贴鞋,工装硬朗,夏季透气,44,男,安徽省,否,2,否
431319801,京东京造简约百搭夏季透气,京东京造,99,116,85,38,3155,95,飞织面料,橡胶大底,拉链鞋款,简约百搭,夏季透气,47,女,广东省,否,2,是
407101329,其他品牌复古潮鞋四季通用,其他品牌,99,183,54,611,3981,93,高端飞织,混合鞋底,拉链鞋款,复古潮鞋,四季通用,55,男,四川省,是,15,是
603698445,鸿星尔克运动休闲秋季百搭,鸿星尔克,174,220,79,36,529,98,超纤皮鞋,MD发泡底,魔术贴鞋,运动休闲,秋季百搭,40,女,山东省,是,10,否
307890813,阿迪达斯潮流高街冬季保暖,阿迪达斯,103,154,67,39,469,91,网布透气,橡胶大底,拉链鞋款,潮流高街,冬季保暖,45,男,安徽省,否,9,否
656005660,耐克潮流简约百搭春季新款,耐克潮流,420,545,77,579,2623,92,高端飞织,TPR鞋底,拉链鞋款,简约百搭,春季新款,40,男,浙江省,否,20,否
643404446,特步男鞋工装硬朗秋季百搭,特步男鞋,99,103,96,1110,11803,91,网布透气,橡胶大底,拉链鞋款,工装硬朗,秋季百搭,59,男,江苏省,是,23,是
633963692,回力经典简约百搭四季通用,回力经典,99,121,82,116,149,95,真皮柔软,橡胶大底,套脚款式,简约百搭,四季通用,40,女,湖北省,是,18,是
320348406,鸿星尔克日常休闲春季新款,鸿星尔克,99,152,65,1500,426,93,混合材质,EVA轻底,松紧带鞋,日常休闲,春季新款,46,女,湖北省,否,23,是
359476593,斯凯奇潮复古潮鞋秋季百搭,斯凯奇潮,99,122,81,496,31,93,超纤皮鞋,EVA轻底,拉链鞋款,复古潮鞋,秋季百搭,48,女,福建省,否,21,是
511126904,李宁休闲简约百搭秋季百搭,李宁休闲,99,162,61,0,1692,93,真皮柔软,混合鞋底,拉链鞋款,简约百搭,秋季百搭,50,男,福建省,是,11,否
955344773,斯凯奇潮简约百搭四季通用,斯凯奇潮,319,409,78,166,287,95,真皮柔软,TPR鞋底,松紧带鞋,简约百搭,四季通用,35,女,福建省,否,6,否
609649963,京东京造户外机能春季新款,京东京造,173,333,52,3185,9838,98,超纤皮鞋,PU中底,松紧带鞋,户外机能,春季新款,40,女,江苏省,否,21,是
381194107,耐克潮流日常休闲春季新款,耐克潮流,281,484,58,1095,6812,92,超纤皮鞋,MD发泡底,系带设计,日常休闲,春季新款,58,女,福建省,否,20,是
492520229,李宁休闲户外机能秋季百搭,李宁休闲,99,157,63,15,2471,97,超纤皮鞋,EVA轻底,拉链鞋款,户外机能,秋季百搭,38,女,山东省,是,22,否
517127673,回力经典简约百搭冬季保暖,回力经典,99,134,74,33,986,95,飞织面料,TPR鞋底,系带设计,简约百搭,冬季保暖,56,女,安徽省,否,1,是
789550837,李宁休闲复古潮鞋秋季百搭,李宁休闲,282,376,75,490,1143,94,高端飞织,MD发泡底,系带设计,复古潮鞋,秋季百搭,51,女,浙江省,是,10,是
236037240,鸿星尔克简约百搭春季新款,鸿星尔克,99,198,50,1089,5108,96,真皮柔软,EVA轻底,拉链鞋款,简约百搭,春季新款,37,男,广东省,是,7,否
201644913,李宁休闲日常休闲夏季透气,李宁休闲,99,198,50,583,143,98,高端飞织,EVA轻底,拉链鞋款,日常休闲,夏季透气,64,女,安徽省,否,2,是
481035732,鸿星尔克简约百搭秋季百搭,鸿星尔克,99,146,68,16,8077,86,合成革鞋,PU中底,松紧带鞋,简约百搭,秋季百搭,48,女,河南省,否,9,是
440332951,京东京造日常休闲春季新款,京东京造,99,108,92,36,514,94,超纤皮鞋,PU中底,拉链鞋款,日常休闲,春季新款,46,女,浙江省,否,4,否
796549437,阿迪达斯运动休闲春季新款,阿迪达斯,116,117,99,32,2415,91,真皮柔软,EVA轻底,套脚款式,运动休闲,春季新款,47,男,河南省,是,17,是
233129692,京东京造日常休闲春季新款,京东京造,116,122,95,755,283,94,真皮柔软,MD发泡底,拉链鞋款,日常休闲,春季新款,61,女,河北省,否,15,否
886255456,鸿星尔克潮流高街冬季保暖,鸿星尔克,193,351,55,2349,219,98,超纤皮鞋,混合鞋底,松紧带鞋,潮流高街,冬季保暖,48,女,山东省,是,4,否
757593808,特步男鞋户外机能夏季透气,特步男鞋,168,227,74,583,1346,91,混合材质,MD发泡底,系带设计,户外机能,夏季透气,48,女,福建省,是,8,否
540457360,阿迪达斯工装硬朗秋季百搭,阿迪达斯,360,409,88,516,1477,90,布面材质,橡胶大底,套脚款式,工装硬朗,秋季百搭,44,男,广东省,是,21,是
714945425,回力经典潮流高街夏季透气,回力经典,99,115,86,278,453,92,网布透气,PU中底,拉链鞋款,潮流高街,夏季透气,47,女,福建省,是,8,否
721521061,京东京造工装硬朗夏季透气,京东京造,369,492,75,2379,5271,99,网布透气,橡胶大底,魔术贴鞋,工装硬朗,夏季透气,51,男,浙江省,否,5,否
362521104,特步男鞋复古潮鞋冬季保暖,特步男鞋,99,114,87,1496,2832,91,超纤皮鞋,MD发泡底,松紧带鞋,复古潮鞋,冬季保暖,41,女,安徽省,否,22,是
538176333,其他品牌复古潮鞋四季通用,其他品牌,155,272,57,585,887,93,布面材质,TPR鞋底,套脚款式,复古潮鞋,四季通用,51,女,河北省,否,22,否
227286916,京东京造日常休闲秋季百搭,京东京造,99,157,63,99,2513,92,混合材质,MD发泡底,系带设计,日常休闲,秋季百搭,47,男,四川省,否,4,否
164597817,阿迪达斯运动休闲冬季保暖,阿迪达斯,99,100,99,747,3931,93,合成革鞋,EVA轻底,魔术贴鞋,运动休闲,冬季保暖,38,女,湖北省,是,14,是
642885878,鸿星尔克潮流高街秋季百搭,鸿星尔克,128,246,52,3892,8466,97,真皮柔软,MD发泡底,松紧带鞋,潮流高街,秋季百搭,46,女,河北省,否,19,是
982407782,李宁休闲简约百搭四季通用,李宁休闲,388,761,51,204,682,94,布面材质,MD发泡底,拉链鞋款,简约百搭,四季通用,27,男,江苏省,否,3,否
839925280,耐克潮流工装硬朗冬季保暖,耐克潮流,113,159,71,349,745,100,超纤皮鞋,橡胶大底,系带设计,工装硬朗,冬季保暖,43,女,湖北省,是,23,否
583574187,鸿星尔克复古潮鞋冬季保暖,鸿星尔克,138,141,98,1064,273,92,真皮柔软,EVA轻底,套脚款式,复古潮鞋,冬季保暖,46,男,江苏省,否,12,是
902296672,鸿星尔克户外机能冬季保暖,鸿星尔克,111,112,99,3862,209,91,超纤皮鞋,TPR鞋底,系带设计,户外机能,冬季保暖,36,女,广东省,否,20,是
869103985,斯凯奇潮工装硬朗春季新款,斯凯奇潮,130,149,87,362,311,93,混合材质,EVA轻底,拉链鞋款,工装硬朗,春季新款,43,女,河南省,是,7,是
607581866,特步男鞋简约百搭夏季透气,特步男鞋,158,205,77,4130,82,92,真皮柔软,EVA轻底,松紧带鞋,简约百搭,夏季透气,29,男,安徽省,是,4,是
626069632,李宁休闲日常休闲春季新款,李宁休闲,140,197,71,945,1788,93,混合材质,混合鞋底,系带设计,日常休闲,春季新款,42,男,江苏省,否,3,是
636110489,耐克潮流简约百搭春季新款,耐克潮流,210,356,59,3059,1125,93,网布透气,TPR鞋底,拉链鞋款,简约百搭,春季新款,58,男,浙江省,是,20,否
620545875,安踏运动日常休闲四季通用,安踏运动,99,104,95,757,6108,94,混合材质,EVA轻底,套脚款式,日常休闲,四季通用,40,女,广东省,否,22,否
360074200,鸿星尔克工装硬朗冬季保暖,鸿星尔克,110,111,99,1024,77,93,网布透气,EVA轻底,拉链鞋款,工装硬朗,冬季保暖,41,女,河北省,否,7,否
403510570,斯凯奇潮运动休闲秋季百搭,斯凯奇潮,99,177,56,1120,1163,93,合成革鞋,TPR鞋底,套脚款式,运动休闲,秋季百搭,40,女,湖北省,是,20,否
349811043,回力经典简约百搭冬季保暖,回力经典,99,155,64,127,1216,96,真皮柔软,PU中底,魔术贴鞋,简约百搭,冬季保暖,62,女,四川省,否,5,是
126807555,特步男鞋复古潮鞋冬季保暖,特步男鞋,194,323,60,32,834,97,合成革鞋,MD发泡底,松紧带鞋,复古潮鞋,冬季保暖,64,女,江苏省,否,17,否
530959407,回力经典工装硬朗冬季保暖,回力经典,582,843,69,1389,4068,90,超纤皮鞋,橡胶大底,松紧带鞋,工装硬朗,冬季保暖,65,男,福建省,是,11,是
942954195,斯凯奇潮简约百搭冬季保暖,斯凯奇潮,99,180,55,830,5692,91,网布透气,混合鞋底,魔术贴鞋,简约百搭,冬季保暖,41,男,江苏省,否,22,是
213854818,鸿星尔克简约百搭四季通用,鸿星尔克,99,194,51,22,805,97,合成革鞋,EVA轻底,魔术贴鞋,简约百搭,四季通用,55,男,湖北省,否,8,否
346425218,京东京造潮流高街秋季百搭,京东京造,236,315,75,511,1729,97,高端飞织,PU中底,拉链鞋款,潮流高街,秋季百搭,44,女,河北省,否,18,是
955900314,其他品牌简约百搭冬季保暖,其他品牌,120,126,95,588,414,94,飞织面料,PU中底,魔术贴鞋,简约百搭,冬季保暖,35,女,山东省,否,12,否
716123985,鸿星尔克工装硬朗夏季透气,鸿星尔克,118,127,93,4115,6886,91,飞织面料,混合鞋底,系带设计,工装硬朗,夏季透气,59,女,安徽省,否,0,是
173427729,京东京造户外机能四季通用,京东京造,283,515,55,2520,1762,91,合成革鞋,混合鞋底,松紧带鞋,户外机能,四季通用,55,男,河北省,是,17,是
354405519,回力经典日常休闲冬季保暖,回力经典,183,295,62,535,7170,95,合成革鞋,EVA轻底,松紧带鞋,日常休闲,冬季保暖,42,女,福建省,是,2,否
328627657,李宁休闲户外机能四季通用,李宁休闲,99,187,53,837,615,93,高端飞织,混合鞋底,松紧带鞋,户外机能,四季通用,43,男,江苏省,否,18,是
507758536,特步男鞋日常休闲夏季透气,特步男鞋,202,215,94,4,378,100,混合材质,橡胶大底,系带设计,日常休闲,夏季透气,50,男,广东省,是,21,否
666993592,回力经典日常休闲夏季透气,回力经典,99,111,89,451,2764,90,飞织面料,橡胶大底,松紧带鞋,日常休闲,夏季透气,18,女,山东省,是,10,否
758938754,安踏运动日常休闲夏季透气,安踏运动,99,171,58,2663,136,92,布面材质,MD发泡底,魔术贴鞋,日常休闲,夏季透气,53,女,四川省,否,0,否
767841145,京东京造运动休闲夏季透气,京东京造,99,171,58,4656,1231,92,合成革鞋,PU中底,套脚款式,运动休闲,夏季透气,41,女,河北省,否,15,否
575026199,特步男鞋运动休闲夏季透气,特步男鞋,99,106,93,43,259,92,高端飞织,EVA轻底,魔术贴鞋,运动休闲,夏季透气,58,女,山东省,是,19,是
933999943,安踏运动运动休闲夏季透气,安踏运动,161,310,52,1008,250,90,高端飞织,EVA轻底,魔术贴鞋,运动休闲,夏季透气,48,男,安徽省,否,7,否
270538501,京东京造日常休闲秋季百搭,京东京造,99,101,98,3795,1023,96,混合材质,混合鞋底,套脚款式,日常休闲,秋季百搭,43,男,福建省,否,17,是
115030902,其他品牌工装硬朗冬季保暖,其他品牌,201,231,87,1154,1381,91,飞织面料,橡胶大底,松紧带鞋,工装硬朗,冬季保暖,57,女,广东省,是,13,是
539310783,李宁休闲日常休闲冬季保暖,李宁休闲,258,293,88,272,6440,93,高端飞织,TPR鞋底,拉链鞋款,日常休闲,冬季保暖,48,女,四川省,否,20,否
146948452,耐克潮流潮流高街夏季透气,耐克潮流,99,148,67,102,3764,89,网布透气,混合鞋底,系带设计,潮流高街,夏季透气,47,男,浙江省,否,12,否
759945515,京东京造工装硬朗四季通用,京东京造,140,141,99,3303,153,90,合成革鞋,TPR鞋底,套脚款式,工装硬朗,四季通用,48,女,安徽省,是,20,否
348326690,斯凯奇潮简约百搭春季新款,斯凯奇潮,99,106,93,766,249,97,高端飞织,EVA轻底,套脚款式,简约百搭,春季新款,45,男,浙江省,是,20,否
248412654,耐克潮流潮流高街春季新款,耐克潮流,135,167,81,1301,2419,99,飞织面料,PU中底,魔术贴鞋,潮流高街,春季新款,42,男,广东省,是,20,否
912360563,李宁休闲户外机能夏季透气,李宁休闲,239,310,77,3138,395,99,真皮柔软,TPR鞋底,套脚款式,户外机能,夏季透气,44,女,山东省,是,16,否
562805857,阿迪达斯潮流高街夏季透气,阿迪达斯,230,338,68,3781,1027,91,网布透气,PU中底,松紧带鞋,潮流高街,夏季透气,49,女,河北省,否,20,否
616643050,回力经典日常休闲秋季百搭,回力经典,228,330,69,3512,133,92,真皮柔软,MD发泡底,系带设计,日常休闲,秋季百搭,54,男,福建省,否,22,否
331716909,耐克潮流潮流高街夏季透气,耐克潮流,119,172,69,4,190,94,超纤皮鞋,EVA轻底,系带设计,潮流高街,夏季透气,58,男,安徽省,否,20,是
895465643,耐克潮流简约百搭冬季保暖,耐克潮流,99,138,72,528,256,95,合成革鞋,PU中底,松紧带鞋,简约百搭,冬季保暖,43,男,浙江省,否,13,是
691417675,阿迪达斯潮流高街冬季保暖,阿迪达斯,272,432,63,18,4547,97,真皮柔软,混合鞋底,系带设计,潮流高街,冬季保暖,54,女,浙江省,否,20,是
739636107,鸿星尔克工装硬朗秋季百搭,鸿星尔克,165,214,77,17,52,92,飞织面料,PU中底,套脚款式,工装硬朗,秋季百搭,41,女,四川省,否,12,否
237884907,阿迪达斯潮流高街春季新款,阿迪达斯,99,115,86,4752,606,94,网布透气,橡胶大底,松紧带鞋,潮流高街,春季新款,44,男,浙江省,否,18,是
141480927,耐克潮流日常休闲四季通用,耐克潮流,148,231,64,4765,838,100,超纤皮鞋,混合鞋底,套脚款式,日常休闲,四季通用,47,男,湖北省,是,22,否
644141539,斯凯奇潮日常休闲四季通用,斯凯奇潮,170,181,94,21,827,100,合成革鞋,EVA轻底,系带设计,日常休闲,四季通用,44,男,江苏省,否,0,否
357416713,特步男鞋复古潮鞋四季通用,特步男鞋,164,208,79,36,4837,91,网布透气,橡胶大底,松紧带鞋,复古潮鞋,四季通用,44,男,四川省,是,0,否
976675511,耐克潮流运动休闲冬季保暖,耐克潮流,180,281,64,377,1260,96,合成革鞋,橡胶大底,套脚款式,运动休闲,冬季保暖,51,男,山东省,否,6,否
364384423,特步男鞋工装硬朗春季新款,特步男鞋,177,181,98,37,494,99,高端飞织,TPR鞋底,拉链鞋款,工装硬朗,春季新款,52,男,安徽省,是,22,是
490042238,其他品牌日常休闲秋季百搭,其他品牌,162,174,93,103,2913,90,超纤皮鞋,PU中底,系带设计,日常休闲,秋季百搭,40,女,江苏省,是,15,是
764944910,回力经典潮流高街秋季百搭,回力经典,240,320,75,535,333,95,混合材质,混合鞋底,魔术贴鞋,潮流高街,秋季百搭,46,女,湖北省,否,1,是
984945617,特步男鞋日常休闲夏季透气,特步男鞋,99,108,92,1295,1205,96,真皮柔软,TPR鞋底,松紧带鞋,日常休闲,夏季透气,39,女,山东省,否,15,是
213816572,耐克潮流复古潮鞋四季通用,耐克潮流,99,102,97,4531,1254,98,飞织面料,MD发泡底,松紧带鞋,复古潮鞋,四季通用,36,男,河南省,是,10,否
270233827,安踏运动潮流高街夏季透气,安踏运动,228,240,95,62,1451,90,混合材质,PU中底,套脚款式,潮流高街,夏季透气,39,女,湖北省,是,22,是
322229733,京东京造简约百搭夏季透气,京东京造,99,139,71,25,4485,98,真皮柔软,MD发泡底,魔术贴鞋,简约百搭,夏季透气,57,女,四川省,否,15,是
532820086,鸿星尔克工装硬朗秋季百搭,鸿星尔克,151,270,56,1406,1596,89,网布透气,PU中底,拉链鞋款,工装硬朗,秋季百搭,50,男,河北省,否,22,否
162157318,其他品牌日常休闲秋季百搭,其他品牌,149,287,52,669,2557,93,真皮柔软,MD发泡底,魔术贴鞋,日常休闲,秋季百搭,47,女,广东省,否,4,否
192556943,回力经典简约百搭四季通用,回力经典,99,194,51,2249,3341,90,布面材质,MD发泡底,拉链鞋款,简约百搭,四季通用,43,女,河北省,否,0,是
607905752,京东京造运动休闲冬季保暖,京东京造,115,160,72,12,214,95,布面材质,橡胶大底,魔术贴鞋,运动休闲,冬季保暖,64,女,河南省,否,20,否
917838565,斯凯奇潮户外机能四季通用,斯凯奇潮,138,238,58,4286,3020,95,真皮柔软,PU中底,套脚款式,户外机能,四季通用,46,女,湖北省,是,8,否
560563167,李宁休闲潮流高街秋季百搭,李宁休闲,118,149,79,1386,2100,90,混合材质,TPR鞋底,拉链鞋款,潮流高街,秋季百搭,42,男,四川省,是,13,否
986643677,斯凯奇潮复古潮鞋春季新款,斯凯奇潮,99,171,58,2559,2604,100,飞织面料,EVA轻底,套脚款式,复古潮鞋,春季新款,46,男,福建省,是,17,否
125473455,其他品牌日常休闲夏季透气,其他品牌,137,149,92,3,567,99,超纤皮鞋,EVA轻底,拉链鞋款,日常休闲,夏季透气,39,男,江苏省,是,0,否
889744663,耐克潮流日常休闲秋季百搭,耐克潮流,142,143,99,9,454,93,真皮柔软,EVA轻底,魔术贴鞋,日常休闲,秋季百搭,57,男,湖北省,是,2,否
231153575,耐克潮流日常休闲冬季保暖,耐克潮流,165,176,94,21,2157,87,真皮柔软,MD发泡底,魔术贴鞋,日常休闲,冬季保暖,50,男,安徽省,是,23,是
277119453,李宁休闲简约百搭冬季保暖,李宁休闲,158,200,79,911,1011,99,布面材质,混合鞋底,魔术贴鞋,简约百搭,冬季保暖,44,女,河南省,是,23,否
788153801,耐克潮流潮流高街冬季保暖,耐克潮流,159,318,50,11,789,96,混合材质,EVA轻底,套脚款式,潮流高街,冬季保暖,53,男,河北省,是,16,否
100251104,特步男鞋工装硬朗秋季百搭,特步男鞋,174,181,96,55,427,93,真皮柔软,橡胶大底,拉链鞋款,工装硬朗,秋季百搭,36,男,浙江省,否,20,否
337350022,京东京造运动休闲四季通用,京东京造,99,136,73,2484,2017,95,高端飞织,橡胶大底,套脚款式,运动休闲,四季通用,29,女,浙江省,否,1,否
814470129,斯凯奇潮户外机能秋季百搭,斯凯奇潮,364,404,90,466,351,93,飞织面料,橡胶大底,系带设计,户外机能,秋季百搭,58,男,浙江省,否,15,是
886764620,特步男鞋潮流高街冬季保暖,特步男鞋,99,139,71,1027,1019,94,布面材质,PU中底,魔术贴鞋,潮流高街,冬季保暖,51,男,四川省,是,14,否
226679413,特步男鞋工装硬朗春季新款,特步男鞋,283,295,96,349,127,91,真皮柔软,TPR鞋底,松紧带鞋,工装硬朗,春季新款,30,女,福建省,否,5,否
344450665,李宁休闲户外机能夏季透气,李宁休闲,99,143,69,239,2068,92,混合材质,TPR鞋底,套脚款式,户外机能,夏季透气,57,男,安徽省,否,4,是
150295292,李宁休闲简约百搭四季通用,李宁休闲,142,229,62,26,2281,99,飞织面料,橡胶大底,系带设计,简约百搭,四季通用,54,男,浙江省,否,21,是
406294130,耐克潮流潮流高街夏季透气,耐克潮流,116,138,84,47,846,95,高端飞织,EVA轻底,拉链鞋款,潮流高街,夏季透气,49,女,安徽省,否,9,否
775496153,其他品牌简约百搭秋季百搭,其他品牌,339,538,63,22,1871,90,高端飞织,EVA轻底,套脚款式,简约百搭,秋季百搭,52,女,河南省,是,10,否
779935826,阿迪达斯简约百搭秋季百搭,阿迪达斯,115,131,88,1327,1460,95,布面材质,混合鞋底,魔术贴鞋,简约百搭,秋季百搭,54,男,江苏省,是,11,是
654797203,斯凯奇潮潮流高街夏季透气,斯凯奇潮,196,248,79,562,22240,94,飞织面料,PU中底,拉链鞋款,潮流高街,夏季透气,41,女,四川省,否,14,是
719020509,京东京造工装硬朗春季新款,京东京造,479,921,52,961,3240,93,飞织面料,MD发泡底,系带设计,工装硬朗,春季新款,33,男,山东省,是,3,否
848140034,回力经典潮流高街四季通用,回力经典,99,168,59,1129,602,87,混合材质,混合鞋底,系带设计,潮流高街,四季通用,51,女,福建省,否,3,是
851147088,斯凯奇潮户外机能秋季百搭,斯凯奇潮,114,123,93,818,3955,99,高端飞织,混合鞋底,套脚款式,户外机能,秋季百搭,48,男,浙江省,否,20,否
801726928,鸿星尔克复古潮鞋四季通用,鸿星尔克,154,252,61,721,259,97,网布透气,混合鞋底,套脚款式,复古潮鞋,四季通用,46,女,四川省,否,14,否
188675385,李宁休闲简约百搭冬季保暖,李宁休闲,99,105,94,31,935,92,网布透气,PU中底,魔术贴鞋,简约百搭,冬季保暖,46,女,河北省,是,11,否
591363708,斯凯奇潮潮流高街秋季百搭,斯凯奇潮,121,161,75,548,1197,97,混合材质,MD发泡底,魔术贴鞋,潮流高街,秋季百搭,35,男,河南省,否,5,是
242206238,安踏运动潮流高街冬季保暖,安踏运动,176,212,83,824,3327,95,飞织面料,TPR鞋底,魔术贴鞋,潮流高街,冬季保暖,61,女,江苏省,否,20,否
852513141,安踏运动日常休闲春季新款,安踏运动,99,110,90,3778,2080,95,混合材质,混合鞋底,拉链鞋款,日常休闲,春季新款,52,女,广东省,是,9,否
780515797,鸿星尔克工装硬朗夏季透气,鸿星尔克,217,244,89,4334,4040,96,布面材质,MD发泡底,魔术贴鞋,工装硬朗,夏季透气,46,男,河南省,是,4,否
944197859,特步男鞋潮流高街秋季百搭,特步男鞋,275,281,98,49,433,95,超纤皮鞋,混合鞋底,拉链鞋款,潮流高街,秋季百搭,43,男,四川省,是,8,是
620406135,回力经典工装硬朗冬季保暖,回力经典,163,165,99,38,1036,90,合成革鞋,混合鞋底,套脚款式,工装硬朗,冬季保暖,63,女,湖北省,否,2,否
948769527,李宁休闲潮流高街冬季保暖,李宁休闲,99,106,93,162,74,90,超纤皮鞋,混合鞋底,魔术贴鞋,潮流高街,冬季保暖,47,男,广东省,否,22,否
644666331,耐克潮流日常休闲秋季百搭,耐克潮流,99,134,74,430,3288,91,网布透气,混合鞋底,松紧带鞋,日常休闲,秋季百搭,48,女,山东省,否,22,是
961102974,鸿星尔克复古潮鞋四季通用,鸿星尔克,161,168,96,111,490,93,合成革鞋,MD发泡底,系带设计,复古潮鞋,四季通用,49,男,河北省,是,23,是
774334520,李宁休闲潮流高街秋季百搭,李宁休闲,99,183,54,661,782,90,网布透气,橡胶大底,系带设计,潮流高街,秋季百搭,49,男,四川省,否,16,是
899580525,斯凯奇潮潮流高街冬季保暖,斯凯奇潮,120,179,67,16,558,94,合成革鞋,MD发泡底,套脚款式,潮流高街,冬季保暖,59,男,山东省,是,8,否
156871971,安踏运动复古潮鞋四季通用,安踏运动,162,279,58,1106,9469,91,合成革鞋,橡胶大底,魔术贴鞋,复古潮鞋,四季通用,49,女,湖北省,是,23,是
150593687,鸿星尔克日常休闲秋季百搭,鸿星尔克,99,103,96,4759,5016,96,高端飞织,混合鞋底,松紧带鞋,日常休闲,秋季百搭,54,男,河南省,是,7,是
263644609,京东京造工装硬朗春季新款,京东京造,124,168,74,962,24279,97,真皮柔软,混合鞋底,系带设计,工装硬朗,春季新款,38,女,广东省,是,18,是
538311932,李宁休闲简约百搭春季新款,李宁休闲,112,118,95,563,145,94,混合材质,MD发泡底,松紧带鞋,简约百搭,春季新款,59,男,浙江省,是,5,否
643730327,斯凯奇潮复古潮鞋夏季透气,斯凯奇潮,101,140,72,1039,1361,90,真皮柔软,EVA轻底,套脚款式,复古潮鞋,夏季透气,37,女,福建省,否,16,否
470719470,斯凯奇潮日常休闲夏季透气,斯凯奇潮,147,262,56,21,2762,98,合成革鞋,EVA轻底,松紧带鞋,日常休闲,夏季透气,25,男,河南省,是,20,否
215846200,京东京造工装硬朗秋季百搭,京东京造,135,167,81,1399,229,97,合成革鞋,MD发泡底,套脚款式,工装硬朗,秋季百搭,53,男,浙江省,否,1,否
317690430,京东京造潮流高街冬季保暖,京东京造,112,167,67,1329,2878,91,合成革鞋,橡胶大底,拉链鞋款,潮流高街,冬季保暖,47,男,河北省,是,13,是
744723104,耐克潮流户外机能冬季保暖,耐克潮流,99,115,86,1202,615,97,网布透气,MD发泡底,套脚款式,户外机能,冬季保暖,56,女,河北省,否,20,否
239844289,鸿星尔克潮流高街秋季百搭,鸿星尔克,267,287,93,689,917,94,混合材质,EVA轻底,系带设计,潮流高街,秋季百搭,50,女,山东省,是,20,是
521674134,李宁休闲工装硬朗四季通用,李宁休闲,150,300,50,640,1220,97,混合材质,PU中底,魔术贴鞋,工装硬朗,四季通用,50,女,广东省,否,21,是
128946439,耐克潮流运动休闲四季通用,耐克潮流,174,285,61,864,1050,92,网布透气,TPR鞋底,套脚款式,运动休闲,四季通用,50,女,安徽省,是,5,否
754252177,鸿星尔克日常休闲秋季百搭,鸿星尔克,134,203,66,50,153,94,飞织面料,混合鞋底,套脚款式,日常休闲,秋季百搭,50,女,安徽省,是,18,是
487092601,耐克潮流日常休闲夏季透气,耐克潮流,114,134,85,48,1174,97,布面材质,PU中底,魔术贴鞋,日常休闲,夏季透气,36,女,湖北省,否,11,是
293430068,回力经典复古潮鞋春季新款,回力经典,99,168,59,1283,838,97,合成革鞋,混合鞋底,魔术贴鞋,复古潮鞋,春季新款,49,男,安徽省,否,1,否
462332214,其他品牌潮流高街四季通用,其他品牌,122,127,96,2667,4120,91,真皮柔软,PU中底,魔术贴鞋,潮流高街,四季通用,42,女,广东省,否,5,否
921286207,李宁休闲运动休闲四季通用,李宁休闲,185,314,59,337,834,90,高端飞织,橡胶大底,拉链鞋款,运动休闲,四季通用,45,女,浙江省,是,20,否
482750717,斯凯奇潮简约百搭秋季百搭,斯凯奇潮,99,99,100,1293,1397,92,超纤皮鞋,EVA轻底,系带设计,简约百搭,秋季百搭,37,男,福建省,否,13,否
668260907,阿迪达斯日常休闲冬季保暖,阿迪达斯,99,121,82,38,768,95,混合材质,TPR鞋底,拉链鞋款,日常休闲,冬季保暖,43,男,福建省,是,6,否
995677725,鸿星尔克运动休闲夏季透气,鸿星尔克,110,164,67,743,426,99,真皮柔软,EVA轻底,拉链鞋款,运动休闲,夏季透气,36,男,河北省,是,11,否
763421098,特步男鞋复古潮鞋春季新款,特步男鞋,99,103,96,39,600,96,高端飞织,橡胶大底,系带设计,复古潮鞋,春季新款,63,女,湖北省,否,15,是
619517383,斯凯奇潮运动休闲秋季百搭,斯凯奇潮,143,159,90,3,1205,97,真皮柔软,混合鞋底,松紧带鞋,运动休闲,秋季百搭,45,女,河北省,是,8,否
404780097,安踏运动户外机能秋季百搭,安踏运动,167,188,89,4716,504,88,混合材质,TPR鞋底,魔术贴鞋,户外机能,秋季百搭,53,男,广东省,否,4,否
513912144,李宁休闲简约百搭四季通用,李宁休闲,174,316,55,34,895,86,布面材质,混合鞋底,魔术贴鞋,简约百搭,四季通用,47,男,安徽省,是,0,否
964122484,特步男鞋日常休闲春季新款,特步男鞋,112,158,71,273,1977,99,合成革鞋,EVA轻底,松紧带鞋,日常休闲,春季新款,42,女,浙江省,否,18,否
566181849,京东京造工装硬朗春季新款,京东京造,146,247,59,92,138,90,超纤皮鞋,橡胶大底,魔术贴鞋,工装硬朗,春季新款,45,女,四川省,是,22,否
329207480,其他品牌潮流高街秋季百搭,其他品牌,99,141,70,8,8707,86,合成革鞋,橡胶大底,拉链鞋款,潮流高街,秋季百搭,56,男,河南省,否,23,否
726337240,其他品牌日常休闲秋季百搭,其他品牌,147,283,52,5,581,91,布面材质,PU中底,系带设计,日常休闲,秋季百搭,49,女,安徽省,否,23,否
459845229,耐克潮流日常休闲冬季保暖,耐克潮流,99,157,63,16,3721,96,网布透气,混合鞋底,松紧带鞋,日常休闲,冬季保暖,57,女,四川省,否,21,是
254392798,阿迪达斯潮流高街春季新款,阿迪达斯,162,171,95,1242,711,89,混合材质,PU中底,魔术贴鞋,潮流高街,春季新款,43,女,福建省,是,14,是
511158021,鸿星尔克日常休闲秋季百搭,鸿星尔克,99,102,97,2033,1919,98,网布透气,PU中底,松紧带鞋,日常休闲,秋季百搭,52,女,广东省,否,23,是
447290658,京东京造工装硬朗四季通用,京东京造,128,206,62,431,3483,95,合成革鞋,混合鞋底,松紧带鞋,工装硬朗,四季通用,49,男,河南省,否,21,否
908869979,阿迪达斯工装硬朗冬季保暖,阿迪达斯,140,255,55,1000,1434,92,高端飞织,MD发泡底,松紧带鞋,工装硬朗,冬季保暖,21,男,安徽省,是,21,是
398556300,鸿星尔克复古潮鞋秋季百搭,鸿星尔克,99,138,72,880,482,94,布面材质,混合鞋底,拉链鞋款,复古潮鞋,秋季百搭,52,男,山东省,否,6,否
732305565,安踏运动潮流高街夏季透气,安踏运动,102,107,95,198,418,95,混合材质,MD发泡底,系带设计,潮流高街,夏季透气,57,女,安徽省,否,13,是
214850390,阿迪达斯复古潮鞋冬季保暖,阿迪达斯,99,165,60,524,1512,87,飞织面料,EVA轻底,拉链鞋款,复古潮鞋,冬季保暖,55,女,河北省,是,0,是
909144494,斯凯奇潮工装硬朗夏季透气,斯凯奇潮,176,251,70,192,2505,90,高端飞织,混合鞋底,魔术贴鞋,工装硬朗,夏季透气,38,男,河南省,是,5,否
626092092,耐克潮流潮流高街冬季保暖,耐克潮流,407,702,58,11,15869,90,混合材质,MD发泡底,拉链鞋款,潮流高街,冬季保暖,51,女,湖北省,是,19,否
837472040,斯凯奇潮日常休闲夏季透气,斯凯奇潮,112,115,97,1151,426,90,布面材质,PU中底,拉链鞋款,日常休闲,夏季透气,38,女,河北省,是,12,否
982705944,其他品牌日常休闲春季新款,其他品牌,99,118,84,162,5539,93,高端飞织,混合鞋底,松紧带鞋,日常休闲,春季新款,45,女,河北省,是,2,是
442483709,鸿星尔克工装硬朗秋季百搭,鸿星尔克,99,139,71,664,856,98,真皮柔软,橡胶大底,系带设计,工装硬朗,秋季百搭,41,女,山东省,否,23,否
842389800,安踏运动户外机能秋季百搭,安踏运动,167,239,70,1062,358,96,高端飞织,TPR鞋底,松紧带鞋,户外机能,秋季百搭,29,男,山东省,否,0,是
266950027,李宁休闲运动休闲冬季保暖,李宁休闲,99,109,91,466,10025,90,真皮柔软,PU中底,系带设计,运动休闲,冬季保暖,50,男,福建省,否,7,是
215293157,安踏运动运动休闲春季新款,安踏运动,305,324,94,1195,8498,94,高端飞织,MD发泡底,松紧带鞋,运动休闲,春季新款,32,女,河北省,否,1,否
158058315,安踏运动运动休闲春季新款,安踏运动,310,388,80,1228,416,92,真皮柔软,混合鞋底,套脚款式,运动休闲,春季新款,51,男,四川省,是,13,是
830652356,斯凯奇潮户外机能冬季保暖,斯凯奇潮,99,198,50,832,1258,93,网布透气,PU中底,松紧带鞋,户外机能,冬季保暖,57,男,广东省,是,20,否
293499270,斯凯奇潮户外机能秋季百搭,斯凯奇潮,200,200,100,134,839,93,飞织面料,混合鞋底,系带设计,户外机能,秋季百搭,54,男,河北省,是,17,是
523889967,京东京造复古潮鞋夏季透气,京东京造,99,101,98,27,17423,91,网布透气,EVA轻底,拉链鞋款,复古潮鞋,夏季透气,52,男,河南省,否,5,否
973980233,斯凯奇潮工装硬朗冬季保暖,斯凯奇潮,139,214,65,1134,921,94,布面材质,MD发泡底,套脚款式,工装硬朗,冬季保暖,48,男,福建省,是,20,否
373613160,阿迪达斯复古潮鞋夏季透气,阿迪达斯,176,275,64,1117,318,97,真皮柔软,EVA轻底,套脚款式,复古潮鞋,夏季透气,50,女,广东省,否,22,是
219859219,京东京造运动休闲夏季透气,京东京造,99,141,70,180,315,99,高端飞织,TPR鞋底,松紧带鞋,运动休闲,夏季透气,39,男,四川省,否,1,否
269688857,回力经典日常休闲秋季百搭,回力经典,144,288,50,16,310,96,真皮柔软,混合鞋底,拉链鞋款,日常休闲,秋季百搭,47,女,安徽省,否,16,是
239605542,回力经典日常休闲四季通用,回力经典,127,165,77,140,4685,92,真皮柔软,MD发泡底,魔术贴鞋,日常休闲,四季通用,35,女,浙江省,是,13,是
194984626,鸿星尔克复古潮鞋春季新款,鸿星尔克,99,157,63,2308,2379,95,高端飞织,TPR鞋底,松紧带鞋,复古潮鞋,春季新款,52,男,河南省,否,3,否
675079436,鸿星尔克复古潮鞋冬季保暖,鸿星尔克,126,140,90,1048,90,97,网布透气,橡胶大底,拉链鞋款,复古潮鞋,冬季保暖,61,男,广东省,否,15,是
709398147,阿迪达斯日常休闲四季通用,阿迪达斯,123,143,86,908,301,97,超纤皮鞋,EVA轻底,拉链鞋款,日常休闲,四季通用,47,女,浙江省,是,5,是
311141418,李宁休闲运动休闲春季新款,李宁休闲,99,115,86,1404,640,88,混合材质,橡胶大底,拉链鞋款,运动休闲,春季新款,46,女,河南省,否,23,否
483730550,阿迪达斯复古潮鞋夏季透气,阿迪达斯,164,164,100,5,47,94,真皮柔软,TPR鞋底,松紧带鞋,复古潮鞋,夏季透气,32,女,河南省,是,4,是
519440318,李宁休闲简约百搭四季通用,李宁休闲,175,337,52,4523,1187,85,网布透气,EVA轻底,松紧带鞋,简约百搭,四季通用,61,女,湖北省,是,17,是
927771975,阿迪达斯户外机能春季新款,阿迪达斯,143,191,75,3716,437,92,超纤皮鞋,TPR鞋底,松紧带鞋,户外机能,春季新款,50,女,广东省,否,22,是
561262798,耐克潮流简约百搭四季通用,耐克潮流,99,103,96,207,2385,92,高端飞织,混合鞋底,套脚款式,简约百搭,四季通用,42,女,福建省,否,14,否
795849690,斯凯奇潮复古潮鞋秋季百搭,斯凯奇潮,99,118,84,28,2450,94,网布透气,橡胶大底,魔术贴鞋,复古潮鞋,秋季百搭,63,女,四川省,是,21,是
837276690,安踏运动复古潮鞋四季通用,安踏运动,397,662,60,1285,1154,91,混合材质,MD发泡底,系带设计,复古潮鞋,四季通用,53,男,湖北省,否,12,是
553964983,李宁休闲复古潮鞋冬季保暖,李宁休闲,141,204,69,48,420,100,高端飞织,EVA轻底,套脚款式,复古潮鞋,冬季保暖,46,女,广东省,是,18,否
865854590,耐克潮流户外机能春季新款,耐克潮流,217,261,83,665,2742,96,真皮柔软,TPR鞋底,拉链鞋款,户外机能,春季新款,56,男,河北省,是,23,否
564041966,其他品牌复古潮鞋四季通用,其他品牌,99,119,83,1121,1900,90,真皮柔软,PU中底,套脚款式,复古潮鞋,四季通用,36,女,山东省,否,20,是
375924843,其他品牌日常休闲春季新款,其他品牌,184,202,91,26,16173,97,真皮柔软,EVA轻底,魔术贴鞋,日常休闲,春季新款,47,女,河北省,是,20,是
311333015,鸿星尔克户外机能夏季透气,鸿星尔克,99,104,95,1405,724,96,真皮柔软,MD发泡底,魔术贴鞋,户外机能,夏季透气,48,男,四川省,是,3,是
195580637,特步男鞋简约百搭冬季保暖,特步男鞋,127,132,96,16,1848,90,超纤皮鞋,TPR鞋底,套脚款式,简约百搭,冬季保暖,55,女,四川省,否,0,是
376630777,回力经典日常休闲冬季保暖,回力经典,245,408,60,613,463,96,合成革鞋,MD发泡底,魔术贴鞋,日常休闲,冬季保暖,35,女,安徽省,否,18,是
109359919,京东京造简约百搭冬季保暖,京东京造,253,272,93,39,711,95,真皮柔软,混合鞋底,拉链鞋款,简约百搭,冬季保暖,50,男,湖北省,否,20,否
515257886,特步男鞋工装硬朗秋季百搭,特步男鞋,120,156,77,450,776,97,高端飞织,PU中底,魔术贴鞋,工装硬朗,秋季百搭,48,男,浙江省,是,23,否
337313226,京东京造潮流高街冬季保暖,京东京造,131,146,90,1351,150,98,网布透气,橡胶大底,拉链鞋款,潮流高街,冬季保暖,46,男,河南省,是,5,否
641084827,李宁休闲简约百搭秋季百搭,李宁休闲,99,116,85,11,2079,93,合成革鞋,MD发泡底,松紧带鞋,简约百搭,秋季百搭,41,男,湖北省,是,7,否
884383146,李宁休闲运动休闲四季通用,李宁休闲,99,168,59,2535,591,90,网布透气,橡胶大底,松紧带鞋,运动休闲,四季通用,41,女,福建省,否,18,否
398812014,阿迪达斯工装硬朗四季通用,阿迪达斯,99,138,72,379,264,91,网布透气,EVA轻底,拉链鞋款,工装硬朗,四季通用,53,男,安徽省,否,0,是
766455121,京东京造户外机能秋季百搭,京东京造,125,152,82,1,1519,95,合成革鞋,PU中底,松紧带鞋,户外机能,秋季百搭,46,女,福建省,否,21,否
798713425,耐克潮流日常休闲秋季百搭,耐克潮流,99,139,71,637,511,91,超纤皮鞋,TPR鞋底,系带设计,日常休闲,秋季百搭,36,女,福建省,是,8,否
372281480,安踏运动日常休闲四季通用,安踏运动,99,162,61,177,2677,94,布面材质,橡胶大底,拉链鞋款,日常休闲,四季通用,41,女,湖北省,是,13,否
439624852,其他品牌户外机能夏季透气,其他品牌,99,157,63,19,169,88,网布透气,MD发泡底,魔术贴鞋,户外机能,夏季透气,31,女,湖北省,是,21,是
457514599,耐克潮流运动休闲春季新款,耐克潮流,312,427,73,23,1502,94,高端飞织,TPR鞋底,魔术贴鞋,运动休闲,春季新款,34,男,安徽省,否,21,是
926243212,京东京造简约百搭夏季透气,京东京造,99,187,53,989,771,94,布面材质,PU中底,松紧带鞋,简约百搭,夏季透气,44,女,四川省,是,14,是
913951978,安踏运动运动休闲冬季保暖,安踏运动,287,456,63,1374,3319,90,合成革鞋,PU中底,拉链鞋款,运动休闲,冬季保暖,46,女,安徽省,是,9,否
381339120,安踏运动户外机能冬季保暖,安踏运动,157,234,67,768,4093,93,网布透气,MD发泡底,拉链鞋款,户外机能,冬季保暖,48,男,河北省,否,13,否
219946034,阿迪达斯潮流高街秋季百搭,阿迪达斯,339,522,65,814,416,90,超纤皮鞋,EVA轻底,拉链鞋款,潮流高街,秋季百搭,56,女,安徽省,是,18,否
179412027,鸿星尔克潮流高街四季通用,鸿星尔克,116,166,70,740,9126,94,布面材质,TPR鞋底,拉链鞋款,潮流高街,四季通用,47,男,山东省,是,20,是
152233968,京东京造潮流高街夏季透气,京东京造,109,173,63,21,3516,93,混合材质,MD发泡底,套脚款式,潮流高街,夏季透气,53,女,安徽省,是,17,是
495923481,回力经典工装硬朗夏季透气,回力经典,99,106,93,9,573,95,真皮柔软,EVA轻底,系带设计,工装硬朗,夏季透气,52,女,四川省,是,13,否
295414025,其他品牌日常休闲秋季百搭,其他品牌,482,482,100,828,29344,96,网布透气,橡胶大底,魔术贴鞋,日常休闲,秋季百搭,47,女,浙江省,否,14,是
469533630,其他品牌简约百搭秋季百搭,其他品牌,146,155,94,781,2604,99,布面材质,EVA轻底,套脚款式,简约百搭,秋季百搭,39,女,江苏省,否,9,是
968610273,特步男鞋复古潮鞋冬季保暖,特步男鞋,376,616,61,34,159,91,网布透气,PU中底,套脚款式,复古潮鞋,冬季保暖,58,女,河南省,是,11,是
252800585,李宁休闲户外机能夏季透气,李宁休闲,180,188,96,1213,824,92,网布透气,TPR鞋底,魔术贴鞋,户外机能,夏季透气,46,男,河南省,是,14,否
849562710,回力经典日常休闲秋季百搭,回力经典,193,302,64,1094,7225,95,飞织面料,混合鞋底,魔术贴鞋,日常休闲,秋季百搭,47,女,江苏省,是,22,是
811280507,特步男鞋日常休闲夏季透气,特步男鞋,99,148,67,778,701,98,混合材质,混合鞋底,拉链鞋款,日常休闲,夏季透气,37,女,浙江省,否,15,是
958228135,其他品牌工装硬朗秋季百搭,其他品牌,385,583,66,926,1319,90,网布透气,TPR鞋底,套脚款式,工装硬朗,秋季百搭,57,男,福建省,是,3,否
456381075,特步男鞋工装硬朗秋季百搭,特步男鞋,254,368,69,1211,110,92,合成革鞋,EVA轻底,系带设计,工装硬朗,秋季百搭,57,男,湖北省,否,17,是
544905354,李宁休闲复古潮鞋春季新款,李宁休闲,105,118,89,754,1179,90,高端飞织,橡胶大底,套脚款式,复古潮鞋,春季新款,51,男,浙江省,是,5,否
157139202,斯凯奇潮日常休闲秋季百搭,斯凯奇潮,178,330,54,88,590,89,飞织面料,TPR鞋底,魔术贴鞋,日常休闲,秋季百搭,41,男,广东省,是,23,是
810447023,李宁休闲简约百搭秋季百搭,李宁休闲,99,138,72,1452,608,100,真皮柔软,混合鞋底,松紧带鞋,简约百搭,秋季百搭,40,女,四川省,是,3,是
114619266,斯凯奇潮户外机能冬季保暖,斯凯奇潮,99,132,75,953,502,93,飞织面料,MD发泡底,套脚款式,户外机能,冬季保暖,52,女,河北省,否,23,否
535156767,阿迪达斯户外机能春季新款,阿迪达斯,295,378,78,26,902,91,合成革鞋,EVA轻底,系带设计,户外机能,春季新款,51,女,湖北省,否,20,是
976294226,其他品牌日常休闲秋季百搭,其他品牌,155,215,72,875,1468,96,超纤皮鞋,MD发泡底,套脚款式,日常休闲,秋季百搭,61,男,广东省,是,11,否
685774180,鸿星尔克日常休闲夏季透气,鸿星尔克,99,171,58,19,459,100,合成革鞋,混合鞋底,魔术贴鞋,日常休闲,夏季透气,46,男,江苏省,否,23,是
535743193,鸿星尔克复古潮鞋冬季保暖,鸿星尔克,99,134,74,1269,395,90,布面材质,混合鞋底,系带设计,复古潮鞋,冬季保暖,29,女,河南省,否,18,是
356709359,斯凯奇潮简约百搭冬季保暖,斯凯奇潮,103,161,64,164,187,96,网布透气,橡胶大底,拉链鞋款,简约百搭,冬季保暖,50,女,四川省,是,7,否
257506979,其他品牌简约百搭四季通用,其他品牌,157,253,62,1180,944,97,合成革鞋,混合鞋底,松紧带鞋,简约百搭,四季通用,50,女,四川省,是,8,否
849618596,鸿星尔克日常休闲秋季百搭,鸿星尔克,178,324,55,484,94,93,布面材质,EVA轻底,魔术贴鞋,日常休闲,秋季百搭,60,男,福建省,否,15,是
285472438,安踏运动工装硬朗夏季透气,安踏运动,99,132,75,237,363,96,超纤皮鞋,TPR鞋底,系带设计,工装硬朗,夏季透气,52,女,四川省,否,16,是
182703183,安踏运动简约百搭四季通用,安踏运动,99,108,92,781,5897,93,真皮柔软,MD发泡底,松紧带鞋,简约百搭,四季通用,45,女,安徽省,否,23,是
998697582,阿迪达斯复古潮鞋冬季保暖,阿迪达斯,199,293,68,42,710,95,混合材质,EVA轻底,系带设计,复古潮鞋,冬季保暖,46,女,湖北省,是,2,否
587527423,斯凯奇潮简约百搭秋季百搭,斯凯奇潮,99,162,61,972,309,93,布面材质,TPR鞋底,松紧带鞋,简约百搭,秋季百搭,52,女,四川省,否,22,是
704998706,特步男鞋潮流高街四季通用,特步男鞋,309,329,94,24,3860,98,布面材质,PU中底,拉链鞋款,潮流高街,四季通用,49,男,四川省,否,20,否
234207702,鸿星尔克日常休闲四季通用,鸿星尔克,125,149,84,869,936,93,布面材质,EVA轻底,拉链鞋款,日常休闲,四季通用,46,女,浙江省,是,3,否
190381842,鸿星尔克运动休闲四季通用,鸿星尔克,99,101,98,3624,1318,87,网布透气,橡胶大底,松紧带鞋,运动休闲,四季通用,42,女,福建省,否,7,否
570678624,阿迪达斯工装硬朗夏季透气,阿迪达斯,134,227,59,134,1711,93,超纤皮鞋,EVA轻底,拉链鞋款,工装硬朗,夏季透气,56,男,广东省,是,19,是
999800861,鸿星尔克潮流高街夏季透气,鸿星尔克,99,105,94,4961,617,91,高端飞织,橡胶大底,系带设计,潮流高街,夏季透气,56,男,湖北省,是,1,是
895844958,回力经典复古潮鞋四季通用,回力经典,99,152,65,2000,10875,97,飞织面料,混合鞋底,松紧带鞋,复古潮鞋,四季通用,35,女,山东省,否,14,是
254591606,安踏运动简约百搭夏季透气,安踏运动,128,194,66,1069,727,96,超纤皮鞋,橡胶大底,魔术贴鞋,简约百搭,夏季透气,39,女,江苏省,否,3,是
157479985,京东京造户外机能春季新款,京东京造,100,127,79,819,4578,96,合成革鞋,PU中底,松紧带鞋,户外机能,春季新款,61,女,浙江省,否,7,否
319611659,京东京造日常休闲冬季保暖,京东京造,99,124,80,149,2185,87,飞织面料,橡胶大底,松紧带鞋,日常休闲,冬季保暖,54,女,山东省,是,18,否
374357148,李宁休闲运动休闲秋季百搭,李宁休闲,166,319,52,174,26,85,合成革鞋,混合鞋底,系带设计,运动休闲,秋季百搭,40,女,广东省,是,2,否
686144208,特步男鞋潮流高街夏季透气,特步男鞋,103,106,97,8,2002,96,网布透气,PU中底,拉链鞋款,潮流高街,夏季透气,50,女,河北省,是,6,是
760768496,其他品牌户外机能四季通用,其他品牌,211,245,86,495,823,94,飞织面料,橡胶大底,套脚款式,户外机能,四季通用,45,女,江苏省,是,14,否
864895660,耐克潮流工装硬朗冬季保暖,耐克潮流,155,189,82,134,591,94,超纤皮鞋,橡胶大底,系带设计,工装硬朗,冬季保暖,41,女,山东省,否,14,是
420331301,回力经典复古潮鞋春季新款,回力经典,99,168,59,27,1951,91,高端飞织,橡胶大底,套脚款式,复古潮鞋,春季新款,52,女,河南省,是,20,否
945445256,京东京造工装硬朗夏季透气,京东京造,99,115,86,4566,170,91,合成革鞋,TPR鞋底,魔术贴鞋,工装硬朗,夏季透气,58,男,四川省,是,20,否
945900192,京东京造工装硬朗冬季保暖,京东京造,99,99,100,514,2611,89,网布透气,MD发泡底,松紧带鞋,工装硬朗,冬季保暖,62,女,湖北省,是,1,是
550967077,阿迪达斯户外机能四季通用,阿迪达斯,103,130,79,540,265,96,网布透气,MD发泡底,魔术贴鞋,户外机能,四季通用,43,男,广东省,是,23,否
655470726,李宁休闲工装硬朗四季通用,李宁休闲,121,125,97,486,1381,90,布面材质,PU中底,松紧带鞋,工装硬朗,四季通用,32,男,安徽省,是,22,否
790349756,回力经典复古潮鞋四季通用,回力经典,183,282,65,1391,765,92,混合材质,TPR鞋底,魔术贴鞋,复古潮鞋,四季通用,62,女,河北省,是,22,否
142771799,李宁休闲运动休闲冬季保暖,李宁休闲,172,210,82,309,5130,94,真皮柔软,PU中底,套脚款式,运动休闲,冬季保暖,49,女,四川省,是,20,是
602744556,阿迪达斯复古潮鞋冬季保暖,阿迪达斯,99,124,80,1282,4856,100,混合材质,PU中底,松紧带鞋,复古潮鞋,冬季保暖,48,男,广东省,是,12,是
506805161,其他品牌复古潮鞋秋季百搭,其他品牌,99,116,85,603,230,96,合成革鞋,EVA轻底,拉链鞋款,复古潮鞋,秋季百搭,65,男,浙江省,否,16,否
865082255,耐克潮流运动休闲四季通用,耐克潮流,99,100,99,233,505,94,网布透气,橡胶大底,套脚款式,运动休闲,四季通用,40,女,河北省,是,6,是
788468500,特步男鞋日常休闲四季通用,特步男鞋,114,161,71,798,1861,99,布面材质,EVA轻底,系带设计,日常休闲,四季通用,52,女,江苏省,否,22,否
894746473,阿迪达斯潮流高街春季新款,阿迪达斯,121,157,77,816,897,92,超纤皮鞋,EVA轻底,系带设计,潮流高街,春季新款,35,女,广东省,否,23,否
536868941,特步男鞋潮流高街夏季透气,特步男鞋,99,134,74,2530,10952,95,网布透气,MD发泡底,松紧带鞋,潮流高街,夏季透气,42,女,山东省,否,14,是
135730434,斯凯奇潮简约百搭秋季百搭,斯凯奇潮,234,403,58,1004,523,92,合成革鞋,EVA轻底,松紧带鞋,简约百搭,秋季百搭,58,女,山东省,是,20,否
407456806,斯凯奇潮户外机能春季新款,斯凯奇潮,99,162,61,990,391,88,网布透气,MD发泡底,套脚款式,户外机能,春季新款,34,女,四川省,是,13,否
395261775,其他品牌简约百搭冬季保暖,其他品牌,134,172,78,1125,6715,94,超纤皮鞋,MD发泡底,系带设计,简约百搭,冬季保暖,48,男,广东省,否,1,否
241771018,京东京造运动休闲夏季透气,京东京造,99,148,67,443,1203,91,飞织面料,橡胶大底,魔术贴鞋,运动休闲,夏季透气,48,女,湖北省,是,3,否
173831062,京东京造简约百搭春季新款,京东京造,99,105,94,1251,1639,92,布面材质,混合鞋底,拉链鞋款,简约百搭,春季新款,51,女,广东省,否,23,否
470523453,耐克潮流简约百搭夏季透气,耐克潮流,209,279,75,2110,2586,96,布面材质,混合鞋底,魔术贴鞋,简约百搭,夏季透气,32,男,广东省,是,7,是
882092219,安踏运动工装硬朗夏季透气,安踏运动,99,103,96,1198,1117,93,高端飞织,EVA轻底,松紧带鞋,工装硬朗,夏季透气,60,男,山东省,是,7,是
528048205,李宁休闲简约百搭冬季保暖,李宁休闲,99,121,82,4478,3561,96,布面材质,MD发泡底,套脚款式,简约百搭,冬季保暖,52,女,山东省,是,23,否
511382145,京东京造工装硬朗秋季百搭,京东京造,139,176,79,472,466,92,布面材质,混合鞋底,魔术贴鞋,工装硬朗,秋季百搭,44,女,安徽省,是,18,否
901445353,鸿星尔克工装硬朗冬季保暖,鸿星尔克,110,121,91,1159,3994,99,高端飞织,PU中底,魔术贴鞋,工装硬朗,冬季保暖,48,女,山东省,是,17,否
449629712,耐克潮流简约百搭秋季百搭,耐克潮流,187,210,89,45,174,96,真皮柔软,TPR鞋底,拉链鞋款,简约百搭,秋季百搭,49,女,河北省,否,21,是
423723385,鸿星尔克复古潮鞋四季通用,鸿星尔克,99,112,88,3968,839,94,混合材质,PU中底,拉链鞋款,复古潮鞋,四季通用,52,男,山东省,否,6,是
750031497,鸿星尔克潮流高街夏季透气,鸿星尔克,129,208,62,6,967,87,布面材质,TPR鞋底,套脚款式,潮流高街,夏季透气,49,男,山东省,否,16,是
666424279,斯凯奇潮户外机能冬季保暖,斯凯奇潮,190,221,86,508,112,96,飞织面料,EVA轻底,系带设计,户外机能,冬季保暖,57,女,浙江省,否,12,否
525398449,其他品牌日常休闲春季新款,其他品牌,99,110,90,1184,1051,93,网布透气,橡胶大底,松紧带鞋,日常休闲,春季新款,33,男,湖北省,是,4,是
440751798,回力经典潮流高街冬季保暖,回力经典,99,130,76,551,169,90,高端飞织,MD发泡底,魔术贴鞋,潮流高街,冬季保暖,55,男,浙江省,是,6,是
255598615,京东京造运动休闲秋季百搭,京东京造,209,373,56,7,943,98,网布透气,EVA轻底,拉链鞋款,运动休闲,秋季百搭,45,女,四川省,是,20,否
658349739,安踏运动户外机能四季通用,安踏运动,266,369,72,3579,538,97,超纤皮鞋,PU中底,套脚款式,户外机能,四季通用,41,女,湖北省,是,16,否
719853013,其他品牌户外机能四季通用,其他品牌,99,136,73,342,485,87,超纤皮鞋,混合鞋底,魔术贴鞋,户外机能,四季通用,46,男,浙江省,否,11,否
302311133,其他品牌复古潮鞋夏季透气,其他品牌,215,371,58,818,10298,91,合成革鞋,MD发泡底,拉链鞋款,复古潮鞋,夏季透气,43,女,广东省,否,22,否
348182861,斯凯奇潮简约百搭春季新款,斯凯奇潮,99,150,66,667,291,94,混合材质,混合鞋底,魔术贴鞋,简约百搭,春季新款,52,女,四川省,否,20,是
447405891,鸿星尔克简约百搭秋季百搭,鸿星尔克,99,118,84,4453,127,94,高端飞织,PU中底,拉链鞋款,简约百搭,秋季百搭,43,女,浙江省,否,6,否
146945211,回力经典复古潮鞋四季通用,回力经典,122,179,68,32,1641,91,布面材质,混合鞋底,系带设计,复古潮鞋,四季通用,42,男,江苏省,否,17,否
423794682,耐克潮流简约百搭夏季透气,耐克潮流,113,174,65,9,1625,98,布面材质,TPR鞋底,拉链鞋款,简约百搭,夏季透气,43,男,江苏省,否,23,是
481558897,斯凯奇潮工装硬朗春季新款,斯凯奇潮,108,132,82,14,273,91,合成革鞋,EVA轻底,魔术贴鞋,工装硬朗,春季新款,45,女,山东省,是,20,是
370056312,特步男鞋潮流高街春季新款,特步男鞋,99,160,62,30,425,92,超纤皮鞋,MD发泡底,拉链鞋款,潮流高街,春季新款,43,女,安徽省,否,16,否
469447244,鸿星尔克户外机能春季新款,鸿星尔克,99,152,65,2921,421,94,网布透气,TPR鞋底,拉链鞋款,户外机能,春季新款,47,男,广东省,否,10,否
298466838,安踏运动日常休闲春季新款,安踏运动,226,370,61,211,1162,93,真皮柔软,MD发泡底,系带设计,日常休闲,春季新款,53,女,河南省,否,13,是
389538448,特步男鞋简约百搭冬季保暖,特步男鞋,99,129,77,910,324,96,高端飞织,TPR鞋底,套脚款式,简约百搭,冬季保暖,51,男,浙江省,是,23,是
754446665,李宁休闲日常休闲四季通用,李宁休闲,143,247,58,215,889,98,合成革鞋,橡胶大底,魔术贴鞋,日常休闲,四季通用,53,男,广东省,是,23,否
539690199,回力经典复古潮鞋冬季保暖,回力经典,110,113,97,5,182,96,超纤皮鞋,混合鞋底,松紧带鞋,复古潮鞋,冬季保暖,58,男,山东省,是,10,否
776392957,斯凯奇潮复古潮鞋冬季保暖,斯凯奇潮,206,322,64,756,2433,94,布面材质,EVA轻底,拉链鞋款,复古潮鞋,冬季保暖,45,男,福建省,否,22,否
371428789,其他品牌潮流高街四季通用,其他品牌,99,114,87,31,112,94,真皮柔软,PU中底,系带设计,潮流高街,四季通用,60,女,湖北省,否,6,否
516731557,回力经典复古潮鞋四季通用,回力经典,230,295,78,4142,890,89,高端飞织,EVA轻底,系带设计,复古潮鞋,四季通用,51,女,河南省,否,21,否
490850604,斯凯奇潮简约百搭秋季百搭,斯凯奇潮,99,194,51,931,988,100,飞织面料,PU中底,松紧带鞋,简约百搭,秋季百搭,48,女,安徽省,是,16,是
281645933,回力经典日常休闲春季新款,回力经典,123,129,95,359,196,91,合成革鞋,MD发泡底,套脚款式,日常休闲,春季新款,58,男,河南省,否,17,否
859586121,耐克潮流日常休闲冬季保暖,耐克潮流,100,189,53,32,851,97,混合材质,TPR鞋底,拉链鞋款,日常休闲,冬季保暖,42,男,湖北省,是,21,是
944926103,斯凯奇潮复古潮鞋冬季保暖,斯凯奇潮,188,269,70,57,3574,98,真皮柔软,EVA轻底,拉链鞋款,复古潮鞋,冬季保暖,50,男,广东省,否,8,是
703869280,斯凯奇潮运动休闲夏季透气,斯凯奇潮,99,146,68,359,859,97,布面材质,混合鞋底,松紧带鞋,运动休闲,夏季透气,43,男,安徽省,否,13,否
659939264,斯凯奇潮日常休闲春季新款,斯凯奇潮,99,129,77,327,1057,90,高端飞织,混合鞋底,魔术贴鞋,日常休闲,春季新款,36,女,安徽省,否,20,是
583190477,回力经典简约百搭夏季透气,回力经典,191,251,76,85,809,85,合成革鞋,橡胶大底,拉链鞋款,简约百搭,夏季透气,50,女,江苏省,是,23,否
684461584,阿迪达斯户外机能春季新款,阿迪达斯,106,114,93,4584,1532,92,真皮柔软,橡胶大底,套脚款式,户外机能,春季新款,57,女,浙江省,否,2,是
257061129,京东京造工装硬朗秋季百搭,京东京造,99,187,53,617,5524,93,合成革鞋,橡胶大底,套脚款式,工装硬朗,秋季百搭,38,男,四川省,否,22,是
607111417,耐克潮流工装硬朗夏季透气,耐克潮流,169,222,76,483,7663,88,布面材质,EVA轻底,系带设计,工装硬朗,夏季透气,48,男,江苏省,否,1,是
547668772,斯凯奇潮复古潮鞋春季新款,斯凯奇潮,99,125,79,841,2595,91,混合材质,MD发泡底,松紧带鞋,复古潮鞋,春季新款,49,男,浙江省,否,20,否
659245951,特步男鞋户外机能春季新款,特步男鞋,125,158,79,645,4012,93,真皮柔软,PU中底,魔术贴鞋,户外机能,春季新款,46,女,山东省,是,15,否
100843151,鸿星尔克简约百搭秋季百搭,鸿星尔克,154,156,99,1117,234,89,真皮柔软,TPR鞋底,魔术贴鞋,简约百搭,秋季百搭,50,男,福建省,否,6,是
653328640,其他品牌工装硬朗秋季百搭,其他品牌,99,115,86,842,7995,95,网布透气,TPR鞋底,魔术贴鞋,工装硬朗,秋季百搭,38,男,四川省,是,14,是
817617569,特步男鞋复古潮鞋四季通用,特步男鞋,138,150,92,20,1863,100,混合材质,混合鞋底,套脚款式,复古潮鞋,四季通用,50,女,福建省,是,3,是
881070906,京东京造简约百搭夏季透气,京东京造,112,170,66,0,1619,91,真皮柔软,混合鞋底,魔术贴鞋,简约百搭,夏季透气,50,男,福建省,是,13,是
567029207,特步男鞋户外机能秋季百搭,特步男鞋,99,139,71,21,9746,91,超纤皮鞋,PU中底,系带设计,户外机能,秋季百搭,60,女,广东省,否,16,否
456541677,耐克潮流复古潮鞋秋季百搭,耐克潮流,142,273,52,25,497,94,网布透气,EVA轻底,拉链鞋款,复古潮鞋,秋季百搭,43,女,广东省,是,16,否
917417813,其他品牌日常休闲秋季百搭,其他品牌,442,804,55,4398,28815,94,合成革鞋,橡胶大底,魔术贴鞋,日常休闲,秋季百搭,41,女,安徽省,是,21,否
469861645,李宁休闲复古潮鞋冬季保暖,李宁休闲,159,183,87,36,529,91,混合材质,混合鞋底,套脚款式,复古潮鞋,冬季保暖,50,女,江苏省,是,12,否
817455176,耐克潮流户外机能秋季百搭,耐克潮流,140,159,88,816,253,95,网布透气,PU中底,拉链鞋款,户外机能,秋季百搭,45,女,河南省,是,20,否
884762861,阿迪达斯工装硬朗夏季透气,阿迪达斯,210,313,67,850,345,92,合成革鞋,混合鞋底,松紧带鞋,工装硬朗,夏季透气,53,女,河南省,是,7,否
912541843,鸿星尔克复古潮鞋夏季透气,鸿星尔克,175,194,90,2858,5397,99,高端飞织,MD发泡底,系带设计,复古潮鞋,夏季透气,56,女,浙江省,是,0,是
840739629,耐克潮流工装硬朗四季通用,耐克潮流,139,267,52,736,656,95,布面材质,橡胶大底,魔术贴鞋,工装硬朗,四季通用,54,男,湖北省,是,21,是
549305479,特步男鞋运动休闲冬季保暖,特步男鞋,140,161,87,524,3098,99,真皮柔软,橡胶大底,系带设计,运动休闲,冬季保暖,43,男,河北省,否,18,是
681704266,京东京造运动休闲春季新款,京东京造,99,150,66,315,302,91,飞织面料,混合鞋底,系带设计,运动休闲,春季新款,45,男,山东省,否,20,否
755858582,其他品牌日常休闲秋季百搭,其他品牌,196,321,61,42,1525,94,布面材质,PU中底,魔术贴鞋,日常休闲,秋季百搭,51,男,福建省,否,23,是
448546200,特步男鞋简约百搭冬季保暖,特步男鞋,132,167,79,943,568,95,布面材质,EVA轻底,系带设计,简约百搭,冬季保暖,51,女,安徽省,是,20,否
602895662,阿迪达斯复古潮鞋春季新款,阿迪达斯,99,190,52,49,603,90,真皮柔软,橡胶大底,松紧带鞋,复古潮鞋,春季新款,54,男,山东省,否,21,否
112987660,回力经典户外机能四季通用,回力经典,99,122,81,889,1662,93,布面材质,TPR鞋底,魔术贴鞋,户外机能,四季通用,52,女,福建省,是,8,是
476478130,李宁休闲工装硬朗夏季透气,李宁休闲,294,387,76,546,1778,90,高端飞织,橡胶大底,系带设计,工装硬朗,夏季透气,43,男,浙江省,否,2,是
221264934,京东京造日常休闲秋季百搭,京东京造,186,204,91,17,4863,95,真皮柔软,MD发泡底,拉链鞋款,日常休闲,秋季百搭,50,女,福建省,是,23,否
192111576,特步男鞋工装硬朗春季新款,特步男鞋,132,236,56,658,123,96,网布透气,MD发泡底,套脚款式,工装硬朗,春季新款,41,男,广东省,否,23,否
571944506,安踏运动户外机能春季新款,安踏运动,99,146,68,636,2044,96,真皮柔软,混合鞋底,魔术贴鞋,户外机能,春季新款,42,女,河北省,否,8,是
753247204,鸿星尔克工装硬朗冬季保暖,鸿星尔克,289,375,77,3494,284,99,布面材质,PU中底,松紧带鞋,工装硬朗,冬季保暖,48,男,安徽省,是,23,是
835434473,安踏运动日常休闲秋季百搭,安踏运动,174,198,88,1179,848,90,布面材质,TPR鞋底,拉链鞋款,日常休闲,秋季百搭,52,女,河南省,是,16,是
353019733,回力经典日常休闲夏季透气,回力经典,99,177,56,48,362,90,飞织面料,混合鞋底,魔术贴鞋,日常休闲,夏季透气,42,女,福建省,是,21,是
631591931,其他品牌简约百搭秋季百搭,其他品牌,114,120,95,21,12178,97,布面材质,橡胶大底,松紧带鞋,简约百搭,秋季百搭,38,女,四川省,是,20,否
243618923,安踏运动简约百搭冬季保暖,安踏运动,99,152,65,209,382,97,网布透气,TPR鞋底,系带设计,简约百搭,冬季保暖,46,女,湖北省,是,17,是
290318045,斯凯奇潮运动休闲冬季保暖,斯凯奇潮,99,116,85,1304,300,92,网布透气,MD发泡底,套脚款式,运动休闲,冬季保暖,53,男,山东省,否,2,否
740562489,京东京造复古潮鞋冬季保暖,京东京造,159,161,99,1319,320,93,高端飞织,EVA轻底,松紧带鞋,复古潮鞋,冬季保暖,44,女,浙江省,是,6,否
910699889,回力经典简约百搭秋季百搭,回力经典,171,173,99,692,249,95,高端飞织,橡胶大底,魔术贴鞋,简约百搭,秋季百搭,52,女,湖北省,是,6,是
875101756,李宁休闲潮流高街冬季保暖,李宁休闲,99,102,97,4598,1029,95,飞织面料,PU中底,魔术贴鞋,潮流高街,冬季保暖,54,男,河南省,是,12,是
513258896,其他品牌运动休闲夏季透气,其他品牌,108,115,94,1273,178,95,混合材质,MD发泡底,系带设计,运动休闲,夏季透气,42,男,江苏省,是,16,否
291828291,其他品牌复古潮鞋秋季百搭,其他品牌,99,121,82,14,1302,97,高端飞织,橡胶大底,拉链鞋款,复古潮鞋,秋季百搭,48,女,四川省,是,14,否
215380600,其他品牌日常休闲夏季透气,其他品牌,171,180,95,808,87,95,真皮柔软,混合鞋底,系带设计,日常休闲,夏季透气,58,男,广东省,否,22,是
224737361,斯凯奇潮潮流高街四季通用,斯凯奇潮,385,428,90,927,5359,93,网布透气,混合鞋底,魔术贴鞋,潮流高街,四季通用,55,女,四川省,是,4,否
585685934,鸿星尔克户外机能春季新款,鸿星尔克,494,726,68,94,315,95,混合材质,EVA轻底,套脚款式,户外机能,春季新款,48,男,四川省,否,11,是
201339723,京东京造工装硬朗夏季透气,京东京造,204,229,89,342,56,98,布面材质,混合鞋底,拉链鞋款,工装硬朗,夏季透气,47,男,江苏省,是,16,是
998620226,李宁休闲复古潮鞋夏季透气,李宁休闲,99,101,98,390,571,96,超纤皮鞋,橡胶大底,套脚款式,复古潮鞋,夏季透气,54,女,江苏省,否,5,否
981917374,斯凯奇潮简约百搭春季新款,斯凯奇潮,99,138,72,448,1252,91,网布透气,PU中底,魔术贴鞋,简约百搭,春季新款,54,女,广东省,是,2,否
130205918,安踏运动运动休闲春季新款,安踏运动,99,110,90,720,3138,85,合成革鞋,PU中底,松紧带鞋,运动休闲,春季新款,36,女,福建省,是,13,否
753836159,斯凯奇潮简约百搭春季新款,斯凯奇潮,99,108,92,654,1942,91,高端飞织,PU中底,拉链鞋款,简约百搭,春季新款,43,女,广东省,否,6,是
101135750,阿迪达斯复古潮鞋四季通用,阿迪达斯,325,570,57,1191,4796,95,超纤皮鞋,MD发泡底,松紧带鞋,复古潮鞋,四季通用,48,女,福建省,是,23,是
235087808,耐克潮流工装硬朗夏季透气,耐克潮流,106,143,74,46,850,98,布面材质,混合鞋底,系带设计,工装硬朗,夏季透气,48,女,安徽省,否,20,是
495246701,安踏运动运动休闲秋季百搭,安踏运动,229,257,89,1432,507,91,飞织面料,MD发泡底,拉链鞋款,运动休闲,秋季百搭,54,女,四川省,是,15,否
596605231,斯凯奇潮户外机能冬季保暖,斯凯奇潮,159,183,87,1165,81,94,高端飞织,MD发泡底,拉链鞋款,户外机能,冬季保暖,56,女,广东省,是,0,是
664238273,回力经典户外机能春季新款,回力经典,239,443,54,591,237,97,布面材质,PU中底,系带设计,户外机能,春季新款,39,女,广东省,否,19,否
657930290,特步男鞋运动休闲春季新款,特步男鞋,136,177,77,596,1948,92,网布透气,混合鞋底,系带设计,运动休闲,春季新款,55,女,河南省,是,4,是
882242645,安踏运动运动休闲冬季保暖,安踏运动,99,105,94,43,476,95,真皮柔软,混合鞋底,拉链鞋款,运动休闲,冬季保暖,39,女,山东省,否,11,是
361162818,鸿星尔克运动休闲冬季保暖,鸿星尔克,122,167,73,1344,954,90,高端飞织,混合鞋底,拉链鞋款,运动休闲,冬季保暖,50,男,河南省,否,23,是
968542321,特步男鞋复古潮鞋冬季保暖,特步男鞋,153,239,64,1084,2106,100,网布透气,MD发泡底,套脚款式,复古潮鞋,冬季保暖,49,女,河南省,是,9,是
615791188,阿迪达斯复古潮鞋冬季保暖,阿迪达斯,106,156,68,3264,305,86,混合材质,EVA轻底,拉链鞋款,复古潮鞋,冬季保暖,49,男,福建省,否,4,否
683026716,安踏运动户外机能春季新款,安踏运动,145,234,62,878,4621,95,网布透气,TPR鞋底,系带设计,户外机能,春季新款,20,女,四川省,是,6,是
770055103,回力经典潮流高街冬季保暖,回力经典,108,114,95,1104,2709,100,布面材质,橡胶大底,系带设计,潮流高街,冬季保暖,46,男,江苏省,否,20,是
785947847,李宁休闲工装硬朗四季通用,李宁休闲,99,150,66,3237,760,95,超纤皮鞋,MD发泡底,魔术贴鞋,工装硬朗,四季通用,54,男,四川省,否,8,是
516320389,特步男鞋简约百搭四季通用,特步男鞋,163,302,54,600,156,94,高端飞织,EVA轻底,松紧带鞋,简约百搭,四季通用,51,女,湖北省,是,6,否
649477134,李宁休闲工装硬朗冬季保暖,李宁休闲,101,105,96,21,227,94,合成革鞋,TPR鞋底,系带设计,工装硬朗,冬季保暖,45,男,安徽省,否,20,是
528836997,京东京造简约百搭冬季保暖,京东京造,212,226,94,883,562,96,真皮柔软,橡胶大底,魔术贴鞋,简约百搭,冬季保暖,41,女,四川省,是,3,是
649519518,斯凯奇潮复古潮鞋秋季百搭,斯凯奇潮,99,152,65,1430,2546,96,合成革鞋,MD发泡底,松紧带鞋,复古潮鞋,秋季百搭,42,女,四川省,是,19,否
207885683,耐克潮流运动休闲夏季透气,耐克潮流,169,277,61,870,671,95,布面材质,MD发泡底,拉链鞋款,运动休闲,夏季透气,40,男,山东省,是,21,否
582801589,阿迪达斯复古潮鞋春季新款,阿迪达斯,106,131,81,438,363,94,超纤皮鞋,MD发泡底,松紧带鞋,复古潮鞋,春季新款,50,男,安徽省,否,19,是
433979027,耐克潮流复古潮鞋四季通用,耐克潮流,181,274,66,831,185,91,飞织面料,TPR鞋底,松紧带鞋,复古潮鞋,四季通用,45,女,浙江省,否,21,否
891223042,斯凯奇潮运动休闲夏季透气,斯凯奇潮,139,196,71,57,481,91,超纤皮鞋,PU中底,系带设计,运动休闲,夏季透气,45,女,山东省,是,1,否
558430138,安踏运动复古潮鞋春季新款,安踏运动,101,125,81,567,610,94,真皮柔软,PU中底,拉链鞋款,复古潮鞋,春季新款,48,女,广东省,是,23,是
459281726,李宁休闲运动休闲冬季保暖,李宁休闲,267,513,52,722,1596,96,飞织面料,PU中底,拉链鞋款,运动休闲,冬季保暖,45,男,福建省,是,20,是
428053059,特步男鞋运动休闲秋季百搭,特步男鞋,182,272,67,6,2242,90,真皮柔软,MD发泡底,魔术贴鞋,运动休闲,秋季百搭,48,女,江苏省,是,0,是
216139962,李宁休闲潮流高街夏季透气,李宁休闲,285,483,59,456,2575,90,高端飞织,MD发泡底,松紧带鞋,潮流高街,夏季透气,40,女,福建省,是,12,否
927827902,回力经典日常休闲四季通用,回力经典,114,178,64,1320,397,91,高端飞织,混合鞋底,松紧带鞋,日常休闲,四季通用,58,男,福建省,是,12,否
814870896,京东京造工装硬朗春季新款,京东京造,99,124,80,396,1784,100,超纤皮鞋,混合鞋底,拉链鞋款,工装硬朗,春季新款,51,女,河南省,是,11,否
608163333,斯凯奇潮潮流高街春季新款,斯凯奇潮,99,146,68,589,989,91,混合材质,TPR鞋底,松紧带鞋,潮流高街,春季新款,49,女,浙江省,是,8,否
831264032,安踏运动户外机能四季通用,安踏运动,99,132,75,4711,3425,91,超纤皮鞋,MD发泡底,松紧带鞋,户外机能,四季通用,44,男,湖北省,是,23,是
138484221,耐克潮流运动休闲秋季百搭,耐克潮流,99,187,53,45,964,92,飞织面料,MD发泡底,魔术贴鞋,运动休闲,秋季百搭,51,女,四川省,是,22,否
720895038,鸿星尔克工装硬朗春季新款,鸿星尔克,243,426,57,34,1218,95,网布透气,混合鞋底,套脚款式,工装硬朗,春季新款,48,男,湖北省,是,19,是
928896225,回力经典简约百搭四季通用,回力经典,118,142,83,3009,589,93,网布透气,TPR鞋底,魔术贴鞋,简约百搭,四季通用,54,女,江苏省,是,19,否
928745348,鸿星尔克日常休闲夏季透气,鸿星尔克,200,294,68,606,82,99,网布透气,MD发泡底,松紧带鞋,日常休闲,夏季透气,38,男,湖北省,是,2,否
175966912,耐克潮流工装硬朗四季通用,耐克潮流,133,162,82,446,1582,95,真皮柔软,TPR鞋底,拉链鞋款,工装硬朗,四季通用,60,女,广东省,否,20,是
755012143,其他品牌简约百搭春季新款,其他品牌,145,216,67,36,240,92,飞织面料,EVA轻底,系带设计,简约百搭,春季新款,29,女,河北省,否,16,否
124246245,京东京造复古潮鞋春季新款,京东京造,112,129,87,4625,988,96,网布透气,EVA轻底,系带设计,复古潮鞋,春季新款,55,女,广东省,否,17,是
529484058,鸿星尔克运动休闲秋季百搭,鸿星尔克,129,145,89,187,830,95,真皮柔软,PU中底,拉链鞋款,运动休闲,秋季百搭,64,女,四川省,否,4,否
955040551,回力经典简约百搭冬季保暖,回力经典,99,132,75,781,1461,95,真皮柔软,PU中底,套脚款式,简约百搭,冬季保暖,41,男,江苏省,是,23,否
944034746,耐克潮流户外机能秋季百搭,耐克潮流,158,229,69,4,499,85,网布透气,MD发泡底,魔术贴鞋,户外机能,秋季百搭,49,男,浙江省,是,0,否
809460478,特步男鞋工装硬朗秋季百搭,特步男鞋,99,143,69,23,1281,94,真皮柔软,PU中底,套脚款式,工装硬朗,秋季百搭,54,男,安徽省,是,1,否
601905865,阿迪达斯工装硬朗春季新款,阿迪达斯,143,193,74,1072,2537,88,混合材质,橡胶大底,套脚款式,工装硬朗,春季新款,51,女,福建省,是,8,是
896944705,阿迪达斯运动休闲四季通用,阿迪达斯,132,224,59,629,998,95,飞织面料,MD发泡底,魔术贴鞋,运动休闲,四季通用,49,男,山东省,是,22,是
991406746,特步男鞋工装硬朗夏季透气,特步男鞋,183,189,97,618,1831,92,布面材质,混合鞋底,套脚款式,工装硬朗,夏季透气,46,女,福建省,否,16,是
107525366,安踏运动潮流高街夏季透气,安踏运动,250,424,59,325,3294,95,飞织面料,混合鞋底,系带设计,潮流高街,夏季透气,57,女,湖北省,否,16,是
732344921,回力经典运动休闲四季通用,回力经典,99,174,57,502,6971,90,合成革鞋,MD发泡底,系带设计,运动休闲,四季通用,44,男,河北省,否,6,否
940175920,斯凯奇潮户外机能春季新款,斯凯奇潮,226,228,99,369,1164,90,混合材质,混合鞋底,拉链鞋款,户外机能,春季新款,41,男,浙江省,否,15,否
440378780,特步男鞋户外机能四季通用,特步男鞋,195,320,61,3802,307,85,布面材质,TPR鞋底,套脚款式,户外机能,四季通用,55,女,广东省,是,19,否
990509442,鸿星尔克工装硬朗秋季百搭,鸿星尔克,99,165,60,1219,928,87,高端飞织,EVA轻底,套脚款式,工装硬朗,秋季百搭,48,女,江苏省,否,10,否
813876648,李宁休闲复古潮鞋四季通用,李宁休闲,155,185,84,16,10739,91,真皮柔软,EVA轻底,套脚款式,复古潮鞋,四季通用,46,男,河南省,否,20,否
348690932,特步男鞋户外机能四季通用,特步男鞋,99,112,88,1196,829,89,飞织面料,PU中底,魔术贴鞋,户外机能,四季通用,42,女,广东省,是,4,否
874836549,阿迪达斯简约百搭夏季透气,阿迪达斯,105,146,72,1242,1529,94,混合材质,混合鞋底,拉链鞋款,简约百搭,夏季透气,57,男,山东省,是,20,否
618342097,斯凯奇潮复古潮鞋夏季透气,斯凯奇潮,99,141,70,7,3766,95,布面材质,TPR鞋底,拉链鞋款,复古潮鞋,夏季透气,41,女,安徽省,否,21,是
336752484,李宁休闲潮流高街冬季保暖,李宁休闲,183,232,79,2019,522,92,真皮柔软,橡胶大底,松紧带鞋,潮流高街,冬季保暖,49,女,福建省,否,21,是
131228591,斯凯奇潮运动休闲四季通用,斯凯奇潮,99,116,85,10,7444,91,真皮柔软,PU中底,套脚款式,运动休闲,四季通用,48,女,福建省,是,21,是
681268614,京东京造日常休闲夏季透气,京东京造,99,121,82,9,7296,99,超纤皮鞋,PU中底,拉链鞋款,日常休闲,夏季透气,43,男,湖北省,是,11,否
837037316,鸿星尔克日常休闲四季通用,鸿星尔克,99,148,67,778,256,94,高端飞织,混合鞋底,拉链鞋款,日常休闲,四季通用,49,女,广东省,否,11,否
137830310,特步男鞋复古潮鞋冬季保暖,特步男鞋,99,168,59,18,1366,97,高端飞织,TPR鞋底,拉链鞋款,复古潮鞋,冬季保暖,50,女,四川省,是,10,是
109269299,回力经典日常休闲夏季透气,回力经典,197,386,51,1426,528,100,混合材质,TPR鞋底,套脚款式,日常休闲,夏季透气,53,女,湖北省,是,22,是
529183991,京东京造潮流高街冬季保暖,京东京造,272,353,77,1379,4020,90,真皮柔软,混合鞋底,松紧带鞋,潮流高街,冬季保暖,42,女,广东省,否,9,否
245217572,特步男鞋复古潮鞋四季通用,特步男鞋,99,127,78,2854,707,92,真皮柔软,混合鞋底,拉链鞋款,复古潮鞋,四季通用,53,男,四川省,否,5,否
119144413,鸿星尔克日常休闲春季新款,鸿星尔克,176,223,79,332,1998,91,高端飞织,MD发泡底,拉链鞋款,日常休闲,春季新款,58,女,湖北省,否,6,否
817283368,其他品牌运动休闲冬季保暖,其他品牌,99,121,82,1031,6467,97,合成革鞋,EVA轻底,套脚款式,运动休闲,冬季保暖,50,男,河北省,是,20,否
173916808,回力经典简约百搭秋季百搭,回力经典,99,136,73,49,1129,85,布面材质,橡胶大底,拉链鞋款,简约百搭,秋季百搭,59,男,广东省,否,4,否
306124209,特步男鞋潮流高街冬季保暖,特步男鞋,99,152,65,2538,909,91,飞织面料,EVA轻底,松紧带鞋,潮流高街,冬季保暖,52,男,江苏省,是,23,是
128440412,阿迪达斯户外机能春季新款,阿迪达斯,99,109,91,1500,1712,93,超纤皮鞋,MD发泡底,拉链鞋款,户外机能,春季新款,64,女,广东省,是,10,是
935123644,安踏运动复古潮鞋夏季透气,安踏运动,180,333,54,537,1590,96,高端飞织,混合鞋底,魔术贴鞋,复古潮鞋,夏季透气,42,女,浙江省,是,2,是
424937479,斯凯奇潮简约百搭夏季透气,斯凯奇潮,99,157,63,1419,707,85,超纤皮鞋,PU中底,系带设计,简约百搭,夏季透气,40,女,湖北省,否,9,否
125256542,特步男鞋复古潮鞋四季通用,特步男鞋,99,146,68,655,1986,90,网布透气,TPR鞋底,松紧带鞋,复古潮鞋,四季通用,37,女,福建省,是,21,否
963154705,斯凯奇潮户外机能四季通用,斯凯奇潮,99,177,56,3887,638,95,布面材质,PU中底,魔术贴鞋,户外机能,四季通用,52,男,山东省,否,19,是
939855202,斯凯奇潮日常休闲春季新款,斯凯奇潮,158,232,68,999,1415,90,网布透气,PU中底,魔术贴鞋,日常休闲,春季新款,46,女,浙江省,是,4,是
801734372,阿迪达斯简约百搭四季通用,阿迪达斯,117,156,75,26,328,91,高端飞织,混合鞋底,拉链鞋款,简约百搭,四季通用,36,男,山东省,否,7,是
430640227,李宁休闲运动休闲四季通用,李宁休闲,167,239,70,726,835,100,飞织面料,橡胶大底,魔术贴鞋,运动休闲,四季通用,49,女,福建省,是,20,是
990651523,回力经典复古潮鞋夏季透气,回力经典,99,187,53,700,487,97,超纤皮鞋,PU中底,魔术贴鞋,复古潮鞋,夏季透气,58,女,广东省,否,19,否
654091824,鸿星尔克复古潮鞋春季新款,鸿星尔克,284,516,55,3229,23677,95,高端飞织,混合鞋底,套脚款式,复古潮鞋,春季新款,62,男,福建省,是,17,否
645003017,回力经典日常休闲春季新款,回力经典,99,194,51,501,472,100,超纤皮鞋,TPR鞋底,魔术贴鞋,日常休闲,春季新款,42,男,河北省,否,17,是
987074082,安踏运动复古潮鞋春季新款,安踏运动,287,512,56,849,7486,90,超纤皮鞋,混合鞋底,魔术贴鞋,复古潮鞋,春季新款,41,男,山东省,否,2,是
414746345,阿迪达斯户外机能春季新款,阿迪达斯,108,169,64,1348,3910,96,高端飞织,橡胶大底,松紧带鞋,户外机能,春季新款,39,女,山东省,否,6,否
939560550,阿迪达斯复古潮鞋四季通用,阿迪达斯,99,138,72,696,675,93,高端飞织,橡胶大底,套脚款式,复古潮鞋,四季通用,40,男,安徽省,是,23,是
320889129,特步男鞋简约百搭冬季保暖,特步男鞋,99,190,52,7,521,91,超纤皮鞋,MD发泡底,松紧带鞋,简约百搭,冬季保暖,40,男,河北省,否,3,否
402538309,李宁休闲户外机能春季新款,李宁休闲,137,156,88,1329,902,94,高端飞织,EVA轻底,系带设计,户外机能,春季新款,58,女,江苏省,否,20,是
487769388,李宁休闲日常休闲四季通用,李宁休闲,99,174,57,3299,600,90,高端飞织,PU中底,系带设计,日常休闲,四季通用,56,男,河北省,是,10,否
503949837,鸿星尔克运动休闲秋季百搭,鸿星尔克,259,405,64,3093,2579,91,混合材质,TPR鞋底,魔术贴鞋,运动休闲,秋季百搭,49,女,四川省,否,8,是
333958766,京东京造简约百搭夏季透气,京东京造,99,148,67,979,1846,90,合成革鞋,TPR鞋底,拉链鞋款,简约百搭,夏季透气,47,男,广东省,是,19,是
245751217,斯凯奇潮简约百搭四季通用,斯凯奇潮,99,129,77,1337,897,100,合成革鞋,TPR鞋底,拉链鞋款,简约百搭,四季通用,44,男,广东省,是,19,否
365331961,阿迪达斯户外机能秋季百搭,阿迪达斯,115,198,58,862,277,99,真皮柔软,混合鞋底,套脚款式,户外机能,秋季百搭,33,女,浙江省,否,10,是
186127636,耐克潮流复古潮鞋秋季百搭,耐克潮流,127,148,86,386,650,96,真皮柔软,TPR鞋底,套脚款式,复古潮鞋,秋季百搭,47,女,江苏省,是,21,是
640009621,耐克潮流工装硬朗春季新款,耐克潮流,99,116,85,313,2300,93,飞织面料,PU中底,松紧带鞋,工装硬朗,春季新款,47,男,安徽省,否,7,是
449027363,李宁休闲复古潮鞋秋季百搭,李宁休闲,250,321,78,3487,89,99,混合材质,混合鞋底,套脚款式,复古潮鞋,秋季百搭,41,女,湖北省,否,21,是
993559102,鸿星尔克运动休闲春季新款,鸿星尔克,100,141,71,1425,432,94,网布透气,TPR鞋底,拉链鞋款,运动休闲,春季新款,53,女,浙江省,否,3,否
140662792,其他品牌简约百搭夏季透气,其他品牌,107,165,65,1462,1233,97,高端飞织,混合鞋底,拉链鞋款,简约百搭,夏季透气,50,男,浙江省,是,3,否
370147160,安踏运动简约百搭冬季保暖,安踏运动,99,100,99,321,1233,97,超纤皮鞋,MD发泡底,系带设计,简约百搭,冬季保暖,43,女,河北省,是,16,是
382987452,鸿星尔克运动休闲秋季百搭,鸿星尔克,224,299,75,28,336,88,网布透气,混合鞋底,套脚款式,运动休闲,秋季百搭,54,男,广东省,是,19,是
544916642,阿迪达斯工装硬朗夏季透气,阿迪达斯,99,150,66,38,6095,91,布面材质,MD发泡底,系带设计,工装硬朗,夏季透气,56,女,湖北省,是,10,否
590173934,鸿星尔克日常休闲夏季透气,鸿星尔克,189,371,51,1405,1992,97,真皮柔软,混合鞋底,系带设计,日常休闲,夏季透气,52,男,浙江省,否,0,否
303844703,耐克潮流潮流高街春季新款,耐克潮流,99,157,63,814,2026,90,布面材质,混合鞋底,拉链鞋款,潮流高街,春季新款,46,男,浙江省,否,13,否
616411862,李宁休闲户外机能冬季保暖,李宁休闲,346,455,76,4994,366,94,高端飞织,MD发泡底,拉链鞋款,户外机能,冬季保暖,51,女,河南省,是,5,是
486798705,李宁休闲复古潮鞋冬季保暖,李宁休闲,99,177,56,4179,993,90,真皮柔软,MD发泡底,套脚款式,复古潮鞋,冬季保暖,40,男,福建省,否,14,是
341526016,李宁休闲日常休闲夏季透气,李宁休闲,287,383,75,4,728,100,飞织面料,TPR鞋底,魔术贴鞋,日常休闲,夏季透气,44,女,安徽省,是,0,是
709499199,其他品牌运动休闲夏季透气,其他品牌,99,152,65,536,11428,93,布面材质,MD发泡底,拉链鞋款,运动休闲,夏季透气,34,女,江苏省,否,0,是
957121362,特步男鞋工装硬朗秋季百搭,特步男鞋,107,214,50,48,7660,92,合成革鞋,PU中底,套脚款式,工装硬朗,秋季百搭,57,女,四川省,否,9,是
989973875,斯凯奇潮工装硬朗秋季百搭,斯凯奇潮,119,123,97,1039,300,93,超纤皮鞋,MD发泡底,魔术贴鞋,工装硬朗,秋季百搭,50,女,河南省,否,8,是
715786268,其他品牌潮流高街冬季保暖,其他品牌,135,229,59,777,590,90,飞织面料,PU中底,魔术贴鞋,潮流高街,冬季保暖,45,男,湖北省,是,2,否
326826648,安踏运动户外机能春季新款,安踏运动,304,313,97,740,3143,93,超纤皮鞋,混合鞋底,拉链鞋款,户外机能,春季新款,56,男,河南省,否,22,否
483313058,其他品牌运动休闲四季通用,其他品牌,99,108,92,3260,3143,85,飞织面料,橡胶大底,系带设计,运动休闲,四季通用,50,男,福建省,否,13,是
434936073,安踏运动简约百搭四季通用,安踏运动,354,553,64,3207,2047,92,网布透气,混合鞋底,拉链鞋款,简约百搭,四季通用,41,女,湖北省,否,20,是
434216573,回力经典潮流高街夏季透气,回力经典,109,110,99,707,841,99,混合材质,EVA轻底,魔术贴鞋,潮流高街,夏季透气,56,男,广东省,否,20,是
480118198,耐克潮流复古潮鞋春季新款,耐克潮流,138,186,74,4086,4630,95,高端飞织,MD发泡底,魔术贴鞋,复古潮鞋,春季新款,42,男,河南省,是,3,否
704465084,耐克潮流户外机能夏季透气,耐克潮流,151,196,77,24,10828,96,真皮柔软,PU中底,拉链鞋款,户外机能,夏季透气,45,男,福建省,否,5,否
146232618,回力经典简约百搭四季通用,回力经典,454,744,61,914,395,96,布面材质,混合鞋底,拉链鞋款,简约百搭,四季通用,43,女,河北省,是,11,否
917210545,回力经典工装硬朗春季新款,回力经典,168,262,64,885,5292,94,飞织面料,橡胶大底,魔术贴鞋,工装硬朗,春季新款,48,男,福建省,否,4,否
698798404,其他品牌运动休闲秋季百搭,其他品牌,124,138,90,4598,414,92,网布透气,橡胶大底,魔术贴鞋,运动休闲,秋季百搭,43,男,福建省,是,20,是
297937631,京东京造潮流高街春季新款,京东京造,143,213,67,8,806,90,超纤皮鞋,混合鞋底,套脚款式,潮流高街,春季新款,40,男,河南省,是,9,否
870947292,鸿星尔克简约百搭秋季百搭,鸿星尔克,208,251,83,435,1719,96,混合材质,PU中底,系带设计,简约百搭,秋季百搭,49,女,福建省,否,1,是
594963260,鸿星尔克工装硬朗冬季保暖,鸿星尔克,99,187,53,1283,2503,95,合成革鞋,TPR鞋底,拉链鞋款,工装硬朗,冬季保暖,46,女,四川省,是,9,否
988159767,斯凯奇潮工装硬朗冬季保暖,斯凯奇潮,259,392,66,454,104,98,超纤皮鞋,EVA轻底,拉链鞋款,工装硬朗,冬季保暖,56,女,安徽省,否,2,否
954349131,耐克潮流日常休闲夏季透气,耐克潮流,99,114,87,3318,1870,92,高端飞织,混合鞋底,套脚款式,日常休闲,夏季透气,57,男,福建省,是,4,否
124045618,其他品牌工装硬朗四季通用,其他品牌,148,163,91,2,3250,90,飞织面料,PU中底,松紧带鞋,工装硬朗,四季通用,48,女,福建省,是,19,是
389426918,鸿星尔克简约百搭秋季百搭,鸿星尔克,99,129,77,26,1937,85,合成革鞋,MD发泡底,套脚款式,简约百搭,秋季百搭,46,男,河北省,是,5,否
441711306,其他品牌户外机能冬季保暖,其他品牌,192,305,63,829,4345,85,飞织面料,TPR鞋底,拉链鞋款,户外机能,冬季保暖,39,女,湖北省,是,23,是
833348531,特步男鞋潮流高街冬季保暖,特步男鞋,339,628,54,3767,284,90,网布透气,橡胶大底,松紧带鞋,潮流高街,冬季保暖,40,女,山东省,是,7,否
538949841,特步男鞋运动休闲秋季百搭,特步男鞋,159,199,80,16,2705,100,超纤皮鞋,橡胶大底,系带设计,运动休闲,秋季百搭,20,女,安徽省,否,1,否
429747347,京东京造工装硬朗春季新款,京东京造,187,275,68,4576,1316,95,真皮柔软,混合鞋底,松紧带鞋,工装硬朗,春季新款,40,女,福建省,是,21,否
866297541,安踏运动潮流高街冬季保暖,安踏运动,150,158,95,852,1400,93,真皮柔软,橡胶大底,魔术贴鞋,潮流高街,冬季保暖,42,男,湖北省,否,21,否
886677093,耐克潮流日常休闲冬季保暖,耐克潮流,141,181,78,4383,811,92,合成革鞋,橡胶大底,拉链鞋款,日常休闲,冬季保暖,38,女,浙江省,否,1,否
964277013,特步男鞋日常休闲冬季保暖,特步男鞋,148,203,73,1045,1357,95,超纤皮鞋,PU中底,拉链鞋款,日常休闲,冬季保暖,54,女,广东省,否,20,否
963121751,特步男鞋复古潮鞋夏季透气,特步男鞋,116,132,88,42,1809,100,合成革鞋,橡胶大底,松紧带鞋,复古潮鞋,夏季透气,57,男,江苏省,否,3,否
720509713,特步男鞋复古潮鞋四季通用,特步男鞋,99,100,99,759,1375,97,高端飞织,橡胶大底,拉链鞋款,复古潮鞋,四季通用,55,女,福建省,否,18,否
263479555,鸿星尔克简约百搭春季新款,鸿星尔克,99,198,50,92,927,95,混合材质,EVA轻底,系带设计,简约百搭,春季新款,55,女,福建省,否,8,是
534736549,李宁休闲潮流高街冬季保暖,李宁休闲,99,177,56,18,102,90,布面材质,MD发泡底,松紧带鞋,潮流高街,冬季保暖,65,女,湖北省,否,12,否
445879785,阿迪达斯潮流高街冬季保暖,阿迪达斯,99,155,64,455,581,94,布面材质,橡胶大底,魔术贴鞋,潮流高街,冬季保暖,46,男,安徽省,否,11,否
195684119,安踏运动户外机能冬季保暖,安踏运动,566,928,61,150,386,90,真皮柔软,混合鞋底,套脚款式,户外机能,冬季保暖,43,男,河北省,是,5,否
480405857,其他品牌工装硬朗冬季保暖,其他品牌,105,130,81,16,1488,95,混合材质,EVA轻底,系带设计,工装硬朗,冬季保暖,60,男,福建省,是,12,是
341765734,回力经典日常休闲秋季百搭,回力经典,209,246,85,734,1674,98,真皮柔软,EVA轻底,套脚款式,日常休闲,秋季百搭,60,女,浙江省,是,21,是
164977349,回力经典复古潮鞋夏季透气,回力经典,99,104,95,2223,2190,98,合成革鞋,PU中底,魔术贴鞋,复古潮鞋,夏季透气,62,男,浙江省,是,4,是
797694839,斯凯奇潮日常休闲四季通用,斯凯奇潮,113,130,87,411,4262,96,混合材质,橡胶大底,系带设计,日常休闲,四季通用,56,女,福建省,否,9,是
568363735,鸿星尔克日常休闲秋季百搭,鸿星尔克,99,118,84,501,714,97,合成革鞋,橡胶大底,系带设计,日常休闲,秋季百搭,57,女,浙江省,否,5,否
378715706,鸿星尔克运动休闲四季通用,鸿星尔克,99,99,100,38,1505,90,布面材质,混合鞋底,套脚款式,运动休闲,四季通用,51,男,四川省,否,3,否
129802847,鸿星尔克运动休闲冬季保暖,鸿星尔克,361,415,87,50,3382,94,飞织面料,PU中底,松紧带鞋,运动休闲,冬季保暖,34,男,山东省,是,15,是
593197653,耐克潮流运动休闲冬季保暖,耐克潮流,270,303,89,1092,4332,93,混合材质,橡胶大底,魔术贴鞋,运动休闲,冬季保暖,46,女,福建省,是,23,是
328443501,其他品牌潮流高街冬季保暖,其他品牌,363,672,54,1283,235,85,超纤皮鞋,TPR鞋底,魔术贴鞋,潮流高街,冬季保暖,59,女,四川省,是,22,是
764567048,鸿星尔克工装硬朗春季新款,鸿星尔克,150,156,96,262,324,92,混合材质,MD发泡底,拉链鞋款,工装硬朗,春季新款,44,女,河北省,是,22,是
564459201,斯凯奇潮复古潮鞋冬季保暖,斯凯奇潮,99,121,82,23,392,92,网布透气,TPR鞋底,系带设计,复古潮鞋,冬季保暖,58,男,河南省,是,19,是
405392775,安踏运动户外机能四季通用,安踏运动,146,281,52,715,1839,95,真皮柔软,EVA轻底,魔术贴鞋,户外机能,四季通用,52,女,河北省,是,20,是
572560391,京东京造户外机能秋季百搭,京东京造,104,173,60,813,2341,97,真皮柔软,橡胶大底,套脚款式,户外机能,秋季百搭,33,男,山东省,是,19,否
559137976,其他品牌日常休闲秋季百搭,其他品牌,121,198,61,893,15540,96,高端飞织,橡胶大底,系带设计,日常休闲,秋季百搭,49,女,福建省,是,4,是
248156650,李宁休闲工装硬朗夏季透气,李宁休闲,213,361,59,280,512,93,合成革鞋,橡胶大底,系带设计,工装硬朗,夏季透气,52,女,福建省,否,9,是
330957282,阿迪达斯工装硬朗春季新款,阿迪达斯,99,174,57,1130,61,93,高端飞织,PU中底,松紧带鞋,工装硬朗,春季新款,39,男,河北省,否,23,是
906274692,耐克潮流日常休闲夏季透气,耐克潮流,107,126,85,3990,86,93,真皮柔软,MD发泡底,系带设计,日常休闲,夏季透气,35,男,福建省,是,23,是
330179619,斯凯奇潮日常休闲冬季保暖,斯凯奇潮,134,135,99,1252,1768,97,混合材质,MD发泡底,魔术贴鞋,日常休闲,冬季保暖,42,女,福建省,否,23,是
849995326,斯凯奇潮潮流高街冬季保暖,斯凯奇潮,117,148,79,4264,864,95,超纤皮鞋,MD发泡底,套脚款式,潮流高街,冬季保暖,42,女,江苏省,是,23,否
861995378,斯凯奇潮潮流高街冬季保暖,斯凯奇潮,420,618,68,241,3253,98,混合材质,PU中底,魔术贴鞋,潮流高街,冬季保暖,61,女,福建省,否,21,是
850352949,斯凯奇潮户外机能秋季百搭,斯凯奇潮,206,404,51,835,8512,86,高端飞织,TPR鞋底,套脚款式,户外机能,秋季百搭,34,女,安徽省,否,22,否
820288698,京东京造简约百搭冬季保暖,京东京造,158,205,77,520,750,95,合成革鞋,橡胶大底,松紧带鞋,简约百搭,冬季保暖,47,男,广东省,否,22,是
352112159,其他品牌运动休闲冬季保暖,其他品牌,99,125,79,971,508,97,真皮柔软,MD发泡底,系带设计,运动休闲,冬季保暖,42,男,山东省,是,13,是
195285759,回力经典日常休闲夏季透气,回力经典,99,162,61,1411,3153,94,合成革鞋,橡胶大底,拉链鞋款,日常休闲,夏季透气,52,男,河南省,是,1,是
222599735,其他品牌运动休闲秋季百搭,其他品牌,154,248,62,331,607,95,布面材质,橡胶大底,套脚款式,运动休闲,秋季百搭,55,女,安徽省,是,5,否
822315219,阿迪达斯运动休闲秋季百搭,阿迪达斯,178,254,70,360,4051,92,飞织面料,PU中底,套脚款式,运动休闲,秋季百搭,45,女,江苏省,是,6,否
914754886,阿迪达斯复古潮鞋四季通用,阿迪达斯,203,218,93,2350,2454,95,混合材质,MD发泡底,拉链鞋款,复古潮鞋,四季通用,41,女,安徽省,否,21,否
130864977,安踏运动潮流高街四季通用,安踏运动,99,121,82,946,561,96,高端飞织,橡胶大底,系带设计,潮流高街,四季通用,55,男,安徽省,是,21,否
451549914,安踏运动日常休闲秋季百搭,安踏运动,135,182,74,495,3188,92,合成革鞋,EVA轻底,系带设计,日常休闲,秋季百搭,42,男,湖北省,否,14,否
145627728,鸿星尔克简约百搭秋季百搭,鸿星尔克,197,210,94,1044,1448,99,网布透气,TPR鞋底,拉链鞋款,简约百搭,秋季百搭,47,女,安徽省,否,9,是
940580821,斯凯奇潮日常休闲冬季保暖,斯凯奇潮,105,118,89,598,16293,91,飞织面料,橡胶大底,拉链鞋款,日常休闲,冬季保暖,37,男,四川省,否,22,否
835951662,其他品牌复古潮鞋春季新款,其他品牌,99,165,60,4983,81,91,网布透气,TPR鞋底,拉链鞋款,复古潮鞋,春季新款,44,女,福建省,是,4,否
801640341,特步男鞋工装硬朗冬季保暖,特步男鞋,176,255,69,448,1560,95,布面材质,TPR鞋底,系带设计,工装硬朗,冬季保暖,46,男,山东省,否,10,是
201648242,安踏运动复古潮鞋四季通用,安踏运动,150,179,84,26,124,98,高端飞织,TPR鞋底,松紧带鞋,复古潮鞋,四季通用,56,女,浙江省,是,12,否
495611407,耐克潮流运动休闲春季新款,耐克潮流,156,200,78,971,1646,91,混合材质,混合鞋底,拉链鞋款,运动休闲,春季新款,38,男,河南省,是,21,否
112761601,李宁休闲简约百搭春季新款,李宁休闲,147,262,56,44,301,93,混合材质,MD发泡底,系带设计,简约百搭,春季新款,49,男,河南省,是,17,是
571077563,鸿星尔克日常休闲春季新款,鸿星尔克,99,157,63,1184,518,87,真皮柔软,橡胶大底,系带设计,日常休闲,春季新款,58,女,广东省,是,12,是
711851748,其他品牌户外机能春季新款,其他品牌,137,217,63,940,260,96,混合材质,混合鞋底,拉链鞋款,户外机能,春季新款,37,男,浙江省,否,4,是
611850257,京东京造潮流高街夏季透气,京东京造,262,468,56,1234,2485,99,飞织面料,橡胶大底,套脚款式,潮流高街,夏季透气,56,女,浙江省,否,18,否
199887575,李宁休闲户外机能冬季保暖,李宁休闲,99,132,75,1028,2834,98,布面材质,EVA轻底,松紧带鞋,户外机能,冬季保暖,39,男,福建省,是,9,否
244950502,耐克潮流复古潮鞋秋季百搭,耐克潮流,134,197,68,588,882,90,网布透气,PU中底,套脚款式,复古潮鞋,秋季百搭,32,女,浙江省,是,4,否
735438107,斯凯奇潮日常休闲冬季保暖,斯凯奇潮,177,249,71,793,411,97,高端飞织,PU中底,魔术贴鞋,日常休闲,冬季保暖,43,男,四川省,否,16,否
786996293,其他品牌复古潮鞋夏季透气,其他品牌,218,234,93,478,305,97,布面材质,TPR鞋底,松紧带鞋,复古潮鞋,夏季透气,44,男,广东省,否,4,是
875475444,阿迪达斯潮流高街春季新款,阿迪达斯,99,121,82,789,658,95,超纤皮鞋,橡胶大底,松紧带鞋,潮流高街,春季新款,32,男,河北省,是,11,是
905948619,京东京造潮流高街夏季透气,京东京造,273,471,58,245,57,98,混合材质,橡胶大底,套脚款式,潮流高街,夏季透气,45,女,江苏省,否,18,否
597069128,斯凯奇潮日常休闲春季新款,斯凯奇潮,99,101,98,4567,9715,91,高端飞织,PU中底,拉链鞋款,日常休闲,春季新款,38,女,四川省,否,20,是
740945563,特步男鞋简约百搭四季通用,特步男鞋,198,287,69,179,2550,90,布面材质,EVA轻底,松紧带鞋,简约百搭,四季通用,54,男,福建省,是,2,否
300835631,耐克潮流工装硬朗夏季透气,耐克潮流,176,210,84,1283,1577,86,混合材质,PU中底,套脚款式,工装硬朗,夏季透气,38,男,山东省,是,20,是
131171018,阿迪达斯运动休闲春季新款,阿迪达斯,99,168,59,1082,40785,94,合成革鞋,EVA轻底,魔术贴鞋,运动休闲,春季新款,25,女,福建省,是,11,否
415593668,耐克潮流工装硬朗四季通用,耐克潮流,99,108,92,87,1722,98,网布透气,橡胶大底,拉链鞋款,工装硬朗,四季通用,45,男,河南省,否,10,否
891094078,其他品牌复古潮鞋秋季百搭,其他品牌,99,125,79,540,327,93,高端飞织,EVA轻底,魔术贴鞋,复古潮鞋,秋季百搭,32,男,浙江省,是,10,是
337632280,回力经典户外机能夏季透气,回力经典,354,536,66,17,850,96,真皮柔软,PU中底,魔术贴鞋,户外机能,夏季透气,55,女,四川省,否,12,是
333612539,其他品牌简约百搭夏季透气,其他品牌,238,270,88,982,588,85,高端飞织,MD发泡底,魔术贴鞋,简约百搭,夏季透气,49,男,四川省,否,8,否
388689046,京东京造户外机能四季通用,京东京造,218,411,53,642,2720,90,飞织面料,混合鞋底,系带设计,户外机能,四季通用,48,女,广东省,否,21,否
412787446,李宁休闲简约百搭夏季透气,李宁休闲,210,304,69,2968,2039,98,飞织面料,EVA轻底,系带设计,简约百搭,夏季透气,47,女,湖北省,否,5,否
731965077,耐克潮流复古潮鞋冬季保暖,耐克潮流,112,184,61,415,14422,97,高端飞织,EVA轻底,魔术贴鞋,复古潮鞋,冬季保暖,50,女,浙江省,否,23,否
388800105,特步男鞋简约百搭秋季百搭,特步男鞋,103,117,88,1462,747,97,超纤皮鞋,MD发泡底,系带设计,简约百搭,秋季百搭,48,男,河南省,否,2,否
763373519,斯凯奇潮户外机能夏季透气,斯凯奇潮,164,174,94,301,1715,93,高端飞织,PU中底,松紧带鞋,户外机能,夏季透气,45,男,湖北省,是,5,否
348138404,安踏运动运动休闲四季通用,安踏运动,152,287,53,50,6819,91,超纤皮鞋,橡胶大底,松紧带鞋,运动休闲,四季通用,48,男,江苏省,否,13,否
124267982,安踏运动日常休闲四季通用,安踏运动,234,403,58,1500,11246,97,网布透气,MD发泡底,系带设计,日常休闲,四季通用,44,女,河南省,否,12,是
214577938,李宁休闲运动休闲春季新款,李宁休闲,99,116,85,1284,3333,95,网布透气,EVA轻底,系带设计,运动休闲,春季新款,49,男,河南省,是,2,否
333270954,阿迪达斯运动休闲四季通用,阿迪达斯,244,271,90,260,690,94,合成革鞋,TPR鞋底,魔术贴鞋,运动休闲,四季通用,60,女,湖北省,是,23,否
624203646,特步男鞋复古潮鞋冬季保暖,特步男鞋,99,194,51,974,6243,95,合成革鞋,EVA轻底,松紧带鞋,复古潮鞋,冬季保暖,64,女,河南省,是,23,否
256842950,鸿星尔克户外机能秋季百搭,鸿星尔克,124,155,80,1198,2250,96,高端飞织,TPR鞋底,拉链鞋款,户外机能,秋季百搭,43,女,安徽省,否,12,是
443561386,耐克潮流简约百搭夏季透气,耐克潮流,99,194,51,3991,1711,96,超纤皮鞋,EVA轻底,套脚款式,简约百搭,夏季透气,28,男,浙江省,是,14,是
160145156,京东京造工装硬朗春季新款,京东京造,99,99,100,49,2617,93,真皮柔软,EVA轻底,拉链鞋款,工装硬朗,春季新款,51,男,江苏省,是,4,否
459732308,阿迪达斯户外机能夏季透气,阿迪达斯,232,242,96,46,1067,96,高端飞织,EVA轻底,松紧带鞋,户外机能,夏季透气,54,男,福建省,是,12,否
429054080,李宁休闲户外机能四季通用,李宁休闲,138,160,86,614,145,90,布面材质,MD发泡底,魔术贴鞋,户外机能,四季通用,55,男,安徽省,否,4,否
693102178,其他品牌工装硬朗春季新款,其他品牌,99,102,97,288,142,92,混合材质,PU中底,系带设计,工装硬朗,春季新款,42,男,浙江省,是,7,是
933219822,阿迪达斯工装硬朗冬季保暖,阿迪达斯,130,137,95,579,5788,99,混合材质,EVA轻底,系带设计,工装硬朗,冬季保暖,48,女,湖北省,是,6,是
686585179,斯凯奇潮日常休闲冬季保暖,斯凯奇潮,99,125,79,38,2522,96,真皮柔软,EVA轻底,系带设计,日常休闲,冬季保暖,42,男,湖北省,否,7,是
221298487,其他品牌工装硬朗四季通用,其他品牌,99,174,57,613,1740,86,混合材质,PU中底,拉链鞋款,工装硬朗,四季通用,45,女,四川省,是,5,否
652976682,京东京造潮流高街秋季百搭,京东京造,205,311,66,1241,144,91,真皮柔软,橡胶大底,拉链鞋款,潮流高街,秋季百搭,39,女,安徽省,是,12,否
941527951,耐克潮流简约百搭四季通用,耐克潮流,248,282,88,586,587,94,合成革鞋,MD发泡底,套脚款式,简约百搭,四季通用,38,男,湖北省,是,6,是
177800124,耐克潮流工装硬朗夏季透气,耐克潮流,125,227,55,549,867,91,布面材质,混合鞋底,魔术贴鞋,工装硬朗,夏季透气,56,女,湖北省,是,22,否
389907711,斯凯奇潮简约百搭夏季透气,斯凯奇潮,149,201,74,433,4302,92,网布透气,MD发泡底,拉链鞋款,简约百搭,夏季透气,47,男,安徽省,是,20,否
282911304,耐克潮流简约百搭四季通用,耐克潮流,162,312,52,885,250,98,混合材质,MD发泡底,系带设计,简约百搭,四季通用,52,女,福建省,否,17,是
124619483,耐克潮流简约百搭春季新款,耐克潮流,354,381,93,2228,180,97,高端飞织,MD发泡底,魔术贴鞋,简约百搭,春季新款,43,女,江苏省,是,10,否
757318439,阿迪达斯潮流高街春季新款,阿迪达斯,198,261,76,1235,734,93,超纤皮鞋,EVA轻底,松紧带鞋,潮流高街,春季新款,54,女,福建省,是,4,是
239191081,李宁休闲日常休闲秋季百搭,李宁休闲,99,134,74,1135,138,93,飞织面料,橡胶大底,拉链鞋款,日常休闲,秋季百搭,44,男,山东省,否,23,是
885515640,阿迪达斯户外机能夏季透气,阿迪达斯,254,410,62,221,4203,100,飞织面料,橡胶大底,魔术贴鞋,户外机能,夏季透气,39,女,广东省,是,21,是
761016858,阿迪达斯简约百搭四季通用,阿迪达斯,122,197,62,4627,887,90,网布透气,混合鞋底,套脚款式,简约百搭,四季通用,49,男,河南省,是,6,否
986250337,阿迪达斯潮流高街四季通用,阿迪达斯,99,165,60,1472,92,99,合成革鞋,TPR鞋底,松紧带鞋,潮流高街,四季通用,41,女,广东省,是,20,是
108883105,阿迪达斯运动休闲冬季保暖,阿迪达斯,129,129,100,3329,308,90,合成革鞋,PU中底,套脚款式,运动休闲,冬季保暖,34,女,福建省,是,13,否
107297471,斯凯奇潮简约百搭春季新款,斯凯奇潮,131,230,57,3904,1306,97,高端飞织,混合鞋底,套脚款式,简约百搭,春季新款,49,女,河南省,否,20,否
329593532,特步男鞋复古潮鞋四季通用,特步男鞋,121,166,73,102,3839,97,合成革鞋,MD发泡底,系带设计,复古潮鞋,四季通用,51,男,福建省,是,6,是
611519339,其他品牌复古潮鞋夏季透气,其他品牌,142,273,52,1238,702,92,高端飞织,混合鞋底,拉链鞋款,复古潮鞋,夏季透气,47,男,山东省,否,3,是
716781638,其他品牌运动休闲秋季百搭,其他品牌,115,147,78,625,728,94,合成革鞋,MD发泡底,松紧带鞋,运动休闲,秋季百搭,57,女,福建省,否,9,否
716094746,李宁休闲复古潮鞋夏季透气,李宁休闲,127,157,81,1320,3582,90,真皮柔软,橡胶大底,套脚款式,复古潮鞋,夏季透气,49,男,福建省,是,19,是
661970078,耐克潮流复古潮鞋春季新款,耐克潮流,101,163,62,2171,73,97,真皮柔软,混合鞋底,套脚款式,复古潮鞋,春季新款,34,男,四川省,否,8,否
346844431,耐克潮流日常休闲春季新款,耐克潮流,319,362,88,263,15,93,超纤皮鞋,TPR鞋底,套脚款式,日常休闲,春季新款,48,男,江苏省,是,23,是
333209530,鸿星尔克工装硬朗夏季透气,鸿星尔克,285,317,90,37,3431,100,真皮柔软,MD发泡底,套脚款式,工装硬朗,夏季透气,43,男,福建省,是,10,否
597112078,鸿星尔克运动休闲冬季保暖,鸿星尔克,99,132,75,1106,4504,91,布面材质,TPR鞋底,套脚款式,运动休闲,冬季保暖,48,男,河南省,是,15,否
432691357,鸿星尔克简约百搭秋季百搭,鸿星尔克,280,424,66,294,1699,95,网布透气,EVA轻底,套脚款式,简约百搭,秋季百搭,43,男,江苏省,否,13,是
679502949,阿迪达斯简约百搭夏季透气,阿迪达斯,99,155,64,339,621,91,混合材质,MD发泡底,套脚款式,简约百搭,夏季透气,44,女,广东省,否,14,否
293335239,特步男鞋户外机能四季通用,特步男鞋,120,128,94,1076,244,90,超纤皮鞋,橡胶大底,系带设计,户外机能,四季通用,47,男,河北省,否,23,否
966042740,回力经典日常休闲春季新款,回力经典,99,121,82,237,7052,86,合成革鞋,EVA轻底,松紧带鞋,日常休闲,春季新款,48,男,河南省,否,1,否
539160947,其他品牌日常休闲冬季保暖,其他品牌,99,139,71,48,5917,90,高端飞织,橡胶大底,拉链鞋款,日常休闲,冬季保暖,51,男,湖北省,是,21,是
652658405,特步男鞋日常休闲冬季保暖,特步男鞋,99,157,63,17,143,98,网布透气,PU中底,系带设计,日常休闲,冬季保暖,53,女,广东省,否,9,是
931858438,京东京造复古潮鞋冬季保暖,京东京造,99,122,81,3642,1665,96,高端飞织,混合鞋底,松紧带鞋,复古潮鞋,冬季保暖,50,男,湖北省,否,15,是
504740976,耐克潮流简约百搭春季新款,耐克潮流,155,191,81,988,1248,87,超纤皮鞋,MD发泡底,套脚款式,简约百搭,春季新款,46,女,湖北省,是,6,否
984732226,安踏运动潮流高街四季通用,安踏运动,346,360,96,366,4767,93,高端飞织,混合鞋底,套脚款式,潮流高街,四季通用,54,女,江苏省,是,8,是
929397297,阿迪达斯运动休闲冬季保暖,阿迪达斯,99,143,69,1117,175,96,真皮柔软,MD发泡底,拉链鞋款,运动休闲,冬季保暖,53,男,福建省,是,22,否
527037515,鸿星尔克复古潮鞋春季新款,鸿星尔克,99,114,87,4030,599,91,混合材质,PU中底,套脚款式,复古潮鞋,春季新款,49,男,福建省,否,21,是
567906692,鸿星尔克简约百搭秋季百搭,鸿星尔克,116,141,82,19,501,96,真皮柔软,MD发泡底,套脚款式,简约百搭,秋季百搭,52,男,四川省,否,23,否
923736268,鸿星尔克复古潮鞋春季新款,鸿星尔克,368,372,99,2169,1114,90,真皮柔软,TPR鞋底,拉链鞋款,复古潮鞋,春季新款,52,男,河北省,否,3,否
135130694,斯凯奇潮日常休闲春季新款,斯凯奇潮,99,162,61,1395,1006,93,真皮柔软,EVA轻底,松紧带鞋,日常休闲,春季新款,63,女,山东省,是,0,是
377614501,安踏运动日常休闲冬季保暖,安踏运动,170,270,63,55,2243,92,高端飞织,TPR鞋底,魔术贴鞋,日常休闲,冬季保暖,48,女,河南省,否,12,否
892869308,耐克潮流日常休闲春季新款,耐克潮流,162,270,60,1228,437,96,超纤皮鞋,TPR鞋底,魔术贴鞋,日常休闲,春季新款,48,男,四川省,否,16,是
534387645,耐克潮流户外机能春季新款,耐克潮流,100,123,81,4574,972,91,飞织面料,MD发泡底,魔术贴鞋,户外机能,春季新款,36,男,福建省,是,23,是
188532994,阿迪达斯简约百搭冬季保暖,阿迪达斯,196,228,86,1097,609,92,高端飞织,PU中底,魔术贴鞋,简约百搭,冬季保暖,41,男,福建省,否,6,否
250602721,斯凯奇潮工装硬朗冬季保暖,斯凯奇潮,168,280,60,240,4130,95,合成革鞋,MD发泡底,拉链鞋款,工装硬朗,冬季保暖,52,男,河南省,是,22,否
352329352,斯凯奇潮运动休闲秋季百搭,斯凯奇潮,99,124,80,821,195,92,高端飞织,橡胶大底,拉链鞋款,运动休闲,秋季百搭,54,女,四川省,是,22,是
259674206,特步男鞋运动休闲冬季保暖,特步男鞋,111,171,65,833,2358,96,混合材质,MD发泡底,拉链鞋款,运动休闲,冬季保暖,35,女,湖北省,否,8,否
406104468,其他品牌复古潮鞋四季通用,其他品牌,99,109,91,1323,2044,93,飞织面料,TPR鞋底,系带设计,复古潮鞋,四季通用,45,男,江苏省,是,19,否
814832679,斯凯奇潮户外机能四季通用,斯凯奇潮,99,174,57,3573,1952,99,飞织面料,MD发泡底,拉链鞋款,户外机能,四季通用,57,女,四川省,是,18,是
722313084,鸿星尔克简约百搭秋季百搭,鸿星尔克,99,165,60,31,605,87,真皮柔软,TPR鞋底,拉链鞋款,简约百搭,秋季百搭,42,男,浙江省,是,22,否
991487909,安踏运动户外机能夏季透气,安踏运动,173,206,84,2508,1628,95,布面材质,TPR鞋底,魔术贴鞋,户外机能,夏季透气,55,男,河北省,是,18,否
451411927,阿迪达斯潮流高街秋季百搭,阿迪达斯,99,139,71,145,492,95,真皮柔软,EVA轻底,松紧带鞋,潮流高街,秋季百搭,40,男,福建省,否,17,是
115519291,回力经典简约百搭春季新款,回力经典,189,371,51,753,104,91,网布透气,混合鞋底,套脚款式,简约百搭,春季新款,61,女,广东省,是,13,否
889929132,耐克潮流日常休闲冬季保暖,耐克潮流,99,101,98,4593,220,92,超纤皮鞋,TPR鞋底,魔术贴鞋,日常休闲,冬季保暖,34,女,湖北省,是,23,是
850261508,斯凯奇潮潮流高街春季新款,斯凯奇潮,381,569,67,2277,231,97,合成革鞋,PU中底,系带设计,潮流高街,春季新款,53,女,山东省,否,9,否
975286764,特步男鞋运动休闲夏季透气,特步男鞋,179,331,54,503,253,93,网布透气,橡胶大底,松紧带鞋,运动休闲,夏季透气,61,女,安徽省,否,1,是
806692438,安踏运动简约百搭春季新款,安踏运动,170,200,85,468,2927,97,超纤皮鞋,MD发泡底,套脚款式,简约百搭,春季新款,48,男,广东省,是,2,是
675011378,京东京造户外机能四季通用,京东京造,99,110,90,1018,183,92,合成革鞋,混合鞋底,魔术贴鞋,户外机能,四季通用,53,女,浙江省,是,22,否
809063615,阿迪达斯简约百搭秋季百搭,阿迪达斯,99,141,70,47,8250,92,超纤皮鞋,TPR鞋底,松紧带鞋,简约百搭,秋季百搭,43,男,江苏省,否,22,是
915689651,斯凯奇潮潮流高街春季新款,斯凯奇潮,143,143,100,762,1379,91,合成革鞋,橡胶大底,松紧带鞋,潮流高街,春季新款,42,男,安徽省,否,21,否
456076603,耐克潮流日常休闲冬季保暖,耐克潮流,397,536,74,206,3026,92,超纤皮鞋,橡胶大底,拉链鞋款,日常休闲,冬季保暖,50,男,广东省,是,0,是
473936551,回力经典日常休闲夏季透气,回力经典,235,392,60,3251,320,95,混合材质,混合鞋底,松紧带鞋,日常休闲,夏季透气,44,男,山东省,是,3,是
396278863,特步男鞋工装硬朗冬季保暖,特步男鞋,99,116,85,163,8035,89,飞织面料,EVA轻底,拉链鞋款,工装硬朗,冬季保暖,53,女,浙江省,否,3,是
359073019,安踏运动运动休闲春季新款,安踏运动,138,145,95,1085,345,92,真皮柔软,EVA轻底,魔术贴鞋,运动休闲,春季新款,36,男,四川省,否,11,是
491135113,李宁休闲简约百搭冬季保暖,李宁休闲,99,177,56,28,740,97,布面材质,混合鞋底,套脚款式,简约百搭,冬季保暖,46,男,浙江省,否,8,否
912219064,阿迪达斯日常休闲冬季保暖,阿迪达斯,102,185,55,1419,749,97,超纤皮鞋,橡胶大底,系带设计,日常休闲,冬季保暖,50,男,河北省,是,14,否
893528727,其他品牌日常休闲冬季保暖,其他品牌,230,264,87,270,802,95,飞织面料,PU中底,系带设计,日常休闲,冬季保暖,39,男,江苏省,否,21,否
654785449,李宁休闲简约百搭四季通用,李宁休闲,227,247,92,11,718,96,高端飞织,MD发泡底,系带设计,简约百搭,四季通用,58,女,山东省,否,17,否
864306176,其他品牌运动休闲冬季保暖,其他品牌,220,379,58,35,4490,94,合成革鞋,混合鞋底,魔术贴鞋,运动休闲,冬季保暖,42,女,河南省,否,23,否
276097295,鸿星尔克户外机能四季通用,鸿星尔克,160,186,86,857,520,94,真皮柔软,TPR鞋底,套脚款式,户外机能,四季通用,46,女,河北省,是,16,是
126366634,特步男鞋简约百搭四季通用,特步男鞋,99,132,75,24,449,90,高端飞织,PU中底,拉链鞋款,简约百搭,四季通用,48,女,福建省,是,8,是
369445021,安踏运动复古潮鞋四季通用,安踏运动,99,138,72,16,870,97,真皮柔软,TPR鞋底,拉链鞋款,复古潮鞋,四季通用,48,男,江苏省,是,5,是
413672037,安踏运动简约百搭冬季保暖,安踏运动,99,99,100,765,215,92,飞织面料,EVA轻底,系带设计,简约百搭,冬季保暖,45,女,湖北省,否,15,是
517119258,斯凯奇潮日常休闲四季通用,斯凯奇潮,102,136,75,34,104,97,混合材质,MD发泡底,系带设计,日常休闲,四季通用,41,女,广东省,是,23,是
730115312,其他品牌潮流高街四季通用,其他品牌,232,387,60,749,5535,99,混合材质,混合鞋底,魔术贴鞋,潮流高街,四季通用,55,男,河北省,否,22,是
803970863,特步男鞋户外机能冬季保暖,特步男鞋,161,273,59,234,267,97,合成革鞋,混合鞋底,魔术贴鞋,户外机能,冬季保暖,47,女,河南省,是,11,是
376123251,回力经典日常休闲四季通用,回力经典,126,252,50,29,5637,99,真皮柔软,混合鞋底,系带设计,日常休闲,四季通用,48,女,河南省,是,3,是
341296539,斯凯奇潮户外机能秋季百搭,斯凯奇潮,156,175,89,315,373,99,高端飞织,TPR鞋底,魔术贴鞋,户外机能,秋季百搭,41,女,浙江省,是,23,是
427303561,安踏运动复古潮鞋春季新款,安踏运动,99,141,70,43,478,94,超纤皮鞋,EVA轻底,松紧带鞋,复古潮鞋,春季新款,50,女,浙江省,是,23,是
834713545,阿迪达斯工装硬朗春季新款,阿迪达斯,171,190,90,69,918,92,真皮柔软,TPR鞋底,系带设计,工装硬朗,春季新款,36,男,山东省,是,1,是
633183290,安踏运动工装硬朗夏季透气,安踏运动,388,546,71,2491,908,93,合成革鞋,MD发泡底,松紧带鞋,工装硬朗,夏季透气,56,男,江苏省,是,20,是
921515069,斯凯奇潮运动休闲四季通用,斯凯奇潮,99,194,51,208,333,91,合成革鞋,MD发泡底,系带设计,运动休闲,四季通用,62,女,广东省,是,9,是
492307549,鸿星尔克简约百搭春季新款,鸿星尔克,99,132,75,1065,1003,97,高端飞织,TPR鞋底,拉链鞋款,简约百搭,春季新款,60,女,四川省,是,23,是
213651940,京东京造简约百搭四季通用,京东京造,224,431,52,34,1654,97,混合材质,EVA轻底,松紧带鞋,简约百搭,四季通用,52,女,河北省,否,14,否
468268405,特步男鞋潮流高街夏季透气,特步男鞋,110,121,91,23,64,91,真皮柔软,EVA轻底,系带设计,潮流高街,夏季透气,58,女,山东省,否,17,是
750733946,耐克潮流运动休闲秋季百搭,耐克潮流,109,158,69,7,958,97,布面材质,MD发泡底,系带设计,运动休闲,秋季百搭,46,女,四川省,是,22,是
203771902,回力经典潮流高街夏季透气,回力经典,103,136,76,845,694,93,飞织面料,EVA轻底,系带设计,潮流高街,夏季透气,63,男,山东省,是,16,否
928264516,耐克潮流复古潮鞋冬季保暖,耐克潮流,145,154,94,145,4605,96,高端飞织,EVA轻底,松紧带鞋,复古潮鞋,冬季保暖,56,女,河南省,是,5,是
627379632,阿迪达斯简约百搭秋季百搭,阿迪达斯,99,111,89,1441,393,98,合成革鞋,MD发泡底,拉链鞋款,简约百搭,秋季百搭,59,女,山东省,否,20,否
291165198,李宁休闲运动休闲春季新款,李宁休闲,187,193,97,621,695,94,合成革鞋,TPR鞋底,系带设计,运动休闲,春季新款,41,女,安徽省,否,17,否
246112479,安踏运动潮流高街秋季百搭,安踏运动,128,229,56,4842,42612,91,真皮柔软,MD发泡底,套脚款式,潮流高街,秋季百搭,55,男,河南省,否,20,否
662645974,耐克潮流潮流高街夏季透气,耐克潮流,136,170,80,4366,1606,97,网布透气,EVA轻底,系带设计,潮流高街,夏季透气,56,女,四川省,否,2,是
985495508,回力经典日常休闲冬季保暖,回力经典,99,103,96,1344,1336,95,高端飞织,TPR鞋底,系带设计,日常休闲,冬季保暖,50,男,河北省,否,23,是
393952386,其他品牌复古潮鞋四季通用,其他品牌,128,197,65,1182,4038,95,混合材质,MD发泡底,拉链鞋款,复古潮鞋,四季通用,47,男,广东省,否,21,否
727949579,斯凯奇潮日常休闲秋季百搭,斯凯奇潮,99,104,95,909,478,91,超纤皮鞋,橡胶大底,系带设计,日常休闲,秋季百搭,62,男,河北省,否,1,否
136914665,李宁休闲复古潮鞋四季通用,李宁休闲,170,283,60,875,1051,94,高端飞织,MD发泡底,魔术贴鞋,复古潮鞋,四季通用,61,男,安徽省,否,21,否
470861799,其他品牌户外机能冬季保暖,其他品牌,99,174,57,776,1062,95,网布透气,MD发泡底,套脚款式,户外机能,冬季保暖,54,男,浙江省,是,2,否
784865585,特步男鞋工装硬朗夏季透气,特步男鞋,99,136,73,286,2234,92,网布透气,混合鞋底,系带设计,工装硬朗,夏季透气,52,男,广东省,是,1,否
816352926,耐克潮流日常休闲春季新款,耐克潮流,158,263,60,2192,4197,97,超纤皮鞋,MD发泡底,拉链鞋款,日常休闲,春季新款,48,女,江苏省,是,23,是
711414351,特步男鞋日常休闲秋季百搭,特步男鞋,99,134,74,2657,676,93,真皮柔软,MD发泡底,系带设计,日常休闲,秋季百搭,55,女,山东省,是,1,否
600360037,鸿星尔克运动休闲四季通用,鸿星尔克,115,151,76,592,577,93,飞织面料,EVA轻底,松紧带鞋,运动休闲,四季通用,28,男,四川省,是,21,否
577135056,特步男鞋日常休闲春季新款,特步男鞋,99,198,50,2068,7724,98,布面材质,PU中底,拉链鞋款,日常休闲,春季新款,53,女,浙江省,是,7,是
391646232,鸿星尔克潮流高街秋季百搭,鸿星尔克,99,187,53,564,1352,95,飞织面料,MD发泡底,系带设计,潮流高街,秋季百搭,40,男,山东省,否,23,是
823042636,京东京造日常休闲春季新款,京东京造,117,118,99,1381,6013,97,合成革鞋,橡胶大底,系带设计,日常休闲,春季新款,51,男,安徽省,否,16,是
101805286,阿迪达斯日常休闲春季新款,阿迪达斯,110,147,75,158,1596,96,混合材质,EVA轻底,套脚款式,日常休闲,春季新款,62,女,河北省,是,12,是
869191996,鸿星尔克简约百搭冬季保暖,鸿星尔克,99,106,93,274,64,89,网布透气,EVA轻底,拉链鞋款,简约百搭,冬季保暖,43,男,湖北省,否,23,是
362949446,鸿星尔克户外机能秋季百搭,鸿星尔克,209,261,80,4384,8326,100,飞织面料,MD发泡底,拉链鞋款,户外机能,秋季百搭,40,女,山东省,是,4,否
587723256,耐克潮流潮流高街冬季保暖,耐克潮流,174,189,92,1078,1086,94,超纤皮鞋,混合鞋底,拉链鞋款,潮流高街,冬季保暖,50,男,四川省,否,7,否
816173662,其他品牌运动休闲春季新款,其他品牌,169,302,56,35,1391,93,飞织面料,TPR鞋底,套脚款式,运动休闲,春季新款,35,女,河南省,否,6,是
708348906,特步男鞋复古潮鞋四季通用,特步男鞋,110,117,94,3407,1922,99,网布透气,PU中底,拉链鞋款,复古潮鞋,四季通用,42,女,广东省,是,4,否
642093936,耐克潮流户外机能四季通用,耐克潮流,99,146,68,754,3236,94,超纤皮鞋,混合鞋底,拉链鞋款,户外机能,四季通用,41,男,浙江省,是,15,否
607872529,京东京造工装硬朗秋季百搭,京东京造,99,130,76,779,1994,97,合成革鞋,TPR鞋底,系带设计,工装硬朗,秋季百搭,45,女,河北省,否,21,是
811170720,京东京造复古潮鞋夏季透气,京东京造,134,235,57,20,666,90,布面材质,混合鞋底,松紧带鞋,复古潮鞋,夏季透气,48,男,河北省,是,8,是
937327510,京东京造户外机能秋季百搭,京东京造,99,138,72,3385,971,94,布面材质,EVA轻底,拉链鞋款,户外机能,秋季百搭,44,男,山东省,否,1,是
349771699,耐克潮流运动休闲秋季百搭,耐克潮流,202,235,86,274,76,92,飞织面料,橡胶大底,拉链鞋款,运动休闲,秋季百搭,42,男,浙江省,否,8,是
804587241,阿迪达斯工装硬朗春季新款,阿迪达斯,99,125,79,732,282,94,布面材质,MD发泡底,系带设计,工装硬朗,春季新款,45,男,广东省,是,10,是
859258050,安踏运动户外机能春季新款,安踏运动,116,166,70,209,994,94,网布透气,EVA轻底,系带设计,户外机能,春季新款,42,女,江苏省,否,15,是
679568431,阿迪达斯简约百搭四季通用,阿迪达斯,457,703,65,852,1774,94,飞织面料,混合鞋底,拉链鞋款,简约百搭,四季通用,46,男,广东省,是,15,是
972734426,回力经典运动休闲秋季百搭,回力经典,161,322,50,3534,2567,96,混合材质,混合鞋底,拉链鞋款,运动休闲,秋季百搭,21,男,广东省,否,4,是
893241707,耐克潮流复古潮鞋冬季保暖,耐克潮流,159,300,53,1089,974,90,高端飞织,EVA轻底,拉链鞋款,复古潮鞋,冬季保暖,54,女,河北省,否,23,是
105054771,鸿星尔克工装硬朗夏季透气,鸿星尔克,121,136,89,18,938,91,混合材质,MD发泡底,魔术贴鞋,工装硬朗,夏季透气,44,女,福建省,否,22,是
778759490,斯凯奇潮工装硬朗夏季透气,斯凯奇潮,329,370,89,371,3207,98,布面材质,橡胶大底,松紧带鞋,工装硬朗,夏季透气,53,女,河北省,是,22,否
470720718,李宁休闲日常休闲夏季透气,李宁休闲,130,151,86,47,2884,87,飞织面料,TPR鞋底,套脚款式,日常休闲,夏季透气,44,男,四川省,否,7,是
513137554,其他品牌工装硬朗秋季百搭,其他品牌,99,157,63,663,1278,97,高端飞织,MD发泡底,拉链鞋款,工装硬朗,秋季百搭,47,女,河北省,是,9,否
299273364,回力经典日常休闲冬季保暖,回力经典,186,188,99,1066,561,93,混合材质,PU中底,魔术贴鞋,日常休闲,冬季保暖,41,男,广东省,是,6,是
997784057,其他品牌简约百搭夏季透气,其他品牌,99,110,90,28,198,92,高端飞织,EVA轻底,系带设计,简约百搭,夏季透气,51,女,湖北省,是,16,是
661245256,鸿星尔克日常休闲四季通用,鸿星尔克,99,155,64,664,552,100,飞织面料,混合鞋底,松紧带鞋,日常休闲,四季通用,45,男,江苏省,是,20,否
493661453,其他品牌复古潮鞋夏季透气,其他品牌,99,136,73,38,4384,93,真皮柔软,EVA轻底,松紧带鞋,复古潮鞋,夏季透气,52,男,福建省,否,23,否
583595188,其他品牌日常休闲冬季保暖,其他品牌,214,420,51,168,1420,91,混合材质,EVA轻底,套脚款式,日常休闲,冬季保暖,26,女,浙江省,否,16,是
656836275,李宁休闲潮流高街冬季保暖,李宁休闲,147,160,92,1156,2356,93,混合材质,MD发泡底,魔术贴鞋,潮流高街,冬季保暖,43,男,浙江省,是,18,是
846319592,其他品牌户外机能冬季保暖,其他品牌,119,153,78,23,419,92,网布透气,MD发泡底,套脚款式,户外机能,冬季保暖,47,男,江苏省,否,23,是
307643294,阿迪达斯简约百搭冬季保暖,阿迪达斯,99,114,87,1139,1459,93,合成革鞋,PU中底,魔术贴鞋,简约百搭,冬季保暖,60,女,浙江省,否,20,是
524561006,其他品牌户外机能秋季百搭,其他品牌,99,162,61,2132,2902,97,合成革鞋,MD发泡底,魔术贴鞋,户外机能,秋季百搭,56,男,湖北省,是,14,否
917404918,阿迪达斯户外机能秋季百搭,阿迪达斯,99,148,67,392,135,95,布面材质,PU中底,松紧带鞋,户外机能,秋季百搭,62,男,广东省,否,10,否
610528125,斯凯奇潮日常休闲冬季保暖,斯凯奇潮,228,243,94,4078,50000,97,飞织面料,PU中底,系带设计,日常休闲,冬季保暖,57,女,四川省,是,8,否
851265701,耐克潮流运动休闲冬季保暖,耐克潮流,232,264,88,1305,2126,96,飞织面料,EVA轻底,系带设计,运动休闲,冬季保暖,51,女,河北省,是,23,否
454035951,斯凯奇潮工装硬朗秋季百搭,斯凯奇潮,99,183,54,396,1161,91,合成革鞋,TPR鞋底,拉链鞋款,工装硬朗,秋季百搭,26,女,四川省,是,8,是
168649783,斯凯奇潮潮流高街四季通用,斯凯奇潮,120,169,71,1,758,92,高端飞织,TPR鞋底,松紧带鞋,潮流高街,四季通用,41,女,河南省,否,9,否
656279245,安踏运动复古潮鞋夏季透气,安踏运动,148,224,66,319,491,93,超纤皮鞋,橡胶大底,松紧带鞋,复古潮鞋,夏季透气,62,女,江苏省,是,19,是
823242279,耐克潮流日常休闲春季新款,耐克潮流,104,168,62,3731,1059,93,合成革鞋,PU中底,拉链鞋款,日常休闲,春季新款,48,男,四川省,否,23,是
826235974,回力经典运动休闲冬季保暖,回力经典,153,153,100,2317,1578,99,飞织面料,MD发泡底,魔术贴鞋,运动休闲,冬季保暖,28,女,山东省,是,5,是
357580907,鸿星尔克复古潮鞋秋季百搭,鸿星尔克,99,157,63,930,259,95,真皮柔软,EVA轻底,拉链鞋款,复古潮鞋,秋季百搭,43,男,福建省,是,17,是
486544594,鸿星尔克工装硬朗夏季透气,鸿星尔克,265,363,73,3711,517,98,真皮柔软,TPR鞋底,拉链鞋款,工装硬朗,夏季透气,63,男,河南省,是,5,是
528397897,回力经典日常休闲夏季透气,回力经典,99,162,61,1316,4979,98,超纤皮鞋,EVA轻底,松紧带鞋,日常休闲,夏季透气,32,男,浙江省,是,18,是
220090737,京东京造运动休闲冬季保暖,京东京造,142,278,51,503,1225,90,高端飞织,EVA轻底,拉链鞋款,运动休闲,冬季保暖,42,女,广东省,否,21,是
208496030,李宁休闲工装硬朗秋季百搭,李宁休闲,166,281,59,1477,7521,97,网布透气,MD发泡底,魔术贴鞋,工装硬朗,秋季百搭,40,男,河北省,否,23,否
438542175,其他品牌户外机能春季新款,其他品牌,99,115,86,884,3023,92,飞织面料,MD发泡底,套脚款式,户外机能,春季新款,44,女,河南省,否,5,是
250419143,回力经典复古潮鞋四季通用,回力经典,99,104,95,488,725,99,飞织面料,EVA轻底,系带设计,复古潮鞋,四季通用,39,女,山东省,是,11,是
823444043,京东京造工装硬朗秋季百搭,京东京造,99,194,51,416,1706,94,高端飞织,MD发泡底,拉链鞋款,工装硬朗,秋季百搭,30,女,江苏省,否,11,否
184144493,安踏运动运动休闲秋季百搭,安踏运动,99,102,97,24,5471,98,布面材质,TPR鞋底,拉链鞋款,运动休闲,秋季百搭,39,女,河南省,是,0,否
266013133,回力经典复古潮鞋冬季保暖,回力经典,164,260,63,4,848,90,高端飞织,橡胶大底,系带设计,复古潮鞋,冬季保暖,46,女,广东省,是,6,否
611498663,京东京造户外机能春季新款,京东京造,126,158,80,61,1813,93,混合材质,MD发泡底,魔术贴鞋,户外机能,春季新款,36,女,广东省,否,15,是
812063001,鸿星尔克潮流高街春季新款,鸿星尔克,141,231,61,710,798,91,真皮柔软,EVA轻底,套脚款式,潮流高街,春季新款,24,女,江苏省,是,21,否
656596213,安踏运动运动休闲夏季透气,安踏运动,99,198,50,23,421,98,超纤皮鞋,TPR鞋底,套脚款式,运动休闲,夏季透气,38,女,四川省,是,8,是
494412825,特步男鞋复古潮鞋春季新款,特步男鞋,403,720,56,1287,5285,91,网布透气,混合鞋底,拉链鞋款,复古潮鞋,春季新款,62,男,浙江省,否,10,是
265429969,李宁休闲复古潮鞋冬季保暖,李宁休闲,102,189,54,41,1399,86,布面材质,MD发泡底,系带设计,复古潮鞋,冬季保暖,48,男,湖北省,否,22,是
615380076,京东京造日常休闲春季新款,京东京造,165,201,82,1396,323,100,网布透气,混合鞋底,魔术贴鞋,日常休闲,春季新款,44,男,山东省,否,21,是
117637692,斯凯奇潮运动休闲四季通用,斯凯奇潮,99,109,91,343,745,95,真皮柔软,PU中底,魔术贴鞋,运动休闲,四季通用,59,男,河北省,是,22,是
512728222,京东京造日常休闲春季新款,京东京造,99,129,77,4416,246,94,飞织面料,EVA轻底,拉链鞋款,日常休闲,春季新款,37,女,河北省,是,21,是
149682938,特步男鞋工装硬朗四季通用,特步男鞋,165,201,82,5,398,94,布面材质,TPR鞋底,套脚款式,工装硬朗,四季通用,31,男,山东省,是,12,是
163080037,鸿星尔克运动休闲秋季百搭,鸿星尔克,131,185,71,43,893,96,飞织面料,MD发泡底,魔术贴鞋,运动休闲,秋季百搭,56,男,广东省,是,0,否
494728694,京东京造户外机能四季通用,京东京造,99,162,61,3,952,99,高端飞织,橡胶大底,拉链鞋款,户外机能,四季通用,46,女,湖北省,否,17,是
728520004,京东京造运动休闲秋季百搭,京东京造,119,128,93,1094,7627,90,混合材质,EVA轻底,魔术贴鞋,运动休闲,秋季百搭,48,男,湖北省,是,12,是
817493553,鸿星尔克复古潮鞋冬季保暖,鸿星尔克,187,217,86,1335,279,96,真皮柔软,TPR鞋底,松紧带鞋,复古潮鞋,冬季保暖,41,女,河南省,否,23,是
403998269,耐克潮流简约百搭冬季保暖,耐克潮流,161,240,67,1341,360,92,高端飞织,混合鞋底,系带设计,简约百搭,冬季保暖,34,女,四川省,否,5,否
493741122,回力经典户外机能四季通用,回力经典,99,141,70,151,3652,97,网布透气,EVA轻底,系带设计,户外机能,四季通用,60,男,山东省,是,7,是
830505803,安踏运动户外机能冬季保暖,安踏运动,131,238,55,961,400,90,网布透气,TPR鞋底,系带设计,户外机能,冬季保暖,41,男,浙江省,是,23,否
296142172,李宁休闲运动休闲夏季透气,李宁休闲,118,126,94,12,433,100,合成革鞋,PU中底,套脚款式,运动休闲,夏季透气,57,男,四川省,否,22,否
927407417,李宁休闲工装硬朗秋季百搭,李宁休闲,156,229,68,1054,2322,92,超纤皮鞋,MD发泡底,魔术贴鞋,工装硬朗,秋季百搭,43,女,河北省,否,20,是
223471546,其他品牌日常休闲冬季保暖,其他品牌,326,384,85,744,3088,86,飞织面料,混合鞋底,系带设计,日常休闲,冬季保暖,37,男,河南省,是,15,是
814513145,其他品牌运动休闲夏季透气,其他品牌,294,576,51,986,524,97,高端飞织,EVA轻底,系带设计,运动休闲,夏季透气,47,女,河南省,是,2,否
971046191,李宁休闲工装硬朗春季新款,李宁休闲,99,187,53,1115,396,95,高端飞织,TPR鞋底,松紧带鞋,工装硬朗,春季新款,48,男,四川省,否,8,是
979415183,阿迪达斯工装硬朗夏季透气,阿迪达斯,99,103,96,1203,1592,91,超纤皮鞋,橡胶大底,拉链鞋款,工装硬朗,夏季透气,49,男,广东省,是,0,否
148336996,斯凯奇潮潮流高街春季新款,斯凯奇潮,163,296,55,30,333,99,合成革鞋,MD发泡底,魔术贴鞋,潮流高街,春季新款,45,男,江苏省,是,13,是
255518290,李宁休闲运动休闲春季新款,李宁休闲,130,138,94,765,151,90,合成革鞋,橡胶大底,魔术贴鞋,运动休闲,春季新款,36,男,四川省,否,20,否
467767197,特步男鞋复古潮鞋秋季百搭,特步男鞋,387,569,68,987,981,95,真皮柔软,MD发泡底,魔术贴鞋,复古潮鞋,秋季百搭,41,男,福建省,否,0,否
514301855,其他品牌简约百搭秋季百搭,其他品牌,121,123,98,7,399,95,真皮柔软,MD发泡底,魔术贴鞋,简约百搭,秋季百搭,58,女,河北省,是,19,是
549302164,回力经典日常休闲冬季保暖,回力经典,99,112,88,123,2530,92,布面材质,EVA轻底,松紧带鞋,日常休闲,冬季保暖,53,女,山东省,是,13,是
665142907,斯凯奇潮复古潮鞋四季通用,斯凯奇潮,99,121,82,27,4017,85,网布透气,橡胶大底,拉链鞋款,复古潮鞋,四季通用,48,男,浙江省,否,9,是
508385431,鸿星尔克复古潮鞋四季通用,鸿星尔克,112,149,75,44,610,97,真皮柔软,TPR鞋底,拉链鞋款,复古潮鞋,四季通用,51,男,河北省,是,21,否
748942227,特步男鞋运动休闲秋季百搭,特步男鞋,205,373,55,1326,1959,94,超纤皮鞋,混合鞋底,松紧带鞋,运动休闲,秋季百搭,55,女,河南省,否,4,否
145669085,安踏运动工装硬朗冬季保暖,安踏运动,107,143,75,513,1570,99,飞织面料,EVA轻底,魔术贴鞋,工装硬朗,冬季保暖,51,男,河北省,否,4,否
703696393,回力经典复古潮鞋秋季百搭,回力经典,165,232,71,1,2475,94,网布透气,PU中底,套脚款式,复古潮鞋,秋季百搭,32,男,河南省,是,7,是
856602109,耐克潮流运动休闲春季新款,耐克潮流,99,141,70,2938,279,92,合成革鞋,EVA轻底,松紧带鞋,运动休闲,春季新款,44,男,河北省,是,21,是
988118920,斯凯奇潮复古潮鞋秋季百搭,斯凯奇潮,99,101,98,1078,2425,93,网布透气,MD发泡底,套脚款式,复古潮鞋,秋季百搭,41,男,河南省,否,15,是
978945047,耐克潮流复古潮鞋冬季保暖,耐克潮流,99,118,84,179,2122,98,合成革鞋,TPR鞋底,魔术贴鞋,复古潮鞋,冬季保暖,45,女,安徽省,否,23,是
595597699,其他品牌户外机能夏季透气,其他品牌,144,206,70,636,649,92,高端飞织,PU中底,拉链鞋款,户外机能,夏季透气,48,女,河北省,否,3,否
287496587,李宁休闲工装硬朗秋季百搭,李宁休闲,111,131,85,1326,1050,92,合成革鞋,PU中底,魔术贴鞋,工装硬朗,秋季百搭,49,女,福建省,否,23,否
884333498,斯凯奇潮简约百搭四季通用,斯凯奇潮,108,127,85,217,4867,90,布面材质,混合鞋底,系带设计,简约百搭,四季通用,45,男,四川省,是,3,否
165151713,回力经典日常休闲夏季透气,回力经典,138,265,52,435,12254,99,高端飞织,TPR鞋底,魔术贴鞋,日常休闲,夏季透气,59,男,浙江省,是,21,是
660174301,安踏运动简约百搭春季新款,安踏运动,134,163,82,35,953,91,合成革鞋,PU中底,松紧带鞋,简约百搭,春季新款,38,女,湖北省,否,2,是
873734122,特步男鞋复古潮鞋秋季百搭,特步男鞋,99,127,78,4474,1391,92,超纤皮鞋,MD发泡底,松紧带鞋,复古潮鞋,秋季百搭,47,男,江苏省,是,19,否
549652017,回力经典日常休闲夏季透气,回力经典,99,130,76,423,454,93,高端飞织,PU中底,系带设计,日常休闲,夏季透气,31,女,广东省,是,13,是
375745114,斯凯奇潮工装硬朗冬季保暖,斯凯奇潮,99,198,50,198,922,94,网布透气,TPR鞋底,系带设计,工装硬朗,冬季保暖,43,男,福建省,是,22,否
331054007,李宁休闲潮流高街秋季百搭,李宁休闲,156,294,53,2700,4129,99,布面材质,EVA轻底,魔术贴鞋,潮流高街,秋季百搭,60,男,广东省,否,22,是
760224424,耐克潮流运动休闲夏季透气,耐克潮流,336,415,81,394,159,87,飞织面料,橡胶大底,拉链鞋款,运动休闲,夏季透气,55,男,河北省,是,3,是
422454490,斯凯奇潮户外机能冬季保暖,斯凯奇潮,99,102,97,120,1540,92,布面材质,橡胶大底,套脚款式,户外机能,冬季保暖,37,女,山东省,是,10,是
463165935,鸿星尔克日常休闲四季通用,鸿星尔克,147,294,50,957,755,99,合成革鞋,PU中底,套脚款式,日常休闲,四季通用,40,男,四川省,是,21,是
507264098,回力经典简约百搭夏季透气,回力经典,214,240,89,1318,2533,91,超纤皮鞋,混合鞋底,系带设计,简约百搭,夏季透气,63,男,浙江省,是,22,否
946411149,特步男鞋户外机能四季通用,特步男鞋,263,355,74,15,610,93,超纤皮鞋,橡胶大底,套脚款式,户外机能,四季通用,46,男,浙江省,是,4,是
586611776,京东京造复古潮鞋秋季百搭,京东京造,99,111,89,1361,208,90,网布透气,橡胶大底,系带设计,复古潮鞋,秋季百搭,49,男,河南省,否,22,是
944862784,回力经典日常休闲秋季百搭,回力经典,141,160,88,3230,1151,94,高端飞织,PU中底,魔术贴鞋,日常休闲,秋季百搭,46,男,浙江省,是,21,是
342927733,斯凯奇潮运动休闲秋季百搭,斯凯奇潮,99,127,78,544,305,89,布面材质,混合鞋底,拉链鞋款,运动休闲,秋季百搭,43,女,浙江省,否,6,是
464342301,李宁休闲运动休闲春季新款,李宁休闲,178,247,72,1049,150,85,网布透气,EVA轻底,拉链鞋款,运动休闲,春季新款,33,女,河北省,否,20,是
323396591,鸿星尔克工装硬朗四季通用,鸿星尔克,311,471,66,90,636,97,布面材质,MD发泡底,拉链鞋款,工装硬朗,四季通用,59,女,广东省,否,10,是
311786564,回力经典工装硬朗冬季保暖,回力经典,169,282,60,501,1811,97,混合材质,混合鞋底,拉链鞋款,工装硬朗,冬季保暖,47,男,河北省,否,4,是
842098228,其他品牌运动休闲春季新款,其他品牌,99,160,62,1216,446,95,超纤皮鞋,PU中底,拉链鞋款,运动休闲,春季新款,59,男,湖北省,否,16,是
892440199,耐克潮流运动休闲四季通用,耐克潮流,111,135,82,1282,1347,91,高端飞织,TPR鞋底,套脚款式,运动休闲,四季通用,56,男,四川省,否,16,是
488988383,耐克潮流工装硬朗春季新款,耐克潮流,99,109,91,47,223,96,合成革鞋,EVA轻底,松紧带鞋,工装硬朗,春季新款,35,女,安徽省,否,14,否
389299423,回力经典日常休闲春季新款,回力经典,99,134,74,720,576,90,高端飞织,MD发泡底,松紧带鞋,日常休闲,春季新款,37,男,山东省,否,15,否
924726530,阿迪达斯户外机能四季通用,阿迪达斯,179,249,72,1095,400,94,高端飞织,EVA轻底,松紧带鞋,户外机能,四季通用,27,男,河南省,否,4,是
655906556,特步男鞋复古潮鞋春季新款,特步男鞋,271,502,54,2093,283,92,网布透气,PU中底,套脚款式,复古潮鞋,春季新款,42,女,安徽省,是,8,否
610874561,李宁休闲户外机能四季通用,李宁休闲,229,395,58,8,1711,93,合成革鞋,MD发泡底,拉链鞋款,户外机能,四季通用,37,男,浙江省,是,19,是
146557496,耐克潮流简约百搭秋季百搭,耐克潮流,109,115,95,903,5446,91,高端飞织,MD发泡底,松紧带鞋,简约百搭,秋季百搭,51,女,湖北省,是,23,是
102798271,回力经典简约百搭春季新款,回力经典,99,114,87,3591,4263,93,飞织面料,MD发泡底,系带设计,简约百搭,春季新款,41,男,江苏省,是,22,否
795222415,回力经典户外机能春季新款,回力经典,99,132,75,1114,957,100,合成革鞋,混合鞋底,魔术贴鞋,户外机能,春季新款,33,男,湖北省,否,22,否
572842214,李宁休闲户外机能四季通用,李宁休闲,99,138,72,375,2357,98,混合材质,混合鞋底,套脚款式,户外机能,四季通用,33,男,江苏省,否,23,是
986326612,回力经典日常休闲春季新款,回力经典,151,180,84,320,2338,98,混合材质,TPR鞋底,拉链鞋款,日常休闲,春季新款,47,男,广东省,否,2,是
744727645,李宁休闲复古潮鞋秋季百搭,李宁休闲,99,152,65,1254,4557,90,飞织面料,混合鞋底,拉链鞋款,复古潮鞋,秋季百搭,47,女,湖北省,否,17,否
300999496,耐克潮流简约百搭夏季透气,耐克潮流,142,142,100,871,109,100,真皮柔软,EVA轻底,系带设计,简约百搭,夏季透气,45,男,河南省,是,17,否
349836205,李宁休闲运动休闲冬季保暖,李宁休闲,373,717,52,2672,705,97,飞织面料,TPR鞋底,魔术贴鞋,运动休闲,冬季保暖,52,女,山东省,是,21,是
206484056,京东京造工装硬朗秋季百搭,京东京造,99,102,97,2688,368,90,布面材质,EVA轻底,系带设计,工装硬朗,秋季百搭,47,女,河南省,否,6,是
158581033,李宁休闲工装硬朗秋季百搭,李宁休闲,120,156,77,550,291,93,网布透气,EVA轻底,魔术贴鞋,工装硬朗,秋季百搭,53,男,河南省,是,7,否
905963095,鸿星尔克运动休闲秋季百搭,鸿星尔克,99,129,77,1298,404,94,真皮柔软,橡胶大底,系带设计,运动休闲,秋季百搭,35,男,湖北省,否,0,是
673877860,安踏运动工装硬朗冬季保暖,安踏运动,180,240,75,31,408,92,超纤皮鞋,PU中底,系带设计,工装硬朗,冬季保暖,59,女,安徽省,否,20,否
120422590,斯凯奇潮简约百搭春季新款,斯凯奇潮,99,105,94,1485,725,92,飞织面料,PU中底,魔术贴鞋,简约百搭,春季新款,51,女,山东省,否,23,是
554400795,斯凯奇潮日常休闲秋季百搭,斯凯奇潮,227,264,86,777,249,97,真皮柔软,混合鞋底,系带设计,日常休闲,秋季百搭,56,女,浙江省,是,11,否
713432796,特步男鞋户外机能夏季透气,特步男鞋,104,137,76,763,601,94,飞织面料,PU中底,拉链鞋款,户外机能,夏季透气,38,女,福建省,否,7,是
456253088,鸿星尔克日常休闲秋季百搭,鸿星尔克,99,138,72,70,762,94,飞织面料,PU中底,系带设计,日常休闲,秋季百搭,52,男,四川省,否,13,否
720483025,耐克潮流工装硬朗春季新款,耐克潮流,239,368,65,590,1228,91,真皮柔软,TPR鞋底,系带设计,工装硬朗,春季新款,55,男,浙江省,是,4,是
132831501,京东京造运动休闲春季新款,京东京造,234,300,78,794,114,91,混合材质,PU中底,拉链鞋款,运动休闲,春季新款,39,男,河南省,否,20,否
928355140,阿迪达斯复古潮鞋夏季透气,阿迪达斯,99,190,52,615,7149,91,真皮柔软,EVA轻底,套脚款式,复古潮鞋,夏季透气,34,男,广东省,是,6,否
367753981,鸿星尔克简约百搭四季通用,鸿星尔克,423,613,69,42,3481,93,布面材质,EVA轻底,套脚款式,简约百搭,四季通用,55,男,河北省,是,7,是
306301188,阿迪达斯工装硬朗夏季透气,阿迪达斯,99,105,94,572,1547,100,飞织面料,橡胶大底,拉链鞋款,工装硬朗,夏季透气,50,男,浙江省,是,23,是
638336657,京东京造复古潮鞋春季新款,京东京造,99,108,92,4328,445,98,合成革鞋,混合鞋底,松紧带鞋,复古潮鞋,春季新款,38,男,安徽省,是,21,否
186926907,鸿星尔克户外机能夏季透气,鸿星尔克,99,119,83,499,339,90,合成革鞋,混合鞋底,魔术贴鞋,户外机能,夏季透气,37,女,福建省,是,0,是
996257216,李宁休闲工装硬朗夏季透气,李宁休闲,99,187,53,13,1634,100,飞织面料,EVA轻底,拉链鞋款,工装硬朗,夏季透气,47,女,安徽省,是,13,否
163159978,特步男鞋潮流高街秋季百搭,特步男鞋,216,232,93,2711,89,92,网布透气,混合鞋底,套脚款式,潮流高街,秋季百搭,23,女,河南省,否,7,是
463845064,耐克潮流潮流高街冬季保暖,耐克潮流,99,138,72,872,4660,94,真皮柔软,TPR鞋底,套脚款式,潮流高街,冬季保暖,50,女,河南省,否,3,否
190246449,李宁休闲简约百搭秋季百搭,李宁休闲,99,187,53,1403,1923,92,合成革鞋,TPR鞋底,松紧带鞋,简约百搭,秋季百搭,54,男,广东省,否,16,否
541642567,安踏运动工装硬朗夏季透气,安踏运动,99,132,75,1103,11118,97,混合材质,EVA轻底,拉链鞋款,工装硬朗,夏季透气,39,男,湖北省,是,23,否
163130967,斯凯奇潮潮流高街春季新款,斯凯奇潮,235,322,73,198,1779,93,飞织面料,MD发泡底,拉链鞋款,潮流高街,春季新款,51,男,福建省,否,1,否
983923787,安踏运动运动休闲秋季百搭,安踏运动,99,165,60,25,902,89,布面材质,混合鞋底,魔术贴鞋,运动休闲,秋季百搭,35,女,湖北省,否,19,否
588213418,李宁休闲户外机能夏季透气,李宁休闲,178,220,81,349,4952,96,高端飞织,混合鞋底,套脚款式,户外机能,夏季透气,49,女,湖北省,是,7,否
664953252,其他品牌潮流高街春季新款,其他品牌,142,218,65,389,609,89,布面材质,MD发泡底,套脚款式,潮流高街,春季新款,48,女,河北省,是,2,否
380409046,其他品牌工装硬朗秋季百搭,其他品牌,99,115,86,713,12503,93,超纤皮鞋,橡胶大底,套脚款式,工装硬朗,秋季百搭,36,男,山东省,否,13,是
540920157,耐克潮流运动休闲冬季保暖,耐克潮流,176,200,88,553,1280,95,飞织面料,橡胶大底,魔术贴鞋,运动休闲,冬季保暖,53,女,山东省,是,21,是
865571496,鸿星尔克潮流高街冬季保暖,鸿星尔克,142,237,60,1397,23485,94,真皮柔软,TPR鞋底,系带设计,潮流高街,冬季保暖,37,女,浙江省,否,15,否
107553438,回力经典运动休闲四季通用,回力经典,99,141,70,26,1557,97,混合材质,橡胶大底,拉链鞋款,运动休闲,四季通用,43,男,四川省,是,0,是
718988549,其他品牌潮流高街夏季透气,其他品牌,162,184,88,2966,69,95,超纤皮鞋,PU中底,魔术贴鞋,潮流高街,夏季透气,42,女,湖北省,是,10,否
244432116,李宁休闲简约百搭夏季透气,李宁休闲,99,115,86,4998,837,90,布面材质,PU中底,套脚款式,简约百搭,夏季透气,56,女,山东省,是,5,否
277802553,回力经典运动休闲夏季透气,回力经典,99,148,67,781,467,87,超纤皮鞋,MD发泡底,拉链鞋款,运动休闲,夏季透气,44,男,河南省,是,12,是
222497675,耐克潮流户外机能秋季百搭,耐克潮流,121,157,77,443,1058,94,混合材质,TPR鞋底,魔术贴鞋,户外机能,秋季百搭,20,男,四川省,否,8,是
466180448,鸿星尔克户外机能冬季保暖,鸿星尔克,157,201,78,779,3779,93,混合材质,EVA轻底,松紧带鞋,户外机能,冬季保暖,31,男,安徽省,否,22,是
103937666,其他品牌简约百搭夏季透气,其他品牌,99,110,90,417,2150,95,网布透气,橡胶大底,套脚款式,简约百搭,夏季透气,63,男,广东省,是,2,是
324293611,李宁休闲潮流高街四季通用,李宁休闲,576,626,92,25,404,100,高端飞织,EVA轻底,松紧带鞋,潮流高街,四季通用,41,男,四川省,是,23,是
782473698,鸿星尔克户外机能四季通用,鸿星尔克,232,270,86,2780,1525,93,网布透气,橡胶大底,系带设计,户外机能,四季通用,40,女,广东省,否,8,否
834259465,其他品牌复古潮鞋夏季透气,其他品牌,165,295,56,908,133,93,真皮柔软,橡胶大底,魔术贴鞋,复古潮鞋,夏季透气,50,男,四川省,是,8,否
400756660,阿迪达斯运动休闲四季通用,阿迪达斯,195,295,66,887,203,96,高端飞织,TPR鞋底,拉链鞋款,运动休闲,四季通用,39,女,安徽省,否,22,否
509804602,安踏运动日常休闲夏季透气,安踏运动,99,100,99,1246,206,92,高端飞织,TPR鞋底,套脚款式,日常休闲,夏季透气,57,女,河南省,是,16,否
598138095,回力经典日常休闲四季通用,回力经典,110,126,87,1361,2973,90,网布透气,TPR鞋底,魔术贴鞋,日常休闲,四季通用,49,男,湖北省,是,14,否
154443924,京东京造简约百搭四季通用,京东京造,110,169,65,1148,364,93,网布透气,橡胶大底,套脚款式,简约百搭,四季通用,47,女,江苏省,是,3,否
823041144,其他品牌日常休闲冬季保暖,其他品牌,139,170,82,177,1301,90,飞织面料,EVA轻底,松紧带鞋,日常休闲,冬季保暖,36,女,山东省,是,23,是
761670986,斯凯奇潮简约百搭四季通用,斯凯奇潮,157,234,67,1415,1220,94,合成革鞋,MD发泡底,魔术贴鞋,简约百搭,四季通用,34,女,安徽省,否,3,是
754240033,京东京造潮流高街春季新款,京东京造,272,340,80,3026,5745,86,超纤皮鞋,橡胶大底,魔术贴鞋,潮流高街,春季新款,42,女,四川省,是,0,否
542832689,特步男鞋运动休闲冬季保暖,特步男鞋,211,254,83,1326,1365,89,网布透气,EVA轻底,魔术贴鞋,运动休闲,冬季保暖,54,女,江苏省,否,7,否
221897078,回力经典运动休闲秋季百搭,回力经典,171,225,76,801,721,98,布面材质,橡胶大底,松紧带鞋,运动休闲,秋季百搭,30,男,福建省,是,22,是
209193896,安踏运动运动休闲四季通用,安踏运动,99,106,93,398,431,96,混合材质,MD发泡底,松紧带鞋,运动休闲,四季通用,58,男,河南省,否,19,是
274620700,京东京造简约百搭秋季百搭,京东京造,99,101,98,1156,1737,96,真皮柔软,混合鞋底,套脚款式,简约百搭,秋季百搭,44,男,广东省,否,16,是
901684743,李宁休闲潮流高街冬季保暖,李宁休闲,121,155,78,2609,1048,92,网布透气,TPR鞋底,系带设计,潮流高街,冬季保暖,62,女,广东省,是,22,是
359445790,斯凯奇潮潮流高街冬季保暖,斯凯奇潮,131,164,80,47,1001,97,高端飞织,橡胶大底,套脚款式,潮流高街,冬季保暖,57,男,福建省,是,14,是
176871256,耐克潮流日常休闲四季通用,耐克潮流,99,108,92,49,1403,97,真皮柔软,MD发泡底,松紧带鞋,日常休闲,四季通用,51,男,河北省,否,6,是
469023954,耐克潮流日常休闲秋季百搭,耐克潮流,99,143,69,1408,1733,92,合成革鞋,EVA轻底,魔术贴鞋,日常休闲,秋季百搭,44,女,湖北省,是,16,是
400050604,鸿星尔克运动休闲夏季透气,鸿星尔克,99,103,96,19,705,94,混合材质,混合鞋底,拉链鞋款,运动休闲,夏季透气,51,女,河北省,是,0,否
808735359,回力经典运动休闲秋季百搭,回力经典,99,177,56,908,631,93,真皮柔软,橡胶大底,系带设计,运动休闲,秋季百搭,45,女,江苏省,是,16,是
704954774,李宁休闲运动休闲春季新款,李宁休闲,154,208,74,1291,3722,100,网布透气,MD发泡底,拉链鞋款,运动休闲,春季新款,45,女,江苏省,否,20,否
409179905,京东京造户外机能春季新款,京东京造,177,201,88,15,455,90,混合材质,EVA轻底,套脚款式,户外机能,春季新款,49,女,河北省,是,1,是
953351698,其他品牌简约百搭春季新款,其他品牌,99,165,60,1377,1282,94,飞织面料,EVA轻底,系带设计,简约百搭,春季新款,56,女,山东省,否,2,是
367920965,京东京造潮流高街秋季百搭,京东京造,115,198,58,47,610,97,合成革鞋,TPR鞋底,拉链鞋款,潮流高街,秋季百搭,51,男,安徽省,是,9,是
824702254,耐克潮流日常休闲冬季保暖,耐克潮流,99,139,71,175,1244,92,网布透气,混合鞋底,松紧带鞋,日常休闲,冬季保暖,41,女,安徽省,是,13,是
625863851,其他品牌复古潮鞋秋季百搭,其他品牌,174,300,58,589,133,96,超纤皮鞋,TPR鞋底,套脚款式,复古潮鞋,秋季百搭,38,女,山东省,是,3,否
373690528,回力经典简约百搭秋季百搭,回力经典,99,150,66,15,1502,95,布面材质,TPR鞋底,魔术贴鞋,简约百搭,秋季百搭,54,男,浙江省,是,2,是
389259177,京东京造潮流高街夏季透气,京东京造,368,511,72,47,740,95,飞织面料,TPR鞋底,魔术贴鞋,潮流高街,夏季透气,49,女,四川省,否,14,是
503706080,京东京造户外机能四季通用,京东京造,99,150,66,1262,138,92,合成革鞋,TPR鞋底,拉链鞋款,户外机能,四季通用,47,男,河北省,否,11,否
167087009,回力经典工装硬朗冬季保暖,回力经典,178,247,72,672,529,95,超纤皮鞋,EVA轻底,松紧带鞋,工装硬朗,冬季保暖,40,男,湖北省,是,21,否
887399751,京东京造工装硬朗夏季透气,京东京造,99,143,69,1163,933,93,高端飞织,橡胶大底,套脚款式,工装硬朗,夏季透气,45,女,安徽省,是,21,是
483936653,鸿星尔克潮流高街四季通用,鸿星尔克,145,254,57,36,452,92,网布透气,MD发泡底,魔术贴鞋,潮流高街,四季通用,55,男,湖北省,否,22,是
903305564,耐克潮流户外机能四季通用,耐克潮流,99,134,74,21,3173,100,高端飞织,PU中底,系带设计,户外机能,四季通用,57,女,广东省,否,10,否
467948889,耐克潮流潮流高街夏季透气,耐克潮流,99,101,98,485,599,96,混合材质,TPR鞋底,套脚款式,潮流高街,夏季透气,38,女,浙江省,否,20,是
596764267,耐克潮流潮流高街春季新款,耐克潮流,281,407,69,198,2406,98,布面材质,EVA轻底,松紧带鞋,潮流高街,春季新款,46,男,广东省,否,7,否
121081986,京东京造运动休闲秋季百搭,京东京造,99,108,92,4272,596,95,飞织面料,EVA轻底,魔术贴鞋,运动休闲,秋季百搭,56,男,安徽省,是,23,是
225499112,安踏运动户外机能秋季百搭,安踏运动,177,347,51,2483,1227,98,高端飞织,EVA轻底,松紧带鞋,户外机能,秋季百搭,47,女,江苏省,否,9,是
768877796,鸿星尔克潮流高街四季通用,鸿星尔克,99,143,69,4531,2207,97,布面材质,橡胶大底,套脚款式,潮流高街,四季通用,48,女,山东省,否,21,否
832295482,安踏运动潮流高街冬季保暖,安踏运动,99,125,79,1039,4401,93,混合材质,MD发泡底,松紧带鞋,潮流高街,冬季保暖,56,女,山东省,否,20,是
630569870,回力经典工装硬朗夏季透气,回力经典,213,318,67,8,2123,95,高端飞织,TPR鞋底,系带设计,工装硬朗,夏季透气,45,女,广东省,否,13,否
574832135,阿迪达斯日常休闲夏季透气,阿迪达斯,99,183,54,453,677,89,布面材质,PU中底,系带设计,日常休闲,夏季透气,52,女,福建省,是,13,否
668990721,其他品牌工装硬朗春季新款,其他品牌,118,149,79,1195,2310,95,真皮柔软,TPR鞋底,魔术贴鞋,工装硬朗,春季新款,55,女,安徽省,是,3,是
815617042,京东京造运动休闲夏季透气,京东京造,99,125,79,176,2890,97,飞织面料,EVA轻底,拉链鞋款,运动休闲,夏季透气,45,女,山东省,是,10,否
720649016,京东京造潮流高街秋季百搭,京东京造,99,171,58,3768,11364,94,超纤皮鞋,橡胶大底,系带设计,潮流高街,秋季百搭,48,女,河北省,是,18,否
681203425,李宁休闲户外机能春季新款,李宁休闲,349,499,70,115,221,92,超纤皮鞋,橡胶大底,拉链鞋款,户外机能,春季新款,34,男,广东省,是,1,是
556587599,京东京造复古潮鞋秋季百搭,京东京造,399,438,91,4217,1343,92,超纤皮鞋,MD发泡底,套脚款式,复古潮鞋,秋季百搭,30,女,山东省,是,23,否
537136628,鸿星尔克运动休闲秋季百搭,鸿星尔克,262,294,89,43,763,92,合成革鞋,TPR鞋底,套脚款式,运动休闲,秋季百搭,56,女,湖北省,是,18,否
328788010,特步男鞋复古潮鞋秋季百搭,特步男鞋,99,146,68,2842,156,98,飞织面料,混合鞋底,松紧带鞋,复古潮鞋,秋季百搭,41,男,江苏省,是,15,是
704694856,特步男鞋运动休闲秋季百搭,特步男鞋,217,388,56,1151,980,97,合成革鞋,混合鞋底,拉链鞋款,运动休闲,秋季百搭,43,男,安徽省,否,10,否
240515887,耐克潮流日常休闲秋季百搭,耐克潮流,99,165,60,38,2213,93,布面材质,MD发泡底,系带设计,日常休闲,秋季百搭,36,男,安徽省,是,22,否
230218122,鸿星尔克日常休闲夏季透气,鸿星尔克,111,146,76,482,1925,97,真皮柔软,MD发泡底,拉链鞋款,日常休闲,夏季透气,55,男,湖北省,是,23,是
788781525,其他品牌工装硬朗四季通用,其他品牌,205,347,59,3335,4642,92,高端飞织,EVA轻底,套脚款式,工装硬朗,四季通用,50,男,浙江省,是,4,是
677115505,耐克潮流运动休闲夏季透气,耐克潮流,99,165,60,706,1576,95,混合材质,MD发泡底,套脚款式,运动休闲,夏季透气,53,男,福建省,否,15,是
839023074,鸿星尔克运动休闲春季新款,鸿星尔克,244,334,73,4507,130,96,高端飞织,橡胶大底,套脚款式,运动休闲,春季新款,47,男,河北省,否,22,否
123898843,京东京造工装硬朗春季新款,京东京造,158,193,82,323,1040,91,布面材质,EVA轻底,系带设计,工装硬朗,春季新款,57,男,四川省,否,1,否
241633684,斯凯奇潮复古潮鞋秋季百搭,斯凯奇潮,257,262,98,204,339,97,高端飞织,MD发泡底,套脚款式,复古潮鞋,秋季百搭,51,男,广东省,是,20,是
577866906,阿迪达斯日常休闲四季通用,阿迪达斯,99,104,95,1022,146,94,高端飞织,MD发泡底,松紧带鞋,日常休闲,四季通用,43,男,湖北省,是,9,否
103890930,安踏运动工装硬朗四季通用,安踏运动,194,220,88,471,413,94,飞织面料,EVA轻底,拉链鞋款,工装硬朗,四季通用,43,男,河北省,是,20,是
830772865,其他品牌户外机能四季通用,其他品牌,217,289,75,3096,9918,88,真皮柔软,EVA轻底,套脚款式,户外机能,四季通用,43,女,浙江省,是,22,是
202094334,京东京造潮流高街冬季保暖,京东京造,160,170,94,548,1129,97,布面材质,MD发泡底,系带设计,潮流高街,冬季保暖,58,男,福建省,否,22,否
809731765,其他品牌简约百搭春季新款,其他品牌,169,307,55,5,1886,96,真皮柔软,EVA轻底,套脚款式,简约百搭,春季新款,47,女,福建省,是,22,否
844483095,特步男鞋复古潮鞋秋季百搭,特步男鞋,127,146,87,737,115,87,飞织面料,橡胶大底,拉链鞋款,复古潮鞋,秋季百搭,41,女,广东省,是,17,是
262133057,回力经典简约百搭春季新款,回力经典,119,186,64,976,308,90,混合材质,PU中底,魔术贴鞋,简约百搭,春季新款,47,女,浙江省,是,12,否
112147363,斯凯奇潮户外机能夏季透气,斯凯奇潮,185,213,87,15,267,96,超纤皮鞋,MD发泡底,魔术贴鞋,户外机能,夏季透气,38,男,广东省,是,23,是
815955837,京东京造户外机能四季通用,京东京造,353,372,95,1174,5036,94,飞织面料,橡胶大底,系带设计,户外机能,四季通用,40,男,山东省,否,3,否
639753386,鸿星尔克潮流高街春季新款,鸿星尔克,99,124,80,427,1601,100,飞织面料,MD发泡底,魔术贴鞋,潮流高街,春季新款,49,男,山东省,否,0,是
436753961,斯凯奇潮简约百搭夏季透气,斯凯奇潮,108,161,67,448,1375,95,网布透气,PU中底,魔术贴鞋,简约百搭,夏季透气,51,男,广东省,是,23,是
483881247,耐克潮流简约百搭夏季透气,耐克潮流,130,220,59,1145,96,86,真皮柔软,EVA轻底,松紧带鞋,简约百搭,夏季透气,52,女,安徽省,是,22,否
453685202,李宁休闲潮流高街四季通用,李宁休闲,99,103,96,220,478,97,真皮柔软,MD发泡底,套脚款式,潮流高街,四季通用,62,男,河北省,是,23,是
515965020,其他品牌日常休闲秋季百搭,其他品牌,99,152,65,800,1227,90,混合材质,橡胶大底,拉链鞋款,日常休闲,秋季百搭,46,男,河北省,是,21,是
314533750,京东京造简约百搭秋季百搭,京东京造,99,119,83,33,3786,95,高端飞织,MD发泡底,魔术贴鞋,简约百搭,秋季百搭,50,女,福建省,否,3,是
351944846,安踏运动潮流高街四季通用,安踏运动,121,134,90,83,449,91,网布透气,混合鞋底,魔术贴鞋,潮流高街,四季通用,36,女,河南省,是,20,是
535131575,李宁休闲户外机能秋季百搭,李宁休闲,99,157,63,783,366,95,超纤皮鞋,MD发泡底,魔术贴鞋,户外机能,秋季百搭,50,女,山东省,否,20,否
992035132,鸿星尔克运动休闲冬季保暖,鸿星尔克,146,247,59,1396,2897,96,混合材质,TPR鞋底,魔术贴鞋,运动休闲,冬季保暖,60,女,广东省,是,18,否
808687520,鸿星尔克复古潮鞋四季通用,鸿星尔克,163,170,96,49,7759,97,超纤皮鞋,橡胶大底,松紧带鞋,复古潮鞋,四季通用,49,女,福建省,否,19,是
111688405,回力经典潮流高街四季通用,回力经典,99,183,54,124,462,91,真皮柔软,PU中底,拉链鞋款,潮流高街,四季通用,40,女,湖北省,否,2,是
138424829,鸿星尔克运动休闲四季通用,鸿星尔克,185,226,82,124,105,88,真皮柔软,MD发泡底,拉链鞋款,运动休闲,四季通用,48,女,山东省,否,13,是
554441520,特步男鞋日常休闲冬季保暖,特步男鞋,176,191,92,1277,225,97,合成革鞋,EVA轻底,套脚款式,日常休闲,冬季保暖,50,男,江苏省,否,4,是
639687461,京东京造复古潮鞋秋季百搭,京东京造,188,244,77,1350,896,85,超纤皮鞋,MD发泡底,松紧带鞋,复古潮鞋,秋季百搭,45,女,山东省,否,20,是
145683688,特步男鞋工装硬朗四季通用,特步男鞋,126,252,50,4769,1833,94,超纤皮鞋,橡胶大底,拉链鞋款,工装硬朗,四季通用,49,男,四川省,否,22,否
777485717,耐克潮流日常休闲秋季百搭,耐克潮流,99,132,75,2861,2652,97,混合材质,MD发泡底,拉链鞋款,日常休闲,秋季百搭,48,女,安徽省,否,3,否
832833039,回力经典日常休闲春季新款,回力经典,428,492,87,753,528,93,真皮柔软,PU中底,拉链鞋款,日常休闲,春季新款,47,女,湖北省,是,7,否
991463979,特步男鞋户外机能夏季透气,特步男鞋,174,189,92,97,295,95,布面材质,PU中底,系带设计,户外机能,夏季透气,47,女,四川省,否,5,否
649211922,李宁休闲复古潮鞋夏季透气,李宁休闲,99,119,83,3340,392,91,合成革鞋,EVA轻底,拉链鞋款,复古潮鞋,夏季透气,38,男,河南省,是,20,是
293610598,回力经典潮流高街秋季百搭,回力经典,137,201,68,594,1166,96,超纤皮鞋,橡胶大底,套脚款式,潮流高街,秋季百搭,59,女,江苏省,是,13,否
171107525,安踏运动工装硬朗秋季百搭,安踏运动,128,158,81,1113,192,98,飞织面料,EVA轻底,系带设计,工装硬朗,秋季百搭,36,女,福建省,是,8,是
182705654,回力经典潮流高街春季新款,回力经典,212,342,62,314,322,94,超纤皮鞋,EVA轻底,松紧带鞋,潮流高街,春季新款,49,女,河南省,是,16,否
103505231,斯凯奇潮日常休闲冬季保暖,斯凯奇潮,99,165,60,1166,344,99,超纤皮鞋,MD发泡底,拉链鞋款,日常休闲,冬季保暖,21,女,福建省,是,22,是
269409498,京东京造日常休闲秋季百搭,京东京造,205,209,98,1277,2764,94,网布透气,EVA轻底,套脚款式,日常休闲,秋季百搭,47,男,山东省,否,23,是
943878772,耐克潮流简约百搭秋季百搭,耐克潮流,99,115,86,2377,244,92,布面材质,TPR鞋底,拉链鞋款,简约百搭,秋季百搭,41,男,河北省,否,17,否
331713626,斯凯奇潮复古潮鞋冬季保暖,斯凯奇潮,99,136,73,608,2110,94,混合材质,EVA轻底,松紧带鞋,复古潮鞋,冬季保暖,46,女,河北省,否,11,是
154634163,李宁休闲户外机能四季通用,李宁休闲,155,167,93,1239,349,99,网布透气,橡胶大底,魔术贴鞋,户外机能,四季通用,38,男,广东省,是,8,否
251922810,京东京造户外机能四季通用,京东京造,99,183,54,735,4076,90,超纤皮鞋,MD发泡底,松紧带鞋,户外机能,四季通用,47,男,湖北省,是,8,是
701027533,阿迪达斯简约百搭四季通用,阿迪达斯,493,580,85,466,138,95,超纤皮鞋,EVA轻底,套脚款式,简约百搭,四季通用,42,女,河南省,否,21,是
369475645,耐克潮流简约百搭四季通用,耐克潮流,99,102,97,270,718,96,合成革鞋,TPR鞋底,魔术贴鞋,简约百搭,四季通用,52,男,浙江省,否,22,否
251167992,回力经典工装硬朗秋季百搭,回力经典,150,217,69,49,521,94,飞织面料,MD发泡底,系带设计,工装硬朗,秋季百搭,47,女,河北省,否,21,是
230499901,阿迪达斯潮流高街四季通用,阿迪达斯,143,157,91,23,8333,93,布面材质,混合鞋底,松紧带鞋,潮流高街,四季通用,43,男,福建省,否,12,否
877921791,李宁休闲日常休闲夏季透气,李宁休闲,142,273,52,1363,220,96,混合材质,混合鞋底,拉链鞋款,日常休闲,夏季透气,41,女,河北省,是,14,是
103658988,斯凯奇潮户外机能秋季百搭,斯凯奇潮,264,440,60,3378,784,85,混合材质,橡胶大底,拉链鞋款,户外机能,秋季百搭,50,女,浙江省,否,7,是
507420643,耐克潮流复古潮鞋春季新款,耐克潮流,99,127,78,1043,1061,99,布面材质,PU中底,套脚款式,复古潮鞋,春季新款,65,男,浙江省,是,13,是
553799705,斯凯奇潮潮流高街春季新款,斯凯奇潮,108,208,52,902,535,90,飞织面料,PU中底,魔术贴鞋,潮流高街,春季新款,60,男,山东省,否,4,是
817946637,回力经典潮流高街夏季透气,回力经典,99,139,71,20,265,97,布面材质,混合鞋底,松紧带鞋,潮流高街,夏季透气,50,女,江苏省,是,22,是
533390778,回力经典运动休闲冬季保暖,回力经典,101,160,63,33,356,96,合成革鞋,PU中底,松紧带鞋,运动休闲,冬季保暖,52,女,四川省,否,23,否
722978194,特步男鞋日常休闲夏季透气,特步男鞋,289,298,97,1311,802,97,超纤皮鞋,混合鞋底,魔术贴鞋,日常休闲,夏季透气,40,女,河南省,是,23,否
212069025,其他品牌户外机能夏季透气,其他品牌,99,127,78,430,8689,91,高端飞织,橡胶大底,魔术贴鞋,户外机能,夏季透气,60,女,广东省,否,2,是
839248075,京东京造潮流高街春季新款,京东京造,99,119,83,3236,1115,100,网布透气,EVA轻底,拉链鞋款,潮流高街,春季新款,50,男,河南省,否,10,是
305793294,李宁休闲复古潮鞋春季新款,李宁休闲,99,129,77,1360,1880,94,高端飞织,橡胶大底,拉链鞋款,复古潮鞋,春季新款,55,男,浙江省,是,23,否
740767588,李宁休闲户外机能四季通用,李宁休闲,99,136,73,40,1270,93,超纤皮鞋,MD发泡底,拉链鞋款,户外机能,四季通用,31,女,江苏省,否,6,是
410406135,回力经典潮流高街秋季百搭,回力经典,142,218,65,1027,798,93,高端飞织,橡胶大底,魔术贴鞋,潮流高街,秋季百搭,53,男,安徽省,是,11,否
340429228,李宁休闲潮流高街春季新款,李宁休闲,347,609,57,49,3616,97,混合材质,TPR鞋底,套脚款式,潮流高街,春季新款,51,男,山东省,是,17,否
410316842,京东京造户外机能春季新款,京东京造,188,216,87,835,1043,97,飞织面料,混合鞋底,魔术贴鞋,户外机能,春季新款,30,女,江苏省,否,20,是
218219705,阿迪达斯复古潮鞋冬季保暖,阿迪达斯,126,159,79,0,1081,99,超纤皮鞋,MD发泡底,系带设计,复古潮鞋,冬季保暖,42,女,山东省,否,15,否
976963162,阿迪达斯潮流高街秋季百搭,阿迪达斯,114,152,75,1386,314,94,飞织面料,混合鞋底,系带设计,潮流高街,秋季百搭,43,男,浙江省,是,21,是
911940751,特步男鞋工装硬朗秋季百搭,特步男鞋,99,143,69,1165,995,90,布面材质,TPR鞋底,魔术贴鞋,工装硬朗,秋季百搭,43,男,湖北省,是,16,是
772098484,李宁休闲复古潮鞋四季通用,李宁休闲,288,488,59,20,5130,100,混合材质,橡胶大底,套脚款式,复古潮鞋,四季通用,33,女,山东省,是,22,否
347463563,斯凯奇潮日常休闲夏季透气,斯凯奇潮,188,238,79,513,3805,97,布面材质,EVA轻底,魔术贴鞋,日常休闲,夏季透气,47,男,广东省,否,21,否
606481528,京东京造工装硬朗冬季保暖,京东京造,133,215,62,192,583,94,飞织面料,橡胶大底,松紧带鞋,工装硬朗,冬季保暖,53,女,浙江省,是,17,是
139976746,其他品牌日常休闲春季新款,其他品牌,99,180,55,1052,111,92,布面材质,TPR鞋底,魔术贴鞋,日常休闲,春季新款,49,男,河南省,是,18,否
542184102,阿迪达斯工装硬朗夏季透气,阿迪达斯,114,175,65,75,191,94,飞织面料,MD发泡底,系带设计,工装硬朗,夏季透气,55,女,河北省,否,4,是
203315691,耐克潮流复古潮鞋秋季百搭,耐克潮流,102,196,52,347,175,92,合成革鞋,EVA轻底,魔术贴鞋,复古潮鞋,秋季百搭,59,男,安徽省,是,12,否
908236279,阿迪达斯潮流高街夏季透气,阿迪达斯,249,429,58,1126,285,96,混合材质,EVA轻底,套脚款式,潮流高街,夏季透气,58,女,广东省,否,15,否
710978496,李宁休闲潮流高街四季通用,李宁休闲,183,359,51,1185,10703,92,高端飞织,EVA轻底,松紧带鞋,潮流高街,四季通用,36,男,安徽省,是,13,是
903058969,京东京造户外机能秋季百搭,京东京造,149,261,57,1180,345,96,布面材质,PU中底,系带设计,户外机能,秋季百搭,46,女,河南省,是,22,否
989471384,京东京造复古潮鞋四季通用,京东京造,99,101,98,22,2023,94,高端飞织,EVA轻底,套脚款式,复古潮鞋,四季通用,60,女,河北省,是,17,是
196396743,鸿星尔克日常休闲夏季透气,鸿星尔克,99,110,90,526,1320,90,布面材质,EVA轻底,系带设计,日常休闲,夏季透气,33,女,河北省,是,21,是
444453635,特步男鞋简约百搭春季新款,特步男鞋,99,171,58,2843,4228,100,网布透气,TPR鞋底,松紧带鞋,简约百搭,春季新款,40,男,安徽省,是,6,否
272695636,阿迪达斯户外机能秋季百搭,阿迪达斯,99,112,88,240,5893,94,高端飞织,橡胶大底,魔术贴鞋,户外机能,秋季百搭,42,女,河南省,是,18,是
789300589,耐克潮流工装硬朗夏季透气,耐克潮流,99,180,55,128,1209,97,布面材质,混合鞋底,系带设计,工装硬朗,夏季透气,53,女,安徽省,是,23,是
527587758,其他品牌工装硬朗春季新款,其他品牌,219,337,65,47,929,99,网布透气,PU中底,系带设计,工装硬朗,春季新款,54,男,广东省,否,18,否
753262953,阿迪达斯户外机能冬季保暖,阿迪达斯,99,109,91,1177,769,95,超纤皮鞋,EVA轻底,套脚款式,户外机能,冬季保暖,52,男,河南省,是,6,否
193424790,鸿星尔克潮流高街秋季百搭,鸿星尔克,142,142,100,1480,3728,92,超纤皮鞋,混合鞋底,拉链鞋款,潮流高街,秋季百搭,32,男,河北省,否,13,是
524092916,京东京造工装硬朗秋季百搭,京东京造,505,561,90,459,1258,90,混合材质,PU中底,套脚款式,工装硬朗,秋季百搭,55,女,湖北省,否,1,是
941718141,阿迪达斯户外机能春季新款,阿迪达斯,489,923,53,4923,1218,100,合成革鞋,EVA轻底,套脚款式,户外机能,春季新款,44,男,广东省,否,2,是
339119988,回力经典潮流高街夏季透气,回力经典,107,123,87,940,4897,93,合成革鞋,MD发泡底,套脚款式,潮流高街,夏季透气,47,女,河北省,否,22,否
981453203,安踏运动运动休闲夏季透气,安踏运动,154,220,70,229,283,95,超纤皮鞋,MD发泡底,套脚款式,运动休闲,夏季透气,58,女,福建省,是,21,否
374021942,耐克潮流潮流高街夏季透气,耐克潮流,99,125,79,1162,424,92,混合材质,PU中底,套脚款式,潮流高街,夏季透气,49,男,河南省,否,22,否
948469387,耐克潮流潮流高街春季新款,耐克潮流,99,130,76,11,3325,98,混合材质,混合鞋底,魔术贴鞋,潮流高街,春季新款,56,女,河北省,否,5,否
501121497,耐克潮流复古潮鞋夏季透气,耐克潮流,194,353,55,3475,2550,85,合成革鞋,EVA轻底,松紧带鞋,复古潮鞋,夏季透气,52,男,河北省,是,19,是
524618655,鸿星尔克复古潮鞋夏季透气,鸿星尔克,141,148,95,25,1643,93,真皮柔软,橡胶大底,拉链鞋款,复古潮鞋,夏季透气,44,女,四川省,是,16,是
295554243,特步男鞋运动休闲四季通用,特步男鞋,228,321,71,4530,668,91,高端飞织,MD发泡底,拉链鞋款,运动休闲,四季通用,54,男,河北省,是,21,否
531538051,耐克潮流复古潮鞋秋季百搭,耐克潮流,99,118,84,658,1317,95,飞织面料,橡胶大底,套脚款式,复古潮鞋,秋季百搭,45,女,湖北省,否,16,是
805788419,安踏运动潮流高街夏季透气,安踏运动,99,111,89,3992,1040,85,高端飞织,混合鞋底,松紧带鞋,潮流高街,夏季透气,45,男,四川省,否,14,否
384862408,耐克潮流户外机能四季通用,耐克潮流,187,195,96,863,1332,85,超纤皮鞋,TPR鞋底,松紧带鞋,户外机能,四季通用,43,男,安徽省,否,11,否
503182700,耐克潮流潮流高街四季通用,耐克潮流,255,370,69,2635,686,97,飞织面料,橡胶大底,套脚款式,潮流高街,四季通用,47,男,浙江省,是,17,否
454335973,阿迪达斯工装硬朗四季通用,阿迪达斯,157,291,54,44,5921,88,超纤皮鞋,MD发泡底,松紧带鞋,工装硬朗,四季通用,59,女,广东省,是,5,否
263595928,回力经典工装硬朗夏季透气,回力经典,99,171,58,28,4654,99,飞织面料,PU中底,松紧带鞋,工装硬朗,夏季透气,45,女,河南省,是,4,是
368087281,特步男鞋运动休闲春季新款,特步男鞋,143,247,58,636,426,98,真皮柔软,混合鞋底,套脚款式,运动休闲,春季新款,57,女,浙江省,是,21,是
115851084,安踏运动日常休闲秋季百搭,安踏运动,177,281,63,8,1786,91,布面材质,MD发泡底,套脚款式,日常休闲,秋季百搭,48,女,安徽省,是,21,否
190075202,阿迪达斯户外机能春季新款,阿迪达斯,99,130,76,546,3502,95,飞织面料,橡胶大底,拉链鞋款,户外机能,春季新款,40,女,广东省,否,15,否
727034098,特步男鞋潮流高街冬季保暖,特步男鞋,99,110,90,4581,52,94,超纤皮鞋,PU中底,系带设计,潮流高街,冬季保暖,42,男,江苏省,是,7,是
465419651,阿迪达斯潮流高街冬季保暖,阿迪达斯,99,130,76,886,567,96,合成革鞋,EVA轻底,松紧带鞋,潮流高街,冬季保暖,47,男,河南省,是,5,否
206809044,鸿星尔克简约百搭秋季百搭,鸿星尔克,99,150,66,35,2196,96,布面材质,MD发泡底,松紧带鞋,简约百搭,秋季百搭,52,女,河北省,否,21,是
779163653,鸿星尔克户外机能春季新款,鸿星尔克,99,187,53,397,11574,91,超纤皮鞋,EVA轻底,拉链鞋款,户外机能,春季新款,53,女,安徽省,否,1,否
641668839,耐克潮流复古潮鞋夏季透气,耐克潮流,262,305,86,1456,1042,91,超纤皮鞋,混合鞋底,拉链鞋款,复古潮鞋,夏季透气,59,男,河北省,是,13,是
627414453,回力经典日常休闲秋季百搭,回力经典,164,173,95,1062,609,98,布面材质,橡胶大底,魔术贴鞋,日常休闲,秋季百搭,31,女,江苏省,否,5,是
544151368,耐克潮流工装硬朗四季通用,耐克潮流,112,142,79,1070,1205,92,混合材质,混合鞋底,套脚款式,工装硬朗,四季通用,53,男,河北省,否,23,是
508167510,阿迪达斯运动休闲秋季百搭,阿迪达斯,132,169,78,1127,6211,95,超纤皮鞋,MD发泡底,套脚款式,运动休闲,秋季百搭,55,女,浙江省,否,21,是
824577175,安踏运动运动休闲秋季百搭,安踏运动,99,102,97,1256,727,97,合成革鞋,MD发泡底,松紧带鞋,运动休闲,秋季百搭,49,女,山东省,否,21,否
846715986,京东京造工装硬朗四季通用,京东京造,99,125,79,460,1414,93,布面材质,橡胶大底,套脚款式,工装硬朗,四季通用,46,女,福建省,是,20,是
984242092,斯凯奇潮复古潮鞋夏季透气,斯凯奇潮,99,139,71,36,377,95,超纤皮鞋,混合鞋底,套脚款式,复古潮鞋,夏季透气,35,女,四川省,否,18,是
987066376,耐克潮流潮流高街秋季百搭,耐克潮流,166,241,69,539,2615,87,混合材质,混合鞋底,拉链鞋款,潮流高街,秋季百搭,39,男,四川省,否,22,是
709924677,安踏运动运动休闲秋季百搭,安踏运动,125,152,82,3180,2026,96,布面材质,混合鞋底,松紧带鞋,运动休闲,秋季百搭,42,男,安徽省,否,18,否
963040310,特步男鞋简约百搭四季通用,特步男鞋,248,292,85,828,855,91,高端飞织,PU中底,松紧带鞋,简约百搭,四季通用,51,女,湖北省,否,6,是
111683813,回力经典运动休闲四季通用,回力经典,122,147,83,570,42,96,飞织面料,橡胶大底,拉链鞋款,运动休闲,四季通用,43,女,广东省,是,11,是
147693773,特步男鞋运动休闲四季通用,特步男鞋,99,177,56,2426,4991,90,混合材质,EVA轻底,魔术贴鞋,运动休闲,四季通用,40,女,福建省,否,2,否
306619374,阿迪达斯日常休闲冬季保暖,阿迪达斯,115,140,82,6,469,92,布面材质,MD发泡底,松紧带鞋,日常休闲,冬季保暖,52,男,福建省,否,14,否
326997588,李宁休闲潮流高街秋季百搭,李宁休闲,192,356,54,1,2712,97,布面材质,橡胶大底,拉链鞋款,潮流高街,秋季百搭,35,女,河北省,否,8,是
964253178,耐克潮流日常休闲四季通用,耐克潮流,465,500,93,723,355,90,混合材质,PU中底,拉链鞋款,日常休闲,四季通用,55,男,浙江省,是,15,否
660031311,耐克潮流简约百搭四季通用,耐克潮流,145,238,61,49,8921,94,真皮柔软,TPR鞋底,拉链鞋款,简约百搭,四季通用,36,女,河北省,是,20,否
612336231,京东京造日常休闲夏季透气,京东京造,100,154,65,4346,633,93,真皮柔软,MD发泡底,拉链鞋款,日常休闲,夏季透气,51,女,四川省,是,2,否
160949072,特步男鞋运动休闲冬季保暖,特步男鞋,99,132,75,9,3396,91,飞织面料,MD发泡底,系带设计,运动休闲,冬季保暖,37,男,河北省,否,9,否
765891626,安踏运动工装硬朗秋季百搭,安踏运动,146,159,92,676,417,100,网布透气,TPR鞋底,魔术贴鞋,工装硬朗,秋季百搭,53,女,河北省,是,12,是
360565421,安踏运动潮流高街冬季保暖,安踏运动,165,181,91,719,567,95,高端飞织,TPR鞋底,松紧带鞋,潮流高街,冬季保暖,49,男,江苏省,否,18,是
184902030,鸿星尔克复古潮鞋秋季百搭,鸿星尔克,309,359,86,1460,804,96,飞织面料,MD发泡底,拉链鞋款,复古潮鞋,秋季百搭,38,男,安徽省,是,22,是
273454780,回力经典户外机能冬季保暖,回力经典,99,129,77,290,2211,95,混合材质,混合鞋底,魔术贴鞋,户外机能,冬季保暖,52,男,四川省,是,7,否
144090990,鸿星尔克工装硬朗夏季透气,鸿星尔克,99,110,90,1208,174,90,高端飞织,混合鞋底,拉链鞋款,工装硬朗,夏季透气,45,女,山东省,否,10,是
379047129,京东京造户外机能四季通用,京东京造,99,177,56,2,309,87,布面材质,EVA轻底,拉链鞋款,户外机能,四季通用,48,男,湖北省,否,5,是
521916256,斯凯奇潮日常休闲四季通用,斯凯奇潮,133,160,83,36,11522,97,混合材质,TPR鞋底,套脚款式,日常休闲,四季通用,55,女,广东省,否,22,否
662659899,安踏运动日常休闲秋季百搭,安踏运动,99,105,94,38,2741,96,超纤皮鞋,TPR鞋底,系带设计,日常休闲,秋季百搭,34,男,河北省,否,21,否
565811992,京东京造户外机能夏季透气,京东京造,109,125,87,2020,2528,92,混合材质,TPR鞋底,魔术贴鞋,户外机能,夏季透气,61,女,福建省,否,22,否
840904789,耐克潮流潮流高街秋季百搭,耐克潮流,101,128,79,22,7641,99,合成革鞋,混合鞋底,松紧带鞋,潮流高街,秋季百搭,43,女,湖北省,是,23,是
727315279,其他品牌户外机能春季新款,其他品牌,198,208,95,4415,2723,94,网布透气,EVA轻底,松紧带鞋,户外机能,春季新款,55,男,河北省,是,0,是
477323433,鸿星尔克日常休闲四季通用,鸿星尔克,234,234,100,500,3898,96,飞织面料,混合鞋底,系带设计,日常休闲,四季通用,60,男,广东省,是,1,是
221534287,安踏运动简约百搭夏季透气,安踏运动,116,227,51,976,2529,92,高端飞织,MD发泡底,系带设计,简约百搭,夏季透气,52,女,江苏省,是,21,是
113994705,其他品牌简约百搭夏季透气,其他品牌,99,101,98,4245,428,91,混合材质,MD发泡底,系带设计,简约百搭,夏季透气,45,女,福建省,是,15,是
238584670,京东京造复古潮鞋秋季百搭,京东京造,99,119,83,34,1945,99,合成革鞋,混合鞋底,套脚款式,复古潮鞋,秋季百搭,49,女,湖北省,是,2,是
319458619,李宁休闲复古潮鞋秋季百搭,李宁休闲,108,200,54,835,1734,93,飞织面料,EVA轻底,套脚款式,复古潮鞋,秋季百搭,52,男,福建省,是,11,是
960685861,安踏运动潮流高街夏季透气,安踏运动,99,162,61,1,5151,96,飞织面料,TPR鞋底,松紧带鞋,潮流高街,夏季透气,46,女,广东省,是,20,是
400649564,安踏运动潮流高街夏季透气,安踏运动,127,153,83,22,1777,97,真皮柔软,PU中底,魔术贴鞋,潮流高街,夏季透气,42,男,河南省,是,18,否
574507778,回力经典简约百搭四季通用,回力经典,99,124,80,30,6760,93,真皮柔软,PU中底,套脚款式,简约百搭,四季通用,50,男,浙江省,否,15,否
123747172,其他品牌潮流高街冬季保暖,其他品牌,409,409,100,178,681,96,飞织面料,橡胶大底,系带设计,潮流高街,冬季保暖,43,女,广东省,是,15,是
653866494,斯凯奇潮潮流高街春季新款,斯凯奇潮,99,100,99,6,477,97,高端飞织,TPR鞋底,系带设计,潮流高街,春季新款,54,女,山东省,否,1,否
975561673,斯凯奇潮户外机能秋季百搭,斯凯奇潮,243,245,99,1401,2855,97,混合材质,PU中底,套脚款式,户外机能,秋季百搭,60,男,河北省,否,14,否
386876469,安踏运动潮流高街冬季保暖,安踏运动,119,163,73,1395,1451,92,真皮柔软,TPR鞋底,套脚款式,潮流高街,冬季保暖,56,女,河南省,是,23,是
813389142,鸿星尔克简约百搭四季通用,鸿星尔克,116,190,61,569,1536,91,真皮柔软,EVA轻底,套脚款式,简约百搭,四季通用,45,男,河北省,是,11,是
228271018,斯凯奇潮复古潮鞋四季通用,斯凯奇潮,99,146,68,1179,612,96,超纤皮鞋,混合鞋底,系带设计,复古潮鞋,四季通用,52,女,四川省,是,10,是
588152159,特步男鞋潮流高街夏季透气,特步男鞋,99,198,50,3766,775,94,合成革鞋,MD发泡底,系带设计,潮流高街,夏季透气,43,女,浙江省,否,12,否
891686173,耐克潮流运动休闲夏季透气,耐克潮流,99,100,99,3883,47,100,高端飞织,PU中底,套脚款式,运动休闲,夏季透气,39,女,山东省,是,17,否
633753813,鸿星尔克户外机能秋季百搭,鸿星尔克,101,105,96,1313,3418,95,飞织面料,TPR鞋底,系带设计,户外机能,秋季百搭,56,女,安徽省,否,20,否
232443201,特步男鞋复古潮鞋秋季百搭,特步男鞋,99,130,76,53,1586,97,高端飞织,橡胶大底,套脚款式,复古潮鞋,秋季百搭,60,男,四川省,是,6,否
669571219,特步男鞋户外机能秋季百搭,特步男鞋,105,191,55,2341,1101,97,超纤皮鞋,MD发泡底,套脚款式,户外机能,秋季百搭,36,男,湖北省,是,16,否
924086312,安踏运动工装硬朗四季通用,安踏运动,154,166,93,2138,4151,92,网布透气,MD发泡底,系带设计,工装硬朗,四季通用,37,男,河北省,是,23,否
163744961,特步男鞋潮流高街夏季透气,特步男鞋,261,373,70,925,1607,85,合成革鞋,橡胶大底,套脚款式,潮流高街,夏季透气,52,男,浙江省,是,4,否
937244164,鸿星尔克潮流高街冬季保暖,鸿星尔克,99,127,78,561,643,88,网布透气,TPR鞋底,系带设计,潮流高街,冬季保暖,50,女,安徽省,是,21,否
712784312,耐克潮流运动休闲冬季保暖,耐克潮流,208,285,73,259,2726,92,混合材质,TPR鞋底,拉链鞋款,运动休闲,冬季保暖,42,女,河北省,是,23,否
548353135,鸿星尔克工装硬朗春季新款,鸿星尔克,99,138,72,418,72,96,混合材质,EVA轻底,拉链鞋款,工装硬朗,春季新款,49,男,安徽省,是,2,否
153077013,李宁休闲复古潮鞋秋季百搭,李宁休闲,190,224,85,997,890,93,布面材质,EVA轻底,套脚款式,复古潮鞋,秋季百搭,42,男,江苏省,是,21,否
778809130,耐克潮流潮流高街四季通用,耐克潮流,99,155,64,614,208,94,超纤皮鞋,橡胶大底,松紧带鞋,潮流高街,四季通用,54,男,安徽省,是,22,是
767620452,李宁休闲简约百搭秋季百搭,李宁休闲,184,224,82,4979,2314,95,真皮柔软,EVA轻底,松紧带鞋,简约百搭,秋季百搭,40,女,河南省,否,8,否
282657572,其他品牌户外机能四季通用,其他品牌,234,260,90,1129,649,93,高端飞织,TPR鞋底,套脚款式,户外机能,四季通用,38,女,广东省,否,22,否
830948778,安踏运动户外机能冬季保暖,安踏运动,99,108,92,417,4704,96,布面材质,橡胶大底,魔术贴鞋,户外机能,冬季保暖,59,女,四川省,是,6,否
650468513,阿迪达斯户外机能夏季透气,阿迪达斯,99,105,94,394,200,98,网布透气,PU中底,套脚款式,户外机能,夏季透气,41,男,福建省,是,19,是
834288082,阿迪达斯复古潮鞋冬季保暖,阿迪达斯,99,187,53,2059,596,94,布面材质,混合鞋底,魔术贴鞋,复古潮鞋,冬季保暖,49,女,福建省,否,10,否
492115198,安踏运动复古潮鞋春季新款,安踏运动,174,210,83,14,11283,94,网布透气,橡胶大底,拉链鞋款,复古潮鞋,春季新款,42,男,福建省,否,12,是
482135419,鸿星尔克简约百搭冬季保暖,鸿星尔克,99,121,82,667,999,95,混合材质,PU中底,系带设计,简约百搭,冬季保暖,51,女,湖北省,否,21,是
277783750,李宁休闲简约百搭春季新款,李宁休闲,145,201,72,1101,506,99,混合材质,TPR鞋底,系带设计,简约百搭,春季新款,56,男,安徽省,否,3,是
929517660,阿迪达斯复古潮鞋冬季保暖,阿迪达斯,100,185,54,991,4550,88,飞织面料,EVA轻底,拉链鞋款,复古潮鞋,冬季保暖,52,男,山东省,否,18,否
355365685,李宁休闲复古潮鞋四季通用,李宁休闲,99,136,73,792,111,100,真皮柔软,TPR鞋底,魔术贴鞋,复古潮鞋,四季通用,57,男,浙江省,是,22,是
719020120,李宁休闲日常休闲夏季透气,李宁休闲,325,401,81,1497,987,100,合成革鞋,橡胶大底,系带设计,日常休闲,夏季透气,47,男,湖北省,否,9,否
667442596,安踏运动运动休闲冬季保暖,安踏运动,123,168,73,21,3730,90,布面材质,PU中底,系带设计,运动休闲,冬季保暖,37,男,山东省,是,3,是
819609974,耐克潮流日常休闲冬季保暖,耐克潮流,99,190,52,4418,640,96,飞织面料,混合鞋底,松紧带鞋,日常休闲,冬季保暖,47,男,山东省,否,10,否
632636688,京东京造户外机能春季新款,京东京造,137,258,53,848,336,94,真皮柔软,EVA轻底,套脚款式,户外机能,春季新款,27,男,湖北省,是,8,否
529105615,李宁休闲工装硬朗冬季保暖,李宁休闲,105,107,98,36,2963,88,混合材质,PU中底,系带设计,工装硬朗,冬季保暖,43,女,江苏省,否,18,是
674238801,京东京造潮流高街春季新款,京东京造,99,119,83,2870,664,96,超纤皮鞋,MD发泡底,魔术贴鞋,潮流高街,春季新款,48,女,福建省,否,7,否
246696176,斯凯奇潮日常休闲春季新款,斯凯奇潮,104,162,64,907,244,96,混合材质,MD发泡底,系带设计,日常休闲,春季新款,54,女,江苏省,是,20,是
529311858,阿迪达斯户外机能四季通用,阿迪达斯,99,143,69,736,1251,94,超纤皮鞋,PU中底,系带设计,户外机能,四季通用,56,女,河北省,是,18,否
935214781,阿迪达斯简约百搭夏季透气,阿迪达斯,161,199,81,438,3127,91,网布透气,EVA轻底,套脚款式,简约百搭,夏季透气,47,女,四川省,否,19,否
353384438,特步男鞋工装硬朗夏季透气,特步男鞋,99,108,92,191,356,100,飞织面料,EVA轻底,魔术贴鞋,工装硬朗,夏季透气,51,女,安徽省,否,13,是
566355218,其他品牌复古潮鞋夏季透气,其他品牌,166,177,94,212,11422,94,真皮柔软,橡胶大底,套脚款式,复古潮鞋,夏季透气,52,女,浙江省,是,5,否
176980393,特步男鞋户外机能冬季保暖,特步男鞋,265,268,99,689,66,85,高端飞织,TPR鞋底,拉链鞋款,户外机能,冬季保暖,40,男,四川省,否,16,是
761227113,李宁休闲潮流高街夏季透气,李宁休闲,137,178,77,18,1542,93,飞织面料,EVA轻底,松紧带鞋,潮流高街,夏季透气,42,男,河北省,否,21,是
402364619,回力经典运动休闲四季通用,回力经典,345,359,96,515,2439,100,布面材质,TPR鞋底,系带设计,运动休闲,四季通用,31,男,广东省,是,9,是
581990251,李宁休闲运动休闲夏季透气,李宁休闲,99,180,55,324,3052,93,合成革鞋,橡胶大底,魔术贴鞋,运动休闲,夏季透气,44,男,四川省,否,12,是
911996862,斯凯奇潮潮流高街冬季保暖,斯凯奇潮,99,171,58,0,219,93,高端飞织,MD发泡底,魔术贴鞋,潮流高街,冬季保暖,56,男,湖北省,是,21,是
691579591,李宁休闲工装硬朗春季新款,李宁休闲,241,344,70,24,1598,90,真皮柔软,EVA轻底,拉链鞋款,工装硬朗,春季新款,50,男,广东省,是,7,是
630588291,李宁休闲运动休闲秋季百搭,李宁休闲,99,104,95,30,3144,91,混合材质,混合鞋底,拉链鞋款,运动休闲,秋季百搭,52,男,河南省,是,3,是
746726051,李宁休闲简约百搭秋季百搭,李宁休闲,191,220,87,1040,126,90,真皮柔软,MD发泡底,套脚款式,简约百搭,秋季百搭,48,女,河南省,否,8,是
644943558,安踏运动户外机能冬季保暖,安踏运动,106,171,62,827,4706,96,飞织面料,PU中底,拉链鞋款,户外机能,冬季保暖,40,男,广东省,否,3,是
836389872,安踏运动日常休闲春季新款,安踏运动,171,173,99,735,335,96,网布透气,EVA轻底,拉链鞋款,日常休闲,春季新款,45,男,福建省,是,20,是
597548643,鸿星尔克运动休闲夏季透气,鸿星尔克,140,189,74,8,307,96,网布透气,橡胶大底,系带设计,运动休闲,夏季透气,56,男,河北省,是,22,否
374354933,京东京造户外机能秋季百搭,京东京造,233,277,84,1433,4120,99,超纤皮鞋,PU中底,套脚款式,户外机能,秋季百搭,52,女,江苏省,是,20,否
960219827,斯凯奇潮工装硬朗冬季保暖,斯凯奇潮,268,276,97,4439,1551,100,飞织面料,橡胶大底,拉链鞋款,工装硬朗,冬季保暖,51,女,安徽省,是,23,否
230580341,斯凯奇潮简约百搭冬季保暖,斯凯奇潮,99,115,86,1211,158,89,真皮柔软,橡胶大底,魔术贴鞋,简约百搭,冬季保暖,52,女,广东省,否,20,是
396485836,鸿星尔克户外机能四季通用,鸿星尔克,99,99,100,279,772,96,飞织面料,TPR鞋底,系带设计,户外机能,四季通用,40,男,安徽省,是,4,是
339803827,鸿星尔克简约百搭夏季透气,鸿星尔克,99,190,52,861,579,94,合成革鞋,EVA轻底,套脚款式,简约百搭,夏季透气,43,男,江苏省,否,16,否
703798352,京东京造潮流高街春季新款,京东京造,99,187,53,1114,494,95,合成革鞋,橡胶大底,魔术贴鞋,潮流高街,春季新款,51,女,广东省,否,11,是
930636880,其他品牌工装硬朗秋季百搭,其他品牌,110,115,96,4923,1743,97,飞织面料,PU中底,魔术贴鞋,工装硬朗,秋季百搭,34,女,江苏省,是,19,否
855374263,特步男鞋运动休闲四季通用,特步男鞋,192,223,86,1044,4638,93,飞织面料,EVA轻底,套脚款式,运动休闲,四季通用,41,男,湖北省,是,22,否
188464419,京东京造工装硬朗冬季保暖,京东京造,99,121,82,443,197,90,高端飞织,TPR鞋底,套脚款式,工装硬朗,冬季保暖,59,女,湖北省,是,22,否
104352774,李宁休闲运动休闲夏季透气,李宁休闲,154,171,90,3322,147,97,飞织面料,EVA轻底,拉链鞋款,运动休闲,夏季透气,44,男,安徽省,否,6,是
652923376,阿迪达斯运动休闲四季通用,阿迪达斯,146,151,97,2737,224,96,混合材质,PU中底,拉链鞋款,运动休闲,四季通用,40,女,江苏省,是,6,是
823314402,鸿星尔克复古潮鞋夏季透气,鸿星尔克,149,240,62,19,482,95,布面材质,MD发泡底,套脚款式,复古潮鞋,夏季透气,43,女,山东省,否,16,是
463151386,京东京造户外机能冬季保暖,京东京造,99,114,87,2,154,95,合成革鞋,EVA轻底,系带设计,户外机能,冬季保暖,45,女,湖北省,是,0,否
727561047,其他品牌工装硬朗秋季百搭,其他品牌,99,124,80,762,4348,91,布面材质,PU中底,套脚款式,工装硬朗,秋季百搭,50,男,河北省,否,4,否
521430631,回力经典复古潮鞋秋季百搭,回力经典,208,325,64,1388,486,88,网布透气,混合鞋底,松紧带鞋,复古潮鞋,秋季百搭,47,女,福建省,是,17,否
320410890,京东京造日常休闲冬季保暖,京东京造,99,183,54,15,1975,96,超纤皮鞋,TPR鞋底,拉链鞋款,日常休闲,冬季保暖,53,女,福建省,是,20,否
134076654,李宁休闲简约百搭春季新款,李宁休闲,246,246,100,937,216,97,混合材质,MD发泡底,系带设计,简约百搭,春季新款,63,男,广东省,否,8,是
562889132,其他品牌户外机能冬季保暖,其他品牌,99,111,89,44,4033,95,超纤皮鞋,TPR鞋底,拉链鞋款,户外机能,冬季保暖,47,男,江苏省,否,3,否
611669901,鸿星尔克运动休闲春季新款,鸿星尔克,99,119,83,42,376,93,真皮柔软,TPR鞋底,松紧带鞋,运动休闲,春季新款,44,男,四川省,否,3,是
634331821,李宁休闲简约百搭夏季透气,李宁休闲,224,236,95,1331,166,95,网布透气,MD发泡底,系带设计,简约百搭,夏季透气,44,女,河北省,否,22,是
858254230,斯凯奇潮简约百搭冬季保暖,斯凯奇潮,163,194,84,571,22808,97,布面材质,EVA轻底,套脚款式,简约百搭,冬季保暖,47,男,浙江省,是,22,是
885047166,其他品牌潮流高街秋季百搭,其他品牌,99,171,58,4781,1390,94,布面材质,橡胶大底,松紧带鞋,潮流高街,秋季百搭,54,男,福建省,是,21,是
985139099,鸿星尔克工装硬朗秋季百搭,鸿星尔克,638,658,97,307,192,97,混合材质,橡胶大底,套脚款式,工装硬朗,秋季百搭,44,女,福建省,是,0,否
424846367,李宁休闲工装硬朗夏季透气,李宁休闲,99,102,97,5,1350,95,网布透气,PU中底,系带设计,工装硬朗,夏季透气,47,女,河南省,是,1,否
485731158,特步男鞋日常休闲夏季透气,特步男鞋,143,172,83,32,582,95,混合材质,MD发泡底,魔术贴鞋,日常休闲,夏季透气,36,男,四川省,是,16,否
895876478,鸿星尔克复古潮鞋夏季透气,鸿星尔克,110,125,88,103,36,86,混合材质,TPR鞋底,松紧带鞋,复古潮鞋,夏季透气,46,女,安徽省,是,23,是
920023336,安踏运动简约百搭冬季保暖,安踏运动,99,160,62,114,921,96,高端飞织,MD发泡底,松紧带鞋,简约百搭,冬季保暖,41,女,江苏省,否,14,否
993516384,阿迪达斯日常休闲春季新款,阿迪达斯,236,414,57,1140,417,95,高端飞织,EVA轻底,套脚款式,日常休闲,春季新款,59,男,山东省,否,19,否
744254198,安踏运动简约百搭夏季透气,安踏运动,257,295,87,649,1298,97,混合材质,PU中底,松紧带鞋,简约百搭,夏季透气,50,男,广东省,否,12,否
610446608,耐克潮流潮流高街秋季百搭,耐克潮流,99,180,55,1,682,94,高端飞织,EVA轻底,套脚款式,潮流高街,秋季百搭,52,男,湖北省,否,10,是
760606140,其他品牌运动休闲夏季透气,其他品牌,106,109,97,4874,788,90,高端飞织,PU中底,套脚款式,运动休闲,夏季透气,55,男,四川省,是,5,是
366940049,斯凯奇潮简约百搭冬季保暖,斯凯奇潮,158,247,64,444,1365,91,混合材质,MD发泡底,松紧带鞋,简约百搭,冬季保暖,41,女,安徽省,是,0,是
102325866,耐克潮流运动休闲冬季保暖,耐克潮流,197,201,98,615,6249,96,合成革鞋,EVA轻底,拉链鞋款,运动休闲,冬季保暖,40,男,河北省,是,7,否
294188761,安踏运动运动休闲四季通用,安踏运动,374,440,85,4019,6903,93,高端飞织,混合鞋底,拉链鞋款,运动休闲,四季通用,44,女,安徽省,否,17,是
216050198,阿迪达斯户外机能春季新款,阿迪达斯,145,250,58,533,1178,97,真皮柔软,混合鞋底,魔术贴鞋,户外机能,春季新款,40,女,四川省,是,18,否
682017596,斯凯奇潮运动休闲春季新款,斯凯奇潮,99,109,91,4314,2144,92,布面材质,EVA轻底,系带设计,运动休闲,春季新款,41,女,河南省,是,18,否
611322452,安踏运动潮流高街冬季保暖,安踏运动,232,374,62,1101,4692,96,混合材质,橡胶大底,魔术贴鞋,潮流高街,冬季保暖,48,女,山东省,是,10,是
870100313,李宁休闲日常休闲冬季保暖,李宁休闲,99,114,87,1442,791,99,高端飞织,TPR鞋底,套脚款式,日常休闲,冬季保暖,48,女,福建省,否,22,否
417560941,安踏运动工装硬朗四季通用,安踏运动,99,187,53,40,942,95,超纤皮鞋,混合鞋底,拉链鞋款,工装硬朗,四季通用,45,男,江苏省,否,3,是
697231403,京东京造户外机能秋季百搭,京东京造,124,168,74,1181,2291,92,合成革鞋,混合鞋底,拉链鞋款,户外机能,秋季百搭,51,女,湖北省,否,15,否
248347253,李宁休闲潮流高街冬季保暖,李宁休闲,99,111,89,4959,473,100,网布透气,橡胶大底,魔术贴鞋,潮流高街,冬季保暖,52,女,河南省,是,11,是
771658228,回力经典工装硬朗春季新款,回力经典,240,364,66,4970,224,95,超纤皮鞋,MD发泡底,拉链鞋款,工装硬朗,春季新款,43,男,浙江省,否,21,是
743299031,回力经典潮流高街夏季透气,回力经典,99,148,67,1350,2416,89,布面材质,MD发泡底,套脚款式,潮流高街,夏季透气,37,男,山东省,否,16,是
983512912,回力经典日常休闲春季新款,回力经典,188,204,92,1332,62,94,布面材质,EVA轻底,魔术贴鞋,日常休闲,春季新款,53,男,江苏省,是,8,是
962447574,李宁休闲复古潮鞋四季通用,李宁休闲,130,135,96,3725,236,94,超纤皮鞋,MD发泡底,拉链鞋款,复古潮鞋,四季通用,32,女,四川省,否,23,否
974879751,阿迪达斯复古潮鞋冬季保暖,阿迪达斯,99,109,91,3876,12838,95,飞织面料,PU中底,魔术贴鞋,复古潮鞋,冬季保暖,51,女,安徽省,是,14,否
627293076,安踏运动户外机能冬季保暖,安踏运动,341,367,93,13,467,100,布面材质,TPR鞋底,系带设计,户外机能,冬季保暖,42,男,浙江省,是,13,是
314364628,李宁休闲工装硬朗四季通用,李宁休闲,166,259,64,289,562,94,高端飞织,EVA轻底,系带设计,工装硬朗,四季通用,47,女,河南省,否,23,否
433426224,李宁休闲工装硬朗四季通用,李宁休闲,166,202,82,625,2169,91,合成革鞋,混合鞋底,套脚款式,工装硬朗,四季通用,59,男,四川省,是,16,是
910383251,耐克潮流户外机能夏季透气,耐克潮流,99,101,98,239,10719,93,高端飞织,TPR鞋底,套脚款式,户外机能,夏季透气,31,男,江苏省,否,20,否
858072927,回力经典日常休闲夏季透气,回力经典,168,336,50,50,506,95,高端飞织,橡胶大底,魔术贴鞋,日常休闲,夏季透气,44,男,福建省,是,14,是
743670958,其他品牌户外机能四季通用,其他品牌,99,132,75,3637,2914,92,混合材质,MD发泡底,套脚款式,户外机能,四季通用,42,男,江苏省,是,22,否
646863270,斯凯奇潮户外机能四季通用,斯凯奇潮,148,156,95,1238,1087,86,超纤皮鞋,橡胶大底,魔术贴鞋,户外机能,四季通用,44,女,山东省,否,19,否
962297953,京东京造工装硬朗四季通用,京东京造,99,183,54,93,669,98,飞织面料,TPR鞋底,松紧带鞋,工装硬朗,四季通用,39,女,浙江省,否,13,是
752607934,京东京造运动休闲夏季透气,京东京造,260,260,100,292,648,87,合成革鞋,EVA轻底,魔术贴鞋,运动休闲,夏季透气,49,男,浙江省,否,19,否
133091121,特步男鞋工装硬朗夏季透气,特步男鞋,344,546,63,34,107,95,合成革鞋,混合鞋底,魔术贴鞋,工装硬朗,夏季透气,45,女,安徽省,否,19,否
794764712,其他品牌日常休闲春季新款,其他品牌,176,345,51,932,422,100,超纤皮鞋,混合鞋底,拉链鞋款,日常休闲,春季新款,60,男,山东省,否,23,否
865239364,李宁休闲运动休闲秋季百搭,李宁休闲,309,507,61,33,1952,96,布面材质,PU中底,魔术贴鞋,运动休闲,秋季百搭,45,男,江苏省,是,15,否
161805327,其他品牌潮流高街秋季百搭,其他品牌,223,297,75,16,586,100,超纤皮鞋,TPR鞋底,系带设计,潮流高街,秋季百搭,52,女,河南省,是,4,否
772717464,阿迪达斯简约百搭秋季百搭,阿迪达斯,99,190,52,3121,332,97,超纤皮鞋,PU中底,松紧带鞋,简约百搭,秋季百搭,44,男,福建省,否,20,是
154318575,回力经典简约百搭春季新款,回力经典,117,123,95,1382,689,91,真皮柔软,混合鞋底,松紧带鞋,简约百搭,春季新款,56,女,浙江省,是,20,否
766583878,耐克潮流复古潮鞋冬季保暖,耐克潮流,99,162,61,122,2865,100,合成革鞋,MD发泡底,拉链鞋款,复古潮鞋,冬季保暖,47,女,浙江省,否,13,否
336120727,鸿星尔克运动休闲冬季保暖,鸿星尔克,150,263,57,300,188,95,飞织面料,混合鞋底,松紧带鞋,运动休闲,冬季保暖,39,男,湖北省,否,9,否
406421244,特步男鞋日常休闲冬季保暖,特步男鞋,177,268,66,96,2857,96,合成革鞋,混合鞋底,拉链鞋款,日常休闲,冬季保暖,51,女,安徽省,否,10,是
635987195,京东京造简约百搭秋季百搭,京东京造,287,504,57,499,127,97,超纤皮鞋,MD发泡底,拉链鞋款,简约百搭,秋季百搭,34,男,河南省,否,20,否
380959230,李宁休闲户外机能春季新款,李宁休闲,193,284,68,2791,924,93,高端飞织,PU中底,拉链鞋款,户外机能,春季新款,47,男,安徽省,是,21,否
445105215,特步男鞋潮流高街夏季透气,特步男鞋,99,109,91,125,1098,90,布面材质,TPR鞋底,松紧带鞋,潮流高街,夏季透气,37,男,江苏省,否,0,是
668203685,其他品牌户外机能春季新款,其他品牌,99,114,87,827,681,86,超纤皮鞋,TPR鞋底,松紧带鞋,户外机能,春季新款,39,女,安徽省,否,21,是
650747344,其他品牌简约百搭春季新款,其他品牌,110,216,51,20,2815,91,混合材质,EVA轻底,松紧带鞋,简约百搭,春季新款,39,男,河南省,否,20,否
105923119,阿迪达斯复古潮鞋冬季保暖,阿迪达斯,139,183,76,350,1575,93,合成革鞋,TPR鞋底,魔术贴鞋,复古潮鞋,冬季保暖,37,女,河南省,是,18,是
594311847,回力经典日常休闲冬季保暖,回力经典,114,165,69,2869,3543,96,超纤皮鞋,混合鞋底,拉链鞋款,日常休闲,冬季保暖,44,女,福建省,否,23,否
822189731,鸿星尔克户外机能秋季百搭,鸿星尔克,261,522,50,548,2633,96,合成革鞋,TPR鞋底,系带设计,户外机能,秋季百搭,45,女,山东省,否,20,否
168999712,鸿星尔克运动休闲秋季百搭,鸿星尔克,99,110,90,37,1772,91,网布透气,PU中底,拉链鞋款,运动休闲,秋季百搭,37,男,浙江省,否,1,否
998257380,李宁休闲工装硬朗夏季透气,李宁休闲,173,225,77,400,48,92,布面材质,MD发泡底,松紧带鞋,工装硬朗,夏季透气,56,男,河北省,是,12,是
663303468,其他品牌日常休闲秋季百搭,其他品牌,313,531,59,1408,976,89,合成革鞋,橡胶大底,魔术贴鞋,日常休闲,秋季百搭,40,男,福建省,否,7,是
826330586,耐克潮流潮流高街冬季保暖,耐克潮流,99,162,61,997,329,91,布面材质,橡胶大底,松紧带鞋,潮流高街,冬季保暖,47,男,福建省,否,19,否
621519488,安踏运动工装硬朗冬季保暖,安踏运动,157,231,68,465,10105,98,真皮柔软,TPR鞋底,松紧带鞋,工装硬朗,冬季保暖,54,女,河北省,是,22,否
583752422,京东京造工装硬朗秋季百搭,京东京造,99,136,73,1212,1277,100,网布透气,混合鞋底,拉链鞋款,工装硬朗,秋季百搭,49,女,广东省,是,7,是
401460370,回力经典工装硬朗夏季透气,回力经典,123,186,66,3405,9860,96,超纤皮鞋,混合鞋底,魔术贴鞋,工装硬朗,夏季透气,37,男,浙江省,否,23,否
161981236,回力经典简约百搭春季新款,回力经典,99,115,86,39,7166,90,合成革鞋,TPR鞋底,魔术贴鞋,简约百搭,春季新款,19,男,河北省,否,22,否
299918083,其他品牌工装硬朗夏季透气,其他品牌,99,99,100,241,994,92,合成革鞋,EVA轻底,魔术贴鞋,工装硬朗,夏季透气,36,女,四川省,否,20,否
596564267,安踏运动复古潮鞋春季新款,安踏运动,99,160,62,333,192,95,飞织面料,TPR鞋底,套脚款式,复古潮鞋,春季新款,54,男,浙江省,是,13,否
298428944,京东京造运动休闲春季新款,京东京造,99,139,71,4028,143,95,超纤皮鞋,MD发泡底,套脚款式,运动休闲,春季新款,42,女,四川省,否,6,是
677935695,回力经典户外机能春季新款,回力经典,115,116,99,43,906,92,网布透气,PU中底,拉链鞋款,户外机能,春季新款,59,男,四川省,是,23,否
640928899,李宁休闲日常休闲春季新款,李宁休闲,99,146,68,1342,1178,93,合成革鞋,MD发泡底,松紧带鞋,日常休闲,春季新款,44,女,山东省,是,22,是
315273535,特步男鞋工装硬朗冬季保暖,特步男鞋,99,171,58,50,3030,96,布面材质,混合鞋底,松紧带鞋,工装硬朗,冬季保暖,55,女,安徽省,否,23,否
386038729,斯凯奇潮潮流高街夏季透气,斯凯奇潮,99,109,91,1383,662,95,混合材质,PU中底,拉链鞋款,潮流高街,夏季透气,50,女,广东省,是,17,否
201974026,特步男鞋复古潮鞋冬季保暖,特步男鞋,416,447,93,1052,4395,97,飞织面料,TPR鞋底,拉链鞋款,复古潮鞋,冬季保暖,55,男,湖北省,是,17,是
372487638,李宁休闲运动休闲冬季保暖,李宁休闲,99,115,86,883,395,85,混合材质,TPR鞋底,系带设计,运动休闲,冬季保暖,43,男,湖北省,是,20,否
472350213,回力经典工装硬朗春季新款,回力经典,440,454,97,7,566,94,超纤皮鞋,PU中底,系带设计,工装硬朗,春季新款,36,男,四川省,是,11,是
125441996,安踏运动日常休闲冬季保暖,安踏运动,216,270,80,1128,3202,97,布面材质,EVA轻底,套脚款式,日常休闲,冬季保暖,56,女,广东省,否,21,否
763077523,安踏运动复古潮鞋秋季百搭,安踏运动,221,276,80,1402,476,88,布面材质,EVA轻底,套脚款式,复古潮鞋,秋季百搭,55,女,河北省,否,17,否
101112827,回力经典日常休闲四季通用,回力经典,122,161,76,1395,333,97,网布透气,TPR鞋底,魔术贴鞋,日常休闲,四季通用,50,女,湖北省,否,22,是
357587577,鸿星尔克运动休闲四季通用,鸿星尔克,99,118,84,457,1609,96,合成革鞋,MD发泡底,系带设计,运动休闲,四季通用,39,女,福建省,否,3,否
429213093,安踏运动复古潮鞋四季通用,安踏运动,99,124,80,2319,2082,94,超纤皮鞋,MD发泡底,魔术贴鞋,复古潮鞋,四季通用,36,女,四川省,是,12,否
386153067,阿迪达斯户外机能四季通用,阿迪达斯,221,307,72,1298,260,96,超纤皮鞋,EVA轻底,拉链鞋款,户外机能,四季通用,54,女,河南省,是,22,是
264582676,其他品牌复古潮鞋冬季保暖,其他品牌,99,125,79,4448,3603,98,网布透气,MD发泡底,松紧带鞋,复古潮鞋,冬季保暖,46,女,山东省,是,15,否
864246558,京东京造工装硬朗春季新款,京东京造,102,104,98,661,10383,93,超纤皮鞋,EVA轻底,松紧带鞋,工装硬朗,春季新款,45,女,安徽省,否,2,是
432530194,京东京造运动休闲春季新款,京东京造,418,643,65,1148,1131,92,混合材质,MD发泡底,魔术贴鞋,运动休闲,春季新款,43,男,湖北省,否,0,否
641846444,阿迪达斯户外机能夏季透气,阿迪达斯,99,141,70,595,786,90,网布透气,混合鞋底,系带设计,户外机能,夏季透气,55,女,河北省,否,13,否
547443647,安踏运动日常休闲春季新款,安踏运动,99,122,81,1241,975,94,飞织面料,EVA轻底,拉链鞋款,日常休闲,春季新款,43,女,山东省,是,12,是
448712040,斯凯奇潮简约百搭春季新款,斯凯奇潮,699,803,87,44,383,93,网布透气,MD发泡底,拉链鞋款,简约百搭,春季新款,51,男,福建省,否,17,是
373224197,特步男鞋简约百搭夏季透气,特步男鞋,150,254,59,5,1597,93,网布透气,TPR鞋底,拉链鞋款,简约百搭,夏季透气,39,男,河南省,是,0,是
991113893,李宁休闲工装硬朗秋季百搭,李宁休闲,258,363,71,33,5299,99,超纤皮鞋,混合鞋底,松紧带鞋,工装硬朗,秋季百搭,45,男,福建省,是,12,否
233121175,李宁休闲简约百搭夏季透气,李宁休闲,140,226,62,18,110,91,超纤皮鞋,PU中底,拉链鞋款,简约百搭,夏季透气,43,女,河北省,否,15,是
187675549,李宁休闲潮流高街秋季百搭,李宁休闲,99,119,83,19,3481,90,布面材质,混合鞋底,松紧带鞋,潮流高街,秋季百搭,60,男,河北省,否,23,否
956251679,回力经典潮流高街秋季百搭,回力经典,99,100,99,1028,651,97,真皮柔软,EVA轻底,拉链鞋款,潮流高街,秋季百搭,41,女,河南省,是,18,是
180978006,阿迪达斯户外机能夏季透气,阿迪达斯,101,187,54,801,2589,96,真皮柔软,MD发泡底,系带设计,户外机能,夏季透气,39,男,福建省,是,5,否
607155612,回力经典日常休闲春季新款,回力经典,99,104,95,855,3507,90,高端飞织,TPR鞋底,魔术贴鞋,日常休闲,春季新款,50,女,河北省,是,12,是
151499303,其他品牌复古潮鞋夏季透气,其他品牌,167,249,67,1224,850,92,高端飞织,PU中底,拉链鞋款,复古潮鞋,夏季透气,47,男,广东省,是,13,否
819755991,斯凯奇潮潮流高街夏季透气,斯凯奇潮,130,130,100,22,3320,93,超纤皮鞋,MD发泡底,套脚款式,潮流高街,夏季透气,48,女,山东省,是,21,否
257496161,李宁休闲简约百搭秋季百搭,李宁休闲,99,141,70,2406,755,96,混合材质,TPR鞋底,系带设计,简约百搭,秋季百搭,39,男,广东省,否,5,否
452952382,耐克潮流日常休闲秋季百搭,耐克潮流,121,159,76,24,5345,92,混合材质,TPR鞋底,魔术贴鞋,日常休闲,秋季百搭,51,女,江苏省,否,23,是
332318979,回力经典户外机能四季通用,回力经典,144,164,88,38,368,95,混合材质,EVA轻底,松紧带鞋,户外机能,四季通用,50,女,安徽省,是,12,否
639839842,回力经典户外机能四季通用,回力经典,217,339,64,390,1503,93,网布透气,橡胶大底,松紧带鞋,户外机能,四季通用,46,女,江苏省,是,22,否
148209085,京东京造运动休闲冬季保暖,京东京造,176,267,66,2703,1667,100,飞织面料,EVA轻底,套脚款式,运动休闲,冬季保暖,62,女,河南省,否,13,是
663350023,特步男鞋潮流高街四季通用,特步男鞋,120,235,51,1110,2651,100,网布透气,MD发泡底,拉链鞋款,潮流高街,四季通用,47,女,广东省,否,1,否
773499936,特步男鞋运动休闲夏季透气,特步男鞋,699,1127,62,4482,724,96,混合材质,EVA轻底,系带设计,运动休闲,夏季透气,30,女,山东省,是,1,否
461292129,京东京造工装硬朗冬季保暖,京东京造,99,198,50,428,1330,86,布面材质,EVA轻底,松紧带鞋,工装硬朗,冬季保暖,34,男,江苏省,否,4,是
956077741,耐克潮流日常休闲春季新款,耐克潮流,99,190,52,423,658,98,布面材质,EVA轻底,系带设计,日常休闲,春季新款,42,男,河南省,否,21,是
208325641,京东京造户外机能冬季保暖,京东京造,320,320,100,1480,937,97,混合材质,MD发泡底,松紧带鞋,户外机能,冬季保暖,50,女,江苏省,否,5,是
447275994,李宁休闲运动休闲春季新款,李宁休闲,99,99,100,355,795,99,高端飞织,混合鞋底,魔术贴鞋,运动休闲,春季新款,43,女,山东省,否,21,是
810772627,耐克潮流复古潮鞋夏季透气,耐克潮流,99,105,94,19,1514,89,真皮柔软,混合鞋底,系带设计,复古潮鞋,夏季透气,54,女,江苏省,是,21,否
307450663,其他品牌复古潮鞋冬季保暖,其他品牌,99,112,88,98,1030,91,超纤皮鞋,PU中底,拉链鞋款,复古潮鞋,冬季保暖,38,女,安徽省,是,19,否
555473100,李宁休闲潮流高街四季通用,李宁休闲,162,289,56,1070,1270,90,合成革鞋,MD发泡底,魔术贴鞋,潮流高街,四季通用,58,男,四川省,是,8,否
537157709,阿迪达斯复古潮鞋夏季透气,阿迪达斯,129,130,99,48,679,95,高端飞织,TPR鞋底,魔术贴鞋,复古潮鞋,夏季透气,40,女,江苏省,否,0,否
284410913,李宁休闲复古潮鞋夏季透气,李宁休闲,131,136,96,3802,562,90,布面材质,混合鞋底,系带设计,复古潮鞋,夏季透气,46,男,福建省,否,15,是
614413736,耐克潮流潮流高街秋季百搭,耐克潮流,111,191,58,2976,916,88,混合材质,MD发泡底,松紧带鞋,潮流高街,秋季百搭,28,女,四川省,否,2,是
477278744,斯凯奇潮复古潮鞋冬季保暖,斯凯奇潮,99,116,85,594,1519,91,布面材质,TPR鞋底,魔术贴鞋,复古潮鞋,冬季保暖,41,女,河北省,否,12,否
969546977,阿迪达斯简约百搭冬季保暖,阿迪达斯,99,127,78,3962,1056,97,布面材质,混合鞋底,松紧带鞋,简约百搭,冬季保暖,35,男,河北省,否,3,否
489372139,其他品牌复古潮鞋春季新款,其他品牌,99,174,57,105,1416,90,超纤皮鞋,MD发泡底,拉链鞋款,复古潮鞋,春季新款,49,男,江苏省,否,22,否
628031156,斯凯奇潮简约百搭春季新款,斯凯奇潮,99,162,61,43,226,100,真皮柔软,EVA轻底,拉链鞋款,简约百搭,春季新款,50,男,山东省,是,5,是
870385042,阿迪达斯日常休闲秋季百搭,阿迪达斯,99,125,79,4711,1275,91,混合材质,TPR鞋底,套脚款式,日常休闲,秋季百搭,37,男,浙江省,是,12,否
626492872,特步男鞋运动休闲夏季透气,特步男鞋,195,253,77,303,1806,93,网布透气,EVA轻底,套脚款式,运动休闲,夏季透气,48,女,安徽省,否,11,否
906438820,安踏运动户外机能夏季透气,安踏运动,215,283,76,1203,4991,93,高端飞织,混合鞋底,套脚款式,户外机能,夏季透气,35,女,河北省,否,0,否
288969110,其他品牌工装硬朗夏季透气,其他品牌,176,232,76,1493,2018,97,合成革鞋,橡胶大底,拉链鞋款,工装硬朗,夏季透气,51,女,广东省,否,16,否
637239711,其他品牌工装硬朗春季新款,其他品牌,99,183,54,846,1599,95,合成革鞋,PU中底,系带设计,工装硬朗,春季新款,46,男,浙江省,是,11,否
457659585,特步男鞋潮流高街夏季透气,特步男鞋,248,326,76,2283,798,95,混合材质,MD发泡底,系带设计,潮流高街,夏季透气,35,女,安徽省,否,16,否
844696422,李宁休闲简约百搭春季新款,李宁休闲,99,124,80,1238,3936,92,布面材质,MD发泡底,魔术贴鞋,简约百搭,春季新款,54,男,安徽省,是,16,是
769929478,特步男鞋日常休闲秋季百搭,特步男鞋,195,203,96,310,570,90,网布透气,橡胶大底,拉链鞋款,日常休闲,秋季百搭,36,女,四川省,是,20,是
446216029,李宁休闲户外机能四季通用,李宁休闲,99,99,100,9,675,90,飞织面料,EVA轻底,拉链鞋款,户外机能,四季通用,41,女,江苏省,否,11,是
736831720,斯凯奇潮工装硬朗秋季百搭,斯凯奇潮,166,169,98,297,3470,96,真皮柔软,混合鞋底,魔术贴鞋,工装硬朗,秋季百搭,45,男,浙江省,否,19,是
735650423,阿迪达斯潮流高街春季新款,阿迪达斯,147,288,51,1451,695,91,混合材质,MD发泡底,松紧带鞋,潮流高街,春季新款,58,男,安徽省,是,20,是
679058828,安踏运动运动休闲秋季百搭,安踏运动,161,244,66,484,150,93,高端飞织,橡胶大底,系带设计,运动休闲,秋季百搭,49,女,广东省,否,23,否
516655653,其他品牌潮流高街秋季百搭,其他品牌,430,443,97,1470,505,97,超纤皮鞋,EVA轻底,套脚款式,潮流高街,秋季百搭,40,男,山东省,否,1,是
676655532,耐克潮流简约百搭四季通用,耐克潮流,114,207,55,947,550,96,高端飞织,混合鞋底,魔术贴鞋,简约百搭,四季通用,57,男,江苏省,否,15,否
935588552,鸿星尔克日常休闲春季新款,鸿星尔克,99,152,65,3755,3455,90,超纤皮鞋,橡胶大底,拉链鞋款,日常休闲,春季新款,57,男,湖北省,否,9,是
214207359,安踏运动日常休闲春季新款,安踏运动,122,230,53,793,105,94,合成革鞋,橡胶大底,拉链鞋款,日常休闲,春季新款,47,女,江苏省,是,23,是
803993987,其他品牌复古潮鞋春季新款,其他品牌,175,177,99,14,441,91,合成革鞋,TPR鞋底,魔术贴鞋,复古潮鞋,春季新款,42,男,四川省,否,15,是
651270498,斯凯奇潮运动休闲冬季保暖,斯凯奇潮,99,171,58,3004,240,99,网布透气,PU中底,松紧带鞋,运动休闲,冬季保暖,53,男,江苏省,否,20,是
629806297,特步男鞋简约百搭冬季保暖,特步男鞋,281,339,83,1475,3113,94,超纤皮鞋,MD发泡底,魔术贴鞋,简约百搭,冬季保暖,43,女,四川省,否,20,否
585185200,其他品牌运动休闲冬季保暖,其他品牌,103,116,89,3388,1426,90,飞织面料,橡胶大底,拉链鞋款,运动休闲,冬季保暖,45,女,安徽省,否,22,否
933129995,鸿星尔克简约百搭秋季百搭,鸿星尔克,346,586,59,16,1712,90,飞织面料,TPR鞋底,系带设计,简约百搭,秋季百搭,35,男,浙江省,是,12,是
911542617,回力经典日常休闲夏季透气,回力经典,237,242,98,3835,300,96,真皮柔软,MD发泡底,套脚款式,日常休闲,夏季透气,51,男,福建省,是,9,否
666655408,其他品牌户外机能冬季保暖,其他品牌,292,340,86,610,3445,95,真皮柔软,PU中底,魔术贴鞋,户外机能,冬季保暖,58,男,河南省,否,15,是
694083135,安踏运动潮流高街秋季百搭,安踏运动,99,152,65,14,1327,98,真皮柔软,TPR鞋底,套脚款式,潮流高街,秋季百搭,49,男,河南省,是,23,否
959429838,李宁休闲潮流高街夏季透气,李宁休闲,99,190,52,2674,175,93,飞织面料,MD发泡底,拉链鞋款,潮流高街,夏季透气,49,女,福建省,是,20,是
735070132,回力经典潮流高街冬季保暖,回力经典,113,166,68,1196,6,99,飞织面料,PU中底,魔术贴鞋,潮流高街,冬季保暖,50,男,江苏省,否,6,是
804648954,耐克潮流户外机能春季新款,耐克潮流,208,293,71,173,729,96,混合材质,MD发泡底,套脚款式,户外机能,春季新款,51,女,湖北省,否,13,是
513415520,耐克潮流复古潮鞋冬季保暖,耐克潮流,99,134,74,1256,200,96,合成革鞋,EVA轻底,系带设计,复古潮鞋,冬季保暖,51,女,安徽省,是,8,是
190643188,安踏运动复古潮鞋冬季保暖,安踏运动,211,391,54,434,2449,90,真皮柔软,橡胶大底,松紧带鞋,复古潮鞋,冬季保暖,45,女,安徽省,是,6,否
402683864,安踏运动户外机能四季通用,安踏运动,104,170,61,949,2071,93,超纤皮鞋,EVA轻底,拉链鞋款,户外机能,四季通用,44,女,江苏省,是,21,否
150439875,斯凯奇潮简约百搭夏季透气,斯凯奇潮,154,296,52,902,240,91,飞织面料,TPR鞋底,松紧带鞋,简约百搭,夏季透气,48,女,山东省,否,5,否
547570302,鸿星尔克日常休闲夏季透气,鸿星尔克,201,296,68,23,296,88,混合材质,PU中底,套脚款式,日常休闲,夏季透气,51,男,四川省,是,18,是
457617884,京东京造工装硬朗四季通用,京东京造,99,150,66,85,58,91,超纤皮鞋,MD发泡底,拉链鞋款,工装硬朗,四季通用,58,女,福建省,否,11,否
120232093,鸿星尔克户外机能秋季百搭,鸿星尔克,108,140,77,546,528,98,网布透气,混合鞋底,系带设计,户外机能,秋季百搭,42,男,浙江省,否,8,否
237417491,阿迪达斯运动休闲秋季百搭,阿迪达斯,131,160,82,32,3139,96,飞织面料,橡胶大底,拉链鞋款,运动休闲,秋季百搭,47,男,安徽省,否,22,否
242259584,阿迪达斯简约百搭夏季透气,阿迪达斯,109,206,53,4293,1083,92,超纤皮鞋,TPR鞋底,套脚款式,简约百搭,夏季透气,47,男,广东省,是,5,是
380161490,耐克潮流工装硬朗冬季保暖,耐克潮流,206,222,93,16,2264,99,合成革鞋,MD发泡底,套脚款式,工装硬朗,冬季保暖,45,女,湖北省,是,22,否
834051614,安踏运动日常休闲春季新款,安踏运动,99,143,69,3288,261,93,合成革鞋,MD发泡底,魔术贴鞋,日常休闲,春季新款,36,女,安徽省,是,21,是
619824335,其他品牌潮流高街春季新款,其他品牌,516,586,88,1162,254,96,真皮柔软,TPR鞋底,魔术贴鞋,潮流高街,春季新款,48,女,山东省,否,21,是
717387461,斯凯奇潮运动休闲冬季保暖,斯凯奇潮,99,110,90,675,5127,92,网布透气,PU中底,魔术贴鞋,运动休闲,冬季保暖,54,男,江苏省,否,0,是
947672329,鸿星尔克简约百搭冬季保暖,鸿星尔克,115,142,81,1309,968,91,混合材质,TPR鞋底,松紧带鞋,简约百搭,冬季保暖,56,男,广东省,否,10,是
711412739,斯凯奇潮户外机能夏季透气,斯凯奇潮,120,167,72,635,2333,97,网布透气,PU中底,套脚款式,户外机能,夏季透气,45,男,河南省,是,20,是
501987658,李宁休闲日常休闲四季通用,李宁休闲,99,136,73,1018,3692,97,网布透气,橡胶大底,套脚款式,日常休闲,四季通用,63,男,浙江省,否,19,是
133696382,回力经典复古潮鞋秋季百搭,回力经典,264,377,70,589,223,94,网布透气,橡胶大底,松紧带鞋,复古潮鞋,秋季百搭,50,男,河南省,否,14,否
619331674,回力经典户外机能夏季透气,回力经典,139,196,71,3,916,95,合成革鞋,TPR鞋底,套脚款式,户外机能,夏季透气,48,女,湖北省,是,21,是
700142096,回力经典简约百搭夏季透气,回力经典,282,564,50,989,7863,93,布面材质,PU中底,套脚款式,简约百搭,夏季透气,40,男,福建省,否,1,否
515541274,李宁休闲户外机能四季通用,李宁休闲,125,129,97,1088,1130,95,合成革鞋,混合鞋底,套脚款式,户外机能,四季通用,42,男,福建省,是,16,否
618152108,斯凯奇潮工装硬朗秋季百搭,斯凯奇潮,167,209,80,1455,3525,90,真皮柔软,混合鞋底,松紧带鞋,工装硬朗,秋季百搭,49,女,河南省,否,19,是
860189283,阿迪达斯户外机能夏季透气,阿迪达斯,99,118,84,1293,3192,95,网布透气,橡胶大底,松紧带鞋,户外机能,夏季透气,54,女,河北省,是,1,是
159101878,耐克潮流复古潮鞋四季通用,耐克潮流,107,202,53,1382,728,94,飞织面料,TPR鞋底,魔术贴鞋,复古潮鞋,四季通用,59,女,湖北省,是,23,是
821320958,耐克潮流潮流高街秋季百搭,耐克潮流,275,466,59,3920,2473,93,合成革鞋,混合鞋底,系带设计,潮流高街,秋季百搭,51,女,江苏省,是,20,否
863307673,安踏运动户外机能四季通用,安踏运动,165,192,86,446,623,91,飞织面料,PU中底,拉链鞋款,户外机能,四季通用,52,男,广东省,是,16,是
937172502,鸿星尔克运动休闲秋季百搭,鸿星尔克,99,106,93,11,858,95,网布透气,EVA轻底,套脚款式,运动休闲,秋季百搭,44,男,广东省,是,14,是
614275208,安踏运动运动休闲四季通用,安踏运动,159,227,70,4982,504,87,超纤皮鞋,混合鞋底,松紧带鞋,运动休闲,四季通用,49,女,江苏省,是,10,是
798466107,安踏运动日常休闲秋季百搭,安踏运动,226,348,65,27,3862,90,布面材质,PU中底,套脚款式,日常休闲,秋季百搭,63,女,江苏省,是,12,否
587718431,鸿星尔克潮流高街秋季百搭,鸿星尔克,99,157,63,42,1870,95,布面材质,TPR鞋底,套脚款式,潮流高街,秋季百搭,56,女,江苏省,否,5,是
614484257,阿迪达斯简约百搭秋季百搭,阿迪达斯,183,187,98,3511,3245,94,飞织面料,TPR鞋底,拉链鞋款,简约百搭,秋季百搭,59,男,福建省,是,20,是
148494763,安踏运动复古潮鞋四季通用,安踏运动,251,322,78,26,979,97,布面材质,MD发泡底,松紧带鞋,复古潮鞋,四季通用,60,男,湖北省,否,11,否
741637303,其他品牌户外机能夏季透气,其他品牌,99,146,68,432,597,91,合成革鞋,EVA轻底,拉链鞋款,户外机能,夏季透气,49,女,山东省,是,7,否
854312243,耐克潮流简约百搭四季通用,耐克潮流,99,118,84,2217,2672,97,混合材质,EVA轻底,松紧带鞋,简约百搭,四季通用,50,男,江苏省,是,8,是
470209620,鸿星尔克户外机能夏季透气,鸿星尔克,99,157,63,4890,3419,91,布面材质,橡胶大底,系带设计,户外机能,夏季透气,41,女,四川省,否,18,是
101260238,京东京造潮流高街秋季百搭,京东京造,99,174,57,1070,595,98,合成革鞋,PU中底,松紧带鞋,潮流高街,秋季百搭,37,女,江苏省,否,1,否
702177521,其他品牌户外机能四季通用,其他品牌,99,148,67,1231,1552,95,超纤皮鞋,混合鞋底,魔术贴鞋,户外机能,四季通用,41,女,浙江省,是,22,是
226103965,李宁休闲复古潮鞋四季通用,李宁休闲,99,150,66,1352,1235,93,超纤皮鞋,MD发泡底,系带设计,复古潮鞋,四季通用,21,男,江苏省,否,21,否
229564183,回力经典复古潮鞋夏季透气,回力经典,99,150,66,1355,1131,91,网布透气,EVA轻底,拉链鞋款,复古潮鞋,夏季透气,52,女,福建省,是,23,是
258067691,阿迪达斯工装硬朗冬季保暖,阿迪达斯,99,152,65,41,254,91,合成革鞋,TPR鞋底,魔术贴鞋,工装硬朗,冬季保暖,55,男,福建省,是,23,否
860502741,回力经典潮流高街四季通用,回力经典,153,172,89,5,2094,99,网布透气,MD发泡底,系带设计,潮流高街,四季通用,24,男,浙江省,否,6,否
907500570,回力经典潮流高街冬季保暖,回力经典,122,191,64,1451,393,95,合成革鞋,橡胶大底,魔术贴鞋,潮流高街,冬季保暖,51,男,安徽省,是,22,是
556492221,特步男鞋日常休闲秋季百搭,特步男鞋,126,173,73,4204,609,92,合成革鞋,MD发泡底,拉链鞋款,日常休闲,秋季百搭,43,男,河北省,是,23,是
900917454,阿迪达斯复古潮鞋秋季百搭,阿迪达斯,99,122,81,340,1562,92,超纤皮鞋,MD发泡底,套脚款式,复古潮鞋,秋季百搭,47,男,江苏省,是,7,否
849805603,其他品牌运动休闲秋季百搭,其他品牌,250,373,67,4018,8406,90,超纤皮鞋,TPR鞋底,拉链鞋款,运动休闲,秋季百搭,47,男,广东省,是,3,是
893693341,回力经典简约百搭冬季保暖,回力经典,243,374,65,356,855,92,高端飞织,MD发泡底,套脚款式,简约百搭,冬季保暖,45,女,福建省,是,14,是
747384140,回力经典简约百搭秋季百搭,回力经典,99,160,62,1126,4414,93,高端飞织,EVA轻底,系带设计,简约百搭,秋季百搭,50,男,江苏省,是,11,否
301070802,其他品牌简约百搭夏季透气,其他品牌,459,553,83,1102,1104,90,高端飞织,TPR鞋底,松紧带鞋,简约百搭,夏季透气,48,女,安徽省,是,11,是
592115434,李宁休闲简约百搭春季新款,李宁休闲,106,186,57,845,1660,94,网布透气,MD发泡底,松紧带鞋,简约百搭,春季新款,38,男,安徽省,否,0,是
154731905,斯凯奇潮简约百搭秋季百搭,斯凯奇潮,178,212,84,286,1740,93,飞织面料,EVA轻底,松紧带鞋,简约百搭,秋季百搭,55,男,广东省,否,0,否
431663280,安踏运动运动休闲四季通用,安踏运动,99,180,55,876,1886,92,真皮柔软,PU中底,松紧带鞋,运动休闲,四季通用,52,男,安徽省,否,14,否
603339572,李宁休闲工装硬朗四季通用,李宁休闲,246,373,66,432,8343,92,真皮柔软,橡胶大底,系带设计,工装硬朗,四季通用,46,女,山东省,是,3,否
257229916,京东京造户外机能春季新款,京东京造,99,129,77,637,16345,90,高端飞织,混合鞋底,系带设计,户外机能,春季新款,40,女,河南省,是,22,是
900616705,鸿星尔克复古潮鞋秋季百搭,鸿星尔克,99,99,100,23,399,90,高端飞织,MD发泡底,魔术贴鞋,复古潮鞋,秋季百搭,48,女,安徽省,是,18,否
646966945,回力经典潮流高街冬季保暖,回力经典,104,116,90,1321,1060,95,合成革鞋,橡胶大底,系带设计,潮流高街,冬季保暖,49,女,河北省,否,20,是
324822695,鸿星尔克潮流高街四季通用,鸿星尔克,99,177,56,3201,2458,94,合成革鞋,MD发泡底,松紧带鞋,潮流高街,四季通用,39,女,福建省,是,2,是
444157316,李宁休闲运动休闲春季新款,李宁休闲,220,227,97,1338,1280,92,网布透气,TPR鞋底,魔术贴鞋,运动休闲,春季新款,56,男,四川省,否,3,否
337227241,斯凯奇潮潮流高街秋季百搭,斯凯奇潮,99,150,66,1419,337,91,高端飞织,橡胶大底,松紧带鞋,潮流高街,秋季百搭,51,女,湖北省,否,4,是
515689910,特步男鞋户外机能四季通用,特步男鞋,125,216,58,1417,3406,97,超纤皮鞋,橡胶大底,套脚款式,户外机能,四季通用,43,女,福建省,是,6,否
502122284,耐克潮流潮流高街四季通用,耐克潮流,101,171,59,2476,440,98,飞织面料,PU中底,拉链鞋款,潮流高街,四季通用,45,女,四川省,否,5,是
312211998,阿迪达斯户外机能冬季保暖,阿迪达斯,184,302,61,120,129,96,网布透气,TPR鞋底,套脚款式,户外机能,冬季保暖,40,男,河南省,是,20,否
866265129,阿迪达斯工装硬朗夏季透气,阿迪达斯,123,162,76,1424,3435,92,高端飞织,PU中底,松紧带鞋,工装硬朗,夏季透气,54,女,浙江省,是,3,是
318470747,斯凯奇潮运动休闲四季通用,斯凯奇潮,99,105,94,3848,330,100,飞织面料,TPR鞋底,魔术贴鞋,运动休闲,四季通用,56,男,四川省,否,21,是
783888186,耐克潮流户外机能春季新款,耐克潮流,164,298,55,959,2298,97,高端飞织,EVA轻底,魔术贴鞋,户外机能,春季新款,42,女,安徽省,是,11,是
679229239,李宁休闲日常休闲秋季百搭,李宁休闲,99,129,77,4849,562,93,布面材质,混合鞋底,套脚款式,日常休闲,秋季百搭,48,女,河南省,否,6,否
277896963,特步男鞋潮流高街四季通用,特步男鞋,99,111,89,1021,643,97,合成革鞋,MD发泡底,魔术贴鞋,潮流高街,四季通用,39,男,浙江省,是,20,是
297388992,其他品牌日常休闲秋季百搭,其他品牌,372,423,88,1210,3990,91,真皮柔软,TPR鞋底,拉链鞋款,日常休闲,秋季百搭,56,女,河北省,否,3,否
390080653,李宁休闲简约百搭夏季透气,李宁休闲,114,127,90,1144,1268,92,网布透气,MD发泡底,系带设计,简约百搭,夏季透气,43,女,湖北省,否,23,否
719298961,斯凯奇潮复古潮鞋春季新款,斯凯奇潮,202,316,64,341,13425,91,混合材质,TPR鞋底,系带设计,复古潮鞋,春季新款,47,男,河北省,否,23,否
705093354,其他品牌运动休闲秋季百搭,其他品牌,166,178,93,476,1666,100,超纤皮鞋,混合鞋底,松紧带鞋,运动休闲,秋季百搭,44,女,浙江省,否,23,否
591822988,京东京造运动休闲四季通用,京东京造,222,296,75,3880,1023,92,真皮柔软,橡胶大底,套脚款式,运动休闲,四季通用,48,女,福建省,是,5,是
572052966,京东京造复古潮鞋秋季百搭,京东京造,340,340,100,586,416,91,网布透气,混合鞋底,系带设计,复古潮鞋,秋季百搭,48,男,山东省,是,9,否
141217662,京东京造复古潮鞋夏季透气,京东京造,114,114,100,1053,984,92,飞织面料,EVA轻底,魔术贴鞋,复古潮鞋,夏季透气,58,女,浙江省,否,3,否
152590113,京东京造工装硬朗四季通用,京东京造,137,161,85,625,20566,96,混合材质,混合鞋底,系带设计,工装硬朗,四季通用,58,女,浙江省,否,3,否
559415428,鸿星尔克简约百搭秋季百搭,鸿星尔克,110,167,66,6,851,96,真皮柔软,EVA轻底,拉链鞋款,简约百搭,秋季百搭,29,女,四川省,是,5,是
506550127,李宁休闲潮流高街冬季保暖,李宁休闲,99,180,55,367,1112,94,高端飞织,PU中底,系带设计,潮流高街,冬季保暖,57,男,安徽省,是,20,否
830022294,李宁休闲日常休闲秋季百搭,李宁休闲,212,238,89,1091,5969,93,超纤皮鞋,EVA轻底,系带设计,日常休闲,秋季百搭,48,女,山东省,是,21,否
177322031,李宁休闲运动休闲夏季透气,李宁休闲,99,108,92,199,862,97,高端飞织,PU中底,魔术贴鞋,运动休闲,夏季透气,39,男,河南省,是,18,是
620089948,斯凯奇潮简约百搭春季新款,斯凯奇潮,99,139,71,424,171,93,真皮柔软,TPR鞋底,系带设计,简约百搭,春季新款,53,女,广东省,是,15,否
930740053,安踏运动户外机能春季新款,安踏运动,99,134,74,503,3757,90,布面材质,PU中底,魔术贴鞋,户外机能,春季新款,45,女,广东省,是,20,否
802441463,斯凯奇潮简约百搭四季通用,斯凯奇潮,99,155,64,2784,1222,91,飞织面料,TPR鞋底,魔术贴鞋,简约百搭,四季通用,57,女,四川省,是,19,否
553400024,李宁休闲复古潮鞋夏季透气,李宁休闲,183,251,73,34,2193,95,混合材质,EVA轻底,套脚款式,复古潮鞋,夏季透气,34,男,山东省,是,9,否
172157544,安踏运动潮流高街春季新款,安踏运动,99,104,95,54,1402,96,超纤皮鞋,EVA轻底,松紧带鞋,潮流高街,春季新款,43,男,河南省,否,20,否
281541351,其他品牌运动休闲冬季保暖,其他品牌,143,217,66,1167,646,90,合成革鞋,TPR鞋底,套脚款式,运动休闲,冬季保暖,59,男,浙江省,否,20,是
255891537,李宁休闲简约百搭秋季百搭,李宁休闲,99,115,86,3587,526,94,超纤皮鞋,MD发泡底,松紧带鞋,简约百搭,秋季百搭,53,男,四川省,否,18,否
723200495,回力经典工装硬朗秋季百搭,回力经典,99,118,84,1054,5418,99,飞织面料,TPR鞋底,系带设计,工装硬朗,秋季百搭,55,男,湖北省,否,6,是
608120079,李宁休闲复古潮鞋四季通用,李宁休闲,99,174,57,957,147,93,网布透气,PU中底,套脚款式,复古潮鞋,四季通用,58,女,湖北省,否,7,否
788789020,斯凯奇潮运动休闲夏季透气,斯凯奇潮,178,349,51,47,2592,92,飞织面料,MD发泡底,松紧带鞋,运动休闲,夏季透气,45,女,湖北省,是,7,是
847739782,阿迪达斯户外机能秋季百搭,阿迪达斯,99,122,81,19,1392,99,布面材质,EVA轻底,魔术贴鞋,户外机能,秋季百搭,38,男,四川省,否,23,否
948191429,斯凯奇潮复古潮鞋春季新款,斯凯奇潮,106,193,55,2636,2449,91,网布透气,PU中底,魔术贴鞋,复古潮鞋,春季新款,39,女,福建省,否,19,否
385371429,其他品牌日常休闲冬季保暖,其他品牌,99,118,84,1399,832,92,飞织面料,TPR鞋底,松紧带鞋,日常休闲,冬季保暖,42,男,山东省,是,8,是
666450495,李宁休闲运动休闲夏季透气,李宁休闲,99,136,73,953,145,94,网布透气,TPR鞋底,魔术贴鞋,运动休闲,夏季透气,53,女,河北省,是,3,否
547421497,京东京造日常休闲夏季透气,京东京造,99,104,95,1359,4809,99,高端飞织,PU中底,系带设计,日常休闲,夏季透气,44,男,浙江省,是,20,否
681890935,斯凯奇潮工装硬朗冬季保暖,斯凯奇潮,191,255,75,1374,5061,97,超纤皮鞋,橡胶大底,系带设计,工装硬朗,冬季保暖,56,男,山东省,否,23,否
693280184,李宁休闲工装硬朗四季通用,李宁休闲,233,259,90,7,709,92,布面材质,橡胶大底,系带设计,工装硬朗,四季通用,43,女,河北省,是,15,否
272626861,京东京造潮流高街夏季透气,京东京造,356,531,67,3949,740,91,真皮柔软,橡胶大底,系带设计,潮流高街,夏季透气,42,男,福建省,否,13,否
867887149,阿迪达斯日常休闲冬季保暖,阿迪达斯,99,101,98,1347,1670,100,合成革鞋,橡胶大底,套脚款式,日常休闲,冬季保暖,63,男,河南省,是,19,是
989549352,鸿星尔克运动休闲四季通用,鸿星尔克,99,180,55,32,689,95,高端飞织,EVA轻底,魔术贴鞋,运动休闲,四季通用,33,女,广东省,否,16,是
343210259,安踏运动户外机能冬季保暖,安踏运动,99,114,87,498,1822,97,网布透气,混合鞋底,松紧带鞋,户外机能,冬季保暖,38,女,福建省,否,22,否
549146078,鸿星尔克日常休闲春季新款,鸿星尔克,103,108,95,124,457,100,超纤皮鞋,混合鞋底,系带设计,日常休闲,春季新款,56,男,湖北省,是,22,是
212352530,京东京造日常休闲冬季保暖,京东京造,465,802,58,770,173,90,网布透气,混合鞋底,拉链鞋款,日常休闲,冬季保暖,44,男,山东省,是,14,否
980709436,特步男鞋日常休闲四季通用,特步男鞋,99,121,82,167,2060,91,真皮柔软,EVA轻底,魔术贴鞋,日常休闲,四季通用,41,男,广东省,是,0,是
332358137,斯凯奇潮户外机能夏季透气,斯凯奇潮,126,130,97,687,1753,94,混合材质,MD发泡底,拉链鞋款,户外机能,夏季透气,41,女,湖北省,是,1,是
865137185,安踏运动工装硬朗夏季透气,安踏运动,351,509,69,377,2006,92,混合材质,混合鞋底,系带设计,工装硬朗,夏季透气,49,女,四川省,否,8,是
205659213,耐克潮流工装硬朗秋季百搭,耐克潮流,182,217,84,1032,875,93,网布透气,橡胶大底,松紧带鞋,工装硬朗,秋季百搭,63,女,河南省,是,22,是
729246742,李宁休闲运动休闲冬季保暖,李宁休闲,99,146,68,1121,1356,91,真皮柔软,TPR鞋底,魔术贴鞋,运动休闲,冬季保暖,58,女,四川省,否,22,否
492522641,李宁休闲潮流高街冬季保暖,李宁休闲,99,108,92,16,316,97,混合材质,橡胶大底,套脚款式,潮流高街,冬季保暖,47,女,江苏省,否,20,是
499095212,鸿星尔克运动休闲夏季透气,鸿星尔克,208,239,87,1296,873,91,真皮柔软,EVA轻底,套脚款式,运动休闲,夏季透气,40,女,江苏省,否,3,否
758516828,阿迪达斯工装硬朗夏季透气,阿迪达斯,122,188,65,761,214,100,布面材质,TPR鞋底,松紧带鞋,工装硬朗,夏季透气,58,男,河南省,否,12,否
367895093,回力经典工装硬朗夏季透气,回力经典,267,293,91,1249,990,97,真皮柔软,橡胶大底,拉链鞋款,工装硬朗,夏季透气,22,女,安徽省,否,7,否
182680782,安踏运动工装硬朗冬季保暖,安踏运动,99,102,97,4783,2051,97,高端飞织,混合鞋底,系带设计,工装硬朗,冬季保暖,56,女,山东省,否,23,是
407610525,耐克潮流简约百搭春季新款,耐克潮流,99,104,95,229,2148,91,高端飞织,混合鞋底,套脚款式,简约百搭,春季新款,45,男,四川省,否,20,否
797605036,斯凯奇潮工装硬朗四季通用,斯凯奇潮,99,114,87,1058,15249,94,合成革鞋,EVA轻底,拉链鞋款,工装硬朗,四季通用,49,男,广东省,是,6,否
383154923,李宁休闲日常休闲四季通用,李宁休闲,99,121,82,38,107,93,高端飞织,TPR鞋底,套脚款式,日常休闲,四季通用,57,女,河北省,否,22,否
314083490,回力经典复古潮鞋夏季透气,回力经典,99,174,57,1260,1724,91,合成革鞋,EVA轻底,松紧带鞋,复古潮鞋,夏季透气,50,女,河北省,否,20,是
167983987,鸿星尔克日常休闲春季新款,鸿星尔克,99,111,89,210,841,100,布面材质,MD发泡底,拉链鞋款,日常休闲,春季新款,49,男,四川省,否,8,是
809068391,回力经典简约百搭春季新款,回力经典,159,221,72,227,379,99,混合材质,橡胶大底,套脚款式,简约百搭,春季新款,43,男,湖北省,是,7,否
476427368,阿迪达斯户外机能四季通用,阿迪达斯,183,226,81,20,1620,94,高端飞织,TPR鞋底,魔术贴鞋,户外机能,四季通用,51,男,福建省,否,2,是
250241458,李宁休闲复古潮鞋四季通用,李宁休闲,512,711,72,120,6891,92,高端飞织,混合鞋底,魔术贴鞋,复古潮鞋,四季通用,50,女,浙江省,否,22,否
500429083,安踏运动工装硬朗冬季保暖,安踏运动,261,378,69,2284,123,95,布面材质,混合鞋底,系带设计,工装硬朗,冬季保暖,59,女,四川省,是,21,否
397879572,特步男鞋简约百搭夏季透气,特步男鞋,267,290,92,870,3091,95,超纤皮鞋,EVA轻底,松紧带鞋,简约百搭,夏季透气,47,男,广东省,否,5,否
123906840,耐克潮流潮流高街秋季百搭,耐克潮流,99,138,72,282,667,95,合成革鞋,MD发泡底,松紧带鞋,潮流高街,秋季百搭,60,男,浙江省,是,3,是
192449199,李宁休闲简约百搭春季新款,李宁休闲,99,106,93,596,374,94,高端飞织,MD发泡底,拉链鞋款,简约百搭,春季新款,61,女,福建省,否,19,否
677226942,阿迪达斯复古潮鞋秋季百搭,阿迪达斯,99,129,77,6,335,90,布面材质,橡胶大底,系带设计,复古潮鞋,秋季百搭,58,男,湖北省,否,18,是
777698243,耐克潮流日常休闲冬季保暖,耐克潮流,143,151,95,1471,6953,98,超纤皮鞋,混合鞋底,系带设计,日常休闲,冬季保暖,47,男,浙江省,否,23,否
587579853,特步男鞋潮流高街四季通用,特步男鞋,226,359,63,2,5745,93,合成革鞋,混合鞋底,拉链鞋款,潮流高街,四季通用,40,女,福建省,是,19,是
947598607,耐克潮流工装硬朗秋季百搭,耐克潮流,99,130,76,634,1970,85,网布透气,TPR鞋底,套脚款式,工装硬朗,秋季百搭,58,女,河南省,是,11,否
163944081,鸿星尔克复古潮鞋春季新款,鸿星尔克,116,140,83,1292,914,100,真皮柔软,橡胶大底,拉链鞋款,复古潮鞋,春季新款,50,女,四川省,否,5,否
499945250,耐克潮流简约百搭冬季保暖,耐克潮流,99,160,62,2542,956,92,合成革鞋,EVA轻底,松紧带鞋,简约百搭,冬季保暖,47,男,山东省,否,8,否
824542700,安踏运动工装硬朗夏季透气,安踏运动,99,141,70,1469,1875,99,真皮柔软,PU中底,系带设计,工装硬朗,夏季透气,45,女,广东省,是,6,是
863168854,回力经典日常休闲秋季百搭,回力经典,99,100,99,1306,458,92,超纤皮鞋,PU中底,套脚款式,日常休闲,秋季百搭,51,女,广东省,否,20,是
478499186,安踏运动潮流高街夏季透气,安踏运动,258,487,53,1177,1064,91,高端飞织,PU中底,系带设计,潮流高街,夏季透气,48,女,四川省,是,13,是
502465192,京东京造简约百搭夏季透气,京东京造,262,279,94,60,233,98,网布透气,MD发泡底,套脚款式,简约百搭,夏季透气,39,女,河南省,是,8,否
544200790,耐克潮流复古潮鞋秋季百搭,耐克潮流,99,139,71,963,1084,100,超纤皮鞋,橡胶大底,拉链鞋款,复古潮鞋,秋季百搭,43,女,江苏省,是,20,否
877794763,回力经典复古潮鞋春季新款,回力经典,107,123,87,934,537,96,飞织面料,橡胶大底,套脚款式,复古潮鞋,春季新款,55,女,浙江省,否,2,是
260045543,鸿星尔克户外机能四季通用,鸿星尔克,122,244,50,505,1619,99,合成革鞋,PU中底,系带设计,户外机能,四季通用,47,女,河北省,否,23,是
367712999,回力经典潮流高街夏季透气,回力经典,206,355,58,1218,204,96,真皮柔软,TPR鞋底,魔术贴鞋,潮流高街,夏季透气,36,女,山东省,是,5,是
489373965,特步男鞋运动休闲四季通用,特步男鞋,162,195,83,791,1621,90,网布透气,TPR鞋底,松紧带鞋,运动休闲,四季通用,62,女,山东省,否,0,是
564318475,安踏运动复古潮鞋夏季透气,安踏运动,146,197,74,576,1934,94,飞织面料,TPR鞋底,魔术贴鞋,复古潮鞋,夏季透气,40,男,湖北省,否,23,是
337865501,鸿星尔克日常休闲四季通用,鸿星尔克,99,127,78,835,3322,96,高端飞织,EVA轻底,松紧带鞋,日常休闲,四季通用,47,女,山东省,否,10,否
174656286,安踏运动复古潮鞋秋季百搭,安踏运动,99,129,77,684,624,99,飞织面料,MD发泡底,系带设计,复古潮鞋,秋季百搭,38,女,四川省,是,23,否
647326186,耐克潮流工装硬朗夏季透气,耐克潮流,144,206,70,1455,182,85,混合材质,MD发泡底,系带设计,工装硬朗,夏季透气,43,女,福建省,否,1,是
898032022,其他品牌户外机能四季通用,其他品牌,400,404,99,2213,2223,92,真皮柔软,EVA轻底,套脚款式,户外机能,四季通用,50,女,安徽省,否,19,是
815475800,安踏运动户外机能春季新款,安踏运动,122,230,53,16,538,91,高端飞织,TPR鞋底,系带设计,户外机能,春季新款,58,男,江苏省,否,0,否
122283981,耐克潮流工装硬朗四季通用,耐克潮流,131,175,75,6,191,85,混合材质,EVA轻底,系带设计,工装硬朗,四季通用,51,女,江苏省,是,13,否
622107406,其他品牌运动休闲秋季百搭,其他品牌,200,247,81,102,933,94,飞织面料,PU中底,系带设计,运动休闲,秋季百搭,59,女,广东省,是,5,否
285459001,其他品牌简约百搭冬季保暖,其他品牌,165,201,82,1373,2156,95,布面材质,TPR鞋底,松紧带鞋,简约百搭,冬季保暖,49,男,广东省,否,22,否
198187798,安踏运动运动休闲春季新款,安踏运动,119,123,97,577,1096,92,布面材质,EVA轻底,套脚款式,运动休闲,春季新款,38,男,广东省,否,9,是
792492871,回力经典运动休闲秋季百搭,回力经典,126,156,81,2,1016,94,真皮柔软,橡胶大底,松紧带鞋,运动休闲,秋季百搭,45,男,山东省,是,23,是
243521293,特步男鞋简约百搭四季通用,特步男鞋,112,142,79,72,2954,90,混合材质,MD发泡底,拉链鞋款,简约百搭,四季通用,36,男,广东省,否,17,否
812612698,阿迪达斯潮流高街秋季百搭,阿迪达斯,236,352,67,50,454,97,超纤皮鞋,混合鞋底,拉链鞋款,潮流高街,秋季百搭,51,男,安徽省,是,1,是
735975718,京东京造运动休闲四季通用,京东京造,353,406,87,339,2578,94,网布透气,TPR鞋底,套脚款式,运动休闲,四季通用,57,女,广东省,否,17,否
165724806,斯凯奇潮户外机能夏季透气,斯凯奇潮,197,372,53,738,99,98,网布透气,PU中底,魔术贴鞋,户外机能,夏季透气,36,男,山东省,否,23,是
267913733,回力经典工装硬朗冬季保暖,回力经典,122,161,76,45,663,90,混合材质,TPR鞋底,松紧带鞋,工装硬朗,冬季保暖,36,女,江苏省,否,23,是
860796218,阿迪达斯复古潮鞋冬季保暖,阿迪达斯,99,130,76,40,1535,96,合成革鞋,TPR鞋底,系带设计,复古潮鞋,冬季保暖,51,女,河北省,是,20,是
694166609,其他品牌日常休闲春季新款,其他品牌,118,142,83,340,1638,96,飞织面料,EVA轻底,魔术贴鞋,日常休闲,春季新款,35,女,江苏省,否,20,是
175991965,京东京造潮流高街四季通用,京东京造,99,101,98,3069,195,91,布面材质,混合鞋底,套脚款式,潮流高街,四季通用,49,男,河北省,是,11,是
470856179,京东京造潮流高街秋季百搭,京东京造,232,276,84,1097,991,97,高端飞织,PU中底,松紧带鞋,潮流高街,秋季百搭,53,男,广东省,否,22,是
451423451,回力经典运动休闲夏季透气,回力经典,99,152,65,1069,2730,94,超纤皮鞋,橡胶大底,魔术贴鞋,运动休闲,夏季透气,39,男,安徽省,是,14,否
605972146,鸿星尔克运动休闲夏季透气,鸿星尔克,110,121,91,1002,261,94,合成革鞋,TPR鞋底,拉链鞋款,运动休闲,夏季透气,58,男,河南省,是,13,是
674907938,特步男鞋运动休闲春季新款,特步男鞋,126,147,86,729,589,96,高端飞织,EVA轻底,拉链鞋款,运动休闲,春季新款,50,男,浙江省,是,15,否
490186028,京东京造简约百搭春季新款,京东京造,180,191,94,33,4903,95,网布透气,橡胶大底,松紧带鞋,简约百搭,春季新款,50,女,福建省,否,23,是
298955836,鸿星尔克户外机能春季新款,鸿星尔克,108,129,84,158,1213,90,布面材质,MD发泡底,拉链鞋款,户外机能,春季新款,46,女,福建省,是,20,否
221247979,特步男鞋运动休闲冬季保暖,特步男鞋,139,199,70,2464,1289,95,超纤皮鞋,MD发泡底,魔术贴鞋,运动休闲,冬季保暖,52,女,河北省,是,18,是
942618886,其他品牌工装硬朗四季通用,其他品牌,357,406,88,668,904,97,超纤皮鞋,PU中底,系带设计,工装硬朗,四季通用,57,女,河南省,是,1,否
625654200,安踏运动简约百搭秋季百搭,安踏运动,163,183,89,46,3726,90,布面材质,EVA轻底,套脚款式,简约百搭,秋季百搭,56,女,江苏省,否,16,否
936275370,京东京造日常休闲冬季保暖,京东京造,100,128,78,3143,9888,90,真皮柔软,橡胶大底,套脚款式,日常休闲,冬季保暖,42,男,浙江省,否,20,是
716515777,李宁休闲复古潮鞋秋季百搭,李宁休闲,280,318,88,646,683,91,合成革鞋,TPR鞋底,拉链鞋款,复古潮鞋,秋季百搭,21,女,河南省,是,11,否
978219228,安踏运动简约百搭春季新款,安踏运动,185,228,81,40,142,96,网布透气,TPR鞋底,套脚款式,简约百搭,春季新款,51,女,河南省,否,23,是
909347391,其他品牌简约百搭春季新款,其他品牌,99,194,51,1133,130,98,真皮柔软,橡胶大底,拉链鞋款,简约百搭,春季新款,40,女,四川省,是,17,否
118010745,回力经典运动休闲春季新款,回力经典,99,198,50,21,347,93,混合材质,混合鞋底,松紧带鞋,运动休闲,春季新款,47,男,浙江省,是,0,是
361624664,其他品牌日常休闲四季通用,其他品牌,138,216,64,10,2073,96,高端飞织,橡胶大底,松紧带鞋,日常休闲,四季通用,54,女,山东省,否,22,否
499476832,耐克潮流户外机能四季通用,耐克潮流,220,268,82,13,477,99,合成革鞋,PU中底,松紧带鞋,户外机能,四季通用,53,女,浙江省,是,21,是
238034355,京东京造运动休闲冬季保暖,京东京造,131,187,70,2756,351,92,混合材质,MD发泡底,魔术贴鞋,运动休闲,冬季保暖,39,男,福建省,是,13,是
550214468,京东京造复古潮鞋春季新款,京东京造,201,239,84,145,2394,90,布面材质,TPR鞋底,系带设计,复古潮鞋,春季新款,39,男,江苏省,是,1,是
260945302,特步男鞋运动休闲秋季百搭,特步男鞋,218,245,89,505,6786,94,高端飞织,MD发泡底,系带设计,运动休闲,秋季百搭,57,女,湖北省,否,12,否
880992855,京东京造潮流高街夏季透气,京东京造,352,469,75,825,920,93,飞织面料,PU中底,拉链鞋款,潮流高街,夏季透气,26,男,安徽省,是,10,是
231616124,回力经典运动休闲夏季透气,回力经典,177,181,98,3978,1600,94,合成革鞋,TPR鞋底,系带设计,运动休闲,夏季透气,41,女,山东省,否,3,否
966986698,京东京造日常休闲冬季保暖,京东京造,99,134,74,827,19537,90,真皮柔软,PU中底,拉链鞋款,日常休闲,冬季保暖,42,女,安徽省,否,13,否
250858445,回力经典简约百搭夏季透气,回力经典,146,146,100,1417,940,95,合成革鞋,TPR鞋底,松紧带鞋,简约百搭,夏季透气,51,男,河南省,是,22,否
426649339,耐克潮流工装硬朗春季新款,耐克潮流,237,395,60,26,1266,85,高端飞织,混合鞋底,松紧带鞋,工装硬朗,春季新款,39,男,福建省,是,18,否
813195364,阿迪达斯户外机能夏季透气,阿迪达斯,206,248,83,3270,641,94,混合材质,TPR鞋底,系带设计,户外机能,夏季透气,39,女,四川省,否,20,否
827321781,特步男鞋复古潮鞋春季新款,特步男鞋,123,141,87,3569,154,91,飞织面料,PU中底,系带设计,复古潮鞋,春季新款,49,女,湖北省,是,11,是
505278483,阿迪达斯潮流高街秋季百搭,阿迪达斯,99,157,63,2436,431,96,高端飞织,TPR鞋底,魔术贴鞋,潮流高街,秋季百搭,58,女,安徽省,否,20,是
981807559,回力经典复古潮鞋夏季透气,回力经典,124,139,89,38,370,95,合成革鞋,混合鞋底,套脚款式,复古潮鞋,夏季透气,42,男,江苏省,否,10,是
949588855,回力经典工装硬朗秋季百搭,回力经典,141,178,79,23,943,96,飞织面料,TPR鞋底,松紧带鞋,工装硬朗,秋季百搭,41,男,福建省,是,0,是
866521560,特步男鞋户外机能春季新款,特步男鞋,99,116,85,40,447,99,超纤皮鞋,混合鞋底,拉链鞋款,户外机能,春季新款,43,女,福建省,是,8,否
467153428,鸿星尔克潮流高街冬季保暖,鸿星尔克,307,310,99,759,830,95,高端飞织,混合鞋底,套脚款式,潮流高街,冬季保暖,38,女,广东省,是,3,是
464175616,阿迪达斯日常休闲夏季透气,阿迪达斯,112,162,69,1014,13819,93,真皮柔软,EVA轻底,魔术贴鞋,日常休闲,夏季透气,50,女,广东省,否,21,否
859533285,特步男鞋运动休闲四季通用,特步男鞋,204,237,86,60,13173,90,高端飞织,EVA轻底,系带设计,运动休闲,四季通用,32,女,安徽省,否,10,否
299958300,回力经典复古潮鞋秋季百搭,回力经典,220,333,66,50,3078,94,真皮柔软,MD发泡底,系带设计,复古潮鞋,秋季百搭,60,男,江苏省,否,5,否
544914700,耐克潮流户外机能四季通用,耐克潮流,112,224,50,908,4648,96,超纤皮鞋,EVA轻底,松紧带鞋,户外机能,四季通用,48,女,四川省,是,7,否
397636535,李宁休闲潮流高街四季通用,李宁休闲,99,122,81,623,832,96,高端飞织,TPR鞋底,拉链鞋款,潮流高街,四季通用,51,男,福建省,是,15,否
513691919,特步男鞋潮流高街春季新款,特步男鞋,120,154,78,2857,1055,99,混合材质,PU中底,系带设计,潮流高街,春季新款,57,女,江苏省,否,3,否
452013678,斯凯奇潮户外机能秋季百搭,斯凯奇潮,99,106,93,502,1199,87,真皮柔软,TPR鞋底,拉链鞋款,户外机能,秋季百搭,51,女,江苏省,否,8,是
771503943,耐克潮流工装硬朗春季新款,耐克潮流,167,321,52,11,450,98,高端飞织,橡胶大底,系带设计,工装硬朗,春季新款,43,男,广东省,是,2,是
776962678,安踏运动户外机能冬季保暖,安踏运动,471,798,59,28,2095,96,混合材质,橡胶大底,松紧带鞋,户外机能,冬季保暖,49,女,福建省,是,21,否
903363417,安踏运动潮流高街春季新款,安踏运动,148,211,70,361,629,94,飞织面料,PU中底,套脚款式,潮流高街,春季新款,50,女,安徽省,否,17,是
781066347,鸿星尔克简约百搭夏季透气,鸿星尔克,118,149,79,17,397,94,真皮柔软,混合鞋底,松紧带鞋,简约百搭,夏季透气,55,男,安徽省,否,12,是
198347397,耐克潮流运动休闲春季新款,耐克潮流,106,151,70,628,807,90,合成革鞋,EVA轻底,套脚款式,运动休闲,春季新款,57,男,四川省,是,21,是
729213683,特步男鞋复古潮鞋春季新款,特步男鞋,112,145,77,2293,408,96,网布透气,混合鞋底,套脚款式,复古潮鞋,春季新款,37,男,湖北省,否,0,否
827875394,回力经典运动休闲春季新款,回力经典,144,206,70,1375,250,93,真皮柔软,混合鞋底,系带设计,运动休闲,春季新款,57,男,安徽省,是,4,是
633610973,耐克潮流工装硬朗夏季透气,耐克潮流,124,125,99,21,56,94,飞织面料,PU中底,系带设计,工装硬朗,夏季透气,53,男,四川省,是,22,否
431698164,斯凯奇潮运动休闲夏季透气,斯凯奇潮,226,260,87,759,2559,95,超纤皮鞋,PU中底,系带设计,运动休闲,夏季透气,34,女,安徽省,否,12,否
873967835,其他品牌复古潮鞋四季通用,其他品牌,99,121,82,1377,699,97,飞织面料,PU中底,魔术贴鞋,复古潮鞋,四季通用,52,男,浙江省,否,4,否
301249982,李宁休闲运动休闲四季通用,李宁休闲,99,124,80,4061,1466,99,飞织面料,橡胶大底,松紧带鞋,运动休闲,四季通用,51,男,湖北省,是,21,是
613146750,特步男鞋户外机能春季新款,特步男鞋,107,191,56,1346,6041,96,混合材质,TPR鞋底,系带设计,户外机能,春季新款,44,女,江苏省,否,0,否
600828102,鸿星尔克户外机能秋季百搭,鸿星尔克,99,118,84,2525,2800,90,网布透气,MD发泡底,魔术贴鞋,户外机能,秋季百搭,51,女,山东省,是,13,否
268361899,斯凯奇潮简约百搭春季新款,斯凯奇潮,99,152,65,925,2041,95,混合材质,混合鞋底,套脚款式,简约百搭,春季新款,34,女,河南省,否,4,否
230151688,阿迪达斯日常休闲冬季保暖,阿迪达斯,99,183,54,495,3000,99,高端飞织,MD发泡底,拉链鞋款,日常休闲,冬季保暖,35,女,安徽省,否,21,否
746027762,特步男鞋潮流高街四季通用,特步男鞋,156,156,100,1315,300,96,高端飞织,PU中底,魔术贴鞋,潮流高街,四季通用,39,女,河南省,是,0,是
550254076,阿迪达斯复古潮鞋冬季保暖,阿迪达斯,107,130,82,722,406,93,飞织面料,混合鞋底,套脚款式,复古潮鞋,冬季保暖,48,女,河北省,否,4,是
230477924,安踏运动简约百搭冬季保暖,安踏运动,123,237,52,1336,7640,96,网布透气,MD发泡底,魔术贴鞋,简约百搭,冬季保暖,48,女,广东省,是,20,否
588861341,回力经典潮流高街秋季百搭,回力经典,99,152,65,801,3022,85,布面材质,EVA轻底,系带设计,潮流高街,秋季百搭,55,男,浙江省,是,20,否
908702615,鸿星尔克工装硬朗春季新款,鸿星尔克,304,385,79,292,353,96,混合材质,PU中底,系带设计,工装硬朗,春季新款,59,女,河南省,否,22,否
892642855,回力经典潮流高街秋季百搭,回力经典,99,198,50,957,5810,95,混合材质,EVA轻底,魔术贴鞋,潮流高街,秋季百搭,44,女,福建省,否,7,否
774879148,鸿星尔克运动休闲秋季百搭,鸿星尔克,237,320,74,65,2773,97,飞织面料,PU中底,系带设计,运动休闲,秋季百搭,45,女,山东省,是,13,否
177188635,斯凯奇潮工装硬朗春季新款,斯凯奇潮,569,1116,51,1248,2567,90,高端飞织,混合鞋底,套脚款式,工装硬朗,春季新款,51,男,江苏省,是,7,是
625576368,回力经典潮流高街夏季透气,回力经典,99,122,81,3626,705,99,超纤皮鞋,混合鞋底,拉链鞋款,潮流高街,夏季透气,53,女,安徽省,是,13,是
996316918,斯凯奇潮日常休闲春季新款,斯凯奇潮,194,255,76,1492,11381,90,高端飞织,EVA轻底,魔术贴鞋,日常休闲,春季新款,44,男,四川省,否,16,是
773615034,特步男鞋日常休闲冬季保暖,特步男鞋,133,211,63,1240,225,92,网布透气,EVA轻底,魔术贴鞋,日常休闲,冬季保暖,42,女,河北省,否,21,否
755370252,鸿星尔克简约百搭冬季保暖,鸿星尔克,99,121,82,25,454,91,超纤皮鞋,PU中底,套脚款式,简约百搭,冬季保暖,39,女,广东省,是,12,否
843217517,鸿星尔克潮流高街春季新款,鸿星尔克,118,193,61,25,839,90,飞织面料,PU中底,套脚款式,潮流高街,春季新款,62,女,广东省,否,21,否
113087908,斯凯奇潮工装硬朗冬季保暖,斯凯奇潮,99,102,97,50,1877,97,网布透气,橡胶大底,松紧带鞋,工装硬朗,冬季保暖,42,女,浙江省,否,22,否
272144546,京东京造简约百搭夏季透气,京东京造,99,198,50,1354,571,96,网布透气,橡胶大底,魔术贴鞋,简约百搭,夏季透气,50,女,山东省,否,20,否
957219300,鸿星尔克简约百搭夏季透气,鸿星尔克,114,168,68,868,1129,90,合成革鞋,EVA轻底,拉链鞋款,简约百搭,夏季透气,56,男,湖北省,是,13,是
411748138,李宁休闲潮流高街秋季百搭,李宁休闲,151,176,86,26,1468,96,布面材质,PU中底,套脚款式,潮流高街,秋季百搭,19,男,浙江省,否,21,否
952167742,阿迪达斯运动休闲冬季保暖,阿迪达斯,99,111,89,734,2480,99,真皮柔软,混合鞋底,松紧带鞋,运动休闲,冬季保暖,41,女,浙江省,是,14,否
902973172,耐克潮流复古潮鞋四季通用,耐克潮流,99,102,97,33,577,90,混合材质,PU中底,魔术贴鞋,复古潮鞋,四季通用,31,男,福建省,否,2,是
529540519,其他品牌潮流高街春季新款,其他品牌,153,255,60,1251,578,91,合成革鞋,PU中底,套脚款式,潮流高街,春季新款,39,男,福建省,是,6,否
138540897,阿迪达斯简约百搭秋季百搭,阿迪达斯,312,395,79,1409,302,88,混合材质,MD发泡底,魔术贴鞋,简约百搭,秋季百搭,36,女,湖北省,否,20,否
605611039,李宁休闲简约百搭秋季百搭,李宁休闲,305,328,93,1439,862,90,混合材质,TPR鞋底,拉链鞋款,简约百搭,秋季百搭,44,男,福建省,是,23,否
675723724,安踏运动复古潮鞋四季通用,安踏运动,99,112,88,1318,318,92,真皮柔软,TPR鞋底,松紧带鞋,复古潮鞋,四季通用,51,男,江苏省,否,8,否
728384366,安踏运动复古潮鞋冬季保暖,安踏运动,223,248,90,3020,6775,95,合成革鞋,橡胶大底,套脚款式,复古潮鞋,冬季保暖,55,女,安徽省,否,12,是
567937716,鸿星尔克复古潮鞋春季新款,鸿星尔克,126,197,64,30,300,99,高端飞织,PU中底,拉链鞋款,复古潮鞋,春季新款,52,男,河北省,是,21,否
251409115,李宁休闲复古潮鞋冬季保暖,李宁休闲,248,394,63,1323,2765,96,合成革鞋,橡胶大底,套脚款式,复古潮鞋,冬季保暖,41,女,四川省,否,20,否
109010740,其他品牌复古潮鞋夏季透气,其他品牌,99,106,93,815,1622,96,高端飞织,橡胶大底,魔术贴鞋,复古潮鞋,夏季透气,45,女,浙江省,否,15,是
121425585,耐克潮流简约百搭春季新款,耐克潮流,133,151,88,2462,939,85,超纤皮鞋,TPR鞋底,系带设计,简约百搭,春季新款,62,女,四川省,否,4,否
952564105,耐克潮流简约百搭夏季透气,耐克潮流,156,274,57,105,762,96,飞织面料,TPR鞋底,松紧带鞋,简约百搭,夏季透气,30,男,湖北省,否,23,否
855675820,其他品牌潮流高街四季通用,其他品牌,124,203,61,1157,55,98,合成革鞋,TPR鞋底,拉链鞋款,潮流高街,四季通用,42,男,河北省,否,9,是
182215593,耐克潮流潮流高街四季通用,耐克潮流,99,160,62,369,933,92,混合材质,橡胶大底,拉链鞋款,潮流高街,四季通用,62,男,江苏省,否,5,是
766328390,京东京造潮流高街秋季百搭,京东京造,99,150,66,43,29042,90,超纤皮鞋,TPR鞋底,魔术贴鞋,潮流高街,秋季百搭,48,男,四川省,否,22,是
697552213,鸿星尔克户外机能冬季保暖,鸿星尔克,99,180,55,47,178,92,超纤皮鞋,橡胶大底,系带设计,户外机能,冬季保暖,38,女,福建省,是,7,是
321119338,其他品牌工装硬朗春季新款,其他品牌,173,275,63,2,272,95,飞织面料,EVA轻底,拉链鞋款,工装硬朗,春季新款,57,男,湖北省,是,5,否
729339992,回力经典简约百搭冬季保暖,回力经典,99,171,58,427,8066,94,飞织面料,EVA轻底,松紧带鞋,简约百搭,冬季保暖,56,女,河北省,否,4,是
897985070,耐克潮流户外机能夏季透气,耐克潮流,507,818,62,152,192,90,布面材质,PU中底,拉链鞋款,户外机能,夏季透气,50,女,浙江省,是,13,否
842665689,阿迪达斯日常休闲冬季保暖,阿迪达斯,99,110,90,2687,1445,94,飞织面料,混合鞋底,拉链鞋款,日常休闲,冬季保暖,57,男,广东省,是,21,否
316543639,耐克潮流潮流高街春季新款,耐克潮流,99,198,50,1316,909,92,布面材质,TPR鞋底,魔术贴鞋,潮流高街,春季新款,44,女,浙江省,否,0,否
360844239,其他品牌日常休闲冬季保暖,其他品牌,99,129,77,3813,1558,87,飞织面料,MD发泡底,系带设计,日常休闲,冬季保暖,53,男,湖北省,否,23,是
825239687,安踏运动简约百搭夏季透气,安踏运动,99,99,100,6,186,89,网布透气,EVA轻底,松紧带鞋,简约百搭,夏季透气,48,女,河北省,否,8,是
960214513,李宁休闲日常休闲秋季百搭,李宁休闲,99,116,85,1357,593,94,网布透气,橡胶大底,套脚款式,日常休闲,秋季百搭,50,男,安徽省,是,23,是
327948487,阿迪达斯日常休闲四季通用,阿迪达斯,164,248,66,1403,1490,95,真皮柔软,混合鞋底,松紧带鞋,日常休闲,四季通用,45,女,湖北省,否,3,否
323634446,鸿星尔克简约百搭春季新款,鸿星尔克,99,190,52,381,5677,97,混合材质,混合鞋底,拉链鞋款,简约百搭,春季新款,37,女,河北省,否,17,是
858714762,京东京造日常休闲秋季百搭,京东京造,99,112,88,4890,965,93,混合材质,TPR鞋底,松紧带鞋,日常休闲,秋季百搭,62,女,河北省,否,3,是
828377207,李宁休闲日常休闲春季新款,李宁休闲,149,237,63,554,1522,96,飞织面料,TPR鞋底,松紧带鞋,日常休闲,春季新款,42,女,广东省,否,11,是
857309368,阿迪达斯潮流高街四季通用,阿迪达斯,99,136,73,1115,2117,92,高端飞织,TPR鞋底,套脚款式,潮流高街,四季通用,47,男,河南省,否,0,是
592141709,鸿星尔克户外机能四季通用,鸿星尔克,141,271,52,48,3186,90,合成革鞋,EVA轻底,拉链鞋款,户外机能,四季通用,46,女,福建省,是,21,否
934456637,特步男鞋简约百搭冬季保暖,特步男鞋,319,550,58,738,3127,92,混合材质,TPR鞋底,套脚款式,简约百搭,冬季保暖,47,男,广东省,否,15,是
270196820,鸿星尔克复古潮鞋冬季保暖,鸿星尔克,204,276,74,1055,829,94,真皮柔软,EVA轻底,套脚款式,复古潮鞋,冬季保暖,56,女,河北省,是,3,否
415864079,阿迪达斯运动休闲秋季百搭,阿迪达斯,99,198,50,1463,7049,99,飞织面料,EVA轻底,松紧带鞋,运动休闲,秋季百搭,51,男,安徽省,否,14,是
186984027,其他品牌工装硬朗春季新款,其他品牌,99,141,70,2254,2761,92,网布透气,PU中底,系带设计,工装硬朗,春季新款,30,女,湖北省,是,20,否
916294309,回力经典户外机能冬季保暖,回力经典,99,101,98,17,1905,99,混合材质,混合鞋底,魔术贴鞋,户外机能,冬季保暖,39,男,山东省,是,8,否
928628621,京东京造复古潮鞋冬季保暖,京东京造,232,237,98,3736,3960,92,混合材质,TPR鞋底,松紧带鞋,复古潮鞋,冬季保暖,52,男,浙江省,否,23,否
317969092,阿迪达斯复古潮鞋春季新款,阿迪达斯,128,145,88,4061,715,97,真皮柔软,混合鞋底,套脚款式,复古潮鞋,春季新款,46,男,河北省,是,16,否
432200248,鸿星尔克工装硬朗春季新款,鸿星尔克,104,208,50,36,334,92,混合材质,EVA轻底,系带设计,工装硬朗,春季新款,40,女,四川省,是,21,是
570785223,其他品牌简约百搭秋季百搭,其他品牌,99,138,72,662,1140,97,网布透气,MD发泡底,拉链鞋款,简约百搭,秋季百搭,61,女,安徽省,是,22,否
628603703,特步男鞋工装硬朗四季通用,特步男鞋,143,186,77,972,1571,93,超纤皮鞋,PU中底,拉链鞋款,工装硬朗,四季通用,38,女,四川省,是,19,否
487982989,特步男鞋简约百搭四季通用,特步男鞋,111,119,93,867,393,85,合成革鞋,TPR鞋底,魔术贴鞋,简约百搭,四季通用,50,男,福建省,是,23,否
762072773,其他品牌简约百搭四季通用,其他品牌,99,130,76,4741,47,85,真皮柔软,橡胶大底,拉链鞋款,简约百搭,四季通用,43,男,广东省,否,10,是
636070839,耐克潮流户外机能春季新款,耐克潮流,208,277,75,1289,1281,91,布面材质,PU中底,套脚款式,户外机能,春季新款,47,男,浙江省,是,22,否
640899552,其他品牌日常休闲秋季百搭,其他品牌,157,308,51,1395,194,85,飞织面料,混合鞋底,魔术贴鞋,日常休闲,秋季百搭,31,女,山东省,是,2,是
720502088,其他品牌户外机能夏季透气,其他品牌,99,183,54,49,2351,94,真皮柔软,TPR鞋底,魔术贴鞋,户外机能,夏季透气,60,男,江苏省,是,5,否
362225317,耐克潮流简约百搭冬季保暖,耐克潮流,99,183,54,1314,578,93,真皮柔软,EVA轻底,松紧带鞋,简约百搭,冬季保暖,49,男,福建省,否,4,否
955112885,李宁休闲潮流高街秋季百搭,李宁休闲,101,135,75,392,742,94,网布透气,PU中底,魔术贴鞋,潮流高街,秋季百搭,37,女,河北省,否,5,否
905647782,鸿星尔克运动休闲夏季透气,鸿星尔克,230,277,83,2736,1912,97,高端飞织,混合鞋底,拉链鞋款,运动休闲,夏季透气,49,女,湖北省,否,6,是
572528106,耐克潮流简约百搭四季通用,耐克潮流,99,127,78,40,3743,90,飞织面料,TPR鞋底,套脚款式,简约百搭,四季通用,61,女,福建省,是,8,否
384097604,鸿星尔克户外机能冬季保暖,鸿星尔克,99,136,73,19,867,93,网布透气,MD发泡底,系带设计,户外机能,冬季保暖,54,男,河北省,否,13,是
524456169,李宁休闲工装硬朗冬季保暖,李宁休闲,152,292,52,894,340,91,网布透气,橡胶大底,套脚款式,工装硬朗,冬季保暖,52,男,江苏省,是,23,是
697296238,阿迪达斯复古潮鞋春季新款,阿迪达斯,443,461,96,7,13135,95,高端飞织,MD发泡底,系带设计,复古潮鞋,春季新款,34,女,广东省,是,1,否
284742350,安踏运动复古潮鞋四季通用,安踏运动,99,111,89,1214,442,100,飞织面料,EVA轻底,魔术贴鞋,复古潮鞋,四季通用,54,女,河南省,是,4,是
508165112,斯凯奇潮户外机能冬季保暖,斯凯奇潮,99,122,81,396,4117,93,布面材质,橡胶大底,松紧带鞋,户外机能,冬季保暖,37,男,湖北省,否,11,否
343844969,耐克潮流户外机能春季新款,耐克潮流,167,321,52,3355,1212,96,超纤皮鞋,MD发泡底,套脚款式,户外机能,春季新款,44,男,四川省,否,13,是
233316123,特步男鞋工装硬朗夏季透气,特步男鞋,136,257,53,132,3674,96,合成革鞋,混合鞋底,拉链鞋款,工装硬朗,夏季透气,44,男,安徽省,是,20,是
587268929,李宁休闲户外机能四季通用,李宁休闲,99,102,97,614,284,94,布面材质,MD发泡底,套脚款式,户外机能,四季通用,50,男,四川省,是,19,是
207276707,特步男鞋日常休闲秋季百搭,特步男鞋,99,121,82,4124,380,96,飞织面料,橡胶大底,系带设计,日常休闲,秋季百搭,52,女,山东省,是,19,是
700755080,京东京造工装硬朗四季通用,京东京造,99,136,73,42,1546,92,超纤皮鞋,TPR鞋底,套脚款式,工装硬朗,四季通用,58,男,浙江省,是,16,否
338423035,京东京造简约百搭春季新款,京东京造,146,159,92,735,4454,93,飞织面料,MD发泡底,拉链鞋款,简约百搭,春季新款,52,女,山东省,是,21,否
429869089,耐克潮流潮流高街秋季百搭,耐克潮流,200,364,55,420,1102,92,超纤皮鞋,MD发泡底,松紧带鞋,潮流高街,秋季百搭,46,男,河北省,是,23,是
648248178,斯凯奇潮复古潮鞋秋季百搭,斯凯奇潮,99,121,82,3422,81,100,真皮柔软,PU中底,系带设计,复古潮鞋,秋季百搭,39,男,河南省,否,7,是
718495167,阿迪达斯潮流高街秋季百搭,阿迪达斯,99,160,62,770,4410,93,超纤皮鞋,PU中底,套脚款式,潮流高街,秋季百搭,24,男,浙江省,是,23,是
930405844,李宁休闲潮流高街四季通用,李宁休闲,99,129,77,1415,1565,90,合成革鞋,EVA轻底,套脚款式,潮流高街,四季通用,52,女,浙江省,否,13,否
218872690,回力经典工装硬朗四季通用,回力经典,136,206,66,877,838,93,高端飞织,橡胶大底,拉链鞋款,工装硬朗,四季通用,51,男,浙江省,否,22,否
850726926,鸿星尔克工装硬朗春季新款,鸿星尔克,179,245,73,843,2638,90,飞织面料,EVA轻底,松紧带鞋,工装硬朗,春季新款,51,女,江苏省,是,21,否
849254194,耐克潮流户外机能冬季保暖,耐克潮流,99,130,76,502,2089,90,超纤皮鞋,橡胶大底,魔术贴鞋,户外机能,冬季保暖,42,男,江苏省,否,22,否
500168498,京东京造户外机能夏季透气,京东京造,181,297,61,381,1025,97,真皮柔软,混合鞋底,松紧带鞋,户外机能,夏季透气,53,男,浙江省,否,19,是
167865867,其他品牌简约百搭夏季透气,其他品牌,128,191,67,1039,1051,94,高端飞织,EVA轻底,拉链鞋款,简约百搭,夏季透气,58,女,河南省,是,4,否
583647212,鸿星尔克日常休闲秋季百搭,鸿星尔克,99,121,82,430,266,95,高端飞织,EVA轻底,套脚款式,日常休闲,秋季百搭,40,男,安徽省,是,21,否
695856133,其他品牌日常休闲冬季保暖,其他品牌,99,136,73,440,24299,89,飞织面料,MD发泡底,松紧带鞋,日常休闲,冬季保暖,55,女,浙江省,否,18,是
522949098,鸿星尔克运动休闲冬季保暖,鸿星尔克,134,184,73,567,581,91,飞织面料,TPR鞋底,松紧带鞋,运动休闲,冬季保暖,54,男,福建省,是,4,是
745589872,回力经典简约百搭秋季百搭,回力经典,249,461,54,95,2133,94,混合材质,PU中底,套脚款式,简约百搭,秋季百搭,54,男,河南省,否,21,否
329067170,李宁休闲复古潮鞋秋季百搭,李宁休闲,99,129,77,3059,841,98,飞织面料,混合鞋底,拉链鞋款,复古潮鞋,秋季百搭,50,女,湖北省,否,19,是
372921945,特步男鞋户外机能夏季透气,特步男鞋,221,223,99,522,1518,94,超纤皮鞋,橡胶大底,拉链鞋款,户外机能,夏季透气,41,男,四川省,是,22,是
901590197,李宁休闲工装硬朗夏季透气,李宁休闲,99,121,82,1068,682,90,网布透气,MD发泡底,魔术贴鞋,工装硬朗,夏季透气,61,男,福建省,是,23,是
101182102,特步男鞋简约百搭春季新款,特步男鞋,207,383,54,858,253,99,真皮柔软,MD发泡底,魔术贴鞋,简约百搭,春季新款,61,男,河南省,是,20,是
257918025,特步男鞋运动休闲春季新款,特步男鞋,252,350,72,3520,699,97,高端飞织,TPR鞋底,松紧带鞋,运动休闲,春季新款,57,女,四川省,否,2,是
830344566,斯凯奇潮户外机能四季通用,斯凯奇潮,107,160,67,971,1305,92,布面材质,EVA轻底,魔术贴鞋,户外机能,四季通用,34,女,四川省,否,10,否
211693196,回力经典运动休闲春季新款,回力经典,105,113,93,24,392,94,超纤皮鞋,橡胶大底,松紧带鞋,运动休闲,春季新款,34,男,四川省,否,5,否
593093304,特步男鞋日常休闲夏季透气,特步男鞋,115,158,73,1073,1384,99,高端飞织,混合鞋底,系带设计,日常休闲,夏季透气,51,女,山东省,否,22,否
225901654,鸿星尔克潮流高街秋季百搭,鸿星尔克,108,208,52,1191,1404,94,飞织面料,PU中底,魔术贴鞋,潮流高街,秋季百搭,47,女,河南省,是,23,是
475445710,安踏运动复古潮鞋夏季透气,安踏运动,236,381,62,1496,389,99,合成革鞋,橡胶大底,松紧带鞋,复古潮鞋,夏季透气,59,男,福建省,是,22,否
761190933,鸿星尔克日常休闲四季通用,鸿星尔克,205,214,96,1320,590,97,高端飞织,PU中底,松紧带鞋,日常休闲,四季通用,39,男,安徽省,否,14,是
637121250,斯凯奇潮运动休闲冬季保暖,斯凯奇潮,99,119,83,851,415,94,网布透气,MD发泡底,松紧带鞋,运动休闲,冬季保暖,50,女,山东省,否,9,否
989472193,京东京造工装硬朗冬季保暖,京东京造,99,183,54,1108,2064,98,超纤皮鞋,混合鞋底,套脚款式,工装硬朗,冬季保暖,40,女,福建省,是,4,是
660848795,耐克潮流复古潮鞋四季通用,耐克潮流,107,114,94,32,97,92,超纤皮鞋,MD发泡底,拉链鞋款,复古潮鞋,四季通用,35,女,福建省,是,7,是
160529962,阿迪达斯潮流高街秋季百搭,阿迪达斯,99,143,69,39,661,86,高端飞织,MD发泡底,拉链鞋款,潮流高街,秋季百搭,49,女,浙江省,是,23,否
456329652,耐克潮流工装硬朗冬季保暖,耐克潮流,99,174,57,3462,220,100,布面材质,PU中底,松紧带鞋,工装硬朗,冬季保暖,45,女,安徽省,否,23,否
389902672,回力经典简约百搭冬季保暖,回力经典,99,108,92,145,346,98,网布透气,橡胶大底,套脚款式,简约百搭,冬季保暖,41,男,山东省,否,19,否
784034983,阿迪达斯简约百搭夏季透气,阿迪达斯,102,128,80,228,1169,95,超纤皮鞋,EVA轻底,松紧带鞋,简约百搭,夏季透气,32,女,福建省,否,8,是
301612814,耐克潮流户外机能四季通用,耐克潮流,303,583,52,418,2617,93,合成革鞋,橡胶大底,松紧带鞋,户外机能,四季通用,38,女,河南省,是,20,否
612499543,李宁休闲潮流高街四季通用,李宁休闲,143,193,74,589,1080,85,高端飞织,橡胶大底,套脚款式,潮流高街,四季通用,40,女,福建省,是,19,否
230378000,鸿星尔克潮流高街秋季百搭,鸿星尔克,143,179,80,1436,2288,97,网布透气,橡胶大底,系带设计,潮流高街,秋季百搭,49,女,江苏省,否,23,否
482681220,阿迪达斯潮流高街春季新款,阿迪达斯,99,122,81,1378,858,97,网布透气,混合鞋底,套脚款式,潮流高街,春季新款,41,男,福建省,是,13,是
313268345,其他品牌潮流高街冬季保暖,其他品牌,174,252,69,78,433,92,高端飞织,混合鞋底,套脚款式,潮流高街,冬季保暖,57,男,山东省,是,19,是
479215252,耐克潮流复古潮鞋四季通用,耐克潮流,118,197,60,3120,1250,93,超纤皮鞋,PU中底,魔术贴鞋,复古潮鞋,四季通用,43,女,山东省,否,11,是
667783794,阿迪达斯复古潮鞋冬季保暖,阿迪达斯,135,157,86,668,655,93,超纤皮鞋,混合鞋底,松紧带鞋,复古潮鞋,冬季保暖,40,女,山东省,否,12,是
131403078,阿迪达斯户外机能夏季透气,阿迪达斯,108,144,75,741,1304,98,网布透气,PU中底,魔术贴鞋,户外机能,夏季透气,55,女,广东省,是,14,否
585100000,鸿星尔克户外机能秋季百搭,鸿星尔克,171,335,51,4829,318,99,真皮柔软,MD发泡底,系带设计,户外机能,秋季百搭,58,女,山东省,是,0,是
308737660,阿迪达斯户外机能秋季百搭,阿迪达斯,100,101,99,992,382,97,超纤皮鞋,PU中底,松紧带鞋,户外机能,秋季百搭,61,女,江苏省,是,2,是
577321112,斯凯奇潮工装硬朗冬季保暖,斯凯奇潮,172,302,57,1346,665,94,超纤皮鞋,MD发泡底,系带设计,工装硬朗,冬季保暖,48,女,河北省,否,17,否
518080566,特步男鞋简约百搭冬季保暖,特步男鞋,99,119,83,34,162,91,布面材质,混合鞋底,套脚款式,简约百搭,冬季保暖,39,男,广东省,否,20,否
961900272,阿迪达斯户外机能夏季透气,阿迪达斯,162,191,85,176,699,97,混合材质,橡胶大底,拉链鞋款,户外机能,夏季透气,57,男,山东省,是,0,否
613891953,京东京造日常休闲夏季透气,京东京造,331,409,81,1036,2375,100,高端飞织,TPR鞋底,套脚款式,日常休闲,夏季透气,44,男,浙江省,是,14,是
928122062,鸿星尔克运动休闲夏季透气,鸿星尔克,99,122,81,36,6534,95,飞织面料,PU中底,套脚款式,运动休闲,夏季透气,48,男,四川省,是,1,否
531546272,其他品牌户外机能四季通用,其他品牌,107,113,95,88,621,94,混合材质,MD发泡底,拉链鞋款,户外机能,四季通用,50,女,广东省,是,22,否
389376315,京东京造潮流高街春季新款,京东京造,108,137,79,0,543,91,网布透气,橡胶大底,系带设计,潮流高街,春季新款,50,女,浙江省,是,20,是
888405212,阿迪达斯日常休闲四季通用,阿迪达斯,130,236,55,3594,5112,99,布面材质,TPR鞋底,系带设计,日常休闲,四季通用,36,男,福建省,是,23,是
952838673,回力经典日常休闲四季通用,回力经典,184,279,66,717,1281,93,真皮柔软,橡胶大底,松紧带鞋,日常休闲,四季通用,61,男,福建省,是,5,是
261931065,阿迪达斯复古潮鞋秋季百搭,阿迪达斯,99,105,94,1254,254,96,飞织面料,PU中底,魔术贴鞋,复古潮鞋,秋季百搭,52,男,福建省,否,22,是
922837566,其他品牌复古潮鞋冬季保暖,其他品牌,99,187,53,746,1458,97,网布透气,EVA轻底,系带设计,复古潮鞋,冬季保暖,58,女,河北省,是,20,否
645741032,回力经典运动休闲春季新款,回力经典,307,558,55,540,655,100,混合材质,PU中底,套脚款式,运动休闲,春季新款,64,女,河南省,是,22,否
585352285,回力经典工装硬朗冬季保暖,回力经典,147,196,75,158,1583,93,超纤皮鞋,EVA轻底,拉链鞋款,工装硬朗,冬季保暖,52,男,广东省,是,8,是
917823273,京东京造运动休闲秋季百搭,京东京造,447,667,67,799,562,100,合成革鞋,橡胶大底,魔术贴鞋,运动休闲,秋季百搭,53,女,四川省,否,20,否
265604026,回力经典潮流高街冬季保暖,回力经典,99,146,68,504,2375,88,混合材质,EVA轻底,魔术贴鞋,潮流高街,冬季保暖,43,女,浙江省,否,7,是
178438456,李宁休闲复古潮鞋秋季百搭,李宁休闲,378,548,69,29,1190,97,布面材质,TPR鞋底,魔术贴鞋,复古潮鞋,秋季百搭,50,男,广东省,是,1,是
701531107,鸿星尔克潮流高街四季通用,鸿星尔克,99,198,50,1006,1451,94,布面材质,混合鞋底,套脚款式,潮流高街,四季通用,36,男,山东省,是,21,是
359001538,阿迪达斯工装硬朗秋季百搭,阿迪达斯,99,190,52,1157,3574,95,布面材质,EVA轻底,系带设计,工装硬朗,秋季百搭,20,女,福建省,否,3,否
425966536,阿迪达斯简约百搭春季新款,阿迪达斯,99,152,65,2685,1593,90,混合材质,MD发泡底,松紧带鞋,简约百搭,春季新款,39,男,广东省,是,3,是
181683785,耐克潮流户外机能秋季百搭,耐克潮流,117,141,83,1286,1948,95,网布透气,MD发泡底,拉链鞋款,户外机能,秋季百搭,59,男,江苏省,否,20,是
633090563,阿迪达斯工装硬朗夏季透气,阿迪达斯,99,138,72,4780,1066,92,真皮柔软,MD发泡底,魔术贴鞋,工装硬朗,夏季透气,49,男,浙江省,是,21,是
930974962,安踏运动运动休闲夏季透气,安踏运动,643,974,66,1405,6107,91,网布透气,PU中底,拉链鞋款,运动休闲,夏季透气,52,男,江苏省,是,9,否
366618884,其他品牌复古潮鞋四季通用,其他品牌,99,132,75,1317,3967,91,高端飞织,PU中底,松紧带鞋,复古潮鞋,四季通用,48,男,四川省,是,23,是
396070993,其他品牌运动休闲冬季保暖,其他品牌,144,244,59,4505,510,93,超纤皮鞋,混合鞋底,拉链鞋款,运动休闲,冬季保暖,35,男,四川省,否,1,是
404898314,回力经典潮流高街冬季保暖,回力经典,225,281,80,1073,4604,92,飞织面料,PU中底,魔术贴鞋,潮流高街,冬季保暖,49,女,四川省,否,14,否
874368115,特步男鞋复古潮鞋秋季百搭,特步男鞋,185,253,73,39,471,90,混合材质,EVA轻底,魔术贴鞋,复古潮鞋,秋季百搭,39,男,山东省,否,3,否
278740211,斯凯奇潮户外机能秋季百搭,斯凯奇潮,100,137,73,1466,105,94,布面材质,PU中底,魔术贴鞋,户外机能,秋季百搭,42,女,四川省,否,19,否
861672088,其他品牌复古潮鞋四季通用,其他品牌,296,538,55,468,4407,96,合成革鞋,橡胶大底,系带设计,复古潮鞋,四季通用,57,女,江苏省,是,22,是
966544061,回力经典户外机能四季通用,回力经典,218,266,82,459,1314,97,布面材质,PU中底,套脚款式,户外机能,四季通用,56,女,福建省,否,8,是
421241777,安踏运动简约百搭四季通用,安踏运动,217,289,75,1225,324,93,网布透气,TPR鞋底,套脚款式,简约百搭,四季通用,52,男,山东省,是,11,否
421668530,鸿星尔克潮流高街春季新款,鸿星尔克,115,198,58,4030,1336,91,合成革鞋,混合鞋底,松紧带鞋,潮流高街,春季新款,47,男,湖北省,否,21,否
861171055,京东京造日常休闲秋季百搭,京东京造,99,148,67,2812,591,97,混合材质,TPR鞋底,套脚款式,日常休闲,秋季百搭,51,女,河北省,是,2,是
768822508,特步男鞋潮流高街春季新款,特步男鞋,206,327,63,1092,4434,94,真皮柔软,PU中底,松紧带鞋,潮流高街,春季新款,48,女,浙江省,否,15,否
207017779,回力经典运动休闲春季新款,回力经典,121,175,69,288,93,92,网布透气,橡胶大底,魔术贴鞋,运动休闲,春季新款,40,男,四川省,否,13,否
525267601,回力经典潮流高街冬季保暖,回力经典,99,108,92,30,173,93,布面材质,PU中底,系带设计,潮流高街,冬季保暖,33,男,河南省,是,20,否
768221591,耐克潮流简约百搭秋季百搭,耐克潮流,99,143,69,957,2077,95,网布透气,TPR鞋底,魔术贴鞋,简约百搭,秋季百搭,24,女,福建省,否,20,是
818464209,安踏运动潮流高街春季新款,安踏运动,117,221,53,0,3581,94,飞织面料,PU中底,拉链鞋款,潮流高街,春季新款,50,女,河北省,是,22,否
531055735,京东京造简约百搭春季新款,京东京造,203,254,80,859,827,89,真皮柔软,橡胶大底,魔术贴鞋,简约百搭,春季新款,39,女,安徽省,否,6,是
955376329,阿迪达斯复古潮鞋四季通用,阿迪达斯,204,265,77,1435,4584,88,布面材质,橡胶大底,系带设计,复古潮鞋,四季通用,38,女,广东省,是,10,是
645256055,斯凯奇潮复古潮鞋春季新款,斯凯奇潮,146,149,98,1043,1007,95,真皮柔软,TPR鞋底,魔术贴鞋,复古潮鞋,春季新款,45,男,广东省,是,20,是
450560904,鸿星尔克潮流高街秋季百搭,鸿星尔克,110,134,82,3628,10248,92,网布透气,橡胶大底,系带设计,潮流高街,秋季百搭,44,女,河北省,否,21,是
523724077,斯凯奇潮户外机能冬季保暖,斯凯奇潮,122,191,64,1024,100,93,超纤皮鞋,PU中底,魔术贴鞋,户外机能,冬季保暖,52,男,山东省,否,21,是
694148818,斯凯奇潮运动休闲夏季透气,斯凯奇潮,99,124,80,42,1266,91,高端飞织,混合鞋底,拉链鞋款,运动休闲,夏季透气,40,女,湖北省,是,20,否
714398711,李宁休闲潮流高街春季新款,李宁休闲,100,130,77,80,752,98,混合材质,PU中底,拉链鞋款,潮流高街,春季新款,40,女,江苏省,是,22,是
598308313,特步男鞋潮流高街冬季保暖,特步男鞋,135,260,52,4920,543,97,布面材质,混合鞋底,系带设计,潮流高街,冬季保暖,41,男,湖北省,是,20,否
300893245,斯凯奇潮复古潮鞋冬季保暖,斯凯奇潮,107,118,91,1309,1007,99,真皮柔软,EVA轻底,魔术贴鞋,复古潮鞋,冬季保暖,38,女,福建省,否,4,否
871425065,京东京造简约百搭春季新款,京东京造,162,235,69,3005,7154,91,高端飞织,橡胶大底,魔术贴鞋,简约百搭,春季新款,38,女,河北省,否,18,否
246461763,京东京造工装硬朗秋季百搭,京东京造,99,122,81,2838,2204,99,超纤皮鞋,PU中底,套脚款式,工装硬朗,秋季百搭,44,男,福建省,是,20,是
381655583,回力经典潮流高街冬季保暖,回力经典,99,129,77,2539,865,91,布面材质,橡胶大底,魔术贴鞋,潮流高街,冬季保暖,51,男,河南省,是,22,否
391782616,斯凯奇潮复古潮鞋夏季透气,斯凯奇潮,112,220,51,368,1101,93,高端飞织,PU中底,松紧带鞋,复古潮鞋,夏季透气,58,女,湖北省,是,2,否
578820118,阿迪达斯户外机能冬季保暖,阿迪达斯,246,289,85,988,849,90,超纤皮鞋,混合鞋底,套脚款式,户外机能,冬季保暖,47,男,广东省,否,21,是
676572868,特步男鞋复古潮鞋秋季百搭,特步男鞋,170,230,74,774,503,98,超纤皮鞋,混合鞋底,系带设计,复古潮鞋,秋季百搭,47,男,安徽省,否,23,否
326143255,鸿星尔克复古潮鞋秋季百搭,鸿星尔克,105,108,97,1369,6153,99,布面材质,混合鞋底,系带设计,复古潮鞋,秋季百搭,54,男,安徽省,否,15,是
998536594,安踏运动潮流高街秋季百搭,安踏运动,301,320,94,18,13414,94,布面材质,EVA轻底,套脚款式,潮流高街,秋季百搭,40,男,河南省,否,23,是
220035459,阿迪达斯日常休闲春季新款,阿迪达斯,99,118,84,972,110,92,混合材质,PU中底,套脚款式,日常休闲,春季新款,53,女,湖北省,是,21,是
725915728,回力经典工装硬朗春季新款,回力经典,131,160,82,1020,1404,93,真皮柔软,混合鞋底,拉链鞋款,工装硬朗,春季新款,54,女,福建省,是,20,是
326677561,其他品牌潮流高街春季新款,其他品牌,115,225,51,84,2630,95,真皮柔软,MD发泡底,系带设计,潮流高街,春季新款,50,女,浙江省,否,22,是
121077483,特步男鞋复古潮鞋四季通用,特步男鞋,125,130,96,959,1062,91,合成革鞋,PU中底,松紧带鞋,复古潮鞋,四季通用,63,女,福建省,是,7,是
939173862,回力经典运动休闲夏季透气,回力经典,99,102,97,28,138,90,布面材质,MD发泡底,系带设计,运动休闲,夏季透气,55,女,湖北省,是,8,否
349741796,特步男鞋户外机能春季新款,特步男鞋,99,115,86,704,155,98,高端飞织,橡胶大底,松紧带鞋,户外机能,春季新款,42,男,四川省,否,23,是
341966818,耐克潮流工装硬朗秋季百搭,耐克潮流,119,233,51,1188,85,88,飞织面料,EVA轻底,松紧带鞋,工装硬朗,秋季百搭,32,女,河南省,是,5,否
546000391,特步男鞋运动休闲夏季透气,特步男鞋,253,278,91,325,2029,94,混合材质,橡胶大底,松紧带鞋,运动休闲,夏季透气,32,男,河北省,否,15,是
289405698,鸿星尔克户外机能春季新款,鸿星尔克,99,160,62,4581,219,99,混合材质,EVA轻底,魔术贴鞋,户外机能,春季新款,52,男,四川省,否,15,否
547270284,其他品牌户外机能秋季百搭,其他品牌,103,158,65,1449,1802,92,高端飞织,PU中底,魔术贴鞋,户外机能,秋季百搭,46,女,四川省,否,17,否
963112763,回力经典日常休闲夏季透气,回力经典,99,190,52,1027,1426,90,超纤皮鞋,TPR鞋底,松紧带鞋,日常休闲,夏季透气,41,女,湖北省,否,18,是
782225793,耐克潮流潮流高街冬季保暖,耐克潮流,131,131,100,240,979,95,飞织面料,橡胶大底,拉链鞋款,潮流高街,冬季保暖,34,男,河北省,是,21,是
121634804,阿迪达斯工装硬朗冬季保暖,阿迪达斯,187,210,89,702,339,92,合成革鞋,MD发泡底,松紧带鞋,工装硬朗,冬季保暖,35,男,河北省,否,23,是
885711389,其他品牌复古潮鞋四季通用,其他品牌,99,111,89,60,942,94,飞织面料,橡胶大底,系带设计,复古潮鞋,四季通用,59,女,河北省,是,10,否
257272679,鸿星尔克复古潮鞋冬季保暖,鸿星尔克,145,186,78,554,230,91,真皮柔软,MD发泡底,拉链鞋款,复古潮鞋,冬季保暖,50,女,山东省,是,20,否
675389141,其他品牌户外机能四季通用,其他品牌,167,178,94,776,1216,95,真皮柔软,混合鞋底,松紧带鞋,户外机能,四季通用,50,男,山东省,否,20,否
108064797,耐克潮流简约百搭秋季百搭,耐克潮流,162,178,91,711,5924,91,飞织面料,PU中底,魔术贴鞋,简约百搭,秋季百搭,49,男,福建省,否,21,是
865465863,鸿星尔克工装硬朗秋季百搭,鸿星尔克,99,124,80,1157,606,97,合成革鞋,EVA轻底,系带设计,工装硬朗,秋季百搭,48,男,湖北省,否,0,否
312326123,安踏运动运动休闲四季通用,安踏运动,169,302,56,29,245,97,真皮柔软,EVA轻底,松紧带鞋,运动休闲,四季通用,45,男,安徽省,否,23,是
836031973,阿迪达斯运动休闲四季通用,阿迪达斯,122,131,93,417,427,99,布面材质,混合鞋底,拉链鞋款,运动休闲,四季通用,50,男,河南省,是,5,否
193055013,安踏运动日常休闲春季新款,安踏运动,145,154,94,417,619,93,混合材质,TPR鞋底,套脚款式,日常休闲,春季新款,43,男,广东省,是,20,否
330611863,京东京造日常休闲四季通用,京东京造,99,177,56,22,3625,100,真皮柔软,EVA轻底,松紧带鞋,日常休闲,四季通用,55,男,河北省,是,8,否
874274340,其他品牌工装硬朗春季新款,其他品牌,99,129,77,115,1366,95,网布透气,TPR鞋底,松紧带鞋,工装硬朗,春季新款,41,女,福建省,是,5,否
772763773,安踏运动户外机能冬季保暖,安踏运动,100,164,61,2355,2215,95,超纤皮鞋,PU中底,魔术贴鞋,户外机能,冬季保暖,60,男,江苏省,是,10,否
709640777,李宁休闲日常休闲四季通用,李宁休闲,99,101,98,866,3328,94,合成革鞋,橡胶大底,拉链鞋款,日常休闲,四季通用,63,男,广东省,是,23,是
510778643,耐克潮流工装硬朗秋季百搭,耐克潮流,301,381,79,42,1707,98,超纤皮鞋,混合鞋底,魔术贴鞋,工装硬朗,秋季百搭,48,男,山东省,否,14,否
202689968,其他品牌复古潮鞋秋季百搭,其他品牌,131,196,67,613,519,88,超纤皮鞋,橡胶大底,系带设计,复古潮鞋,秋季百搭,59,女,山东省,是,13,否
335336329,特步男鞋简约百搭四季通用,特步男鞋,433,562,77,1101,1292,100,布面材质,橡胶大底,套脚款式,简约百搭,四季通用,52,女,福建省,否,23,否
889361089,回力经典日常休闲冬季保暖,回力经典,111,161,69,1351,3745,97,布面材质,混合鞋底,松紧带鞋,日常休闲,冬季保暖,40,女,湖北省,否,1,否
764216566,回力经典日常休闲四季通用,回力经典,134,160,84,929,223,98,布面材质,EVA轻底,系带设计,日常休闲,四季通用,56,女,河北省,是,6,是
233035933,特步男鞋工装硬朗春季新款,特步男鞋,142,203,70,681,2047,88,高端飞织,橡胶大底,拉链鞋款,工装硬朗,春季新款,45,女,江苏省,否,18,否
296787341,李宁休闲运动休闲四季通用,李宁休闲,99,190,52,8,399,97,超纤皮鞋,PU中底,魔术贴鞋,运动休闲,四季通用,40,男,安徽省,是,23,否
308730938,鸿星尔克复古潮鞋春季新款,鸿星尔克,116,117,99,136,544,95,布面材质,EVA轻底,套脚款式,复古潮鞋,春季新款,40,女,安徽省,是,15,是
150859147,京东京造简约百搭冬季保暖,京东京造,99,105,94,18,154,97,布面材质,MD发泡底,魔术贴鞋,简约百搭,冬季保暖,61,男,四川省,是,20,否
529804178,阿迪达斯日常休闲冬季保暖,阿迪达斯,436,459,95,3342,1130,100,混合材质,PU中底,拉链鞋款,日常休闲,冬季保暖,64,男,四川省,是,20,否
960234848,安踏运动简约百搭秋季百搭,安踏运动,99,110,90,596,289,97,高端飞织,EVA轻底,拉链鞋款,简约百搭,秋季百搭,54,女,四川省,是,1,否
448912177,鸿星尔克潮流高街冬季保暖,鸿星尔克,165,243,68,4621,6869,96,超纤皮鞋,EVA轻底,魔术贴鞋,潮流高街,冬季保暖,48,男,河北省,是,4,是
466756136,回力经典复古潮鞋四季通用,回力经典,99,111,89,2944,582,91,混合材质,橡胶大底,套脚款式,复古潮鞋,四季通用,50,男,河南省,否,23,否
138024364,斯凯奇潮运动休闲春季新款,斯凯奇潮,396,435,91,433,8424,91,真皮柔软,TPR鞋底,松紧带鞋,运动休闲,春季新款,40,男,四川省,否,6,是
320636754,鸿星尔克简约百搭秋季百搭,鸿星尔克,99,103,96,500,460,98,飞织面料,PU中底,魔术贴鞋,简约百搭,秋季百搭,46,男,湖北省,是,15,否
135064318,李宁休闲日常休闲春季新款,李宁休闲,176,205,86,1252,129,91,布面材质,EVA轻底,魔术贴鞋,日常休闲,春季新款,56,女,广东省,否,21,是
454088537,耐克潮流日常休闲冬季保暖,耐克潮流,180,180,100,2909,761,91,网布透气,混合鞋底,松紧带鞋,日常休闲,冬季保暖,43,女,湖北省,是,19,是
760131086,京东京造日常休闲春季新款,京东京造,99,124,80,1,283,92,真皮柔软,EVA轻底,套脚款式,日常休闲,春季新款,45,男,广东省,否,4,是
429483607,京东京造工装硬朗四季通用,京东京造,99,116,85,303,2202,97,网布透气,TPR鞋底,拉链鞋款,工装硬朗,四季通用,47,女,广东省,是,5,否
637288784,回力经典简约百搭夏季透气,回力经典,124,153,81,915,1196,92,高端飞织,PU中底,套脚款式,简约百搭,夏季透气,53,男,山东省,否,15,否
648528534,其他品牌工装硬朗春季新款,其他品牌,261,311,84,29,2557,92,合成革鞋,PU中底,套脚款式,工装硬朗,春季新款,48,女,山东省,是,22,是
253953279,安踏运动复古潮鞋四季通用,安踏运动,99,118,84,43,492,94,高端飞织,MD发泡底,拉链鞋款,复古潮鞋,四季通用,50,女,河北省,是,14,否
422573546,李宁休闲简约百搭四季通用,李宁休闲,105,154,68,1162,1414,96,高端飞织,橡胶大底,套脚款式,简约百搭,四季通用,55,男,浙江省,是,13,否
239101943,李宁休闲户外机能秋季百搭,李宁休闲,99,105,94,4361,553,94,超纤皮鞋,混合鞋底,系带设计,户外机能,秋季百搭,38,女,湖北省,否,23,是
733159726,京东京造复古潮鞋夏季透气,京东京造,251,440,57,1070,399,94,高端飞织,MD发泡底,拉链鞋款,复古潮鞋,夏季透气,31,男,四川省,是,23,是
302655568,安踏运动户外机能秋季百搭,安踏运动,99,160,62,771,2637,91,高端飞织,TPR鞋底,松紧带鞋,户外机能,秋季百搭,36,男,浙江省,否,22,否
227000531,安踏运动日常休闲冬季保暖,安踏运动,99,119,83,1366,6868,90,真皮柔软,橡胶大底,松紧带鞋,日常休闲,冬季保暖,47,男,江苏省,否,20,否
421514545,回力经典潮流高街夏季透气,回力经典,99,130,76,12,398,93,高端飞织,PU中底,魔术贴鞋,潮流高街,夏季透气,49,男,福建省,是,11,是
553565951,特步男鞋户外机能秋季百搭,特步男鞋,177,290,61,2430,220,92,混合材质,MD发泡底,系带设计,户外机能,秋季百搭,50,男,江苏省,否,0,是
760782533,回力经典潮流高街春季新款,回力经典,469,489,96,2186,58,90,超纤皮鞋,混合鞋底,魔术贴鞋,潮流高街,春季新款,52,男,河北省,否,6,是
992974324,斯凯奇潮日常休闲四季通用,斯凯奇潮,240,421,57,1274,330,90,超纤皮鞋,橡胶大底,系带设计,日常休闲,四季通用,47,女,江苏省,否,8,是
755035559,李宁休闲运动休闲冬季保暖,李宁休闲,99,171,58,4383,953,93,超纤皮鞋,EVA轻底,套脚款式,运动休闲,冬季保暖,43,女,湖北省,否,8,是
400004451,京东京造日常休闲冬季保暖,京东京造,423,798,53,40,672,87,真皮柔软,PU中底,魔术贴鞋,日常休闲,冬季保暖,54,男,四川省,否,23,否
484976818,其他品牌日常休闲夏季透气,其他品牌,99,102,97,3665,481,94,合成革鞋,PU中底,魔术贴鞋,日常休闲,夏季透气,34,男,湖北省,否,10,是
276568728,特步男鞋户外机能秋季百搭,特步男鞋,184,186,99,34,552,94,真皮柔软,混合鞋底,松紧带鞋,户外机能,秋季百搭,30,女,广东省,是,0,否
901741023,京东京造潮流高街夏季透气,京东京造,266,283,94,1187,326,91,真皮柔软,混合鞋底,系带设计,潮流高街,夏季透气,42,男,山东省,是,22,否
527825520,京东京造运动休闲冬季保暖,京东京造,181,318,57,34,107,95,网布透气,MD发泡底,套脚款式,运动休闲,冬季保暖,32,女,河南省,否,4,是
504801669,特步男鞋复古潮鞋春季新款,特步男鞋,99,105,94,983,878,97,混合材质,TPR鞋底,系带设计,复古潮鞋,春季新款,54,男,四川省,否,22,否
275684615,京东京造潮流高街夏季透气,京东京造,99,136,73,467,1067,94,网布透气,橡胶大底,松紧带鞋,潮流高街,夏季透气,54,男,福建省,是,2,是
359018784,李宁休闲工装硬朗夏季透气,李宁休闲,99,109,91,1060,3804,94,网布透气,EVA轻底,拉链鞋款,工装硬朗,夏季透气,47,女,山东省,否,10,是
345564375,耐克潮流户外机能冬季保暖,耐克潮流,147,160,92,27,364,94,网布透气,PU中底,系带设计,户外机能,冬季保暖,39,男,河北省,是,21,是
668677040,京东京造复古潮鞋冬季保暖,京东京造,374,479,78,709,1208,100,高端飞织,MD发泡底,系带设计,复古潮鞋,冬季保暖,40,女,广东省,否,22,是
487393724,特步男鞋简约百搭冬季保暖,特步男鞋,99,139,71,486,1747,97,高端飞织,EVA轻底,拉链鞋款,简约百搭,冬季保暖,43,男,广东省,否,1,否
108804612,特步男鞋运动休闲秋季百搭,特步男鞋,99,101,98,903,2058,99,高端飞织,EVA轻底,套脚款式,运动休闲,秋季百搭,56,女,江苏省,是,22,是
119552105,特步男鞋运动休闲秋季百搭,特步男鞋,106,193,55,1034,9352,92,混合材质,橡胶大底,松紧带鞋,运动休闲,秋季百搭,42,女,山东省,是,7,否
736149436,阿迪达斯日常休闲冬季保暖,阿迪达斯,274,365,75,1113,1456,93,合成革鞋,橡胶大底,松紧带鞋,日常休闲,冬季保暖,42,男,河南省,是,8,否
609274940,李宁休闲简约百搭冬季保暖,李宁休闲,99,136,73,1145,565,94,合成革鞋,混合鞋底,拉链鞋款,简约百搭,冬季保暖,36,男,安徽省,是,0,是
374349945,李宁休闲简约百搭夏季透气,李宁休闲,105,150,70,13,931,91,真皮柔软,混合鞋底,松紧带鞋,简约百搭,夏季透气,34,女,山东省,是,7,否
323202724,鸿星尔克复古潮鞋夏季透气,鸿星尔克,99,106,93,333,149,88,超纤皮鞋,PU中底,松紧带鞋,复古潮鞋,夏季透气,44,女,广东省,是,21,否
130556344,回力经典日常休闲冬季保暖,回力经典,145,210,69,2329,388,91,混合材质,MD发泡底,拉链鞋款,日常休闲,冬季保暖,58,男,河南省,是,21,否
151748339,斯凯奇潮潮流高街夏季透气,斯凯奇潮,99,155,64,2913,4095,92,网布透气,MD发泡底,松紧带鞋,潮流高街,夏季透气,47,男,湖北省,否,7,否
641762515,斯凯奇潮日常休闲四季通用,斯凯奇潮,99,99,100,1449,352,87,网布透气,混合鞋底,系带设计,日常休闲,四季通用,45,女,广东省,否,22,否
391269075,其他品牌运动休闲四季通用,其他品牌,99,168,59,1376,638,92,飞织面料,橡胶大底,松紧带鞋,运动休闲,四季通用,54,女,广东省,否,10,是
276813632,京东京造复古潮鞋春季新款,京东京造,142,158,90,279,4049,99,网布透气,MD发泡底,套脚款式,复古潮鞋,春季新款,47,女,浙江省,是,14,否
954402839,京东京造户外机能秋季百搭,京东京造,154,169,91,938,2582,97,真皮柔软,MD发泡底,拉链鞋款,户外机能,秋季百搭,39,女,福建省,是,23,是
203920653,回力经典复古潮鞋秋季百搭,回力经典,183,195,94,1,1135,89,布面材质,EVA轻底,魔术贴鞋,复古潮鞋,秋季百搭,45,女,福建省,否,20,是
129737968,耐克潮流运动休闲秋季百搭,耐克潮流,99,104,95,1252,3788,95,混合材质,EVA轻底,系带设计,运动休闲,秋季百搭,48,女,安徽省,是,5,是
801567690,李宁休闲复古潮鞋春季新款,李宁休闲,212,223,95,190,10864,91,超纤皮鞋,EVA轻底,魔术贴鞋,复古潮鞋,春季新款,46,男,浙江省,是,0,是
695325292,京东京造工装硬朗秋季百搭,京东京造,99,132,75,465,271,98,真皮柔软,TPR鞋底,松紧带鞋,工装硬朗,秋季百搭,46,女,江苏省,是,23,否
822621228,李宁休闲简约百搭秋季百搭,李宁休闲,211,213,99,568,90,97,网布透气,MD发泡底,松紧带鞋,简约百搭,秋季百搭,36,男,安徽省,否,14,否
705857065,安踏运动户外机能四季通用,安踏运动,99,171,58,2647,3176,91,混合材质,EVA轻底,魔术贴鞋,户外机能,四季通用,60,女,广东省,否,23,否
157607622,回力经典潮流高街夏季透气,回力经典,175,265,66,1084,3062,97,高端飞织,混合鞋底,拉链鞋款,潮流高街,夏季透气,46,男,山东省,否,23,否
759543014,李宁休闲复古潮鞋春季新款,李宁休闲,174,181,96,152,2110,94,超纤皮鞋,TPR鞋底,魔术贴鞋,复古潮鞋,春季新款,20,男,江苏省,否,10,否
179632460,其他品牌户外机能春季新款,其他品牌,99,111,89,65,476,94,超纤皮鞋,TPR鞋底,松紧带鞋,户外机能,春季新款,50,男,四川省,是,3,是
803501255,鸿星尔克日常休闲夏季透气,鸿星尔克,217,286,76,499,189,93,合成革鞋,EVA轻底,套脚款式,日常休闲,夏季透气,37,女,河南省,是,20,否
596709381,回力经典潮流高街秋季百搭,回力经典,261,307,85,378,1185,90,合成革鞋,混合鞋底,系带设计,潮流高街,秋季百搭,52,女,山东省,是,10,否
942954163,斯凯奇潮复古潮鞋四季通用,斯凯奇潮,158,184,86,390,209,95,飞织面料,MD发泡底,套脚款式,复古潮鞋,四季通用,61,女,四川省,否,23,是
441949670,京东京造简约百搭冬季保暖,京东京造,175,254,69,1207,1283,95,布面材质,MD发泡底,系带设计,简约百搭,冬季保暖,43,女,安徽省,是,4,否
898601035,京东京造简约百搭四季通用,京东京造,199,240,83,1321,507,95,合成革鞋,TPR鞋底,魔术贴鞋,简约百搭,四季通用,42,男,河北省,是,8,否
142610101,阿迪达斯运动休闲春季新款,阿迪达斯,99,129,77,3159,18581,97,高端飞织,橡胶大底,松紧带鞋,运动休闲,春季新款,46,男,安徽省,是,23,是
974057746,阿迪达斯户外机能春季新款,阿迪达斯,436,532,82,48,1648,90,高端飞织,MD发泡底,套脚款式,户外机能,春季新款,43,女,山东省,否,20,是
436068827,阿迪达斯复古潮鞋秋季百搭,阿迪达斯,341,568,60,420,946,94,超纤皮鞋,混合鞋底,魔术贴鞋,复古潮鞋,秋季百搭,35,男,河北省,否,2,是
509554918,回力经典户外机能秋季百搭,回力经典,99,198,50,2850,1402,95,高端飞织,橡胶大底,拉链鞋款,户外机能,秋季百搭,49,女,河南省,否,11,是
384552608,鸿星尔克复古潮鞋秋季百搭,鸿星尔克,99,143,69,1161,1744,94,混合材质,PU中底,拉链鞋款,复古潮鞋,秋季百搭,46,男,湖北省,是,21,是
711449571,京东京造潮流高街秋季百搭,京东京造,99,105,94,33,1884,96,真皮柔软,混合鞋底,松紧带鞋,潮流高街,秋季百搭,55,女,江苏省,是,20,是
345286047,安踏运动潮流高街春季新款,安踏运动,134,268,50,270,682,99,真皮柔软,MD发泡底,拉链鞋款,潮流高街,春季新款,45,女,安徽省,否,5,是
729053191,李宁休闲复古潮鞋春季新款,李宁休闲,99,119,83,1194,1266,99,网布透气,橡胶大底,系带设计,复古潮鞋,春季新款,36,女,浙江省,否,14,否
977614163,安踏运动工装硬朗四季通用,安踏运动,192,287,67,38,1959,97,超纤皮鞋,PU中底,松紧带鞋,工装硬朗,四季通用,48,男,山东省,否,21,是
145898051,京东京造复古潮鞋秋季百搭,京东京造,99,115,86,355,12554,98,网布透气,EVA轻底,套脚款式,复古潮鞋,秋季百搭,53,女,福建省,是,4,否
589012465,鸿星尔克潮流高街夏季透气,鸿星尔克,214,221,97,41,296,91,真皮柔软,TPR鞋底,拉链鞋款,潮流高街,夏季透气,41,女,山东省,否,11,是
384836765,耐克潮流潮流高街秋季百搭,耐克潮流,143,223,64,40,654,91,超纤皮鞋,TPR鞋底,系带设计,潮流高街,秋季百搭,33,男,浙江省,否,15,是
414643732,京东京造运动休闲夏季透气,京东京造,99,139,71,3712,601,98,真皮柔软,PU中底,拉链鞋款,运动休闲,夏季透气,54,男,湖北省,否,16,是
970832833,耐克潮流运动休闲四季通用,耐克潮流,99,99,100,6,289,93,布面材质,橡胶大底,魔术贴鞋,运动休闲,四季通用,53,男,河北省,否,4,否
677788895,特步男鞋潮流高街夏季透气,特步男鞋,106,126,84,37,463,94,高端飞织,混合鞋底,魔术贴鞋,潮流高街,夏季透气,46,男,河南省,是,9,是
959082262,特步男鞋日常休闲冬季保暖,特步男鞋,99,129,77,250,1159,95,混合材质,MD发泡底,魔术贴鞋,日常休闲,冬季保暖,50,女,河南省,否,2,是
224563629,其他品牌潮流高街夏季透气,其他品牌,127,219,58,1395,3149,96,高端飞织,混合鞋底,套脚款式,潮流高街,夏季透气,47,女,福建省,是,17,是
922699190,京东京造日常休闲四季通用,京东京造,243,308,79,950,552,91,混合材质,TPR鞋底,拉链鞋款,日常休闲,四季通用,54,男,安徽省,否,17,否
277654081,其他品牌简约百搭四季通用,其他品牌,543,597,91,4856,660,90,高端飞织,橡胶大底,魔术贴鞋,简约百搭,四季通用,49,男,浙江省,是,20,是
806744664,耐克潮流潮流高街四季通用,耐克潮流,99,141,70,919,3310,97,高端飞织,PU中底,松紧带鞋,潮流高街,四季通用,54,男,安徽省,否,6,是
248114068,其他品牌日常休闲秋季百搭,其他品牌,167,206,81,349,37,94,网布透气,PU中底,系带设计,日常休闲,秋季百搭,52,男,河南省,是,9,是
156708386,鸿星尔克日常休闲夏季透气,鸿星尔克,99,125,79,706,565,96,合成革鞋,EVA轻底,系带设计,日常休闲,夏季透气,43,女,浙江省,是,18,是
477592461,安踏运动运动休闲冬季保暖,安踏运动,206,375,55,28,11061,98,混合材质,MD发泡底,套脚款式,运动休闲,冬季保暖,45,男,福建省,否,17,是
818723257,耐克潮流潮流高街秋季百搭,耐克潮流,132,206,64,929,855,99,高端飞织,混合鞋底,拉链鞋款,潮流高街,秋季百搭,45,男,浙江省,否,16,否
207116458,阿迪达斯运动休闲春季新款,阿迪达斯,101,144,70,635,651,92,飞织面料,MD发泡底,魔术贴鞋,运动休闲,春季新款,52,女,山东省,否,2,是
458291341,斯凯奇潮运动休闲夏季透气,斯凯奇潮,212,366,58,389,1686,93,超纤皮鞋,混合鞋底,拉链鞋款,运动休闲,夏季透气,46,女,山东省,是,2,是
206260731,特步男鞋日常休闲四季通用,特步男鞋,461,732,63,1101,3556,85,合成革鞋,混合鞋底,魔术贴鞋,日常休闲,四季通用,50,男,四川省,否,23,否
253788539,回力经典简约百搭春季新款,回力经典,247,309,80,16,252,90,飞织面料,TPR鞋底,拉链鞋款,简约百搭,春季新款,45,男,山东省,否,4,否
996321073,特步男鞋复古潮鞋秋季百搭,特步男鞋,156,166,94,330,770,91,真皮柔软,PU中底,套脚款式,复古潮鞋,秋季百搭,19,女,湖北省,是,6,否
998391475,京东京造运动休闲冬季保暖,京东京造,578,1032,56,121,438,91,超纤皮鞋,EVA轻底,套脚款式,运动休闲,冬季保暖,37,女,河南省,是,11,是
192820953,其他品牌工装硬朗春季新款,其他品牌,245,272,90,875,3655,94,合成革鞋,TPR鞋底,拉链鞋款,工装硬朗,春季新款,45,女,江苏省,是,10,否
833416886,其他品牌简约百搭秋季百搭,其他品牌,99,155,64,81,42,91,布面材质,混合鞋底,系带设计,简约百搭,秋季百搭,59,男,山东省,是,22,否
187123921,鸿星尔克潮流高街秋季百搭,鸿星尔克,196,377,52,2248,113,94,合成革鞋,混合鞋底,套脚款式,潮流高街,秋季百搭,51,男,四川省,否,21,否
295863647,京东京造简约百搭春季新款,京东京造,118,142,83,1295,355,100,网布透气,橡胶大底,系带设计,简约百搭,春季新款,22,男,浙江省,是,6,是
971390168,京东京造工装硬朗夏季透气,京东京造,99,121,82,68,6038,91,布面材质,橡胶大底,魔术贴鞋,工装硬朗,夏季透气,59,男,江苏省,是,15,否
695071732,其他品牌复古潮鞋春季新款,其他品牌,99,177,56,482,173,92,高端飞织,TPR鞋底,魔术贴鞋,复古潮鞋,春季新款,46,男,江苏省,否,7,是
704812297,阿迪达斯户外机能春季新款,阿迪达斯,102,176,58,984,10976,93,高端飞织,EVA轻底,套脚款式,户外机能,春季新款,44,女,山东省,否,11,是
957498638,斯凯奇潮运动休闲夏季透气,斯凯奇潮,166,307,54,1167,3966,92,飞织面料,TPR鞋底,套脚款式,运动休闲,夏季透气,43,男,山东省,是,3,否
367161560,京东京造简约百搭秋季百搭,京东京造,99,177,56,966,847,96,合成革鞋,EVA轻底,魔术贴鞋,简约百搭,秋季百搭,19,男,福建省,是,23,否
513583152,回力经典工装硬朗四季通用,回力经典,184,283,65,122,564,98,超纤皮鞋,PU中底,套脚款式,工装硬朗,四季通用,54,女,湖北省,是,0,否
545364639,鸿星尔克简约百搭夏季透气,鸿星尔克,99,130,76,185,1931,100,网布透气,橡胶大底,魔术贴鞋,简约百搭,夏季透气,55,女,河北省,否,21,否
991546017,京东京造复古潮鞋夏季透气,京东京造,135,144,94,198,2549,92,混合材质,TPR鞋底,魔术贴鞋,复古潮鞋,夏季透气,40,女,四川省,否,23,是
580786992,安踏运动潮流高街春季新款,安踏运动,117,195,60,492,2628,88,布面材质,TPR鞋底,魔术贴鞋,潮流高街,春季新款,48,女,河北省,是,22,是
613796870,鸿星尔克日常休闲秋季百搭,鸿星尔克,193,251,77,394,352,87,高端飞织,混合鞋底,拉链鞋款,日常休闲,秋季百搭,45,男,四川省,是,8,否
702451000,斯凯奇潮简约百搭四季通用,斯凯奇潮,189,197,96,1390,944,94,高端飞织,PU中底,拉链鞋款,简约百搭,四季通用,39,女,安徽省,是,22,否
712201679,阿迪达斯日常休闲春季新款,阿迪达斯,99,146,68,901,12290,93,布面材质,PU中底,拉链鞋款,日常休闲,春季新款,47,男,安徽省,是,17,是
136908910,鸿星尔克运动休闲冬季保暖,鸿星尔克,99,127,78,910,264,91,布面材质,混合鞋底,系带设计,运动休闲,冬季保暖,58,男,湖北省,否,6,否
288668003,其他品牌复古潮鞋四季通用,其他品牌,255,283,90,35,321,92,布面材质,橡胶大底,套脚款式,复古潮鞋,四季通用,45,女,广东省,否,11,是
639586079,回力经典运动休闲四季通用,回力经典,208,365,57,4189,23623,85,真皮柔软,橡胶大底,拉链鞋款,运动休闲,四季通用,45,男,广东省,是,19,否
814973045,京东京造复古潮鞋夏季透气,京东京造,399,411,97,1247,510,88,真皮柔软,PU中底,套脚款式,复古潮鞋,夏季透气,41,男,浙江省,否,20,是
709861996,其他品牌工装硬朗冬季保暖,其他品牌,160,254,63,239,1531,85,超纤皮鞋,MD发泡底,拉链鞋款,工装硬朗,冬季保暖,54,男,河北省,否,20,是
774110652,斯凯奇潮日常休闲四季通用,斯凯奇潮,203,317,64,765,192,91,飞织面料,橡胶大底,套脚款式,日常休闲,四季通用,33,男,四川省,是,16,否
368147093,鸿星尔克复古潮鞋四季通用,鸿星尔克,310,492,63,1293,603,97,真皮柔软,TPR鞋底,拉链鞋款,复古潮鞋,四季通用,48,男,湖北省,否,23,是
505005420,耐克潮流日常休闲春季新款,耐克潮流,198,228,87,3050,481,90,飞织面料,橡胶大底,拉链鞋款,日常休闲,春季新款,56,女,江苏省,是,19,是
682319612,斯凯奇潮运动休闲秋季百搭,斯凯奇潮,482,507,95,2519,3056,92,网布透气,EVA轻底,系带设计,运动休闲,秋季百搭,45,男,湖北省,否,9,是
194608732,京东京造简约百搭冬季保暖,京东京造,117,154,76,479,792,96,飞织面料,橡胶大底,魔术贴鞋,简约百搭,冬季保暖,49,男,福建省,否,7,是
572882913,特步男鞋简约百搭春季新款,特步男鞋,99,121,82,221,3672,91,合成革鞋,PU中底,松紧带鞋,简约百搭,春季新款,46,女,浙江省,是,11,是
545550782,斯凯奇潮复古潮鞋夏季透气,斯凯奇潮,124,155,80,1183,20530,96,超纤皮鞋,PU中底,套脚款式,复古潮鞋,夏季透气,46,男,河南省,否,3,否
759208156,京东京造日常休闲秋季百搭,京东京造,165,229,72,381,2459,97,高端飞织,EVA轻底,系带设计,日常休闲,秋季百搭,55,男,浙江省,是,2,否
718721493,特步男鞋复古潮鞋春季新款,特步男鞋,130,140,93,252,269,96,高端飞织,PU中底,拉链鞋款,复古潮鞋,春季新款,23,男,四川省,否,18,是
176722455,耐克潮流简约百搭春季新款,耐克潮流,109,173,63,985,1045,96,真皮柔软,MD发泡底,系带设计,简约百搭,春季新款,58,女,湖北省,是,13,否
487059124,阿迪达斯潮流高街春季新款,阿迪达斯,134,189,71,44,2405,96,高端飞织,MD发泡底,系带设计,潮流高街,春季新款,48,男,湖北省,否,15,否
617071633,阿迪达斯运动休闲夏季透气,阿迪达斯,99,129,77,563,475,95,超纤皮鞋,MD发泡底,系带设计,运动休闲,夏季透气,58,男,浙江省,是,21,否
941631466,安踏运动户外机能四季通用,安踏运动,99,112,88,628,719,91,超纤皮鞋,MD发泡底,松紧带鞋,户外机能,四季通用,48,男,浙江省,是,0,否
215968681,鸿星尔克工装硬朗春季新款,鸿星尔克,103,118,87,1302,1659,97,超纤皮鞋,EVA轻底,系带设计,工装硬朗,春季新款,52,女,江苏省,是,22,否
593245613,回力经典户外机能秋季百搭,回力经典,117,127,92,399,1339,97,高端飞织,PU中底,套脚款式,户外机能,秋季百搭,58,女,广东省,否,4,是
200224408,耐克潮流户外机能夏季透气,耐克潮流,207,309,67,206,1619,98,高端飞织,混合鞋底,拉链鞋款,户外机能,夏季透气,43,男,福建省,是,20,是
233007414,阿迪达斯户外机能夏季透气,阿迪达斯,99,125,79,13,1410,96,超纤皮鞋,MD发泡底,拉链鞋款,户外机能,夏季透气,54,男,四川省,是,7,否
534030705,其他品牌潮流高街秋季百搭,其他品牌,99,103,96,3370,4856,97,合成革鞋,橡胶大底,拉链鞋款,潮流高街,秋季百搭,56,女,广东省,否,11,是
122760234,其他品牌复古潮鞋春季新款,其他品牌,147,201,73,290,1195,94,合成革鞋,TPR鞋底,拉链鞋款,复古潮鞋,春季新款,38,女,山东省,是,4,否
421136699,鸿星尔克简约百搭冬季保暖,鸿星尔克,137,147,93,1499,191,99,高端飞织,PU中底,魔术贴鞋,简约百搭,冬季保暖,51,女,河北省,否,19,是
631494130,其他品牌简约百搭春季新款,其他品牌,197,286,69,1207,432,91,网布透气,MD发泡底,套脚款式,简约百搭,春季新款,61,女,湖北省,是,6,是
275705810,回力经典工装硬朗夏季透气,回力经典,118,134,88,163,4749,99,布面材质,MD发泡底,系带设计,工装硬朗,夏季透气,36,男,四川省,是,3,是
716896620,特步男鞋潮流高街秋季百搭,特步男鞋,99,124,80,175,1053,96,网布透气,混合鞋底,套脚款式,潮流高街,秋季百搭,48,男,湖北省,是,22,否
541222442,耐克潮流运动休闲春季新款,耐克潮流,152,200,76,1143,1430,97,合成革鞋,MD发泡底,套脚款式,运动休闲,春季新款,47,女,江苏省,否,20,是
409724227,李宁休闲潮流高街夏季透气,李宁休闲,323,419,77,639,2357,94,网布透气,TPR鞋底,松紧带鞋,潮流高街,夏季透气,53,女,河南省,是,5,否
615686761,斯凯奇潮简约百搭四季通用,斯凯奇潮,212,359,59,34,1414,92,合成革鞋,橡胶大底,套脚款式,简约百搭,四季通用,49,女,山东省,是,21,否
287171788,安踏运动户外机能四季通用,安踏运动,99,134,74,68,2154,90,网布透气,橡胶大底,拉链鞋款,户外机能,四季通用,33,女,广东省,是,5,否
760363739,斯凯奇潮复古潮鞋夏季透气,斯凯奇潮,198,261,76,791,287,90,混合材质,PU中底,拉链鞋款,复古潮鞋,夏季透气,56,女,福建省,是,12,否
968542074,特步男鞋工装硬朗四季通用,特步男鞋,175,254,69,1337,1897,95,真皮柔软,TPR鞋底,松紧带鞋,工装硬朗,四季通用,46,男,福建省,是,5,是
415992797,耐克潮流复古潮鞋冬季保暖,耐克潮流,168,189,89,1415,687,90,混合材质,EVA轻底,套脚款式,复古潮鞋,冬季保暖,46,男,浙江省,是,4,是
222123996,阿迪达斯简约百搭冬季保暖,阿迪达斯,143,213,67,965,1439,87,混合材质,橡胶大底,系带设计,简约百搭,冬季保暖,51,女,广东省,是,13,是
905759493,安踏运动复古潮鞋秋季百搭,安踏运动,143,143,100,21,882,86,超纤皮鞋,橡胶大底,拉链鞋款,复古潮鞋,秋季百搭,56,男,河南省,是,21,否
739231022,斯凯奇潮运动休闲春季新款,斯凯奇潮,167,190,88,40,128,86,布面材质,EVA轻底,魔术贴鞋,运动休闲,春季新款,44,男,湖北省,是,21,否
850565194,阿迪达斯日常休闲秋季百搭,阿迪达斯,138,177,78,917,640,90,混合材质,PU中底,魔术贴鞋,日常休闲,秋季百搭,53,女,广东省,是,20,是
683566140,鸿星尔克工装硬朗夏季透气,鸿星尔克,153,215,71,331,81,91,高端飞织,混合鞋底,系带设计,工装硬朗,夏季透气,64,女,四川省,否,23,是
448280538,回力经典日常休闲冬季保暖,回力经典,99,121,82,476,1265,99,飞织面料,MD发泡底,松紧带鞋,日常休闲,冬季保暖,53,男,湖北省,否,13,是
314942093,耐克潮流运动休闲冬季保暖,耐克潮流,99,143,69,444,3360,90,网布透气,MD发泡底,套脚款式,运动休闲,冬季保暖,48,男,河南省,否,20,否
100788158,李宁休闲运动休闲秋季百搭,李宁休闲,170,309,55,4262,1397,97,网布透气,混合鞋底,魔术贴鞋,运动休闲,秋季百搭,44,女,四川省,否,23,是
968105678,鸿星尔克运动休闲秋季百搭,鸿星尔克,99,104,95,2290,1240,99,飞织面料,MD发泡底,套脚款式,运动休闲,秋季百搭,59,女,湖北省,是,2,否
958036412,回力经典运动休闲冬季保暖,回力经典,99,157,63,655,186,90,混合材质,橡胶大底,套脚款式,运动休闲,冬季保暖,53,男,广东省,否,4,否
274236803,李宁休闲日常休闲春季新款,李宁休闲,107,165,65,13,6110,99,真皮柔软,MD发泡底,套脚款式,日常休闲,春季新款,45,女,河北省,是,22,是
397009387,鸿星尔克日常休闲四季通用,鸿星尔克,184,256,72,148,518,93,超纤皮鞋,橡胶大底,系带设计,日常休闲,四季通用,53,女,湖北省,否,11,是
399756994,李宁休闲复古潮鞋四季通用,李宁休闲,123,198,62,1434,414,95,高端飞织,橡胶大底,松紧带鞋,复古潮鞋,四季通用,52,女,浙江省,是,22,是
164162557,阿迪达斯简约百搭春季新款,阿迪达斯,99,148,67,1218,1714,100,网布透气,PU中底,系带设计,简约百搭,春季新款,64,男,江苏省,是,20,是
664959336,特步男鞋日常休闲冬季保暖,特步男鞋,189,208,91,1257,1261,94,网布透气,EVA轻底,拉链鞋款,日常休闲,冬季保暖,41,女,福建省,否,22,是
498855165,耐克潮流运动休闲秋季百搭,耐克潮流,108,196,55,1415,495,96,真皮柔软,EVA轻底,拉链鞋款,运动休闲,秋季百搭,35,女,安徽省,否,5,是
271762325,斯凯奇潮户外机能春季新款,斯凯奇潮,153,251,61,854,225,90,真皮柔软,橡胶大底,魔术贴鞋,户外机能,春季新款,53,男,广东省,否,19,是
943908375,其他品牌潮流高街冬季保暖,其他品牌,110,162,68,1,537,97,布面材质,PU中底,系带设计,潮流高街,冬季保暖,55,女,河北省,否,21,是
544810192,阿迪达斯运动休闲夏季透气,阿迪达斯,99,148,67,18,471,95,真皮柔软,橡胶大底,魔术贴鞋,运动休闲,夏季透气,46,女,广东省,否,15,是
140657394,耐克潮流工装硬朗冬季保暖,耐克潮流,99,124,80,3752,1755,93,超纤皮鞋,橡胶大底,套脚款式,工装硬朗,冬季保暖,56,女,山东省,是,3,否
556861153,特步男鞋运动休闲秋季百搭,特步男鞋,236,262,90,499,16297,100,超纤皮鞋,TPR鞋底,松紧带鞋,运动休闲,秋季百搭,52,男,湖北省,是,15,是
731261934,耐克潮流日常休闲四季通用,耐克潮流,198,325,61,324,1541,93,超纤皮鞋,EVA轻底,魔术贴鞋,日常休闲,四季通用,38,男,山东省,是,23,是
663487239,耐克潮流户外机能夏季透气,耐克潮流,99,168,59,1331,5380,97,合成革鞋,PU中底,魔术贴鞋,户外机能,夏季透气,48,男,湖北省,否,21,是
219504090,回力经典日常休闲夏季透气,回力经典,99,102,97,10,1509,91,合成革鞋,橡胶大底,系带设计,日常休闲,夏季透气,58,女,广东省,是,9,是
802862506,鸿星尔克户外机能冬季保暖,鸿星尔克,121,122,99,722,1957,95,混合材质,TPR鞋底,魔术贴鞋,户外机能,冬季保暖,50,男,四川省,否,13,否
260603757,李宁休闲户外机能春季新款,李宁休闲,99,152,65,686,632,91,网布透气,混合鞋底,系带设计,户外机能,春季新款,36,女,河南省,是,2,否
705388733,回力经典运动休闲春季新款,回力经典,245,389,63,224,3227,97,混合材质,TPR鞋底,套脚款式,运动休闲,春季新款,42,女,浙江省,否,21,是
470166849,京东京造日常休闲秋季百搭,京东京造,239,241,99,27,3550,96,混合材质,MD发泡底,松紧带鞋,日常休闲,秋季百搭,55,女,广东省,否,3,是
932249495,京东京造运动休闲夏季透气,京东京造,293,497,59,1053,77,93,混合材质,TPR鞋底,拉链鞋款,运动休闲,夏季透气,58,女,河南省,是,13,否
608538246,回力经典潮流高街夏季透气,回力经典,176,244,72,2600,1124,87,飞织面料,混合鞋底,松紧带鞋,潮流高街,夏季透气,44,男,浙江省,否,11,是
181035293,回力经典户外机能四季通用,回力经典,99,121,82,555,628,94,布面材质,混合鞋底,套脚款式,户外机能,四季通用,47,男,江苏省,否,22,是
531282991,鸿星尔克运动休闲冬季保暖,鸿星尔克,99,129,77,2779,921,95,飞织面料,EVA轻底,拉链鞋款,运动休闲,冬季保暖,47,男,河北省,否,17,否
669634021,李宁休闲运动休闲秋季百搭,李宁休闲,133,137,97,19,234,90,网布透气,混合鞋底,套脚款式,运动休闲,秋季百搭,43,男,江苏省,是,2,是
957517546,京东京造工装硬朗夏季透气,京东京造,99,119,83,597,895,97,高端飞织,混合鞋底,拉链鞋款,工装硬朗,夏季透气,46,女,山东省,否,22,否
767968356,鸿星尔克户外机能春季新款,鸿星尔克,99,132,75,203,626,95,高端飞织,混合鞋底,拉链鞋款,户外机能,春季新款,35,女,四川省,否,7,否
688059734,安踏运动潮流高街四季通用,安踏运动,197,318,62,1410,229,90,网布透气,EVA轻底,魔术贴鞋,潮流高街,四季通用,45,女,广东省,是,23,是
695636005,特步男鞋户外机能春季新款,特步男鞋,152,177,86,9,810,100,合成革鞋,PU中底,套脚款式,户外机能,春季新款,42,男,安徽省,否,20,是
273034444,安踏运动户外机能夏季透气,安踏运动,109,111,98,4946,9497,96,网布透气,PU中底,拉链鞋款,户外机能,夏季透气,40,女,湖北省,否,4,否
577570466,其他品牌户外机能春季新款,其他品牌,99,101,98,250,1150,97,真皮柔软,TPR鞋底,松紧带鞋,户外机能,春季新款,45,女,安徽省,否,23,是
866029242,回力经典工装硬朗春季新款,回力经典,340,340,100,50,441,93,混合材质,橡胶大底,套脚款式,工装硬朗,春季新款,55,男,浙江省,否,11,是
625277897,耐克潮流户外机能夏季透气,耐克潮流,370,374,99,346,665,94,高端飞织,橡胶大底,套脚款式,户外机能,夏季透气,45,女,河北省,否,20,是
973253369,其他品牌日常休闲冬季保暖,其他品牌,137,185,74,51,16764,96,高端飞织,TPR鞋底,套脚款式,日常休闲,冬季保暖,50,男,浙江省,否,11,否
998426669,回力经典简约百搭四季通用,回力经典,469,579,81,50,378,98,高端飞织,TPR鞋底,拉链鞋款,简约百搭,四季通用,42,女,浙江省,是,8,是
892375465,阿迪达斯复古潮鞋冬季保暖,阿迪达斯,99,101,98,1498,222,93,网布透气,混合鞋底,系带设计,复古潮鞋,冬季保暖,39,男,福建省,是,22,否
874274476,其他品牌潮流高街春季新款,其他品牌,99,148,67,779,2550,98,布面材质,TPR鞋底,系带设计,潮流高街,春季新款,39,男,山东省,否,21,否
224187033,其他品牌运动休闲夏季透气,其他品牌,103,110,94,36,1817,95,超纤皮鞋,混合鞋底,拉链鞋款,运动休闲,夏季透气,50,男,浙江省,是,12,是
825134366,斯凯奇潮潮流高街秋季百搭,斯凯奇潮,125,132,95,1107,788,92,布面材质,MD发泡底,系带设计,潮流高街,秋季百搭,36,男,安徽省,否,15,否
812653532,回力经典运动休闲春季新款,回力经典,99,109,91,0,3567,96,真皮柔软,混合鞋底,松紧带鞋,运动休闲,春季新款,36,男,四川省,否,22,否
920023392,耐克潮流简约百搭四季通用,耐克潮流,99,146,68,4273,4508,91,飞织面料,混合鞋底,魔术贴鞋,简约百搭,四季通用,33,女,山东省,是,6,是
145202202,李宁休闲简约百搭冬季保暖,李宁休闲,266,532,50,712,154,91,真皮柔软,橡胶大底,魔术贴鞋,简约百搭,冬季保暖,49,女,湖北省,否,5,是
699792721,其他品牌户外机能夏季透气,其他品牌,147,148,99,652,555,93,布面材质,EVA轻底,系带设计,户外机能,夏季透气,51,女,安徽省,是,8,否
407394154,鸿星尔克日常休闲夏季透气,鸿星尔克,120,226,53,1027,468,92,真皮柔软,TPR鞋底,魔术贴鞋,日常休闲,夏季透气,59,男,福建省,是,15,是
194300530,斯凯奇潮工装硬朗春季新款,斯凯奇潮,132,143,92,1252,1162,97,混合材质,EVA轻底,松紧带鞋,工装硬朗,春季新款,57,男,广东省,是,22,是
338217711,李宁休闲工装硬朗冬季保暖,李宁休闲,116,143,81,21,173,96,真皮柔软,TPR鞋底,松紧带鞋,工装硬朗,冬季保暖,51,男,福建省,是,18,否
342347995,阿迪达斯日常休闲夏季透气,阿迪达斯,257,347,74,845,1945,95,飞织面料,PU中底,系带设计,日常休闲,夏季透气,49,男,河北省,是,22,否
172208387,鸿星尔克潮流高街春季新款,鸿星尔克,99,102,97,891,1017,89,网布透气,PU中底,拉链鞋款,潮流高街,春季新款,53,男,广东省,否,16,否
379856318,李宁休闲运动休闲夏季透气,李宁休闲,165,165,100,1262,887,94,布面材质,混合鞋底,魔术贴鞋,运动休闲,夏季透气,45,男,山东省,是,13,是
280666202,其他品牌简约百搭夏季透气,其他品牌,99,119,83,785,1759,91,飞织面料,EVA轻底,套脚款式,简约百搭,夏季透气,47,男,福建省,是,8,否
603894095,其他品牌运动休闲秋季百搭,其他品牌,99,198,50,5,5046,90,网布透气,PU中底,松紧带鞋,运动休闲,秋季百搭,41,女,湖北省,否,17,是
550525650,其他品牌户外机能夏季透气,其他品牌,99,118,84,2579,1151,95,真皮柔软,TPR鞋底,系带设计,户外机能,夏季透气,37,女,河北省,是,17,是
558201609,李宁休闲复古潮鞋夏季透气,李宁休闲,99,146,68,449,7934,95,真皮柔软,PU中底,松紧带鞋,复古潮鞋,夏季透气,48,男,湖北省,否,20,是
632221696,李宁休闲日常休闲春季新款,李宁休闲,166,178,93,1106,269,100,飞织面料,PU中底,系带设计,日常休闲,春季新款,50,女,河南省,否,15,否
990807900,安踏运动日常休闲春季新款,安踏运动,175,254,69,318,357,97,超纤皮鞋,MD发泡底,套脚款式,日常休闲,春季新款,38,女,河南省,是,3,是
397142286,其他品牌运动休闲冬季保暖,其他品牌,186,262,71,391,414,100,飞织面料,MD发泡底,松紧带鞋,运动休闲,冬季保暖,47,男,山东省,否,21,是
142197176,鸿星尔克工装硬朗秋季百搭,鸿星尔克,260,413,63,1232,206,99,超纤皮鞋,TPR鞋底,套脚款式,工装硬朗,秋季百搭,48,男,河南省,否,20,否
871035159,斯凯奇潮复古潮鞋春季新款,斯凯奇潮,110,190,58,508,3095,97,布面材质,PU中底,系带设计,复古潮鞋,春季新款,38,男,江苏省,是,20,否
772096239,阿迪达斯简约百搭四季通用,阿迪达斯,142,200,71,850,330,94,真皮柔软,MD发泡底,魔术贴鞋,简约百搭,四季通用,47,女,四川省,是,21,否
928640028,回力经典潮流高街秋季百搭,回力经典,258,516,50,992,446,96,高端飞织,混合鞋底,系带设计,潮流高街,秋季百搭,52,女,江苏省,否,2,否
691345801,斯凯奇潮工装硬朗春季新款,斯凯奇潮,115,172,67,437,243,93,真皮柔软,橡胶大底,魔术贴鞋,工装硬朗,春季新款,42,男,河北省,否,23,否
474292291,斯凯奇潮简约百搭夏季透气,斯凯奇潮,99,141,70,29,346,90,真皮柔软,PU中底,拉链鞋款,简约百搭,夏季透气,60,女,浙江省,否,2,否
852574920,京东京造户外机能春季新款,京东京造,99,108,92,10,2722,90,真皮柔软,PU中底,魔术贴鞋,户外机能,春季新款,45,男,安徽省,是,20,是
336669350,鸿星尔克简约百搭四季通用,鸿星尔克,130,210,62,869,322,97,网布透气,TPR鞋底,魔术贴鞋,简约百搭,四季通用,53,女,江苏省,是,9,否
365452232,其他品牌户外机能夏季透气,其他品牌,194,259,75,16,6266,100,高端飞织,混合鞋底,系带设计,户外机能,夏季透气,49,男,湖北省,否,10,否
909442148,回力经典运动休闲四季通用,回力经典,135,233,58,815,7201,100,真皮柔软,混合鞋底,拉链鞋款,运动休闲,四季通用,63,女,浙江省,是,23,否
647492194,其他品牌运动休闲四季通用,其他品牌,598,729,82,382,831,96,飞织面料,PU中底,系带设计,运动休闲,四季通用,40,男,江苏省,否,6,是
319583147,其他品牌日常休闲春季新款,其他品牌,221,316,70,36,479,98,混合材质,混合鞋底,魔术贴鞋,日常休闲,春季新款,59,男,河南省,否,3,是
496615294,安踏运动户外机能秋季百搭,安踏运动,99,116,85,108,2597,96,网布透气,PU中底,拉链鞋款,户外机能,秋季百搭,49,男,福建省,否,7,否
116951776,斯凯奇潮运动休闲春季新款,斯凯奇潮,99,114,87,619,1316,91,飞织面料,EVA轻底,套脚款式,运动休闲,春季新款,52,女,河南省,否,14,是
675754979,回力经典复古潮鞋夏季透气,回力经典,99,171,58,674,8014,98,真皮柔软,EVA轻底,系带设计,复古潮鞋,夏季透气,40,男,江苏省,是,10,是
534943791,京东京造潮流高街四季通用,京东京造,139,154,90,1119,119,99,高端飞织,PU中底,拉链鞋款,潮流高街,四季通用,40,女,福建省,否,22,是
502168951,京东京造工装硬朗冬季保暖,京东京造,99,99,100,30,1269,99,混合材质,PU中底,魔术贴鞋,工装硬朗,冬季保暖,47,男,湖北省,否,20,否
606140544,特步男鞋户外机能夏季透气,特步男鞋,99,187,53,230,2906,92,网布透气,EVA轻底,魔术贴鞋,户外机能,夏季透气,48,男,河北省,否,17,否
399468839,阿迪达斯简约百搭秋季百搭,阿迪达斯,99,190,52,390,7132,95,布面材质,混合鞋底,套脚款式,简约百搭,秋季百搭,45,女,广东省,否,2,是
541036101,其他品牌工装硬朗秋季百搭,其他品牌,187,297,63,511,155,91,网布透气,PU中底,拉链鞋款,工装硬朗,秋季百搭,50,男,四川省,是,13,是
801281724,阿迪达斯潮流高街冬季保暖,阿迪达斯,99,119,83,96,1095,100,合成革鞋,EVA轻底,系带设计,潮流高街,冬季保暖,57,女,安徽省,否,4,是
731614430,李宁休闲复古潮鞋秋季百搭,李宁休闲,99,138,72,28,1425,93,混合材质,PU中底,魔术贴鞋,复古潮鞋,秋季百搭,56,女,安徽省,否,12,是
784747766,阿迪达斯日常休闲冬季保暖,阿迪达斯,177,334,53,554,565,96,合成革鞋,MD发泡底,套脚款式,日常休闲,冬季保暖,49,女,广东省,否,22,否
976103759,回力经典日常休闲冬季保暖,回力经典,350,376,93,603,287,94,合成革鞋,橡胶大底,松紧带鞋,日常休闲,冬季保暖,45,男,山东省,是,22,否
235542237,京东京造简约百搭夏季透气,京东京造,180,261,69,1270,317,96,合成革鞋,MD发泡底,松紧带鞋,简约百搭,夏季透气,60,女,广东省,是,22,是
948622965,阿迪达斯工装硬朗秋季百搭,阿迪达斯,145,274,53,473,1089,92,网布透气,TPR鞋底,松紧带鞋,工装硬朗,秋季百搭,45,女,安徽省,是,19,是
196330727,耐克潮流日常休闲秋季百搭,耐克潮流,163,296,55,925,64,97,高端飞织,MD发泡底,魔术贴鞋,日常休闲,秋季百搭,63,男,山东省,否,23,否
444513503,李宁休闲复古潮鞋秋季百搭,李宁休闲,99,129,77,613,244,95,高端飞织,PU中底,松紧带鞋,复古潮鞋,秋季百搭,25,男,河南省,是,20,是
452840442,回力经典复古潮鞋四季通用,回力经典,149,166,90,35,777,97,网布透气,TPR鞋底,套脚款式,复古潮鞋,四季通用,31,男,河南省,否,5,否
350370982,鸿星尔克工装硬朗春季新款,鸿星尔克,184,335,55,4441,2778,91,合成革鞋,橡胶大底,拉链鞋款,工装硬朗,春季新款,57,女,安徽省,是,20,是
128689014,李宁休闲户外机能冬季保暖,李宁休闲,99,108,92,1141,303,95,真皮柔软,MD发泡底,魔术贴鞋,户外机能,冬季保暖,44,男,浙江省,否,23,是
908475200,阿迪达斯潮流高街冬季保暖,阿迪达斯,99,114,87,505,166,96,混合材质,EVA轻底,魔术贴鞋,潮流高街,冬季保暖,41,男,浙江省,是,2,是
759014840,耐克潮流户外机能夏季透气,耐克潮流,99,190,52,1046,143,93,布面材质,PU中底,松紧带鞋,户外机能,夏季透气,50,女,安徽省,否,17,否
131071969,回力经典日常休闲春季新款,回力经典,423,432,98,1434,399,92,飞织面料,EVA轻底,拉链鞋款,日常休闲,春季新款,49,男,河北省,否,23,否
849801136,特步男鞋潮流高街春季新款,特步男鞋,149,189,79,1444,260,97,混合材质,EVA轻底,拉链鞋款,潮流高街,春季新款,44,女,安徽省,是,22,是
972951423,斯凯奇潮运动休闲四季通用,斯凯奇潮,99,174,57,21,1257,93,超纤皮鞋,MD发泡底,套脚款式,运动休闲,四季通用,39,男,湖北省,是,23,否
605532504,其他品牌简约百搭夏季透气,其他品牌,187,197,95,1435,2409,99,超纤皮鞋,混合鞋底,魔术贴鞋,简约百搭,夏季透气,48,男,山东省,否,13,否
805049049,安踏运动日常休闲秋季百搭,安踏运动,99,118,84,1005,1287,91,合成革鞋,MD发泡底,松紧带鞋,日常休闲,秋季百搭,51,女,广东省,是,21,否
459014108,斯凯奇潮日常休闲夏季透气,斯凯奇潮,165,311,53,1128,238,96,混合材质,EVA轻底,拉链鞋款,日常休闲,夏季透气,49,女,广东省,是,23,是
570806128,京东京造复古潮鞋四季通用,京东京造,129,182,71,232,303,88,网布透气,EVA轻底,系带设计,复古潮鞋,四季通用,35,女,浙江省,是,20,是
925762990,李宁休闲运动休闲春季新款,李宁休闲,107,134,80,881,4428,88,飞织面料,PU中底,系带设计,运动休闲,春季新款,59,女,江苏省,否,19,否
697567091,回力经典潮流高街四季通用,回力经典,155,242,64,770,3955,88,飞织面料,PU中底,套脚款式,潮流高街,四季通用,49,女,湖北省,否,23,否
306077618,特步男鞋工装硬朗秋季百搭,特步男鞋,291,582,50,1031,837,95,布面材质,MD发泡底,魔术贴鞋,工装硬朗,秋季百搭,46,女,安徽省,是,23,是
986709631,京东京造潮流高街冬季保暖,京东京造,295,369,80,14,1040,99,高端飞织,PU中底,系带设计,潮流高街,冬季保暖,46,女,江苏省,是,8,否
122080684,其他品牌日常休闲夏季透气,其他品牌,145,234,62,1387,2110,97,混合材质,混合鞋底,拉链鞋款,日常休闲,夏季透气,49,女,河南省,是,14,否
754673206,安踏运动潮流高街夏季透气,安踏运动,99,101,98,1425,217,98,网布透气,PU中底,套脚款式,潮流高街,夏季透气,45,女,福建省,否,20,是
596549522,阿迪达斯运动休闲秋季百搭,阿迪达斯,105,122,86,695,1067,94,高端飞织,TPR鞋底,系带设计,运动休闲,秋季百搭,28,男,广东省,是,22,否
214548576,回力经典复古潮鞋秋季百搭,回力经典,99,139,71,4205,905,87,飞织面料,橡胶大底,系带设计,复古潮鞋,秋季百搭,33,女,江苏省,否,20,否
474301894,阿迪达斯简约百搭春季新款,阿迪达斯,119,168,71,43,1791,89,网布透气,PU中底,系带设计,简约百搭,春季新款,44,女,福建省,否,19,是
462721130,斯凯奇潮户外机能夏季透气,斯凯奇潮,99,187,53,37,1050,97,混合材质,橡胶大底,魔术贴鞋,户外机能,夏季透气,57,女,湖北省,是,2,否
551713344,李宁休闲户外机能夏季透气,李宁休闲,102,157,65,464,228,95,真皮柔软,TPR鞋底,拉链鞋款,户外机能,夏季透气,41,男,河北省,否,11,否
888883759,安踏运动工装硬朗秋季百搭,安踏运动,551,765,72,48,4974,90,合成革鞋,TPR鞋底,拉链鞋款,工装硬朗,秋季百搭,42,女,江苏省,是,13,是
351710846,回力经典复古潮鞋秋季百搭,回力经典,179,289,62,36,979,90,布面材质,橡胶大底,系带设计,复古潮鞋,秋季百搭,38,男,河南省,是,12,是
730820054,回力经典运动休闲冬季保暖,回力经典,99,180,55,656,710,98,混合材质,EVA轻底,套脚款式,运动休闲,冬季保暖,51,女,江苏省,否,10,是
674465408,耐克潮流复古潮鞋春季新款,耐克潮流,99,130,76,535,568,85,合成革鞋,PU中底,拉链鞋款,复古潮鞋,春季新款,46,男,福建省,否,21,否
441985950,阿迪达斯工装硬朗冬季保暖,阿迪达斯,99,194,51,1214,8977,93,超纤皮鞋,混合鞋底,套脚款式,工装硬朗,冬季保暖,51,男,广东省,是,23,是
823485633,鸿星尔克运动休闲秋季百搭,鸿星尔克,151,153,99,2147,4040,92,混合材质,TPR鞋底,松紧带鞋,运动休闲,秋季百搭,47,女,广东省,是,20,是
857151091,李宁休闲潮流高街冬季保暖,李宁休闲,190,207,92,1144,2623,90,飞织面料,PU中底,拉链鞋款,潮流高街,冬季保暖,53,男,广东省,否,4,是
358808875,京东京造运动休闲四季通用,京东京造,100,159,63,2301,1552,94,超纤皮鞋,EVA轻底,松紧带鞋,运动休闲,四季通用,34,男,江苏省,否,23,是
423409827,鸿星尔克简约百搭冬季保暖,鸿星尔克,139,140,99,700,2365,86,混合材质,EVA轻底,松紧带鞋,简约百搭,冬季保暖,51,女,江苏省,否,9,是
880049296,李宁休闲简约百搭春季新款,李宁休闲,109,118,92,385,2887,91,高端飞织,PU中底,拉链鞋款,简约百搭,春季新款,53,男,山东省,是,23,是
117923508,回力经典复古潮鞋春季新款,回力经典,99,112,88,2364,836,97,飞织面料,橡胶大底,拉链鞋款,复古潮鞋,春季新款,39,男,广东省,是,8,否
767920993,其他品牌潮流高街冬季保暖,其他品牌,177,199,89,372,1560,96,布面材质,EVA轻底,松紧带鞋,潮流高街,冬季保暖,54,男,四川省,是,11,否
105563079,特步男鞋日常休闲四季通用,特步男鞋,99,103,96,11,132,97,飞织面料,橡胶大底,拉链鞋款,日常休闲,四季通用,47,女,湖北省,是,1,是
815969113,鸿星尔克复古潮鞋冬季保暖,鸿星尔克,127,195,65,1303,7701,98,合成革鞋,EVA轻底,套脚款式,复古潮鞋,冬季保暖,40,女,河南省,是,4,否
387111113,鸿星尔克运动休闲夏季透气,鸿星尔克,139,162,86,958,11705,93,超纤皮鞋,MD发泡底,系带设计,运动休闲,夏季透气,41,男,河北省,是,23,是
588085374,安踏运动复古潮鞋秋季百搭,安踏运动,99,115,86,356,150,91,高端飞织,混合鞋底,拉链鞋款,复古潮鞋,秋季百搭,40,男,湖北省,否,20,否
266803210,鸿星尔克运动休闲四季通用,鸿星尔克,99,105,94,41,4002,97,飞织面料,橡胶大底,系带设计,运动休闲,四季通用,57,男,河北省,否,7,是
859298738,特步男鞋日常休闲秋季百搭,特步男鞋,231,266,87,686,361,95,布面材质,PU中底,魔术贴鞋,日常休闲,秋季百搭,40,女,福建省,是,3,否
530472998,斯凯奇潮复古潮鞋秋季百搭,斯凯奇潮,106,123,86,3041,971,99,飞织面料,橡胶大底,套脚款式,复古潮鞋,秋季百搭,49,女,山东省,否,21,是
579640718,李宁休闲运动休闲冬季保暖,李宁休闲,389,427,91,1131,76,99,布面材质,混合鞋底,系带设计,运动休闲,冬季保暖,53,男,福建省,否,5,否
412550778,斯凯奇潮日常休闲夏季透气,斯凯奇潮,99,103,96,345,1968,90,超纤皮鞋,橡胶大底,松紧带鞋,日常休闲,夏季透气,48,男,安徽省,否,9,是
146918458,回力经典简约百搭冬季保暖,回力经典,129,159,81,914,901,98,飞织面料,PU中底,魔术贴鞋,简约百搭,冬季保暖,55,男,浙江省,否,2,是
128507831,斯凯奇潮潮流高街冬季保暖,斯凯奇潮,116,118,98,622,648,91,真皮柔软,EVA轻底,魔术贴鞋,潮流高街,冬季保暖,42,男,湖北省,否,22,否
399751330,京东京造工装硬朗四季通用,京东京造,99,194,51,186,464,99,混合材质,TPR鞋底,魔术贴鞋,工装硬朗,四季通用,54,男,江苏省,否,12,是
501060295,耐克潮流运动休闲秋季百搭,耐克潮流,99,105,94,303,532,86,布面材质,EVA轻底,魔术贴鞋,运动休闲,秋季百搭,48,男,四川省,是,18,是
895571251,京东京造日常休闲秋季百搭,京东京造,215,229,94,1198,581,97,飞织面料,TPR鞋底,套脚款式,日常休闲,秋季百搭,42,女,广东省,否,17,是
532416020,回力经典复古潮鞋夏季透气,回力经典,99,194,51,2426,495,92,混合材质,TPR鞋底,魔术贴鞋,复古潮鞋,夏季透气,39,男,浙江省,否,23,是
325303630,李宁休闲简约百搭秋季百搭,李宁休闲,99,130,76,231,332,94,高端飞织,TPR鞋底,系带设计,简约百搭,秋季百搭,34,女,山东省,是,11,否
255458080,特步男鞋潮流高街四季通用,特步男鞋,108,196,55,797,1780,90,布面材质,TPR鞋底,系带设计,潮流高街,四季通用,34,女,安徽省,是,20,否
533631665,阿迪达斯运动休闲夏季透气,阿迪达斯,136,243,56,2809,283,95,真皮柔软,EVA轻底,魔术贴鞋,运动休闲,夏季透气,43,男,湖北省,否,13,否
181676501,特步男鞋潮流高街夏季透气,特步男鞋,179,320,56,691,4923,96,飞织面料,MD发泡底,系带设计,潮流高街,夏季透气,55,男,河北省,否,20,否
505532677,耐克潮流运动休闲秋季百搭,耐克潮流,99,198,50,522,6869,97,合成革鞋,EVA轻底,系带设计,运动休闲,秋季百搭,52,女,浙江省,是,22,是
200516146,京东京造简约百搭春季新款,京东京造,99,121,82,31,726,98,网布透气,TPR鞋底,套脚款式,简约百搭,春季新款,45,女,广东省,是,21,否
745608791,斯凯奇潮简约百搭秋季百搭,斯凯奇潮,148,224,66,4154,326,100,飞织面料,橡胶大底,套脚款式,简约百搭,秋季百搭,34,女,山东省,否,9,否
198484552,特步男鞋工装硬朗夏季透气,特步男鞋,185,289,64,401,434,96,合成革鞋,TPR鞋底,魔术贴鞋,工装硬朗,夏季透气,38,女,广东省,是,23,是
494526086,特步男鞋简约百搭四季通用,特步男鞋,120,226,53,1450,280,96,合成革鞋,混合鞋底,松紧带鞋,简约百搭,四季通用,40,男,江苏省,是,5,否
295734723,李宁休闲复古潮鞋夏季透气,李宁休闲,109,210,52,148,249,100,飞织面料,EVA轻底,套脚款式,复古潮鞋,夏季透气,36,男,河南省,否,16,否
764978009,京东京造运动休闲夏季透气,京东京造,99,141,70,418,2034,88,高端飞织,EVA轻底,松紧带鞋,运动休闲,夏季透气,55,男,浙江省,是,22,否
908968805,鸿星尔克户外机能春季新款,鸿星尔克,99,109,91,726,744,91,合成革鞋,EVA轻底,魔术贴鞋,户外机能,春季新款,37,男,江苏省,是,23,否
806120709,阿迪达斯工装硬朗秋季百搭,阿迪达斯,174,285,61,891,435,91,高端飞织,MD发泡底,松紧带鞋,工装硬朗,秋季百搭,50,男,浙江省,否,0,是
159303485,斯凯奇潮户外机能夏季透气,斯凯奇潮,164,167,98,577,179,97,布面材质,MD发泡底,松紧带鞋,户外机能,夏季透气,47,男,山东省,是,17,否
159123817,李宁休闲户外机能冬季保暖,李宁休闲,99,141,70,3023,1668,93,网布透气,MD发泡底,松紧带鞋,户外机能,冬季保暖,44,女,湖北省,否,18,是
293491229,安踏运动户外机能夏季透气,安踏运动,160,190,84,724,835,96,混合材质,混合鞋底,魔术贴鞋,户外机能,夏季透气,44,男,浙江省,是,8,否
721205696,李宁休闲工装硬朗冬季保暖,李宁休闲,99,124,80,1003,3582,96,真皮柔软,橡胶大底,魔术贴鞋,工装硬朗,冬季保暖,54,男,广东省,否,2,否
381761502,其他品牌日常休闲夏季透气,其他品牌,316,385,82,353,9235,93,超纤皮鞋,TPR鞋底,魔术贴鞋,日常休闲,夏季透气,38,女,湖北省,否,23,是
117570461,京东京造运动休闲秋季百搭,京东京造,130,203,64,12,123,94,飞织面料,橡胶大底,系带设计,运动休闲,秋季百搭,48,男,江苏省,是,17,否
754957027,李宁休闲运动休闲冬季保暖,李宁休闲,99,129,77,1006,3322,94,飞织面料,TPR鞋底,拉链鞋款,运动休闲,冬季保暖,38,男,福建省,否,22,是
242364928,斯凯奇潮复古潮鞋夏季透气,斯凯奇潮,198,233,85,153,4659,100,合成革鞋,混合鞋底,套脚款式,复古潮鞋,夏季透气,45,女,山东省,是,21,否
398189837,其他品牌户外机能夏季透气,其他品牌,157,191,82,776,282,93,飞织面料,TPR鞋底,魔术贴鞋,户外机能,夏季透气,60,女,安徽省,否,21,否
699701711,鸿星尔克运动休闲秋季百搭,鸿星尔克,99,194,51,1244,1215,90,网布透气,混合鞋底,系带设计,运动休闲,秋季百搭,53,男,浙江省,否,22,是
694315861,斯凯奇潮工装硬朗春季新款,斯凯奇潮,337,416,81,12,1345,95,真皮柔软,TPR鞋底,系带设计,工装硬朗,春季新款,41,女,四川省,否,19,否
614609077,鸿星尔克简约百搭秋季百搭,鸿星尔克,222,411,54,1137,724,90,布面材质,MD发泡底,系带设计,简约百搭,秋季百搭,36,女,浙江省,否,12,否
106989963,特步男鞋复古潮鞋春季新款,特步男鞋,252,467,54,1493,1288,93,飞织面料,EVA轻底,魔术贴鞋,复古潮鞋,春季新款,38,女,四川省,否,0,是
340155008,其他品牌日常休闲四季通用,其他品牌,99,198,50,746,1148,90,合成革鞋,橡胶大底,系带设计,日常休闲,四季通用,57,男,湖北省,是,3,否
756235565,回力经典运动休闲四季通用,回力经典,99,171,58,617,1536,94,混合材质,MD发泡底,系带设计,运动休闲,四季通用,62,男,江苏省,否,8,否
466644416,阿迪达斯户外机能春季新款,阿迪达斯,169,252,67,3964,1076,96,布面材质,PU中底,拉链鞋款,户外机能,春季新款,57,男,广东省,否,10,否
519680843,京东京造简约百搭春季新款,京东京造,294,342,86,38,363,93,高端飞织,EVA轻底,松紧带鞋,简约百搭,春季新款,55,男,湖北省,否,10,否
739899547,鸿星尔克复古潮鞋冬季保暖,鸿星尔克,111,137,81,434,835,100,网布透气,TPR鞋底,系带设计,复古潮鞋,冬季保暖,55,男,广东省,否,16,是
145478340,斯凯奇潮运动休闲夏季透气,斯凯奇潮,99,148,67,729,7516,97,合成革鞋,PU中底,套脚款式,运动休闲,夏季透气,53,男,浙江省,是,6,否
448690357,李宁休闲户外机能四季通用,李宁休闲,108,129,84,804,2184,97,网布透气,橡胶大底,拉链鞋款,户外机能,四季通用,34,男,广东省,是,14,是
738589841,耐克潮流简约百搭四季通用,耐克潮流,99,119,83,27,937,98,布面材质,MD发泡底,拉链鞋款,简约百搭,四季通用,42,男,福建省,否,18,是
947798664,耐克潮流日常休闲秋季百搭,耐克潮流,103,111,93,41,236,100,合成革鞋,PU中底,魔术贴鞋,日常休闲,秋季百搭,56,男,河北省,是,17,否
399488480,回力经典工装硬朗春季新款,回力经典,99,115,86,547,5228,96,飞织面料,PU中底,魔术贴鞋,工装硬朗,春季新款,56,男,山东省,是,14,否
391911629,李宁休闲工装硬朗冬季保暖,李宁休闲,136,209,65,301,389,89,超纤皮鞋,EVA轻底,松紧带鞋,工装硬朗,冬季保暖,60,男,福建省,是,20,否
846366398,李宁休闲潮流高街春季新款,李宁休闲,214,428,50,927,585,90,混合材质,PU中底,拉链鞋款,潮流高街,春季新款,52,女,山东省,是,4,是
715260951,特步男鞋潮流高街夏季透气,特步男鞋,99,112,88,676,666,99,超纤皮鞋,PU中底,拉链鞋款,潮流高街,夏季透气,56,女,浙江省,是,18,是
679798950,阿迪达斯日常休闲夏季透气,阿迪达斯,125,174,72,384,10371,90,混合材质,TPR鞋底,系带设计,日常休闲,夏季透气,51,男,河北省,是,23,是
270198029,斯凯奇潮户外机能四季通用,斯凯奇潮,322,383,84,647,893,90,网布透气,橡胶大底,松紧带鞋,户外机能,四季通用,50,女,河南省,是,23,否
894422210,耐克潮流日常休闲秋季百搭,耐克潮流,309,572,54,3159,1290,91,高端飞织,PU中底,系带设计,日常休闲,秋季百搭,51,男,河南省,否,22,是
195069544,京东京造工装硬朗夏季透气,京东京造,337,416,81,1496,1003,96,合成革鞋,TPR鞋底,拉链鞋款,工装硬朗,夏季透气,51,男,江苏省,是,16,否
604908676,其他品牌复古潮鞋秋季百搭,其他品牌,99,174,57,44,5057,94,布面材质,TPR鞋底,套脚款式,复古潮鞋,秋季百搭,54,男,浙江省,是,22,否
251897137,阿迪达斯日常休闲秋季百搭,阿迪达斯,99,194,51,148,687,97,网布透气,橡胶大底,套脚款式,日常休闲,秋季百搭,61,女,河南省,是,9,是
629218084,京东京造工装硬朗夏季透气,京东京造,133,140,95,687,2765,94,高端飞织,TPR鞋底,魔术贴鞋,工装硬朗,夏季透气,43,女,四川省,是,9,是
489730209,京东京造日常休闲春季新款,京东京造,99,116,85,330,1975,91,合成革鞋,EVA轻底,松紧带鞋,日常休闲,春季新款,45,男,湖北省,是,14,否
507530325,特步男鞋潮流高街秋季百搭,特步男鞋,99,99,100,750,3704,92,飞织面料,TPR鞋底,拉链鞋款,潮流高街,秋季百搭,48,男,浙江省,是,5,是
347666483,鸿星尔克潮流高街秋季百搭,鸿星尔克,120,124,97,656,172,91,布面材质,EVA轻底,系带设计,潮流高街,秋季百搭,49,女,浙江省,是,7,否
341303799,斯凯奇潮运动休闲四季通用,斯凯奇潮,99,127,78,11,610,97,超纤皮鞋,混合鞋底,套脚款式,运动休闲,四季通用,46,男,广东省,否,2,否
870919814,阿迪达斯日常休闲冬季保暖,阿迪达斯,192,356,54,23,3298,99,超纤皮鞋,TPR鞋底,拉链鞋款,日常休闲,冬季保暖,39,女,山东省,是,22,否
813614894,斯凯奇潮复古潮鞋春季新款,斯凯奇潮,261,475,55,436,774,95,混合材质,TPR鞋底,套脚款式,复古潮鞋,春季新款,34,女,河北省,是,16,是
892167712,斯凯奇潮工装硬朗秋季百搭,斯凯奇潮,174,229,76,334,472,89,高端飞织,混合鞋底,魔术贴鞋,工装硬朗,秋季百搭,31,男,安徽省,否,9,否
521064020,回力经典工装硬朗冬季保暖,回力经典,212,283,75,11,1529,90,网布透气,橡胶大底,套脚款式,工装硬朗,冬季保暖,64,男,四川省,否,21,是
842251939,鸿星尔克日常休闲秋季百搭,鸿星尔克,99,194,51,1346,127,98,飞织面料,MD发泡底,魔术贴鞋,日常休闲,秋季百搭,42,女,广东省,否,3,是
527248906,斯凯奇潮潮流高街四季通用,斯凯奇潮,155,189,82,934,235,85,网布透气,橡胶大底,拉链鞋款,潮流高街,四季通用,42,男,四川省,否,10,是
843988518,阿迪达斯复古潮鞋四季通用,阿迪达斯,183,352,52,436,3436,90,飞织面料,PU中底,系带设计,复古潮鞋,四季通用,43,女,广东省,否,13,否
245191360,特步男鞋户外机能冬季保暖,特步男鞋,399,453,88,748,1082,93,合成革鞋,混合鞋底,魔术贴鞋,户外机能,冬季保暖,39,男,安徽省,是,23,是
532236297,李宁休闲户外机能夏季透气,李宁休闲,144,253,57,1130,7419,94,超纤皮鞋,PU中底,套脚款式,户外机能,夏季透气,51,女,湖北省,否,11,否
262092780,阿迪达斯运动休闲四季通用,阿迪达斯,348,600,58,538,1721,90,网布透气,PU中底,松紧带鞋,运动休闲,四季通用,40,女,广东省,否,23,是
912666863,京东京造运动休闲四季通用,京东京造,212,286,74,4,464,95,高端飞织,TPR鞋底,套脚款式,运动休闲,四季通用,52,男,广东省,否,19,是
204264634,京东京造简约百搭夏季透气,京东京造,168,200,84,29,1164,91,混合材质,混合鞋底,魔术贴鞋,简约百搭,夏季透气,52,男,广东省,否,22,否
593158985,其他品牌复古潮鞋春季新款,其他品牌,99,162,61,2267,3826,95,合成革鞋,MD发泡底,松紧带鞋,复古潮鞋,春季新款,46,女,河南省,否,11,是
951826246,其他品牌潮流高街夏季透气,其他品牌,247,433,57,1068,265,97,合成革鞋,EVA轻底,松紧带鞋,潮流高街,夏季透气,34,女,浙江省,否,2,是
439834660,特步男鞋户外机能夏季透气,特步男鞋,99,194,51,968,3526,96,布面材质,混合鞋底,拉链鞋款,户外机能,夏季透气,53,男,江苏省,是,15,否
781882456,京东京造潮流高街冬季保暖,京东京造,99,124,80,506,2071,95,网布透气,PU中底,系带设计,潮流高街,冬季保暖,38,女,江苏省,否,22,是
582623077,其他品牌工装硬朗秋季百搭,其他品牌,144,176,82,34,954,85,飞织面料,橡胶大底,拉链鞋款,工装硬朗,秋季百搭,59,女,江苏省,否,20,是
352555348,斯凯奇潮简约百搭冬季保暖,斯凯奇潮,132,264,50,218,3189,98,网布透气,混合鞋底,系带设计,简约百搭,冬季保暖,39,女,广东省,是,6,是
875460442,阿迪达斯日常休闲秋季百搭,阿迪达斯,99,174,57,597,1932,91,飞织面料,混合鞋底,系带设计,日常休闲,秋季百搭,30,男,河南省,是,15,是
540533729,其他品牌复古潮鞋秋季百搭,其他品牌,99,118,84,958,623,95,合成革鞋,MD发泡底,魔术贴鞋,复古潮鞋,秋季百搭,35,女,江苏省,否,21,是
757226348,安踏运动工装硬朗四季通用,安踏运动,99,134,74,558,2950,99,真皮柔软,PU中底,系带设计,工装硬朗,四季通用,47,女,福建省,是,0,否
444424631,特步男鞋复古潮鞋四季通用,特步男鞋,297,326,91,2647,395,91,混合材质,TPR鞋底,魔术贴鞋,复古潮鞋,四季通用,41,男,江苏省,是,3,是
522703797,耐克潮流户外机能四季通用,耐克潮流,149,253,59,629,987,94,布面材质,橡胶大底,套脚款式,户外机能,四季通用,53,男,广东省,是,14,是
289283963,鸿星尔克运动休闲春季新款,鸿星尔克,163,220,74,1326,162,90,飞织面料,MD发泡底,拉链鞋款,运动休闲,春季新款,47,男,安徽省,否,20,是
475139952,阿迪达斯运动休闲夏季透气,阿迪达斯,99,132,75,867,337,86,高端飞织,TPR鞋底,拉链鞋款,运动休闲,夏季透气,45,男,河北省,是,15,否
211414971,安踏运动复古潮鞋冬季保暖,安踏运动,112,167,67,1061,866,98,布面材质,TPR鞋底,套脚款式,复古潮鞋,冬季保暖,53,男,福建省,否,23,否
352150032,回力经典简约百搭冬季保暖,回力经典,144,187,77,49,1158,96,真皮柔软,TPR鞋底,系带设计,简约百搭,冬季保暖,48,女,浙江省,是,20,是
552063306,其他品牌复古潮鞋秋季百搭,其他品牌,99,198,50,355,221,99,布面材质,EVA轻底,魔术贴鞋,复古潮鞋,秋季百搭,62,男,山东省,是,19,是
687700048,安踏运动工装硬朗秋季百搭,安踏运动,238,294,81,623,427,94,合成革鞋,橡胶大底,系带设计,工装硬朗,秋季百搭,63,女,山东省,是,13,是
152709605,斯凯奇潮复古潮鞋春季新款,斯凯奇潮,99,112,88,686,4258,88,真皮柔软,EVA轻底,松紧带鞋,复古潮鞋,春季新款,36,男,四川省,否,13,否
928703709,鸿星尔克简约百搭秋季百搭,鸿星尔克,160,193,83,985,2551,90,合成革鞋,EVA轻底,拉链鞋款,简约百搭,秋季百搭,47,女,四川省,否,2,是
854325033,阿迪达斯简约百搭夏季透气,阿迪达斯,99,174,57,626,4673,93,布面材质,混合鞋底,松紧带鞋,简约百搭,夏季透气,50,女,广东省,否,12,否
648996677,耐克潮流工装硬朗夏季透气,耐克潮流,99,115,86,877,148,91,混合材质,EVA轻底,松紧带鞋,工装硬朗,夏季透气,46,女,河南省,是,23,是
415187935,安踏运动户外机能冬季保暖,安踏运动,99,114,87,4577,518,98,布面材质,PU中底,魔术贴鞋,户外机能,冬季保暖,58,男,江苏省,否,21,否
145109008,其他品牌运动休闲春季新款,其他品牌,99,160,62,66,944,97,合成革鞋,PU中底,魔术贴鞋,运动休闲,春季新款,49,男,山东省,是,4,是
190010519,回力经典日常休闲夏季透气,回力经典,668,1172,57,1084,840,90,真皮柔软,MD发泡底,松紧带鞋,日常休闲,夏季透气,48,女,浙江省,否,15,是
207414455,特步男鞋潮流高街春季新款,特步男鞋,136,149,91,2879,4671,99,合成革鞋,混合鞋底,拉链鞋款,潮流高街,春季新款,46,男,福建省,是,6,否
425725370,李宁休闲户外机能秋季百搭,李宁休闲,123,232,53,349,298,93,真皮柔软,混合鞋底,套脚款式,户外机能,秋季百搭,54,女,浙江省,是,22,否
332199375,安踏运动户外机能四季通用,安踏运动,468,678,69,3175,2012,99,网布透气,TPR鞋底,魔术贴鞋,户外机能,四季通用,58,女,福建省,是,23,否
544907604,回力经典复古潮鞋春季新款,回力经典,128,210,61,586,812,96,网布透气,EVA轻底,套脚款式,复古潮鞋,春季新款,48,女,河南省,否,20,是
904799426,鸿星尔克潮流高街四季通用,鸿星尔克,120,167,72,840,647,95,合成革鞋,混合鞋底,拉链鞋款,潮流高街,四季通用,60,女,河南省,否,23,否
164650376,京东京造简约百搭冬季保暖,京东京造,99,168,59,1312,218,96,超纤皮鞋,MD发泡底,套脚款式,简约百搭,冬季保暖,37,女,江苏省,否,0,是
500576040,特步男鞋日常休闲冬季保暖,特步男鞋,234,289,81,1108,336,97,网布透气,混合鞋底,松紧带鞋,日常休闲,冬季保暖,47,女,江苏省,是,12,否
121193402,京东京造户外机能冬季保暖,京东京造,108,154,70,1396,499,96,高端飞织,混合鞋底,系带设计,户外机能,冬季保暖,39,女,湖北省,否,23,否
397987390,李宁休闲复古潮鞋冬季保暖,李宁休闲,99,122,81,29,656,97,混合材质,MD发泡底,系带设计,复古潮鞋,冬季保暖,35,男,安徽省,是,1,否
166631798,鸿星尔克户外机能春季新款,鸿星尔克,169,331,51,47,1227,90,真皮柔软,PU中底,魔术贴鞋,户外机能,春季新款,49,男,河南省,否,10,否
151956229,安踏运动户外机能夏季透气,安踏运动,99,171,58,533,1193,94,布面材质,EVA轻底,魔术贴鞋,户外机能,夏季透气,55,男,河北省,是,3,是
523366340,李宁休闲复古潮鞋夏季透气,李宁休闲,99,190,52,2740,3907,94,飞织面料,PU中底,拉链鞋款,复古潮鞋,夏季透气,46,女,河南省,是,8,是
323163800,耐克潮流日常休闲夏季透气,耐克潮流,162,238,68,116,656,96,合成革鞋,混合鞋底,魔术贴鞋,日常休闲,夏季透气,34,男,江苏省,是,22,是
448365082,特步男鞋日常休闲夏季透气,特步男鞋,99,105,94,44,1675,93,布面材质,混合鞋底,套脚款式,日常休闲,夏季透气,43,女,河北省,否,20,是
934676474,李宁休闲运动休闲四季通用,李宁休闲,114,173,66,749,1342,95,飞织面料,MD发泡底,系带设计,运动休闲,四季通用,42,女,安徽省,是,21,是
695355157,其他品牌户外机能春季新款,其他品牌,206,381,54,461,2867,97,合成革鞋,MD发泡底,系带设计,户外机能,春季新款,55,女,安徽省,否,19,否
828639309,阿迪达斯复古潮鞋夏季透气,阿迪达斯,99,125,79,183,3897,97,网布透气,PU中底,系带设计,复古潮鞋,夏季透气,50,女,湖北省,是,20,是
321310480,其他品牌户外机能秋季百搭,其他品牌,99,174,57,1300,9509,95,合成革鞋,混合鞋底,套脚款式,户外机能,秋季百搭,49,男,江苏省,是,8,否
528800779,耐克潮流户外机能四季通用,耐克潮流,121,123,98,954,605,97,飞织面料,EVA轻底,系带设计,户外机能,四季通用,44,女,河南省,否,23,否
447240074,安踏运动运动休闲冬季保暖,安踏运动,114,156,73,475,3741,90,真皮柔软,TPR鞋底,魔术贴鞋,运动休闲,冬季保暖,49,男,江苏省,是,14,是
361380143,斯凯奇潮户外机能夏季透气,斯凯奇潮,192,218,88,386,7483,92,高端飞织,PU中底,套脚款式,户外机能,夏季透气,49,女,湖北省,是,8,否
515701836,斯凯奇潮运动休闲春季新款,斯凯奇潮,99,138,72,592,144,96,布面材质,橡胶大底,套脚款式,运动休闲,春季新款,33,女,四川省,是,22,否
237602529,耐克潮流户外机能四季通用,耐克潮流,99,152,65,62,458,98,高端飞织,MD发泡底,系带设计,户外机能,四季通用,39,男,广东省,否,11,是
234413544,李宁休闲潮流高街四季通用,李宁休闲,99,124,80,361,1118,96,真皮柔软,EVA轻底,魔术贴鞋,潮流高街,四季通用,50,女,四川省,是,8,否
913846281,特步男鞋复古潮鞋夏季透气,特步男鞋,99,111,89,49,336,98,合成革鞋,TPR鞋底,系带设计,复古潮鞋,夏季透气,31,女,浙江省,是,21,是
798314902,耐克潮流潮流高街冬季保暖,耐克潮流,101,184,55,1259,1497,93,飞织面料,橡胶大底,魔术贴鞋,潮流高街,冬季保暖,49,男,浙江省,是,1,否
300477020,其他品牌复古潮鞋夏季透气,其他品牌,99,118,84,262,7017,94,合成革鞋,EVA轻底,拉链鞋款,复古潮鞋,夏季透气,52,男,四川省,是,22,是
437328322,李宁休闲潮流高街秋季百搭,李宁休闲,99,105,94,409,94,91,飞织面料,橡胶大底,套脚款式,潮流高街,秋季百搭,46,男,湖北省,否,5,否
240171239,回力经典日常休闲春季新款,回力经典,200,230,87,1001,2071,99,高端飞织,橡胶大底,魔术贴鞋,日常休闲,春季新款,50,女,浙江省,是,21,否
497027709,京东京造潮流高街四季通用,京东京造,374,473,79,431,1210,95,高端飞织,MD发泡底,松紧带鞋,潮流高街,四季通用,34,男,河北省,是,0,是
929908488,回力经典潮流高街冬季保暖,回力经典,99,122,81,509,519,96,合成革鞋,TPR鞋底,松紧带鞋,潮流高街,冬季保暖,65,男,安徽省,是,23,是
953921044,安踏运动户外机能冬季保暖,安踏运动,286,295,97,240,831,98,布面材质,TPR鞋底,拉链鞋款,户外机能,冬季保暖,49,女,四川省,是,21,否
316821054,阿迪达斯日常休闲春季新款,阿迪达斯,192,229,84,130,2040,92,混合材质,MD发泡底,系带设计,日常休闲,春季新款,46,女,江苏省,否,20,是
919054586,鸿星尔克户外机能夏季透气,鸿星尔克,99,106,93,1131,1228,96,超纤皮鞋,EVA轻底,系带设计,户外机能,夏季透气,56,女,福建省,是,0,是
966829365,鸿星尔克工装硬朗夏季透气,鸿星尔克,329,362,91,1354,1192,95,超纤皮鞋,PU中底,拉链鞋款,工装硬朗,夏季透气,34,女,江苏省,是,23,否
345978407,特步男鞋潮流高街冬季保暖,特步男鞋,126,135,93,4171,342,100,布面材质,MD发泡底,拉链鞋款,潮流高街,冬季保暖,50,男,广东省,是,7,是
280058486,京东京造日常休闲四季通用,京东京造,304,411,74,320,766,90,网布透气,橡胶大底,拉链鞋款,日常休闲,四季通用,40,男,河南省,是,16,否
319502923,鸿星尔克户外机能春季新款,鸿星尔克,99,130,76,313,859,93,飞织面料,EVA轻底,拉链鞋款,户外机能,春季新款,45,男,河北省,是,23,否
511151430,斯凯奇潮简约百搭秋季百搭,斯凯奇潮,349,415,84,26,861,97,合成革鞋,EVA轻底,松紧带鞋,简约百搭,秋季百搭,38,女,四川省,否,8,是
388679077,耐克潮流简约百搭秋季百搭,耐克潮流,99,136,73,4181,1817,93,真皮柔软,EVA轻底,套脚款式,简约百搭,秋季百搭,43,女,四川省,是,17,否
597596572,特步男鞋运动休闲夏季透气,特步男鞋,136,197,69,734,2295,95,混合材质,PU中底,套脚款式,运动休闲,夏季透气,43,女,河北省,是,12,否
849486817,耐克潮流工装硬朗春季新款,耐克潮流,163,240,68,576,159,90,网布透气,PU中底,拉链鞋款,工装硬朗,春季新款,56,女,江苏省,否,23,否
120516749,李宁休闲日常休闲冬季保暖,李宁休闲,233,259,90,453,1308,98,飞织面料,橡胶大底,拉链鞋款,日常休闲,冬季保暖,51,女,湖北省,是,21,否
713736136,李宁休闲日常休闲春季新款,李宁休闲,110,111,99,935,10939,90,布面材质,橡胶大底,魔术贴鞋,日常休闲,春季新款,54,女,浙江省,否,13,否
365438166,回力经典运动休闲四季通用,回力经典,99,198,50,737,1334,94,混合材质,混合鞋底,魔术贴鞋,运动休闲,四季通用,20,女,河南省,否,4,是
424964661,阿迪达斯日常休闲夏季透气,阿迪达斯,99,171,58,48,852,93,高端飞织,混合鞋底,魔术贴鞋,日常休闲,夏季透气,39,女,河北省,否,1,是
953476055,阿迪达斯户外机能夏季透气,阿迪达斯,99,106,93,5,146,93,飞织面料,PU中底,松紧带鞋,户外机能,夏季透气,42,男,安徽省,否,23,否
430379236,京东京造潮流高街四季通用,京东京造,315,516,61,33,469,92,合成革鞋,混合鞋底,系带设计,潮流高街,四季通用,55,女,河南省,是,23,否
228451863,斯凯奇潮复古潮鞋春季新款,斯凯奇潮,146,256,57,233,1349,92,真皮柔软,MD发泡底,魔术贴鞋,复古潮鞋,春季新款,41,男,山东省,是,17,否
380809380,李宁休闲复古潮鞋冬季保暖,李宁休闲,699,1271,55,3262,434,90,高端飞织,EVA轻底,拉链鞋款,复古潮鞋,冬季保暖,48,男,湖北省,是,5,是
943664793,京东京造日常休闲冬季保暖,京东京造,220,256,86,1279,121,93,飞织面料,混合鞋底,松紧带鞋,日常休闲,冬季保暖,45,男,湖北省,是,19,否
996211144,回力经典工装硬朗冬季保暖,回力经典,156,156,100,25,268,97,飞织面料,EVA轻底,拉链鞋款,工装硬朗,冬季保暖,37,男,河北省,是,16,是
557042728,其他品牌简约百搭四季通用,其他品牌,152,160,95,39,1724,96,超纤皮鞋,PU中底,套脚款式,简约百搭,四季通用,55,男,河南省,否,7,否
275219437,阿迪达斯运动休闲冬季保暖,阿迪达斯,247,457,54,1042,231,92,合成革鞋,混合鞋底,套脚款式,运动休闲,冬季保暖,47,女,浙江省,否,20,是
633828750,京东京造日常休闲夏季透气,京东京造,99,146,68,118,433,99,飞织面料,橡胶大底,拉链鞋款,日常休闲,夏季透气,57,女,江苏省,是,14,是
282975341,其他品牌日常休闲冬季保暖,其他品牌,99,165,60,31,812,90,布面材质,PU中底,松紧带鞋,日常休闲,冬季保暖,47,男,河北省,是,21,否
709556906,回力经典简约百搭春季新款,回力经典,170,274,62,47,79,87,网布透气,EVA轻底,套脚款式,简约百搭,春季新款,50,女,广东省,否,20,是
378396552,耐克潮流运动休闲春季新款,耐克潮流,384,619,62,1047,593,97,真皮柔软,PU中底,拉链鞋款,运动休闲,春季新款,39,男,湖北省,否,20,是
942534747,耐克潮流户外机能四季通用,耐克潮流,106,166,64,1019,4172,96,真皮柔软,PU中底,系带设计,户外机能,四季通用,58,男,浙江省,是,23,是
583416440,回力经典日常休闲冬季保暖,回力经典,99,157,63,793,395,100,合成革鞋,MD发泡底,拉链鞋款,日常休闲,冬季保暖,49,男,山东省,否,22,否
437374865,安踏运动复古潮鞋四季通用,安踏运动,99,114,87,42,1689,96,高端飞织,MD发泡底,套脚款式,复古潮鞋,四季通用,33,女,福建省,是,22,是
758391197,耐克潮流运动休闲四季通用,耐克潮流,99,174,57,1454,1547,93,网布透气,橡胶大底,系带设计,运动休闲,四季通用,53,男,广东省,是,13,是
754944721,京东京造户外机能四季通用,京东京造,317,520,61,4,414,95,合成革鞋,PU中底,套脚款式,户外机能,四季通用,43,女,江苏省,是,0,否
366821198,京东京造户外机能春季新款,京东京造,113,226,50,938,2932,93,超纤皮鞋,混合鞋底,松紧带鞋,户外机能,春季新款,18,男,安徽省,否,4,是
889001781,李宁休闲户外机能春季新款,李宁休闲,99,101,98,1062,193,89,混合材质,EVA轻底,拉链鞋款,户外机能,春季新款,52,女,广东省,否,20,是
804037023,鸿星尔克工装硬朗夏季透气,鸿星尔克,124,146,85,964,1177,96,混合材质,橡胶大底,系带设计,工装硬朗,夏季透气,46,女,湖北省,是,1,是
495996685,李宁休闲潮流高街四季通用,李宁休闲,147,148,99,6,995,85,混合材质,橡胶大底,套脚款式,潮流高街,四季通用,49,女,河南省,是,7,否
132832273,其他品牌潮流高街秋季百搭,其他品牌,175,240,73,1099,222,90,高端飞织,PU中底,系带设计,潮流高街,秋季百搭,41,女,河南省,否,22,是
724707395,安踏运动工装硬朗夏季透气,安踏运动,99,146,68,2199,14080,99,真皮柔软,橡胶大底,系带设计,工装硬朗,夏季透气,42,男,江苏省,否,20,否
705713764,耐克潮流户外机能四季通用,耐克潮流,99,100,99,15,1512,88,超纤皮鞋,PU中底,魔术贴鞋,户外机能,四季通用,42,女,山东省,否,3,否
928888331,李宁休闲简约百搭春季新款,李宁休闲,99,116,85,1,1684,98,布面材质,混合鞋底,魔术贴鞋,简约百搭,春季新款,52,女,山东省,否,11,否
413438512,其他品牌复古潮鞋夏季透气,其他品牌,99,118,84,741,374,95,网布透气,EVA轻底,拉链鞋款,复古潮鞋,夏季透气,48,男,福建省,否,22,否
525558475,斯凯奇潮复古潮鞋冬季保暖,斯凯奇潮,99,139,71,1495,1769,97,混合材质,混合鞋底,系带设计,复古潮鞋,冬季保暖,41,女,安徽省,是,1,是
958066616,京东京造工装硬朗冬季保暖,京东京造,99,130,76,5,1412,96,高端飞织,PU中底,拉链鞋款,工装硬朗,冬季保暖,48,女,浙江省,是,4,否
220632158,阿迪达斯简约百搭夏季透气,阿迪达斯,228,422,54,1190,582,96,飞织面料,TPR鞋底,套脚款式,简约百搭,夏季透气,43,女,湖北省,否,0,否
819339995,李宁休闲工装硬朗春季新款,李宁休闲,323,399,81,320,3614,91,飞织面料,EVA轻底,松紧带鞋,工装硬朗,春季新款,62,女,广东省,是,23,是
837860158,特步男鞋工装硬朗春季新款,特步男鞋,200,215,93,187,3598,90,混合材质,TPR鞋底,松紧带鞋,工装硬朗,春季新款,45,女,浙江省,是,21,否
603589375,京东京造工装硬朗秋季百搭,京东京造,159,248,64,1259,564,90,混合材质,混合鞋底,魔术贴鞋,工装硬朗,秋季百搭,43,女,河南省,是,22,是
401622410,耐克潮流运动休闲四季通用,耐克潮流,108,146,74,3566,7996,95,飞织面料,PU中底,套脚款式,运动休闲,四季通用,57,女,福建省,是,21,是
701656227,安踏运动简约百搭秋季百搭,安踏运动,116,232,50,4863,3024,95,布面材质,混合鞋底,拉链鞋款,简约百搭,秋季百搭,48,男,四川省,是,4,否
268475124,鸿星尔克简约百搭夏季透气,鸿星尔克,99,141,70,211,3055,95,飞织面料,TPR鞋底,魔术贴鞋,简约百搭,夏季透气,45,男,江苏省,否,11,是
892236592,回力经典运动休闲夏季透气,回力经典,99,102,97,535,4354,96,网布透气,混合鞋底,拉链鞋款,运动休闲,夏季透气,33,男,广东省,是,1,否
975806733,京东京造复古潮鞋夏季透气,京东京造,99,114,87,244,1198,90,合成革鞋,EVA轻底,拉链鞋款,复古潮鞋,夏季透气,53,女,浙江省,是,16,否
230681892,李宁休闲工装硬朗夏季透气,李宁休闲,99,108,92,903,13097,91,飞织面料,EVA轻底,魔术贴鞋,工装硬朗,夏季透气,33,男,河北省,否,2,否
271833720,回力经典户外机能秋季百搭,回力经典,136,142,96,274,49,94,混合材质,EVA轻底,魔术贴鞋,户外机能,秋季百搭,50,男,安徽省,是,8,是
505373652,鸿星尔克复古潮鞋冬季保暖,鸿星尔克,104,196,53,1394,21167,92,超纤皮鞋,TPR鞋底,套脚款式,复古潮鞋,冬季保暖,63,女,山东省,否,11,是
411558303,阿迪达斯潮流高街四季通用,阿迪达斯,99,157,63,364,488,90,真皮柔软,混合鞋底,套脚款式,潮流高街,四季通用,47,男,河南省,是,10,是
709154570,京东京造日常休闲冬季保暖,京东京造,108,166,65,648,2148,94,超纤皮鞋,混合鞋底,系带设计,日常休闲,冬季保暖,55,女,四川省,否,11,是
778420103,阿迪达斯简约百搭春季新款,阿迪达斯,109,198,55,31,356,90,布面材质,混合鞋底,系带设计,简约百搭,春季新款,48,女,四川省,是,20,是
424080321,京东京造日常休闲春季新款,京东京造,647,696,93,873,1819,93,布面材质,PU中底,松紧带鞋,日常休闲,春季新款,36,男,四川省,否,2,否
553066922,其他品牌工装硬朗冬季保暖,其他品牌,311,375,83,787,2804,100,混合材质,MD发泡底,系带设计,工装硬朗,冬季保暖,47,男,福建省,是,14,是
425653946,鸿星尔克工装硬朗夏季透气,鸿星尔克,164,260,63,1254,2844,95,超纤皮鞋,EVA轻底,套脚款式,工装硬朗,夏季透气,48,女,山东省,是,12,是
399951103,李宁休闲运动休闲夏季透气,李宁休闲,111,144,77,300,584,98,网布透气,EVA轻底,套脚款式,运动休闲,夏季透气,52,女,山东省,否,15,否
934804182,斯凯奇潮潮流高街春季新款,斯凯奇潮,99,177,56,440,3975,93,真皮柔软,MD发泡底,套脚款式,潮流高街,春季新款,48,男,湖北省,否,13,否
277716508,安踏运动户外机能四季通用,安踏运动,99,157,63,235,1326,95,网布透气,混合鞋底,系带设计,户外机能,四季通用,40,女,四川省,是,9,否
242215256,安踏运动潮流高街夏季透气,安踏运动,99,143,69,15,479,99,布面材质,EVA轻底,松紧带鞋,潮流高街,夏季透气,59,女,四川省,是,21,是
605908005,安踏运动运动休闲秋季百搭,安踏运动,170,207,82,1129,3425,94,布面材质,EVA轻底,拉链鞋款,运动休闲,秋季百搭,53,男,河南省,否,6,否
800717856,李宁休闲复古潮鞋四季通用,李宁休闲,99,183,54,3628,1689,92,飞织面料,橡胶大底,拉链鞋款,复古潮鞋,四季通用,40,女,安徽省,是,19,是
371409163,李宁休闲潮流高街夏季透气,李宁休闲,105,135,78,36,176,96,布面材质,MD发泡底,拉链鞋款,潮流高街,夏季透气,47,男,河北省,否,11,是
671129999,安踏运动工装硬朗秋季百搭,安踏运动,139,273,51,1397,1333,96,超纤皮鞋,TPR鞋底,拉链鞋款,工装硬朗,秋季百搭,38,男,福建省,是,21,是
376518809,阿迪达斯复古潮鞋四季通用,阿迪达斯,168,177,95,3967,3108,97,飞织面料,EVA轻底,套脚款式,复古潮鞋,四季通用,45,男,福建省,是,22,否
675172117,其他品牌户外机能四季通用,其他品牌,99,127,78,32,380,90,飞织面料,橡胶大底,魔术贴鞋,户外机能,四季通用,47,男,山东省,是,9,否
178131010,李宁休闲工装硬朗夏季透气,李宁休闲,142,163,87,4539,48,92,飞织面料,MD发泡底,系带设计,工装硬朗,夏季透气,37,女,福建省,是,2,是
372298279,特步男鞋运动休闲冬季保暖,特步男鞋,189,315,60,322,3899,96,高端飞织,EVA轻底,系带设计,运动休闲,冬季保暖,49,男,安徽省,否,16,否
921434201,阿迪达斯工装硬朗春季新款,阿迪达斯,126,180,70,697,889,90,超纤皮鞋,PU中底,魔术贴鞋,工装硬朗,春季新款,40,男,广东省,是,1,是
205938311,特步男鞋户外机能夏季透气,特步男鞋,166,213,78,62,920,93,混合材质,PU中底,系带设计,户外机能,夏季透气,52,女,山东省,否,2,是
535826431,斯凯奇潮复古潮鞋春季新款,斯凯奇潮,193,210,92,3363,3448,98,混合材质,MD发泡底,套脚款式,复古潮鞋,春季新款,55,男,四川省,是,18,是
949809330,鸿星尔克潮流高街春季新款,鸿星尔克,211,232,91,77,3102,100,飞织面料,橡胶大底,魔术贴鞋,潮流高街,春季新款,52,女,湖北省,否,20,否
197232644,李宁休闲户外机能冬季保暖,李宁休闲,241,463,52,809,1198,91,混合材质,MD发泡底,拉链鞋款,户外机能,冬季保暖,44,女,湖北省,是,16,是
656827711,回力经典日常休闲春季新款,回力经典,165,183,90,829,168,97,网布透气,PU中底,魔术贴鞋,日常休闲,春季新款,58,女,浙江省,否,8,否
959227133,其他品牌复古潮鞋冬季保暖,其他品牌,389,432,90,978,1779,92,真皮柔软,PU中底,拉链鞋款,复古潮鞋,冬季保暖,39,男,广东省,否,3,是
592854179,耐克潮流运动休闲冬季保暖,耐克潮流,99,162,61,4,1727,93,高端飞织,橡胶大底,魔术贴鞋,运动休闲,冬季保暖,60,女,福建省,是,18,否
326866447,斯凯奇潮简约百搭夏季透气,斯凯奇潮,204,352,58,3718,85,95,高端飞织,PU中底,拉链鞋款,简约百搭,夏季透气,38,女,河南省,是,20,是
862302340,斯凯奇潮简约百搭秋季百搭,斯凯奇潮,126,238,53,33,164,93,合成革鞋,PU中底,魔术贴鞋,简约百搭,秋季百搭,37,女,安徽省,是,9,否
607623154,回力经典简约百搭冬季保暖,回力经典,172,218,79,28,1063,95,飞织面料,橡胶大底,套脚款式,简约百搭,冬季保暖,47,女,山东省,是,16,是
796644311,安踏运动日常休闲春季新款,安踏运动,113,127,89,406,121,90,合成革鞋,EVA轻底,魔术贴鞋,日常休闲,春季新款,43,男,安徽省,否,1,是
883554753,特步男鞋潮流高街秋季百搭,特步男鞋,99,129,77,1288,149,94,混合材质,混合鞋底,系带设计,潮流高街,秋季百搭,49,女,山东省,否,22,是
172434040,耐克潮流复古潮鞋四季通用,耐克潮流,169,182,93,743,1763,94,网布透气,混合鞋底,系带设计,复古潮鞋,四季通用,58,女,江苏省,是,13,是
854107889,李宁休闲简约百搭春季新款,李宁休闲,99,115,86,4463,3349,92,布面材质,PU中底,松紧带鞋,简约百搭,春季新款,37,男,山东省,是,21,是
884021238,安踏运动潮流高街四季通用,安踏运动,287,522,55,12,372,90,混合材质,MD发泡底,套脚款式,潮流高街,四季通用,42,女,江苏省,否,23,是
204630739,李宁休闲户外机能春季新款,李宁休闲,111,123,90,511,394,91,混合材质,混合鞋底,魔术贴鞋,户外机能,春季新款,48,女,四川省,是,7,否
607743677,鸿星尔克户外机能夏季透气,鸿星尔克,131,139,94,33,553,98,飞织面料,TPR鞋底,松紧带鞋,户外机能,夏季透气,57,女,四川省,否,4,是
359046735,特步男鞋日常休闲秋季百搭,特步男鞋,102,144,71,695,1034,93,超纤皮鞋,MD发泡底,系带设计,日常休闲,秋季百搭,49,女,河北省,是,0,是
454870143,京东京造日常休闲冬季保暖,京东京造,99,143,69,4,2018,96,高端飞织,MD发泡底,套脚款式,日常休闲,冬季保暖,50,女,四川省,否,9,否
108539703,李宁休闲复古潮鞋秋季百搭,李宁休闲,167,170,98,1360,1257,85,混合材质,MD发泡底,松紧带鞋,复古潮鞋,秋季百搭,64,男,四川省,是,18,是
344669971,耐克潮流复古潮鞋冬季保暖,耐克潮流,99,141,70,1162,1243,95,布面材质,MD发泡底,拉链鞋款,复古潮鞋,冬季保暖,49,女,河南省,否,23,是
720929383,阿迪达斯户外机能秋季百搭,阿迪达斯,118,211,56,670,1785,91,真皮柔软,PU中底,系带设计,户外机能,秋季百搭,45,男,福建省,否,15,是
350012948,特步男鞋运动休闲春季新款,特步男鞋,99,122,81,41,996,95,高端飞织,橡胶大底,魔术贴鞋,运动休闲,春季新款,48,女,山东省,是,17,否
759401607,李宁休闲复古潮鞋春季新款,李宁休闲,99,134,74,160,1883,92,高端飞织,PU中底,系带设计,复古潮鞋,春季新款,47,男,山东省,否,2,是
875364365,李宁休闲工装硬朗夏季透气,李宁休闲,99,99,100,871,1177,90,飞织面料,EVA轻底,魔术贴鞋,工装硬朗,夏季透气,41,男,河北省,是,8,否
904428785,李宁休闲工装硬朗秋季百搭,李宁休闲,156,312,50,808,58,90,网布透气,TPR鞋底,魔术贴鞋,工装硬朗,秋季百搭,54,男,福建省,否,18,是
216794306,李宁休闲户外机能秋季百搭,李宁休闲,132,161,82,892,528,94,真皮柔软,PU中底,套脚款式,户外机能,秋季百搭,41,男,四川省,是,23,是
663835563,回力经典户外机能冬季保暖,回力经典,99,109,91,230,10286,98,合成革鞋,橡胶大底,系带设计,户外机能,冬季保暖,45,男,河北省,否,12,否
585283858,其他品牌简约百搭夏季透气,其他品牌,240,343,70,748,745,96,高端飞织,混合鞋底,套脚款式,简约百搭,夏季透气,48,男,四川省,是,0,是
165073811,斯凯奇潮户外机能秋季百搭,斯凯奇潮,132,178,74,470,5817,99,高端飞织,PU中底,魔术贴鞋,户外机能,秋季百搭,54,女,河南省,否,22,否
502015726,京东京造户外机能秋季百搭,京东京造,140,259,54,970,1389,95,网布透气,橡胶大底,拉链鞋款,户外机能,秋季百搭,47,女,福建省,否,22,是
331339195,鸿星尔克简约百搭秋季百搭,鸿星尔克,238,378,63,943,5006,93,网布透气,混合鞋底,套脚款式,简约百搭,秋季百搭,37,女,湖北省,否,13,否
677702436,安踏运动工装硬朗秋季百搭,安踏运动,273,355,77,44,4083,91,真皮柔软,橡胶大底,拉链鞋款,工装硬朗,秋季百搭,48,男,四川省,是,17,否
990564573,京东京造户外机能春季新款,京东京造,125,164,76,4884,1543,92,飞织面料,橡胶大底,魔术贴鞋,户外机能,春季新款,43,女,广东省,是,22,是
935254895,鸿星尔克简约百搭春季新款,鸿星尔克,177,334,53,780,953,93,飞织面料,橡胶大底,拉链鞋款,简约百搭,春季新款,57,男,河南省,否,16,是
192920086,阿迪达斯简约百搭秋季百搭,阿迪达斯,99,105,94,18,1588,97,网布透气,TPR鞋底,拉链鞋款,简约百搭,秋季百搭,48,女,福建省,是,21,是
613892635,斯凯奇潮简约百搭春季新款,斯凯奇潮,99,171,58,2045,565,94,网布透气,PU中底,系带设计,简约百搭,春季新款,40,男,湖北省,是,0,是
887458891,京东京造工装硬朗夏季透气,京东京造,103,154,67,755,631,93,飞织面料,MD发泡底,松紧带鞋,工装硬朗,夏季透气,47,女,湖北省,是,19,是
695527384,斯凯奇潮户外机能冬季保暖,斯凯奇潮,99,157,63,748,779,96,超纤皮鞋,PU中底,松紧带鞋,户外机能,冬季保暖,28,男,福建省,是,22,是
761771049,斯凯奇潮日常休闲夏季透气,斯凯奇潮,99,160,62,399,514,98,布面材质,EVA轻底,套脚款式,日常休闲,夏季透气,41,女,福建省,否,7,否
964401627,阿迪达斯简约百搭冬季保暖,阿迪达斯,250,424,59,410,335,97,合成革鞋,混合鞋底,松紧带鞋,简约百搭,冬季保暖,51,男,河北省,是,10,否
330954624,斯凯奇潮日常休闲秋季百搭,斯凯奇潮,162,188,86,1452,1113,93,混合材质,TPR鞋底,魔术贴鞋,日常休闲,秋季百搭,49,男,山东省,否,13,是
337195687,回力经典潮流高街冬季保暖,回力经典,223,398,56,643,1555,98,合成革鞋,EVA轻底,拉链鞋款,潮流高街,冬季保暖,38,男,四川省,否,7,是
669971603,京东京造工装硬朗秋季百搭,京东京造,115,174,66,950,318,86,真皮柔软,TPR鞋底,系带设计,工装硬朗,秋季百搭,62,男,河北省,否,7,否
230536356,李宁休闲复古潮鞋冬季保暖,李宁休闲,162,306,53,1086,343,87,高端飞织,橡胶大底,系带设计,复古潮鞋,冬季保暖,41,女,浙江省,否,15,否
626357127,耐克潮流运动休闲四季通用,耐克潮流,128,133,96,1428,863,95,飞织面料,TPR鞋底,松紧带鞋,运动休闲,四季通用,43,女,福建省,是,9,是
630410020,其他品牌潮流高街秋季百搭,其他品牌,240,289,83,5,784,90,真皮柔软,MD发泡底,系带设计,潮流高街,秋季百搭,47,女,浙江省,是,8,是
703016948,阿迪达斯潮流高街春季新款,阿迪达斯,356,531,67,428,2279,93,布面材质,EVA轻底,系带设计,潮流高街,春季新款,42,男,山东省,是,23,是
892111598,耐克潮流复古潮鞋冬季保暖,耐克潮流,191,360,53,39,13662,91,飞织面料,混合鞋底,魔术贴鞋,复古潮鞋,冬季保暖,18,男,福建省,否,10,否
631731202,李宁休闲日常休闲秋季百搭,李宁休闲,99,141,70,4899,1965,88,高端飞织,PU中底,魔术贴鞋,日常休闲,秋季百搭,25,女,河北省,否,8,是
826102251,阿迪达斯简约百搭四季通用,阿迪达斯,285,538,53,1468,1109,94,布面材质,橡胶大底,松紧带鞋,简约百搭,四季通用,40,女,江苏省,是,2,是
260213551,斯凯奇潮日常休闲春季新款,斯凯奇潮,203,271,75,582,929,95,混合材质,PU中底,松紧带鞋,日常休闲,春季新款,48,男,福建省,是,4,否
988876353,耐克潮流工装硬朗四季通用,耐克潮流,106,116,91,4714,1974,94,合成革鞋,MD发泡底,魔术贴鞋,工装硬朗,四季通用,47,女,江苏省,是,22,是
566824962,其他品牌日常休闲春季新款,其他品牌,99,125,79,3790,3206,91,合成革鞋,橡胶大底,松紧带鞋,日常休闲,春季新款,39,女,四川省,否,8,否
705034748,京东京造户外机能秋季百搭,京东京造,254,254,100,790,381,96,布面材质,PU中底,松紧带鞋,户外机能,秋季百搭,44,男,湖北省,否,11,否
267075890,回力经典日常休闲秋季百搭,回力经典,122,174,70,1490,1536,96,真皮柔软,EVA轻底,拉链鞋款,日常休闲,秋季百搭,37,男,湖北省,是,23,是
810879855,安踏运动潮流高街春季新款,安踏运动,106,108,98,1257,600,99,布面材质,混合鞋底,套脚款式,潮流高街,春季新款,53,男,湖北省,否,19,是
906506015,阿迪达斯简约百搭四季通用,阿迪达斯,101,184,55,4019,419,97,真皮柔软,TPR鞋底,松紧带鞋,简约百搭,四季通用,55,男,湖北省,否,20,是
831092462,耐克潮流简约百搭冬季保暖,耐克潮流,197,313,63,10,905,95,高端飞织,TPR鞋底,套脚款式,简约百搭,冬季保暖,45,女,福建省,否,1,是
907199200,京东京造潮流高街秋季百搭,京东京造,101,163,62,893,685,86,飞织面料,PU中底,松紧带鞋,潮流高街,秋季百搭,51,男,河北省,是,21,否
510012748,阿迪达斯工装硬朗冬季保暖,阿迪达斯,107,175,61,1147,255,95,真皮柔软,EVA轻底,系带设计,工装硬朗,冬季保暖,46,女,河北省,是,2,是
793282323,安踏运动日常休闲四季通用,安踏运动,144,155,93,33,1513,90,高端飞织,EVA轻底,魔术贴鞋,日常休闲,四季通用,60,男,四川省,否,21,是
138005807,京东京造日常休闲秋季百搭,京东京造,164,180,91,1144,2419,100,真皮柔软,混合鞋底,拉链鞋款,日常休闲,秋季百搭,48,女,山东省,否,8,否
495262400,特步男鞋潮流高街四季通用,特步男鞋,176,189,93,1329,5383,86,飞织面料,PU中底,松紧带鞋,潮流高街,四季通用,45,女,山东省,是,18,是
794612436,耐克潮流潮流高街春季新款,耐克潮流,255,293,87,399,4529,89,飞织面料,TPR鞋底,魔术贴鞋,潮流高街,春季新款,42,男,山东省,是,6,否
388915141,耐克潮流工装硬朗冬季保暖,耐克潮流,116,132,88,18,1935,95,真皮柔软,橡胶大底,松紧带鞋,工装硬朗,冬季保暖,40,女,河北省,是,22,是
757767155,斯凯奇潮运动休闲冬季保暖,斯凯奇潮,147,237,62,1382,965,95,真皮柔软,EVA轻底,套脚款式,运动休闲,冬季保暖,56,男,湖北省,是,22,否
964890481,鸿星尔克潮流高街四季通用,鸿星尔克,170,195,87,569,384,92,网布透气,MD发泡底,系带设计,潮流高街,四季通用,42,男,河北省,否,0,否
366581746,阿迪达斯潮流高街秋季百搭,阿迪达斯,99,111,89,778,420,96,飞织面料,EVA轻底,魔术贴鞋,潮流高街,秋季百搭,36,女,湖北省,否,23,否
641120241,阿迪达斯运动休闲四季通用,阿迪达斯,99,105,94,527,547,95,混合材质,TPR鞋底,拉链鞋款,运动休闲,四季通用,41,男,浙江省,是,21,是
743905794,安踏运动简约百搭冬季保暖,安踏运动,99,155,64,415,897,95,高端飞织,PU中底,系带设计,简约百搭,冬季保暖,47,男,安徽省,是,21,是
279133226,安踏运动日常休闲夏季透气,安踏运动,166,231,72,3,649,94,飞织面料,MD发泡底,魔术贴鞋,日常休闲,夏季透气,51,女,湖北省,是,1,否
925974529,其他品牌潮流高街秋季百搭,其他品牌,178,251,71,1143,7920,94,合成革鞋,MD发泡底,魔术贴鞋,潮流高街,秋季百搭,39,男,山东省,是,23,是
237636414,安踏运动简约百搭夏季透气,安踏运动,212,316,67,1074,12080,95,超纤皮鞋,橡胶大底,魔术贴鞋,简约百搭,夏季透气,46,男,江苏省,是,22,是
223618122,京东京造潮流高街四季通用,京东京造,124,203,61,18,1361,100,超纤皮鞋,PU中底,套脚款式,潮流高街,四季通用,50,男,四川省,是,5,否
992985534,特步男鞋日常休闲冬季保暖,特步男鞋,105,122,86,711,1673,97,高端飞织,MD发泡底,套脚款式,日常休闲,冬季保暖,38,男,安徽省,是,14,否
399972570,阿迪达斯复古潮鞋四季通用,阿迪达斯,99,187,53,1023,895,92,合成革鞋,橡胶大底,套脚款式,复古潮鞋,四季通用,42,女,浙江省,是,19,否
445380497,回力经典日常休闲冬季保暖,回力经典,99,109,91,30,50000,96,真皮柔软,PU中底,套脚款式,日常休闲,冬季保暖,53,男,山东省,是,20,是
964155823,斯凯奇潮户外机能春季新款,斯凯奇潮,99,103,96,930,83,94,布面材质,PU中底,松紧带鞋,户外机能,春季新款,40,女,山东省,是,21,是
402928448,京东京造工装硬朗夏季透气,京东京造,99,106,93,21,2667,90,高端飞织,混合鞋底,套脚款式,工装硬朗,夏季透气,39,男,山东省,是,17,是
407195220,安踏运动户外机能春季新款,安踏运动,433,760,57,297,772,91,网布透气,EVA轻底,松紧带鞋,户外机能,春季新款,42,女,广东省,是,18,否
664140509,鸿星尔克工装硬朗冬季保暖,鸿星尔克,125,179,70,1184,2453,94,布面材质,PU中底,套脚款式,工装硬朗,冬季保暖,59,女,四川省,否,23,是
835800806,其他品牌日常休闲夏季透气,其他品牌,99,111,89,22,1266,96,超纤皮鞋,PU中底,套脚款式,日常休闲,夏季透气,48,女,安徽省,否,21,否
756650533,斯凯奇潮复古潮鞋秋季百搭,斯凯奇潮,218,325,67,45,1127,90,合成革鞋,混合鞋底,套脚款式,复古潮鞋,秋季百搭,63,女,福建省,是,19,是
308369211,回力经典户外机能秋季百搭,回力经典,467,753,62,4998,230,95,超纤皮鞋,橡胶大底,系带设计,户外机能,秋季百搭,58,女,广东省,是,12,是
668500647,斯凯奇潮复古潮鞋夏季透气,斯凯奇潮,99,116,85,1387,1070,90,网布透气,混合鞋底,拉链鞋款,复古潮鞋,夏季透气,41,男,湖北省,否,22,是
507011045,回力经典潮流高街秋季百搭,回力经典,99,183,54,1432,408,100,真皮柔软,混合鞋底,拉链鞋款,潮流高街,秋季百搭,34,女,广东省,是,21,否
131757228,斯凯奇潮复古潮鞋冬季保暖,斯凯奇潮,157,212,74,142,1694,94,网布透气,EVA轻底,套脚款式,复古潮鞋,冬季保暖,52,男,江苏省,是,15,是
744073706,耐克潮流复古潮鞋冬季保暖,耐克潮流,155,218,71,63,1024,98,网布透气,PU中底,魔术贴鞋,复古潮鞋,冬季保暖,53,女,福建省,是,22,是
485234206,斯凯奇潮复古潮鞋秋季百搭,斯凯奇潮,160,178,90,377,3580,99,混合材质,TPR鞋底,魔术贴鞋,复古潮鞋,秋季百搭,51,男,安徽省,否,4,否
727799643,回力经典简约百搭四季通用,回力经典,200,206,97,3713,439,90,真皮柔软,橡胶大底,魔术贴鞋,简约百搭,四季通用,41,男,福建省,是,23,是
953722546,其他品牌简约百搭夏季透气,其他品牌,99,129,77,6,772,95,布面材质,TPR鞋底,魔术贴鞋,简约百搭,夏季透气,60,女,广东省,是,4,是
869451999,特步男鞋户外机能春季新款,特步男鞋,104,149,70,3157,1381,99,高端飞织,EVA轻底,系带设计,户外机能,春季新款,54,女,江苏省,否,10,是
557131145,特步男鞋简约百搭夏季透气,特步男鞋,99,157,63,125,160,99,合成革鞋,混合鞋底,系带设计,简约百搭,夏季透气,40,女,安徽省,否,3,否
464721278,回力经典运动休闲四季通用,回力经典,262,369,71,160,2381,92,高端飞织,EVA轻底,松紧带鞋,运动休闲,四季通用,49,女,四川省,否,21,否
398040682,京东京造复古潮鞋秋季百搭,京东京造,145,193,75,36,220,90,高端飞织,TPR鞋底,魔术贴鞋,复古潮鞋,秋季百搭,39,男,河北省,否,17,否
532253484,特步男鞋运动休闲冬季保暖,特步男鞋,99,138,72,812,7724,98,飞织面料,橡胶大底,拉链鞋款,运动休闲,冬季保暖,46,男,安徽省,是,0,否
986703184,耐克潮流复古潮鞋春季新款,耐克潮流,99,122,81,2550,1276,92,布面材质,MD发泡底,松紧带鞋,复古潮鞋,春季新款,51,女,山东省,否,5,是
683805395,李宁休闲简约百搭夏季透气,李宁休闲,492,848,58,0,1578,96,超纤皮鞋,橡胶大底,松紧带鞋,简约百搭,夏季透气,58,男,河北省,否,23,是
793662077,鸿星尔克简约百搭夏季透气,鸿星尔克,215,326,66,793,131,97,真皮柔软,混合鞋底,系带设计,简约百搭,夏季透气,43,男,河北省,否,4,否
393005251,其他品牌简约百搭冬季保暖,其他品牌,269,508,53,8,1875,93,真皮柔软,TPR鞋底,松紧带鞋,简约百搭,冬季保暖,42,女,河南省,是,4,否
117842397,斯凯奇潮日常休闲春季新款,斯凯奇潮,99,139,71,9,3332,90,高端飞织,橡胶大底,松紧带鞋,日常休闲,春季新款,49,男,浙江省,否,8,否
648307581,回力经典运动休闲冬季保暖,回力经典,99,129,77,174,8312,95,布面材质,MD发泡底,系带设计,运动休闲,冬季保暖,40,女,四川省,是,23,否
322065576,安踏运动复古潮鞋春季新款,安踏运动,99,162,61,26,1519,95,混合材质,橡胶大底,松紧带鞋,复古潮鞋,春季新款,33,男,河南省,否,20,是
209834173,鸿星尔克简约百搭四季通用,鸿星尔克,210,350,60,438,2238,94,网布透气,混合鞋底,系带设计,简约百搭,四季通用,41,女,四川省,是,21,是
123148785,阿迪达斯简约百搭春季新款,阿迪达斯,99,99,100,29,66,91,飞织面料,混合鞋底,系带设计,简约百搭,春季新款,57,女,江苏省,否,21,是
541182606,其他品牌工装硬朗秋季百搭,其他品牌,245,345,71,39,1526,95,超纤皮鞋,PU中底,系带设计,工装硬朗,秋季百搭,55,女,河北省,否,22,否
851353757,京东京造户外机能冬季保暖,京东京造,183,215,85,3806,131,93,网布透气,EVA轻底,拉链鞋款,户外机能,冬季保暖,60,男,河北省,是,20,是
368769981,回力经典简约百搭冬季保暖,回力经典,99,103,96,43,336,94,高端飞织,PU中底,松紧带鞋,简约百搭,冬季保暖,59,女,四川省,是,21,否
859344378,回力经典简约百搭春季新款,回力经典,99,118,84,1187,1775,94,布面材质,TPR鞋底,松紧带鞋,简约百搭,春季新款,62,男,四川省,是,11,是
597575746,耐克潮流户外机能春季新款,耐克潮流,99,132,75,1,925,96,超纤皮鞋,PU中底,拉链鞋款,户外机能,春季新款,60,男,四川省,是,9,是
921674333,京东京造户外机能春季新款,京东京造,99,139,71,1081,2041,98,飞织面料,EVA轻底,魔术贴鞋,户外机能,春季新款,43,男,湖北省,是,15,否
793327404,其他品牌复古潮鞋四季通用,其他品牌,155,267,58,21,378,93,真皮柔软,EVA轻底,拉链鞋款,复古潮鞋,四季通用,46,女,河北省,是,20,否
639303742,阿迪达斯复古潮鞋四季通用,阿迪达斯,99,165,60,27,1808,92,网布透气,混合鞋底,系带设计,复古潮鞋,四季通用,57,女,河南省,是,21,否
159046153,其他品牌运动休闲四季通用,其他品牌,111,152,73,688,855,95,混合材质,TPR鞋底,系带设计,运动休闲,四季通用,51,男,福建省,否,12,否
223542829,安踏运动潮流高街四季通用,安踏运动,254,358,71,616,698,86,混合材质,橡胶大底,套脚款式,潮流高街,四季通用,33,女,广东省,是,8,是
256348502,鸿星尔克户外机能冬季保暖,鸿星尔克,327,564,58,4177,1211,99,合成革鞋,PU中底,拉链鞋款,户外机能,冬季保暖,48,男,江苏省,否,21,是
464823470,阿迪达斯日常休闲冬季保暖,阿迪达斯,99,148,67,1412,545,91,网布透气,EVA轻底,魔术贴鞋,日常休闲,冬季保暖,38,男,河南省,否,2,否
548690603,回力经典简约百搭夏季透气,回力经典,99,194,51,312,5092,91,真皮柔软,EVA轻底,套脚款式,简约百搭,夏季透气,33,女,河南省,是,9,是
306337954,京东京造复古潮鞋四季通用,京东京造,99,105,94,1402,4133,91,混合材质,MD发泡底,拉链鞋款,复古潮鞋,四季通用,47,男,浙江省,是,6,否
548208915,安踏运动运动休闲冬季保暖,安踏运动,132,147,90,4422,1123,98,超纤皮鞋,橡胶大底,套脚款式,运动休闲,冬季保暖,54,女,浙江省,否,12,否
918262163,鸿星尔克复古潮鞋春季新款,鸿星尔克,99,187,53,100,164,95,合成革鞋,TPR鞋底,魔术贴鞋,复古潮鞋,春季新款,47,女,江苏省,否,17,是
308402466,鸿星尔克日常休闲春季新款,鸿星尔克,99,150,66,1193,24563,91,真皮柔软,混合鞋底,魔术贴鞋,日常休闲,春季新款,34,男,福建省,是,10,否
827464372,特步男鞋工装硬朗春季新款,特步男鞋,165,239,69,3040,3255,96,真皮柔软,混合鞋底,拉链鞋款,工装硬朗,春季新款,46,女,湖北省,否,6,是
444192256,回力经典简约百搭秋季百搭,回力经典,295,546,54,3487,563,93,混合材质,EVA轻底,套脚款式,简约百搭,秋季百搭,58,女,湖北省,是,10,否
908893339,特步男鞋简约百搭秋季百搭,特步男鞋,233,416,56,636,371,97,网布透气,TPR鞋底,拉链鞋款,简约百搭,秋季百搭,23,女,江苏省,是,22,否
129690415,回力经典运动休闲四季通用,回力经典,167,249,67,29,4832,93,网布透气,混合鞋底,魔术贴鞋,运动休闲,四季通用,53,男,江苏省,是,10,否
343580257,安踏运动日常休闲四季通用,安踏运动,131,147,89,1133,1389,90,混合材质,混合鞋底,套脚款式,日常休闲,四季通用,54,女,河南省,否,21,是
829151597,特步男鞋复古潮鞋四季通用,特步男鞋,218,220,99,1444,2229,93,混合材质,TPR鞋底,魔术贴鞋,复古潮鞋,四季通用,49,男,安徽省,是,5,否
914319536,其他品牌简约百搭夏季透气,其他品牌,99,143,69,0,2388,96,高端飞织,MD发泡底,松紧带鞋,简约百搭,夏季透气,49,女,河南省,否,17,否
468727624,安踏运动运动休闲夏季透气,安踏运动,120,154,78,38,6371,100,布面材质,混合鞋底,套脚款式,运动休闲,夏季透气,50,女,山东省,否,14,是
606334898,其他品牌简约百搭四季通用,其他品牌,115,180,64,558,7713,93,布面材质,EVA轻底,拉链鞋款,简约百搭,四季通用,36,女,湖北省,是,10,否
218287120,京东京造日常休闲四季通用,京东京造,99,105,94,15,753,88,合成革鞋,混合鞋底,魔术贴鞋,日常休闲,四季通用,47,男,河南省,否,11,是
326166448,回力经典复古潮鞋秋季百搭,回力经典,99,162,61,1153,415,92,超纤皮鞋,MD发泡底,松紧带鞋,复古潮鞋,秋季百搭,42,女,湖北省,否,12,是
336291196,特步男鞋复古潮鞋四季通用,特步男鞋,146,178,82,738,116,96,布面材质,混合鞋底,拉链鞋款,复古潮鞋,四季通用,49,男,安徽省,是,21,否
203448181,其他品牌潮流高街夏季透气,其他品牌,218,335,65,29,73,92,飞织面料,EVA轻底,拉链鞋款,潮流高街,夏季透气,47,男,四川省,是,22,是
710894888,耐克潮流运动休闲夏季透气,耐克潮流,216,372,58,3456,3431,96,布面材质,混合鞋底,系带设计,运动休闲,夏季透气,55,男,湖北省,否,15,否
800099078,安踏运动运动休闲春季新款,安踏运动,154,157,98,6,1000,93,飞织面料,PU中底,套脚款式,运动休闲,春季新款,51,女,山东省,否,23,是
291113934,阿迪达斯工装硬朗冬季保暖,阿迪达斯,99,105,94,162,167,93,高端飞织,EVA轻底,套脚款式,工装硬朗,冬季保暖,57,女,山东省,是,4,是
946716027,回力经典户外机能春季新款,回力经典,242,410,59,1095,855,89,超纤皮鞋,橡胶大底,松紧带鞋,户外机能,春季新款,33,女,浙江省,否,21,否
449491615,斯凯奇潮运动休闲夏季透气,斯凯奇潮,252,271,93,254,281,92,合成革鞋,EVA轻底,套脚款式,运动休闲,夏季透气,45,男,四川省,否,22,是
954126224,安踏运动日常休闲四季通用,安踏运动,251,369,68,790,845,95,网布透气,TPR鞋底,套脚款式,日常休闲,四季通用,45,男,湖北省,否,11,是
870479906,鸿星尔克日常休闲春季新款,鸿星尔克,339,605,56,1276,9125,97,真皮柔软,MD发泡底,套脚款式,日常休闲,春季新款,47,男,福建省,是,21,否
905887660,李宁休闲简约百搭四季通用,李宁休闲,180,209,86,1429,5819,93,高端飞织,PU中底,套脚款式,简约百搭,四季通用,31,男,江苏省,否,10,否
819107788,安踏运动运动休闲秋季百搭,安踏运动,99,152,65,45,812,95,布面材质,橡胶大底,魔术贴鞋,运动休闲,秋季百搭,56,女,浙江省,是,12,否
781789186,阿迪达斯工装硬朗春季新款,阿迪达斯,213,426,50,797,1214,97,布面材质,橡胶大底,松紧带鞋,工装硬朗,春季新款,43,女,福建省,否,5,否
251060122,京东京造复古潮鞋夏季透气,京东京造,208,263,79,4744,2423,92,飞织面料,EVA轻底,系带设计,复古潮鞋,夏季透气,48,男,福建省,是,20,是
638540945,斯凯奇潮复古潮鞋夏季透气,斯凯奇潮,99,165,60,694,1645,93,网布透气,混合鞋底,魔术贴鞋,复古潮鞋,夏季透气,45,男,安徽省,是,8,是
946508841,特步男鞋工装硬朗四季通用,特步男鞋,218,222,98,2194,129,92,网布透气,橡胶大底,系带设计,工装硬朗,四季通用,56,男,江苏省,否,6,是
755321033,斯凯奇潮户外机能春季新款,斯凯奇潮,99,101,98,1465,3153,98,真皮柔软,混合鞋底,系带设计,户外机能,春季新款,35,男,四川省,否,23,是
429734542,安踏运动运动休闲夏季透气,安踏运动,214,246,87,33,1321,98,飞织面料,TPR鞋底,系带设计,运动休闲,夏季透气,53,男,浙江省,否,20,否
212170529,斯凯奇潮简约百搭夏季透气,斯凯奇潮,99,190,52,424,5028,98,真皮柔软,EVA轻底,拉链鞋款,简约百搭,夏季透气,50,男,广东省,否,22,否
230159426,斯凯奇潮简约百搭四季通用,斯凯奇潮,152,179,85,370,3553,100,合成革鞋,橡胶大底,松紧带鞋,简约百搭,四季通用,44,男,山东省,否,20,否
133917797,其他品牌潮流高街冬季保暖,其他品牌,113,202,56,843,5893,91,高端飞织,PU中底,拉链鞋款,潮流高街,冬季保暖,50,男,福建省,否,12,是
477099104,阿迪达斯运动休闲秋季百搭,阿迪达斯,111,139,80,2040,271,86,网布透气,混合鞋底,套脚款式,运动休闲,秋季百搭,38,女,四川省,否,3,否
687961531,其他品牌户外机能四季通用,其他品牌,264,367,72,760,1044,96,飞织面料,MD发泡底,拉链鞋款,户外机能,四季通用,49,男,河南省,否,4,是
266958901,其他品牌户外机能春季新款,其他品牌,192,221,87,587,1734,94,飞织面料,TPR鞋底,魔术贴鞋,户外机能,春季新款,44,男,安徽省,否,3,是
862132357,安踏运动工装硬朗夏季透气,安踏运动,99,109,91,1305,3548,91,合成革鞋,TPR鞋底,套脚款式,工装硬朗,夏季透气,45,男,山东省,否,20,是
916971546,京东京造简约百搭夏季透气,京东京造,99,146,68,3324,1700,99,合成革鞋,MD发泡底,拉链鞋款,简约百搭,夏季透气,46,女,河北省,是,16,是
464605577,耐克潮流潮流高街四季通用,耐克潮流,183,316,58,31,3812,92,超纤皮鞋,PU中底,系带设计,潮流高街,四季通用,19,男,江苏省,是,20,是
859210724,李宁休闲潮流高街秋季百搭,李宁休闲,99,165,60,643,2128,96,超纤皮鞋,橡胶大底,松紧带鞋,潮流高街,秋季百搭,60,男,广东省,否,18,是
442778478,特步男鞋潮流高街冬季保暖,特步男鞋,134,239,56,49,217,95,超纤皮鞋,MD发泡底,魔术贴鞋,潮流高街,冬季保暖,30,男,江苏省,否,13,是
489080077,安踏运动户外机能夏季透气,安踏运动,215,422,51,1223,390,97,网布透气,橡胶大底,松紧带鞋,户外机能,夏季透气,51,男,河南省,否,16,是
815007477,鸿星尔克潮流高街四季通用,鸿星尔克,99,110,90,670,677,96,高端飞织,MD发泡底,系带设计,潮流高街,四季通用,42,男,四川省,是,8,否
388828910,李宁休闲运动休闲春季新款,李宁休闲,242,275,88,600,42,93,合成革鞋,EVA轻底,套脚款式,运动休闲,春季新款,54,女,安徽省,否,8,是
144624689,耐克潮流日常休闲四季通用,耐克潮流,134,184,73,657,472,97,高端飞织,EVA轻底,魔术贴鞋,日常休闲,四季通用,44,女,四川省,是,11,是
287536321,鸿星尔克简约百搭四季通用,鸿星尔克,218,427,51,1176,449,88,混合材质,TPR鞋底,套脚款式,简约百搭,四季通用,41,男,广东省,是,22,否
403839666,李宁休闲日常休闲夏季透气,李宁休闲,251,380,66,429,2776,92,合成革鞋,橡胶大底,套脚款式,日常休闲,夏季透气,48,女,四川省,是,19,否
654127425,回力经典工装硬朗春季新款,回力经典,141,142,99,4382,1184,93,布面材质,橡胶大底,松紧带鞋,工装硬朗,春季新款,56,女,安徽省,否,20,是
497591379,耐克潮流工装硬朗冬季保暖,耐克潮流,116,187,62,92,1825,93,真皮柔软,橡胶大底,松紧带鞋,工装硬朗,冬季保暖,48,女,河南省,是,7,是
548166784,斯凯奇潮日常休闲四季通用,斯凯奇潮,219,249,88,572,7920,90,真皮柔软,橡胶大底,魔术贴鞋,日常休闲,四季通用,54,男,山东省,否,12,是
720260466,李宁休闲工装硬朗春季新款,李宁休闲,167,257,65,3641,2510,97,高端飞织,EVA轻底,系带设计,工装硬朗,春季新款,51,男,江苏省,是,8,否
625585513,李宁休闲简约百搭夏季透气,李宁休闲,115,160,72,1146,689,95,混合材质,橡胶大底,系带设计,简约百搭,夏季透气,54,女,山东省,否,21,否
393557685,特步男鞋工装硬朗秋季百搭,特步男鞋,99,129,77,28,945,98,混合材质,混合鞋底,松紧带鞋,工装硬朗,秋季百搭,55,男,山东省,否,7,是
245793557,安踏运动日常休闲冬季保暖,安踏运动,113,205,55,304,2056,100,布面材质,橡胶大底,套脚款式,日常休闲,冬季保暖,46,男,山东省,否,23,否
727172338,李宁休闲户外机能夏季透气,李宁休闲,144,144,100,477,9434,94,飞织面料,PU中底,拉链鞋款,户外机能,夏季透气,62,女,河北省,否,2,是
409898380,其他品牌潮流高街冬季保暖,其他品牌,298,363,82,49,924,91,超纤皮鞋,PU中底,套脚款式,潮流高街,冬季保暖,32,女,河南省,是,20,否
814676443,斯凯奇潮复古潮鞋四季通用,斯凯奇潮,180,265,68,526,391,90,混合材质,EVA轻底,魔术贴鞋,复古潮鞋,四季通用,59,女,湖北省,是,22,是
151980866,阿迪达斯简约百搭夏季透气,阿迪达斯,407,543,75,1497,4236,95,布面材质,MD发泡底,套脚款式,简约百搭,夏季透气,51,男,河南省,是,18,否
837838174,鸿星尔克复古潮鞋夏季透气,鸿星尔克,300,380,79,21,673,91,飞织面料,TPR鞋底,拉链鞋款,复古潮鞋,夏季透气,44,男,山东省,否,20,否
367161391,阿迪达斯潮流高街冬季保暖,阿迪达斯,138,246,56,1157,1909,95,高端飞织,橡胶大底,套脚款式,潮流高街,冬季保暖,34,女,湖北省,是,5,否
298901870,耐克潮流运动休闲冬季保暖,耐克潮流,99,125,79,1284,279,90,真皮柔软,混合鞋底,系带设计,运动休闲,冬季保暖,34,男,广东省,否,9,是
265280865,耐克潮流简约百搭春季新款,耐克潮流,316,445,71,3,2483,94,飞织面料,PU中底,松紧带鞋,简约百搭,春季新款,55,女,河北省,否,6,否
361183317,李宁休闲复古潮鞋春季新款,李宁休闲,99,146,68,665,5478,94,超纤皮鞋,橡胶大底,松紧带鞋,复古潮鞋,春季新款,60,女,河北省,是,0,否
328202767,耐克潮流工装硬朗夏季透气,耐克潮流,99,125,79,46,50000,91,真皮柔软,橡胶大底,松紧带鞋,工装硬朗,夏季透气,42,女,河北省,是,15,是
247412309,鸿星尔克日常休闲春季新款,鸿星尔克,562,568,99,408,2325,89,超纤皮鞋,混合鞋底,拉链鞋款,日常休闲,春季新款,55,女,广东省,否,4,否
206288445,斯凯奇潮户外机能秋季百搭,斯凯奇潮,570,576,99,1135,3123,94,布面材质,橡胶大底,套脚款式,户外机能,秋季百搭,59,女,河南省,否,22,否
163130306,耐克潮流日常休闲秋季百搭,耐克潮流,169,282,60,399,200,97,布面材质,橡胶大底,套脚款式,日常休闲,秋季百搭,58,男,江苏省,否,20,否
753109773,鸿星尔克工装硬朗冬季保暖,鸿星尔克,111,161,69,179,2281,95,真皮柔软,混合鞋底,套脚款式,工装硬朗,冬季保暖,56,女,浙江省,否,19,是
116724801,耐克潮流运动休闲春季新款,耐克潮流,143,170,84,477,399,89,网布透气,混合鞋底,松紧带鞋,运动休闲,春季新款,40,女,四川省,否,23,否
250739433,其他品牌户外机能春季新款,其他品牌,236,387,61,1308,239,94,合成革鞋,PU中底,套脚款式,户外机能,春季新款,40,女,浙江省,是,9,否
331288269,回力经典复古潮鞋四季通用,回力经典,228,248,92,36,13586,91,网布透气,混合鞋底,套脚款式,复古潮鞋,四季通用,42,男,湖北省,否,13,是
774726234,阿迪达斯工装硬朗春季新款,阿迪达斯,99,105,94,4587,3318,99,合成革鞋,混合鞋底,套脚款式,工装硬朗,春季新款,49,男,山东省,是,0,是
275534378,京东京造潮流高街冬季保暖,京东京造,275,417,66,45,1839,94,飞织面料,PU中底,松紧带鞋,潮流高街,冬季保暖,56,男,安徽省,否,19,是
930390502,特步男鞋运动休闲春季新款,特步男鞋,108,157,69,470,979,91,超纤皮鞋,混合鞋底,魔术贴鞋,运动休闲,春季新款,54,女,湖北省,否,13,是
473893724,阿迪达斯户外机能夏季透气,阿迪达斯,113,177,64,666,3133,99,网布透气,EVA轻底,系带设计,户外机能,夏季透气,50,女,江苏省,是,21,是
569217455,特步男鞋潮流高街夏季透气,特步男鞋,99,136,73,30,4749,90,网布透气,TPR鞋底,松紧带鞋,潮流高街,夏季透气,55,女,江苏省,否,2,否
777652895,京东京造户外机能秋季百搭,京东京造,148,170,87,282,649,93,合成革鞋,TPR鞋底,松紧带鞋,户外机能,秋季百搭,52,女,安徽省,否,23,否
639649903,安踏运动工装硬朗四季通用,安踏运动,181,283,64,1379,669,92,混合材质,TPR鞋底,魔术贴鞋,工装硬朗,四季通用,54,男,江苏省,否,21,否
514149524,回力经典工装硬朗秋季百搭,回力经典,158,287,55,937,1712,92,布面材质,TPR鞋底,套脚款式,工装硬朗,秋季百搭,55,男,河南省,是,20,否
879442797,安踏运动简约百搭四季通用,安踏运动,211,414,51,647,1214,92,合成革鞋,TPR鞋底,魔术贴鞋,简约百搭,四季通用,44,女,福建省,是,9,否
925712025,安踏运动潮流高街秋季百搭,安踏运动,99,105,94,433,308,92,合成革鞋,TPR鞋底,系带设计,潮流高街,秋季百搭,52,男,山东省,是,7,否
166218529,其他品牌复古潮鞋春季新款,其他品牌,99,129,77,1420,2555,97,合成革鞋,PU中底,魔术贴鞋,复古潮鞋,春季新款,56,女,浙江省,是,16,是
669912539,斯凯奇潮潮流高街冬季保暖,斯凯奇潮,149,219,68,46,7747,96,高端飞织,EVA轻底,套脚款式,潮流高街,冬季保暖,43,男,浙江省,是,23,否
527435521,安踏运动简约百搭春季新款,安踏运动,333,406,82,555,5305,90,高端飞织,橡胶大底,套脚款式,简约百搭,春季新款,35,男,河南省,是,9,否
467349041,斯凯奇潮复古潮鞋四季通用,斯凯奇潮,145,156,93,14,1073,93,混合材质,MD发泡底,拉链鞋款,复古潮鞋,四季通用,63,女,福建省,否,21,是
473382876,斯凯奇潮简约百搭冬季保暖,斯凯奇潮,99,138,72,419,3220,100,混合材质,MD发泡底,拉链鞋款,简约百搭,冬季保暖,44,女,四川省,否,8,否
374674030,李宁休闲工装硬朗夏季透气,李宁休闲,114,124,92,43,2556,94,合成革鞋,MD发泡底,松紧带鞋,工装硬朗,夏季透气,63,男,河北省,是,22,是
236527554,耐克潮流工装硬朗夏季透气,耐克潮流,99,132,75,1145,2563,96,超纤皮鞋,混合鞋底,套脚款式,工装硬朗,夏季透气,52,女,湖北省,否,21,是
379817614,斯凯奇潮潮流高街秋季百搭,斯凯奇潮,111,195,57,981,1627,91,超纤皮鞋,混合鞋底,拉链鞋款,潮流高街,秋季百搭,47,女,福建省,是,16,否
523740662,斯凯奇潮日常休闲春季新款,斯凯奇潮,99,162,61,821,2245,94,布面材质,TPR鞋底,拉链鞋款,日常休闲,春季新款,38,男,河北省,否,5,否
567428608,特步男鞋户外机能夏季透气,特步男鞋,99,177,56,411,7655,96,混合材质,橡胶大底,拉链鞋款,户外机能,夏季透气,41,男,河南省,是,22,否
360106516,鸿星尔克简约百搭冬季保暖,鸿星尔克,109,149,73,1458,158,97,混合材质,混合鞋底,魔术贴鞋,简约百搭,冬季保暖,60,男,湖北省,否,7,否
259800326,其他品牌日常休闲冬季保暖,其他品牌,101,149,68,20,11606,86,混合材质,PU中底,魔术贴鞋,日常休闲,冬季保暖,47,男,广东省,是,23,是
776000041,其他品牌日常休闲夏季透气,其他品牌,99,105,94,4008,6973,94,混合材质,混合鞋底,松紧带鞋,日常休闲,夏季透气,59,女,四川省,是,0,是
798040807,特步男鞋复古潮鞋夏季透气,特步男鞋,161,181,89,1088,9400,96,合成革鞋,MD发泡底,系带设计,复古潮鞋,夏季透气,44,女,安徽省,否,14,否
897850975,特步男鞋日常休闲冬季保暖,特步男鞋,99,141,70,16,13658,91,合成革鞋,EVA轻底,松紧带鞋,日常休闲,冬季保暖,44,男,河南省,否,16,否
632828775,阿迪达斯户外机能夏季透气,阿迪达斯,99,152,65,1082,530,95,网布透气,TPR鞋底,系带设计,户外机能,夏季透气,45,男,四川省,是,20,否
514573288,阿迪达斯日常休闲春季新款,阿迪达斯,99,150,66,964,585,90,布面材质,TPR鞋底,拉链鞋款,日常休闲,春季新款,44,女,河北省,否,14,否
815273583,安踏运动简约百搭秋季百搭,安踏运动,327,330,99,743,721,90,高端飞织,PU中底,系带设计,简约百搭,秋季百搭,51,男,浙江省,是,13,否
955319398,其他品牌复古潮鞋秋季百搭,其他品牌,131,142,92,9,254,95,超纤皮鞋,EVA轻底,魔术贴鞋,复古潮鞋,秋季百搭,60,女,四川省,否,15,是
717368159,安踏运动简约百搭冬季保暖,安踏运动,101,146,69,233,424,96,合成革鞋,PU中底,套脚款式,简约百搭,冬季保暖,46,女,安徽省,否,0,是
671220552,鸿星尔克复古潮鞋春季新款,鸿星尔克,248,253,98,759,1475,94,超纤皮鞋,EVA轻底,拉链鞋款,复古潮鞋,春季新款,49,女,福建省,是,23,否
847683548,阿迪达斯潮流高街秋季百搭,阿迪达斯,178,205,87,132,1039,92,混合材质,橡胶大底,系带设计,潮流高街,秋季百搭,52,女,河北省,否,22,否
437841385,安踏运动运动休闲夏季透气,安踏运动,255,290,88,484,8694,99,真皮柔软,TPR鞋底,系带设计,运动休闲,夏季透气,62,男,福建省,否,5,是
297974237,鸿星尔克潮流高街冬季保暖,鸿星尔克,403,523,77,20,5025,90,高端飞织,TPR鞋底,套脚款式,潮流高街,冬季保暖,51,女,四川省,是,16,否
473254346,特步男鞋运动休闲春季新款,特步男鞋,220,239,92,1160,208,94,超纤皮鞋,PU中底,拉链鞋款,运动休闲,春季新款,54,男,湖北省,否,22,否
886287855,李宁休闲工装硬朗秋季百搭,李宁休闲,99,180,55,201,1088,97,混合材质,混合鞋底,魔术贴鞋,工装硬朗,秋季百搭,47,女,安徽省,是,4,是
693985629,特步男鞋复古潮鞋夏季透气,特步男鞋,383,709,54,901,865,99,网布透气,MD发泡底,套脚款式,复古潮鞋,夏季透气,48,女,河北省,否,15,否
152166635,斯凯奇潮工装硬朗春季新款,斯凯奇潮,99,187,53,2053,850,100,超纤皮鞋,EVA轻底,魔术贴鞋,工装硬朗,春季新款,49,女,河北省,是,22,是
820368226,安踏运动潮流高街秋季百搭,安踏运动,99,162,61,18,1635,90,真皮柔软,EVA轻底,套脚款式,潮流高街,秋季百搭,57,男,四川省,否,20,否
906835160,耐克潮流工装硬朗四季通用,耐克潮流,99,139,71,1361,807,95,超纤皮鞋,橡胶大底,系带设计,工装硬朗,四季通用,53,女,广东省,否,5,是
763564171,李宁休闲潮流高街冬季保暖,李宁休闲,164,298,55,313,649,92,合成革鞋,橡胶大底,套脚款式,潮流高街,冬季保暖,58,男,河北省,否,11,否
683257218,特步男鞋户外机能秋季百搭,特步男鞋,99,180,55,3165,616,94,高端飞织,TPR鞋底,拉链鞋款,户外机能,秋季百搭,48,女,湖北省,否,14,否
116658489,斯凯奇潮运动休闲冬季保暖,斯凯奇潮,227,405,56,3,145,95,超纤皮鞋,MD发泡底,魔术贴鞋,运动休闲,冬季保暖,46,女,安徽省,是,21,是
690984146,其他品牌日常休闲夏季透气,其他品牌,291,291,100,4,657,98,飞织面料,EVA轻底,魔术贴鞋,日常休闲,夏季透气,43,男,安徽省,否,1,是
653835376,其他品牌户外机能四季通用,其他品牌,99,132,75,1293,1449,100,超纤皮鞋,PU中底,松紧带鞋,户外机能,四季通用,53,男,安徽省,是,3,是
251808453,京东京造简约百搭夏季透气,京东京造,228,351,65,4375,3673,90,高端飞织,EVA轻底,魔术贴鞋,简约百搭,夏季透气,45,女,山东省,是,21,是
288081737,李宁休闲户外机能冬季保暖,李宁休闲,99,127,78,37,4316,98,高端飞织,橡胶大底,系带设计,户外机能,冬季保暖,51,男,安徽省,是,19,是
934453008,其他品牌日常休闲春季新款,其他品牌,224,386,58,554,849,93,混合材质,EVA轻底,套脚款式,日常休闲,春季新款,53,男,山东省,否,22,否
118298321,其他品牌工装硬朗四季通用,其他品牌,99,116,85,762,1649,85,飞织面料,MD发泡底,系带设计,工装硬朗,四季通用,46,男,安徽省,否,11,否
360176141,阿迪达斯潮流高街四季通用,阿迪达斯,384,404,95,4063,3821,90,网布透气,EVA轻底,套脚款式,潮流高街,四季通用,53,女,河北省,是,21,否
640991415,耐克潮流简约百搭夏季透气,耐克潮流,139,140,99,9,3218,96,超纤皮鞋,橡胶大底,松紧带鞋,简约百搭,夏季透气,51,女,河北省,是,15,是
805472935,斯凯奇潮户外机能春季新款,斯凯奇潮,99,101,98,1226,1469,94,布面材质,橡胶大底,系带设计,户外机能,春季新款,40,男,四川省,否,23,否
552720985,其他品牌潮流高街冬季保暖,其他品牌,99,157,63,1285,1062,93,超纤皮鞋,橡胶大底,系带设计,潮流高街,冬季保暖,54,女,浙江省,否,0,是
520172863,安踏运动日常休闲秋季百搭,安踏运动,216,300,72,1156,752,90,高端飞织,TPR鞋底,松紧带鞋,日常休闲,秋季百搭,57,女,江苏省,是,16,否
356456908,耐克潮流工装硬朗冬季保暖,耐克潮流,256,256,100,32,931,95,飞织面料,MD发泡底,魔术贴鞋,工装硬朗,冬季保暖,50,男,广东省,否,23,是
827762543,回力经典潮流高街冬季保暖,回力经典,127,190,67,175,2460,91,混合材质,MD发泡底,系带设计,潮流高街,冬季保暖,62,男,河北省,否,6,否
954164007,李宁休闲日常休闲春季新款,李宁休闲,312,351,89,715,1913,96,布面材质,橡胶大底,套脚款式,日常休闲,春季新款,53,女,湖北省,否,16,是
504240300,李宁休闲潮流高街秋季百搭,李宁休闲,99,101,98,12,890,86,网布透气,TPR鞋底,系带设计,潮流高街,秋季百搭,55,男,福建省,是,10,否
511832907,京东京造户外机能冬季保暖,京东京造,109,168,65,2643,1807,99,高端飞织,混合鞋底,系带设计,户外机能,冬季保暖,46,男,河北省,否,22,否
989102552,其他品牌运动休闲春季新款,其他品牌,99,171,58,3241,773,88,布面材质,混合鞋底,魔术贴鞋,运动休闲,春季新款,31,女,山东省,否,21,是
572905957,李宁休闲简约百搭春季新款,李宁休闲,116,197,59,31,1269,96,布面材质,EVA轻底,松紧带鞋,简约百搭,春季新款,44,女,广东省,是,21,否
379863827,阿迪达斯潮流高街四季通用,阿迪达斯,199,243,82,734,208,85,布面材质,PU中底,系带设计,潮流高街,四季通用,49,男,河南省,是,4,否
686126900,李宁休闲户外机能冬季保暖,李宁休闲,99,122,81,845,1645,92,混合材质,橡胶大底,套脚款式,户外机能,冬季保暖,57,女,湖北省,否,11,是
426583266,阿迪达斯潮流高街冬季保暖,阿迪达斯,242,314,77,143,129,90,飞织面料,PU中底,魔术贴鞋,潮流高街,冬季保暖,62,男,山东省,否,21,是
528795747,耐克潮流复古潮鞋春季新款,耐克潮流,99,160,62,47,25685,91,混合材质,PU中底,拉链鞋款,复古潮鞋,春季新款,36,男,福建省,是,21,是
813158799,其他品牌复古潮鞋夏季透气,其他品牌,170,315,54,361,3243,95,布面材质,MD发泡底,拉链鞋款,复古潮鞋,夏季透气,50,女,河南省,是,18,是
658630799,特步男鞋运动休闲四季通用,特步男鞋,193,257,75,644,5798,91,网布透气,PU中底,松紧带鞋,运动休闲,四季通用,43,男,山东省,是,8,是
123104749,京东京造日常休闲冬季保暖,京东京造,111,125,89,1285,2520,92,高端飞织,PU中底,魔术贴鞋,日常休闲,冬季保暖,51,男,广东省,否,3,否
133757737,耐克潮流复古潮鞋四季通用,耐克潮流,130,146,89,1369,796,93,网布透气,混合鞋底,套脚款式,复古潮鞋,四季通用,48,女,广东省,否,15,否
651982484,回力经典工装硬朗四季通用,回力经典,374,468,80,1155,4071,92,高端飞织,MD发泡底,套脚款式,工装硬朗,四季通用,52,女,安徽省,否,20,是
148499880,回力经典户外机能冬季保暖,回力经典,99,152,65,15,2770,96,布面材质,TPR鞋底,系带设计,户外机能,冬季保暖,47,女,江苏省,是,23,否
738662004,鸿星尔克简约百搭四季通用,鸿星尔克,137,232,59,4689,1117,95,合成革鞋,PU中底,套脚款式,简约百搭,四季通用,58,女,湖北省,是,22,否
585780130,耐克潮流复古潮鞋四季通用,耐克潮流,159,162,98,2455,393,97,真皮柔软,混合鞋底,松紧带鞋,复古潮鞋,四季通用,40,女,山东省,否,22,否
963679398,斯凯奇潮运动休闲四季通用,斯凯奇潮,184,209,88,1389,1352,95,超纤皮鞋,MD发泡底,系带设计,运动休闲,四季通用,65,男,江苏省,是,22,是
389479858,回力经典简约百搭夏季透气,回力经典,279,324,86,4827,3267,93,超纤皮鞋,PU中底,系带设计,简约百搭,夏季透气,63,男,安徽省,否,23,是
170868584,回力经典复古潮鞋冬季保暖,回力经典,99,99,100,16,492,100,高端飞织,PU中底,系带设计,复古潮鞋,冬季保暖,42,男,河南省,是,6,否
458716162,安踏运动复古潮鞋冬季保暖,安踏运动,219,313,70,813,1797,94,真皮柔软,TPR鞋底,魔术贴鞋,复古潮鞋,冬季保暖,50,女,湖北省,否,12,否
585524612,鸿星尔克运动休闲夏季透气,鸿星尔克,99,102,97,1140,1057,91,合成革鞋,PU中底,套脚款式,运动休闲,夏季透气,48,女,福建省,否,12,否
754165411,安踏运动户外机能冬季保暖,安踏运动,155,267,58,422,251,93,超纤皮鞋,TPR鞋底,松紧带鞋,户外机能,冬季保暖,41,女,湖北省,否,15,否
443645807,李宁休闲日常休闲冬季保暖,李宁休闲,99,99,100,900,1251,97,混合材质,PU中底,魔术贴鞋,日常休闲,冬季保暖,51,女,浙江省,是,1,是
561266257,鸿星尔克简约百搭春季新款,鸿星尔克,226,411,55,217,8302,95,混合材质,EVA轻底,系带设计,简约百搭,春季新款,42,女,江苏省,是,16,是
376740018,耐克潮流户外机能春季新款,耐克潮流,371,608,61,4537,667,95,飞织面料,MD发泡底,系带设计,户外机能,春季新款,52,女,广东省,是,0,是
944454386,安踏运动复古潮鞋冬季保暖,安踏运动,99,174,57,2167,11435,96,网布透气,橡胶大底,松紧带鞋,复古潮鞋,冬季保暖,49,男,安徽省,否,15,否
655934369,回力经典运动休闲春季新款,回力经典,99,155,64,88,328,93,混合材质,TPR鞋底,拉链鞋款,运动休闲,春季新款,47,男,山东省,是,7,是
799119550,京东京造简约百搭秋季百搭,京东京造,99,138,72,981,1393,91,高端飞织,PU中底,魔术贴鞋,简约百搭,秋季百搭,51,男,广东省,否,13,否
214373774,阿迪达斯简约百搭四季通用,阿迪达斯,152,203,75,159,1659,87,混合材质,橡胶大底,拉链鞋款,简约百搭,四季通用,50,男,江苏省,否,6,是
931561413,京东京造潮流高街夏季透气,京东京造,141,201,70,19,1722,100,合成革鞋,TPR鞋底,拉链鞋款,潮流高街,夏季透气,42,男,江苏省,否,6,否
401477474,斯凯奇潮户外机能冬季保暖,斯凯奇潮,99,109,91,3457,4263,92,高端飞织,TPR鞋底,魔术贴鞋,户外机能,冬季保暖,51,男,湖北省,是,22,是
378327702,耐克潮流运动休闲秋季百搭,耐克潮流,152,234,65,865,145,91,高端飞织,MD发泡底,松紧带鞋,运动休闲,秋季百搭,40,男,福建省,否,21,否
374751200,京东京造潮流高街冬季保暖,京东京造,289,516,56,1316,1143,97,网布透气,混合鞋底,魔术贴鞋,潮流高街,冬季保暖,45,男,安徽省,是,9,是
781074287,京东京造日常休闲秋季百搭,京东京造,128,186,69,968,3389,90,高端飞织,TPR鞋底,套脚款式,日常休闲,秋季百搭,49,女,河北省,是,13,否
501880649,阿迪达斯工装硬朗春季新款,阿迪达斯,99,121,82,31,255,95,合成革鞋,混合鞋底,拉链鞋款,工装硬朗,春季新款,46,男,浙江省,是,22,否
743640939,回力经典日常休闲夏季透气,回力经典,242,484,50,219,259,92,真皮柔软,EVA轻底,松紧带鞋,日常休闲,夏季透气,39,女,江苏省,是,12,是
809484246,耐克潮流工装硬朗秋季百搭,耐克潮流,99,122,81,884,1125,85,真皮柔软,PU中底,魔术贴鞋,工装硬朗,秋季百搭,46,男,山东省,是,20,否
881297301,安踏运动潮流高街四季通用,安踏运动,226,228,99,26,2560,95,网布透气,PU中底,魔术贴鞋,潮流高街,四季通用,52,男,福建省,否,4,是
402534656,耐克潮流日常休闲四季通用,耐克潮流,162,193,84,1470,126,95,真皮柔软,橡胶大底,松紧带鞋,日常休闲,四季通用,65,男,福建省,是,17,否
721920736,安踏运动简约百搭秋季百搭,安踏运动,99,130,76,334,956,98,高端飞织,橡胶大底,拉链鞋款,简约百搭,秋季百搭,46,女,湖北省,是,14,是
223321568,耐克潮流户外机能冬季保暖,耐克潮流,99,183,54,1411,2617,96,网布透气,混合鞋底,套脚款式,户外机能,冬季保暖,59,男,福建省,是,20,否
391304630,鸿星尔克户外机能夏季透气,鸿星尔克,120,140,86,1009,202,96,飞织面料,橡胶大底,拉链鞋款,户外机能,夏季透气,58,女,山东省,是,20,是
419446716,斯凯奇潮潮流高街夏季透气,斯凯奇潮,281,453,62,1494,1546,91,网布透气,MD发泡底,拉链鞋款,潮流高街,夏季透气,44,男,山东省,是,22,否
927285831,回力经典复古潮鞋四季通用,回力经典,99,138,72,591,212,96,高端飞织,混合鞋底,拉链鞋款,复古潮鞋,四季通用,46,男,河北省,是,6,是
199138004,特步男鞋复古潮鞋秋季百搭,特步男鞋,99,138,72,29,632,98,混合材质,PU中底,魔术贴鞋,复古潮鞋,秋季百搭,62,女,山东省,否,20,否
967680955,斯凯奇潮运动休闲夏季透气,斯凯奇潮,136,149,91,42,640,97,混合材质,MD发泡底,松紧带鞋,运动休闲,夏季透气,42,女,浙江省,否,15,否
513798960,斯凯奇潮户外机能夏季透气,斯凯奇潮,241,268,90,1148,1691,92,真皮柔软,混合鞋底,套脚款式,户外机能,夏季透气,46,男,安徽省,是,3,是
887830618,特步男鞋工装硬朗秋季百搭,特步男鞋,101,138,73,2865,409,95,网布透气,MD发泡底,拉链鞋款,工装硬朗,秋季百搭,36,女,安徽省,否,22,是
350516223,京东京造运动休闲冬季保暖,京东京造,103,110,94,8,1158,92,高端飞织,TPR鞋底,套脚款式,运动休闲,冬季保暖,41,女,四川省,否,23,否
487345621,京东京造潮流高街春季新款,京东京造,144,236,61,56,546,100,合成革鞋,混合鞋底,拉链鞋款,潮流高街,春季新款,44,女,安徽省,否,7,是
698581796,阿迪达斯复古潮鞋春季新款,阿迪达斯,99,127,78,3069,236,93,飞织面料,TPR鞋底,松紧带鞋,复古潮鞋,春季新款,44,女,福建省,否,21,否
209236035,京东京造潮流高街夏季透气,京东京造,203,205,99,880,1901,89,合成革鞋,橡胶大底,松紧带鞋,潮流高街,夏季透气,43,女,山东省,否,11,是
438492328,鸿星尔克简约百搭秋季百搭,鸿星尔克,99,132,75,747,368,91,飞织面料,EVA轻底,系带设计,简约百搭,秋季百搭,51,女,福建省,是,12,否
284284047,耐克潮流复古潮鞋秋季百搭,耐克潮流,99,168,59,42,4213,95,混合材质,TPR鞋底,魔术贴鞋,复古潮鞋,秋季百搭,57,男,湖北省,否,2,否
738566102,阿迪达斯复古潮鞋秋季百搭,阿迪达斯,114,139,82,1393,1046,95,合成革鞋,橡胶大底,系带设计,复古潮鞋,秋季百搭,37,男,河北省,是,12,否
726229117,斯凯奇潮简约百搭春季新款,斯凯奇潮,99,112,88,4422,657,94,超纤皮鞋,MD发泡底,魔术贴鞋,简约百搭,春季新款,28,女,山东省,是,23,否
449469729,李宁休闲简约百搭冬季保暖,李宁休闲,105,148,71,533,518,98,网布透气,PU中底,松紧带鞋,简约百搭,冬季保暖,41,女,江苏省,是,21,否
419172919,特步男鞋日常休闲秋季百搭,特步男鞋,100,172,58,2261,3563,95,布面材质,混合鞋底,套脚款式,日常休闲,秋季百搭,42,男,安徽省,是,5,是
626847229,回力经典简约百搭春季新款,回力经典,176,187,94,275,309,100,超纤皮鞋,PU中底,套脚款式,简约百搭,春季新款,54,女,河南省,否,1,否
554114082,鸿星尔克工装硬朗四季通用,鸿星尔克,140,173,81,1398,742,95,超纤皮鞋,MD发泡底,松紧带鞋,工装硬朗,四季通用,40,男,安徽省,是,13,是
346992360,特步男鞋日常休闲秋季百搭,特步男鞋,99,174,57,108,442,92,超纤皮鞋,TPR鞋底,系带设计,日常休闲,秋季百搭,53,男,广东省,是,9,否
663178404,鸿星尔克潮流高街夏季透气,鸿星尔克,177,281,63,1061,6096,100,高端飞织,混合鞋底,拉链鞋款,潮流高街,夏季透气,42,女,浙江省,是,3,否
243988662,斯凯奇潮日常休闲春季新款,斯凯奇潮,165,330,50,129,1058,97,混合材质,EVA轻底,套脚款式,日常休闲,春季新款,43,女,广东省,是,1,是
356861324,特步男鞋运动休闲冬季保暖,特步男鞋,99,174,57,41,355,99,网布透气,TPR鞋底,套脚款式,运动休闲,冬季保暖,57,女,河南省,否,22,否
143190305,京东京造日常休闲夏季透气,京东京造,143,234,61,843,12573,96,布面材质,MD发泡底,系带设计,日常休闲,夏季透气,53,男,河南省,是,5,否
346912342,李宁休闲潮流高街秋季百搭,李宁休闲,160,198,81,1311,901,92,布面材质,PU中底,魔术贴鞋,潮流高街,秋季百搭,18,男,河北省,是,7,否
245354148,阿迪达斯日常休闲春季新款,阿迪达斯,210,362,58,41,481,90,飞织面料,橡胶大底,魔术贴鞋,日常休闲,春季新款,43,男,四川省,是,20,否
502345868,斯凯奇潮运动休闲夏季透气,斯凯奇潮,118,164,72,468,2935,91,真皮柔软,MD发泡底,魔术贴鞋,运动休闲,夏季透气,58,女,湖北省,是,12,是
399375227,鸿星尔克工装硬朗四季通用,鸿星尔克,176,229,77,857,2056,99,网布透气,混合鞋底,系带设计,工装硬朗,四季通用,49,女,江苏省,否,10,是
524892651,耐克潮流潮流高街夏季透气,耐克潮流,219,267,82,1,6310,100,布面材质,PU中底,系带设计,潮流高街,夏季透气,65,女,安徽省,是,2,否
291775812,鸿星尔克日常休闲夏季透气,鸿星尔克,431,718,60,1311,1062,88,合成革鞋,PU中底,套脚款式,日常休闲,夏季透气,43,男,安徽省,是,23,否
970485507,安踏运动日常休闲夏季透气,安踏运动,99,141,70,207,598,93,高端飞织,EVA轻底,套脚款式,日常休闲,夏季透气,50,女,浙江省,否,21,是
332816454,特步男鞋潮流高街四季通用,特步男鞋,99,112,88,909,201,94,合成革鞋,混合鞋底,拉链鞋款,潮流高街,四季通用,45,男,四川省,是,22,是
726282220,特步男鞋运动休闲四季通用,特步男鞋,99,132,75,1,1924,88,布面材质,MD发泡底,拉链鞋款,运动休闲,四季通用,42,女,四川省,是,23,是
730084862,耐克潮流潮流高街春季新款,耐克潮流,152,281,54,1306,13206,100,飞织面料,混合鞋底,系带设计,潮流高街,春季新款,36,男,江苏省,是,15,是
271099953,其他品牌潮流高街夏季透气,其他品牌,99,115,86,10,1356,90,真皮柔软,EVA轻底,魔术贴鞋,潮流高街,夏季透气,42,女,四川省,是,17,否
657130056,其他品牌日常休闲夏季透气,其他品牌,260,265,98,2132,926,97,真皮柔软,PU中底,系带设计,日常休闲,夏季透气,39,女,山东省,否,16,否
708103375,李宁休闲复古潮鞋秋季百搭,李宁休闲,99,118,84,351,946,88,混合材质,MD发泡底,套脚款式,复古潮鞋,秋季百搭,40,男,河北省,是,23,是
588869033,斯凯奇潮潮流高街夏季透气,斯凯奇潮,111,126,88,1143,1251,97,网布透气,TPR鞋底,拉链鞋款,潮流高街,夏季透气,40,男,四川省,是,20,是
623196149,回力经典潮流高街四季通用,回力经典,102,113,90,866,120,90,真皮柔软,混合鞋底,系带设计,潮流高街,四季通用,57,男,四川省,是,16,否
618154935,鸿星尔克日常休闲春季新款,鸿星尔克,210,266,79,3688,284,94,高端飞织,TPR鞋底,拉链鞋款,日常休闲,春季新款,55,男,山东省,否,19,否
331941181,安踏运动工装硬朗夏季透气,安踏运动,105,128,82,47,786,94,高端飞织,EVA轻底,松紧带鞋,工装硬朗,夏季透气,40,男,江苏省,是,3,是
664116922,鸿星尔克复古潮鞋四季通用,鸿星尔克,99,110,90,30,173,91,合成革鞋,MD发泡底,系带设计,复古潮鞋,四季通用,47,男,河南省,是,16,否
243235885,鸿星尔克简约百搭四季通用,鸿星尔克,249,395,63,5,1435,95,高端飞织,混合鞋底,魔术贴鞋,简约百搭,四季通用,53,男,江苏省,是,10,否
219147646,特步男鞋简约百搭四季通用,特步男鞋,100,152,66,33,242,94,布面材质,橡胶大底,松紧带鞋,简约百搭,四季通用,55,女,安徽省,是,22,是
934904632,安踏运动运动休闲冬季保暖,安踏运动,158,219,72,34,85,95,真皮柔软,TPR鞋底,系带设计,运动休闲,冬季保暖,43,女,浙江省,是,6,否
284299013,阿迪达斯运动休闲秋季百搭,阿迪达斯,188,369,51,733,488,96,混合材质,TPR鞋底,系带设计,运动休闲,秋季百搭,48,男,江苏省,否,20,是
523610756,鸿星尔克简约百搭冬季保暖,鸿星尔克,101,116,87,0,915,99,高端飞织,TPR鞋底,拉链鞋款,简约百搭,冬季保暖,40,男,河南省,否,11,是
737602231,鸿星尔克工装硬朗冬季保暖,鸿星尔克,99,112,88,2993,3088,97,混合材质,MD发泡底,拉链鞋款,工装硬朗,冬季保暖,44,男,湖北省,是,20,否
433846807,鸿星尔克户外机能春季新款,鸿星尔克,99,146,68,38,5113,93,飞织面料,PU中底,系带设计,户外机能,春季新款,40,女,安徽省,是,4,否
701929740,李宁休闲户外机能夏季透气,李宁休闲,293,523,56,3939,2545,90,高端飞织,PU中底,套脚款式,户外机能,夏季透气,58,女,四川省,否,19,否
985785563,其他品牌工装硬朗冬季保暖,其他品牌,159,284,56,45,846,92,飞织面料,EVA轻底,套脚款式,工装硬朗,冬季保暖,49,男,山东省,否,15,否
664259064,阿迪达斯简约百搭秋季百搭,阿迪达斯,101,151,67,978,2013,99,网布透气,PU中底,拉链鞋款,简约百搭,秋季百搭,54,男,河北省,是,6,否
713995195,李宁休闲户外机能春季新款,李宁休闲,145,151,96,640,4024,90,超纤皮鞋,MD发泡底,松紧带鞋,户外机能,春季新款,44,男,河南省,是,22,否
400506387,斯凯奇潮工装硬朗夏季透气,斯凯奇潮,99,121,82,1456,215,99,超纤皮鞋,MD发泡底,套脚款式,工装硬朗,夏季透气,44,女,安徽省,是,21,是
460979192,李宁休闲日常休闲秋季百搭,李宁休闲,161,199,81,39,318,91,超纤皮鞋,橡胶大底,系带设计,日常休闲,秋季百搭,35,女,浙江省,是,5,是
487110796,其他品牌工装硬朗春季新款,其他品牌,106,200,53,1446,408,94,高端飞织,TPR鞋底,套脚款式,工装硬朗,春季新款,36,男,河南省,是,6,是
387347443,京东京造简约百搭夏季透气,京东京造,128,229,56,1480,1174,96,真皮柔软,MD发泡底,拉链鞋款,简约百搭,夏季透气,41,男,广东省,是,21,否
417912751,斯凯奇潮潮流高街四季通用,斯凯奇潮,175,287,61,574,1257,93,合成革鞋,TPR鞋底,魔术贴鞋,潮流高街,四季通用,22,男,浙江省,是,11,是
261626446,安踏运动工装硬朗夏季透气,安踏运动,99,152,65,814,1020,100,合成革鞋,TPR鞋底,套脚款式,工装硬朗,夏季透气,52,男,安徽省,否,2,是
672665045,鸿星尔克户外机能春季新款,鸿星尔克,199,337,59,1469,1534,87,合成革鞋,EVA轻底,拉链鞋款,户外机能,春季新款,54,男,山东省,否,4,否
395030970,阿迪达斯运动休闲秋季百搭,阿迪达斯,125,189,66,249,181,94,合成革鞋,橡胶大底,系带设计,运动休闲,秋季百搭,44,男,福建省,是,14,否
121271981,李宁休闲日常休闲冬季保暖,李宁休闲,99,165,60,1018,337,94,网布透气,TPR鞋底,松紧带鞋,日常休闲,冬季保暖,59,男,山东省,是,2,否
496915518,回力经典运动休闲冬季保暖,回力经典,99,100,99,363,615,91,网布透气,EVA轻底,魔术贴鞋,运动休闲,冬季保暖,48,女,浙江省,否,22,是
496276653,李宁休闲工装硬朗秋季百搭,李宁休闲,99,108,92,3,2786,95,超纤皮鞋,橡胶大底,松紧带鞋,工装硬朗,秋季百搭,51,女,安徽省,是,12,是
507617983,安踏运动复古潮鞋四季通用,安踏运动,99,198,50,1406,201,97,布面材质,橡胶大底,魔术贴鞋,复古潮鞋,四季通用,50,女,河南省,否,23,否
209984792,回力经典简约百搭秋季百搭,回力经典,99,101,98,768,3617,90,真皮柔软,TPR鞋底,套脚款式,简约百搭,秋季百搭,59,男,安徽省,否,21,否
272003699,鸿星尔克简约百搭冬季保暖,鸿星尔克,107,191,56,912,2601,93,网布透气,混合鞋底,拉链鞋款,简约百搭,冬季保暖,50,女,河南省,否,23,是
315884674,李宁休闲潮流高街秋季百搭,李宁休闲,99,102,97,1422,673,96,真皮柔软,橡胶大底,套脚款式,潮流高街,秋季百搭,50,男,河南省,否,9,是
649313305,其他品牌运动休闲春季新款,其他品牌,99,118,84,811,5171,98,高端飞织,混合鞋底,拉链鞋款,运动休闲,春季新款,61,女,山东省,否,22,是
157234352,安踏运动复古潮鞋春季新款,安踏运动,141,181,78,4153,375,94,超纤皮鞋,EVA轻底,松紧带鞋,复古潮鞋,春季新款,49,男,浙江省,是,12,是
273104058,安踏运动简约百搭四季通用,安踏运动,99,183,54,16,81,96,真皮柔软,混合鞋底,套脚款式,简约百搭,四季通用,54,男,广东省,是,1,否
615789219,京东京造户外机能夏季透气,京东京造,99,177,56,130,1051,96,混合材质,橡胶大底,系带设计,户外机能,夏季透气,35,男,浙江省,是,19,否
905804028,其他品牌运动休闲秋季百搭,其他品牌,99,136,73,2,561,90,飞织面料,TPR鞋底,拉链鞋款,运动休闲,秋季百搭,51,男,河南省,是,9,否
606804968,特步男鞋简约百搭夏季透气,特步男鞋,130,206,63,2218,367,98,飞织面料,TPR鞋底,系带设计,简约百搭,夏季透气,39,女,河北省,是,14,是
574730270,耐克潮流复古潮鞋四季通用,耐克潮流,108,115,94,1274,379,91,合成革鞋,MD发泡底,魔术贴鞋,复古潮鞋,四季通用,40,女,广东省,是,13,是
622818811,阿迪达斯简约百搭四季通用,阿迪达斯,99,125,79,331,320,96,超纤皮鞋,PU中底,拉链鞋款,简约百搭,四季通用,55,男,四川省,是,11,是
316913657,京东京造简约百搭四季通用,京东京造,99,143,69,321,774,99,布面材质,混合鞋底,拉链鞋款,简约百搭,四季通用,25,女,江苏省,否,20,是
406004306,安踏运动运动休闲四季通用,安踏运动,191,308,62,729,384,93,真皮柔软,TPR鞋底,松紧带鞋,运动休闲,四季通用,38,男,山东省,否,21,是
776707241,京东京造工装硬朗四季通用,京东京造,125,195,64,421,3656,97,真皮柔软,橡胶大底,魔术贴鞋,工装硬朗,四季通用,48,女,河北省,否,4,是
710252374,斯凯奇潮工装硬朗四季通用,斯凯奇潮,354,553,64,130,6991,92,合成革鞋,EVA轻底,松紧带鞋,工装硬朗,四季通用,42,女,江苏省,是,13,否
864722939,其他品牌简约百搭秋季百搭,其他品牌,99,112,88,929,1203,92,超纤皮鞋,MD发泡底,系带设计,简约百搭,秋季百搭,57,男,浙江省,否,2,是
747212859,其他品牌复古潮鞋四季通用,其他品牌,99,190,52,472,1697,91,布面材质,橡胶大底,拉链鞋款,复古潮鞋,四季通用,34,男,安徽省,是,5,是
314573799,耐克潮流日常休闲冬季保暖,耐克潮流,99,106,93,320,886,92,超纤皮鞋,MD发泡底,套脚款式,日常休闲,冬季保暖,55,男,四川省,是,10,否
573389660,李宁休闲简约百搭春季新款,李宁休闲,307,404,76,1005,760,91,飞织面料,橡胶大底,拉链鞋款,简约百搭,春季新款,54,男,江苏省,是,19,否
327857660,耐克潮流复古潮鞋秋季百搭,耐克潮流,222,271,82,2280,477,95,超纤皮鞋,橡胶大底,拉链鞋款,复古潮鞋,秋季百搭,40,男,江苏省,否,0,是
161269094,其他品牌日常休闲夏季透气,其他品牌,169,190,89,810,874,90,合成革鞋,混合鞋底,套脚款式,日常休闲,夏季透气,45,男,安徽省,否,21,否
973677315,京东京造工装硬朗夏季透气,京东京造,99,99,100,502,1909,96,混合材质,橡胶大底,系带设计,工装硬朗,夏季透气,40,男,广东省,是,23,否
657418020,安踏运动运动休闲春季新款,安踏运动,99,122,81,726,955,93,混合材质,橡胶大底,松紧带鞋,运动休闲,春季新款,48,女,河北省,是,21,否
337993059,阿迪达斯户外机能夏季透气,阿迪达斯,99,150,66,48,189,90,混合材质,混合鞋底,系带设计,户外机能,夏季透气,30,男,湖北省,否,7,否
120075726,鸿星尔克户外机能四季通用,鸿星尔克,550,833,66,49,995,88,超纤皮鞋,橡胶大底,套脚款式,户外机能,四季通用,56,男,江苏省,否,14,是
828033395,回力经典工装硬朗冬季保暖,回力经典,99,129,77,1440,598,93,高端飞织,EVA轻底,系带设计,工装硬朗,冬季保暖,36,女,浙江省,否,6,否
759727742,耐克潮流工装硬朗春季新款,耐克潮流,216,304,71,3,281,92,飞织面料,TPR鞋底,套脚款式,工装硬朗,春季新款,42,女,广东省,是,9,是
460252052,其他品牌运动休闲春季新款,其他品牌,99,148,67,14,715,89,超纤皮鞋,TPR鞋底,系带设计,运动休闲,春季新款,42,女,江苏省,否,23,是
592464338,斯凯奇潮运动休闲春季新款,斯凯奇潮,101,149,68,1297,444,90,混合材质,TPR鞋底,系带设计,运动休闲,春季新款,48,女,广东省,否,13,否
483520761,特步男鞋运动休闲冬季保暖,特步男鞋,248,273,91,2791,991,95,网布透气,EVA轻底,松紧带鞋,运动休闲,冬季保暖,42,女,河北省,否,21,是
325433343,耐克潮流工装硬朗秋季百搭,耐克潮流,99,177,56,2865,98,93,布面材质,MD发泡底,拉链鞋款,工装硬朗,秋季百搭,65,女,河北省,是,20,是
959790560,耐克潮流运动休闲冬季保暖,耐克潮流,99,129,77,648,10934,97,合成革鞋,TPR鞋底,套脚款式,运动休闲,冬季保暖,36,女,河南省,否,5,是
704847209,安踏运动复古潮鞋夏季透气,安踏运动,140,222,63,1062,610,92,网布透气,MD发泡底,魔术贴鞋,复古潮鞋,夏季透气,39,男,河北省,是,22,是
811302835,回力经典运动休闲冬季保暖,回力经典,128,225,57,1250,1105,92,布面材质,PU中底,套脚款式,运动休闲,冬季保暖,45,男,湖北省,是,15,是
786413642,特步男鞋简约百搭夏季透气,特步男鞋,99,141,70,972,2426,93,网布透气,混合鞋底,系带设计,简约百搭,夏季透气,33,女,广东省,否,19,否
173727206,李宁休闲工装硬朗春季新款,李宁休闲,225,326,69,55,579,91,真皮柔软,TPR鞋底,套脚款式,工装硬朗,春季新款,55,女,浙江省,是,15,是
419605135,斯凯奇潮运动休闲春季新款,斯凯奇潮,200,345,58,47,1509,94,飞织面料,TPR鞋底,拉链鞋款,运动休闲,春季新款,54,女,广东省,是,22,否
892688679,斯凯奇潮运动休闲春季新款,斯凯奇潮,99,141,70,593,378,98,布面材质,MD发泡底,系带设计,运动休闲,春季新款,45,女,安徽省,否,23,否
637840734,其他品牌复古潮鞋春季新款,其他品牌,99,109,91,77,3464,100,真皮柔软,TPR鞋底,松紧带鞋,复古潮鞋,春季新款,35,女,山东省,否,23,否
349629463,其他品牌复古潮鞋春季新款,其他品牌,322,474,68,177,715,90,真皮柔软,PU中底,拉链鞋款,复古潮鞋,春季新款,56,男,福建省,是,6,是
717477662,京东京造户外机能秋季百搭,京东京造,148,264,56,1360,1140,92,网布透气,橡胶大底,系带设计,户外机能,秋季百搭,40,男,四川省,否,20,是
426788750,斯凯奇潮户外机能春季新款,斯凯奇潮,99,187,53,746,339,91,布面材质,PU中底,套脚款式,户外机能,春季新款,42,男,福建省,是,11,是
822204466,安踏运动简约百搭冬季保暖,安踏运动,123,168,73,135,3453,92,超纤皮鞋,TPR鞋底,套脚款式,简约百搭,冬季保暖,56,女,河北省,否,15,否
680525728,耐克潮流户外机能秋季百搭,耐克潮流,125,174,72,441,17600,95,高端飞织,PU中底,松紧带鞋,户外机能,秋季百搭,43,女,山东省,是,20,是
725520284,鸿星尔克工装硬朗四季通用,鸿星尔克,99,100,99,37,746,93,网布透气,混合鞋底,松紧带鞋,工装硬朗,四季通用,37,女,江苏省,是,8,否
129794587,特步男鞋运动休闲秋季百搭,特步男鞋,207,241,86,999,5042,90,布面材质,EVA轻底,松紧带鞋,运动休闲,秋季百搭,40,女,福建省,是,9,否
719571082,其他品牌户外机能四季通用,其他品牌,142,184,77,403,615,93,超纤皮鞋,EVA轻底,系带设计,户外机能,四季通用,44,男,河北省,否,13,否
964155912,安踏运动户外机能冬季保暖,安踏运动,99,162,61,1432,379,93,布面材质,PU中底,魔术贴鞋,户外机能,冬季保暖,49,女,河南省,是,22,是
607808136,特步男鞋简约百搭冬季保暖,特步男鞋,371,608,61,611,1590,94,网布透气,橡胶大底,系带设计,简约百搭,冬季保暖,47,女,广东省,否,22,是
295337054,阿迪达斯简约百搭四季通用,阿迪达斯,113,188,60,951,6252,97,超纤皮鞋,MD发泡底,松紧带鞋,简约百搭,四季通用,43,女,江苏省,否,8,否
910598263,阿迪达斯工装硬朗春季新款,阿迪达斯,99,112,88,817,269,93,飞织面料,EVA轻底,套脚款式,工装硬朗,春季新款,37,男,河北省,否,4,否
456598059,京东京造户外机能四季通用,京东京造,99,136,73,1092,1617,87,真皮柔软,橡胶大底,松紧带鞋,户外机能,四季通用,31,男,河南省,是,8,是
491447159,耐克潮流简约百搭秋季百搭,耐克潮流,210,259,81,1481,1921,93,网布透气,TPR鞋底,系带设计,简约百搭,秋季百搭,46,女,河南省,是,19,是
906616086,其他品牌复古潮鞋春季新款,其他品牌,139,153,91,116,1233,96,高端飞织,TPR鞋底,松紧带鞋,复古潮鞋,春季新款,41,女,江苏省,否,15,是
573986883,特步男鞋户外机能冬季保暖,特步男鞋,99,155,64,1475,2966,99,飞织面料,橡胶大底,拉链鞋款,户外机能,冬季保暖,55,女,四川省,是,17,是
531638854,其他品牌运动休闲秋季百搭,其他品牌,151,178,85,1458,157,97,网布透气,PU中底,拉链鞋款,运动休闲,秋季百搭,54,女,湖北省,否,17,是
112423371,京东京造运动休闲四季通用,京东京造,99,127,78,427,1179,91,合成革鞋,橡胶大底,拉链鞋款,运动休闲,四季通用,47,女,江苏省,是,3,是
192663477,鸿星尔克工装硬朗夏季透气,鸿星尔克,99,162,61,3544,914,100,高端飞织,MD发泡底,套脚款式,工装硬朗,夏季透气,54,男,湖北省,是,11,否
943093305,鸿星尔克日常休闲冬季保暖,鸿星尔克,121,148,82,1444,851,86,真皮柔软,MD发泡底,系带设计,日常休闲,冬季保暖,49,男,安徽省,否,1,否
422594444,其他品牌潮流高街夏季透气,其他品牌,191,193,99,49,170,97,混合材质,混合鞋底,系带设计,潮流高街,夏季透气,56,女,湖北省,是,21,是
437147178,斯凯奇潮户外机能冬季保暖,斯凯奇潮,144,236,61,13,714,97,飞织面料,MD发泡底,魔术贴鞋,户外机能,冬季保暖,40,男,江苏省,否,7,否
614458722,特步男鞋简约百搭四季通用,特步男鞋,301,401,75,464,1208,95,混合材质,TPR鞋底,魔术贴鞋,简约百搭,四季通用,51,男,福建省,否,21,否
898433800,阿迪达斯日常休闲夏季透气,阿迪达斯,149,266,56,1364,1144,100,布面材质,EVA轻底,魔术贴鞋,日常休闲,夏季透气,41,男,山东省,是,5,是
621893123,耐克潮流户外机能四季通用,耐克潮流,133,222,60,1042,7919,87,合成革鞋,PU中底,松紧带鞋,户外机能,四季通用,45,女,河北省,是,6,是
618839525,斯凯奇潮户外机能秋季百搭,斯凯奇潮,99,130,76,1350,3649,95,混合材质,混合鞋底,系带设计,户外机能,秋季百搭,44,女,广东省,是,13,是
111843665,其他品牌户外机能四季通用,其他品牌,125,164,76,259,230,93,合成革鞋,橡胶大底,松紧带鞋,户外机能,四季通用,54,女,广东省,是,10,是
291201294,安踏运动简约百搭冬季保暖,安踏运动,99,105,94,294,9753,97,布面材质,PU中底,魔术贴鞋,简约百搭,冬季保暖,58,男,江苏省,是,18,是
802384566,回力经典日常休闲秋季百搭,回力经典,204,291,70,82,238,93,合成革鞋,混合鞋底,魔术贴鞋,日常休闲,秋季百搭,43,男,安徽省,是,21,是
282148939,阿迪达斯日常休闲秋季百搭,阿迪达斯,99,115,86,306,4932,100,飞织面料,EVA轻底,系带设计,日常休闲,秋季百搭,62,男,河北省,是,21,是
429859675,安踏运动潮流高街春季新款,安踏运动,175,278,63,39,2309,100,混合材质,PU中底,松紧带鞋,潮流高街,春季新款,53,女,浙江省,是,17,是
665458718,特步男鞋户外机能春季新款,特步男鞋,211,315,67,477,3322,92,高端飞织,混合鞋底,系带设计,户外机能,春季新款,50,男,河南省,是,20,是
579529608,阿迪达斯户外机能冬季保暖,阿迪达斯,99,148,67,4984,528,86,飞织面料,橡胶大底,拉链鞋款,户外机能,冬季保暖,42,女,广东省,是,20,是
960942293,安踏运动简约百搭秋季百搭,安踏运动,281,347,81,1380,575,100,真皮柔软,EVA轻底,拉链鞋款,简约百搭,秋季百搭,39,女,浙江省,是,2,否
954964249,耐克潮流运动休闲夏季透气,耐克潮流,106,161,66,446,579,92,混合材质,混合鞋底,拉链鞋款,运动休闲,夏季透气,50,男,江苏省,是,3,否
963152591,耐克潮流工装硬朗春季新款,耐克潮流,106,186,57,408,563,97,混合材质,EVA轻底,套脚款式,工装硬朗,春季新款,54,女,湖北省,是,8,否
285510574,鸿星尔克运动休闲秋季百搭,鸿星尔克,99,110,90,3,2210,90,布面材质,混合鞋底,松紧带鞋,运动休闲,秋季百搭,51,女,安徽省,是,19,否
507617126,特步男鞋运动休闲夏季透气,特步男鞋,99,162,61,4674,2004,99,超纤皮鞋,PU中底,松紧带鞋,运动休闲,夏季透气,55,女,广东省,否,7,否
982965675,其他品牌工装硬朗四季通用,其他品牌,116,204,57,641,2765,93,合成革鞋,橡胶大底,套脚款式,工装硬朗,四季通用,42,男,河南省,否,20,否
941437501,李宁休闲潮流高街春季新款,李宁休闲,102,107,95,27,3748,96,飞织面料,EVA轻底,魔术贴鞋,潮流高街,春季新款,53,女,河北省,是,17,否
822751129,鸿星尔克日常休闲春季新款,鸿星尔克,100,196,51,782,801,93,真皮柔软,橡胶大底,系带设计,日常休闲,春季新款,61,男,河南省,是,8,是
305045979,耐克潮流复古潮鞋四季通用,耐克潮流,130,260,50,25,1525,92,真皮柔软,PU中底,拉链鞋款,复古潮鞋,四季通用,45,男,浙江省,是,7,否
479799141,特步男鞋日常休闲冬季保暖,特步男鞋,163,281,58,590,418,90,合成革鞋,混合鞋底,套脚款式,日常休闲,冬季保暖,47,女,湖北省,是,16,否
983769563,李宁休闲潮流高街四季通用,李宁休闲,99,130,76,3447,179,92,混合材质,EVA轻底,拉链鞋款,潮流高街,四季通用,48,女,安徽省,是,22,是
331847657,特步男鞋工装硬朗四季通用,特步男鞋,248,344,72,992,541,100,布面材质,EVA轻底,拉链鞋款,工装硬朗,四季通用,46,男,山东省,否,18,否
354891636,其他品牌日常休闲秋季百搭,其他品牌,312,589,53,14,713,93,布面材质,混合鞋底,拉链鞋款,日常休闲,秋季百搭,46,女,山东省,是,2,是
204394633,特步男鞋复古潮鞋夏季透气,特步男鞋,99,143,69,1202,667,92,超纤皮鞋,混合鞋底,套脚款式,复古潮鞋,夏季透气,50,女,山东省,是,14,否
423636994,其他品牌复古潮鞋春季新款,其他品牌,99,106,93,753,1258,95,高端飞织,PU中底,拉链鞋款,复古潮鞋,春季新款,42,女,福建省,是,9,是
859642113,鸿星尔克复古潮鞋秋季百搭,鸿星尔克,144,164,88,21,2076,91,超纤皮鞋,橡胶大底,拉链鞋款,复古潮鞋,秋季百搭,36,女,湖北省,否,9,是
953254932,安踏运动简约百搭春季新款,安踏运动,125,156,80,336,1725,90,超纤皮鞋,MD发泡底,系带设计,简约百搭,春季新款,45,男,湖北省,否,16,是
892496508,回力经典工装硬朗冬季保暖,回力经典,196,302,65,181,408,96,超纤皮鞋,混合鞋底,拉链鞋款,工装硬朗,冬季保暖,42,男,安徽省,否,20,否
170849110,安踏运动潮流高街夏季透气,安踏运动,99,160,62,617,934,100,布面材质,MD发泡底,魔术贴鞋,潮流高街,夏季透气,38,女,广东省,是,6,否
157206660,斯凯奇潮简约百搭春季新款,斯凯奇潮,99,177,56,355,1517,92,超纤皮鞋,PU中底,松紧带鞋,简约百搭,春季新款,53,男,广东省,否,17,是
361028926,回力经典日常休闲夏季透气,回力经典,99,180,55,589,251,88,飞织面料,MD发泡底,松紧带鞋,日常休闲,夏季透气,51,女,福建省,是,9,是
950858382,斯凯奇潮运动休闲夏季透气,斯凯奇潮,99,180,55,169,958,91,高端飞织,橡胶大底,拉链鞋款,运动休闲,夏季透气,52,女,河北省,是,20,否
904362354,回力经典运动休闲春季新款,回力经典,99,101,98,453,1347,90,混合材质,TPR鞋底,拉链鞋款,运动休闲,春季新款,50,男,河南省,是,22,是
202567239,特步男鞋工装硬朗秋季百搭,特步男鞋,99,143,69,480,252,93,超纤皮鞋,混合鞋底,拉链鞋款,工装硬朗,秋季百搭,41,女,江苏省,否,22,否
681123796,斯凯奇潮工装硬朗春季新款,斯凯奇潮,162,295,55,29,612,97,合成革鞋,EVA轻底,系带设计,工装硬朗,春季新款,53,女,福建省,是,13,否
119283048,李宁休闲简约百搭四季通用,李宁休闲,254,292,87,3699,3684,93,混合材质,TPR鞋底,魔术贴鞋,简约百搭,四季通用,50,女,福建省,否,12,否
418766944,特步男鞋日常休闲四季通用,特步男鞋,99,190,52,790,2157,96,飞织面料,MD发泡底,魔术贴鞋,日常休闲,四季通用,50,男,浙江省,是,16,是
157660691,斯凯奇潮简约百搭秋季百搭,斯凯奇潮,117,154,76,330,370,93,网布透气,MD发泡底,松紧带鞋,简约百搭,秋季百搭,40,女,福建省,是,4,否
483818052,安踏运动户外机能春季新款,安踏运动,101,122,83,1310,884,97,合成革鞋,TPR鞋底,套脚款式,户外机能,春季新款,55,女,四川省,否,4,是
629535006,鸿星尔克潮流高街秋季百搭,鸿星尔克,99,190,52,388,53,94,混合材质,TPR鞋底,魔术贴鞋,潮流高街,秋季百搭,31,女,广东省,否,3,否
760320670,安踏运动运动休闲冬季保暖,安踏运动,149,167,89,732,1199,91,网布透气,PU中底,系带设计,运动休闲,冬季保暖,61,女,河南省,否,20,是
694537925,李宁休闲简约百搭夏季透气,李宁休闲,204,262,78,10,602,98,布面材质,TPR鞋底,系带设计,简约百搭,夏季透气,54,男,湖北省,是,9,否
572555376,耐克潮流工装硬朗四季通用,耐克潮流,99,100,99,415,842,91,合成革鞋,TPR鞋底,套脚款式,工装硬朗,四季通用,46,女,河南省,否,19,是
563035943,斯凯奇潮运动休闲春季新款,斯凯奇潮,283,308,92,3164,14403,94,超纤皮鞋,MD发泡底,魔术贴鞋,运动休闲,春季新款,36,男,山东省,否,9,否
512868283,斯凯奇潮运动休闲秋季百搭,斯凯奇潮,136,172,79,2038,1521,92,飞织面料,EVA轻底,系带设计,运动休闲,秋季百搭,44,女,广东省,是,19,是
219290735,特步男鞋运动休闲秋季百搭,特步男鞋,239,246,97,1226,906,92,合成革鞋,橡胶大底,系带设计,运动休闲,秋季百搭,46,女,河北省,否,14,是
650655264,安踏运动户外机能春季新款,安踏运动,99,132,75,2511,305,93,合成革鞋,橡胶大底,魔术贴鞋,户外机能,春季新款,43,女,广东省,否,3,否
576639782,耐克潮流日常休闲春季新款,耐克潮流,254,257,99,1255,2198,90,网布透气,EVA轻底,套脚款式,日常休闲,春季新款,53,男,广东省,否,15,是
876683547,阿迪达斯运动休闲秋季百搭,阿迪达斯,99,177,56,1233,1324,99,网布透气,橡胶大底,套脚款式,运动休闲,秋季百搭,48,男,河北省,是,8,是
681004069,特步男鞋复古潮鞋夏季透气,特步男鞋,99,152,65,931,667,93,飞织面料,TPR鞋底,套脚款式,复古潮鞋,夏季透气,40,女,河南省,是,1,否
406881928,特步男鞋运动休闲冬季保暖,特步男鞋,99,155,64,50,2398,93,高端飞织,EVA轻底,套脚款式,运动休闲,冬季保暖,51,男,浙江省,否,12,是
365081278,李宁休闲简约百搭春季新款,李宁休闲,107,115,93,41,843,88,混合材质,橡胶大底,系带设计,简约百搭,春季新款,62,男,河南省,是,20,否
512240131,耐克潮流运动休闲春季新款,耐克潮流,116,215,54,244,399,95,高端飞织,橡胶大底,魔术贴鞋,运动休闲,春季新款,51,男,河南省,否,21,是
330023969,特步男鞋运动休闲冬季保暖,特步男鞋,99,127,78,36,357,93,真皮柔软,EVA轻底,套脚款式,运动休闲,冬季保暖,42,女,浙江省,否,20,是
739583814,安踏运动潮流高街冬季保暖,安踏运动,221,409,54,1158,3641,91,合成革鞋,PU中底,套脚款式,潮流高街,冬季保暖,50,女,安徽省,是,22,是
109630139,其他品牌户外机能夏季透气,其他品牌,286,314,91,980,742,89,合成革鞋,橡胶大底,拉链鞋款,户外机能,夏季透气,46,男,安徽省,否,14,是
114231304,耐克潮流简约百搭夏季透气,耐克潮流,142,187,76,950,163,98,高端飞织,橡胶大底,系带设计,简约百搭,夏季透气,49,男,浙江省,是,8,否
665920902,阿迪达斯日常休闲秋季百搭,阿迪达斯,313,401,78,1436,513,94,网布透气,MD发泡底,套脚款式,日常休闲,秋季百搭,52,女,广东省,否,20,否
373880225,阿迪达斯简约百搭冬季保暖,阿迪达斯,99,114,87,349,294,94,飞织面料,PU中底,系带设计,简约百搭,冬季保暖,47,女,湖北省,否,20,是
970938714,耐克潮流复古潮鞋夏季透气,耐克潮流,177,246,72,320,6575,98,网布透气,EVA轻底,系带设计,复古潮鞋,夏季透气,49,女,福建省,否,21,是
848268313,耐克潮流简约百搭夏季透气,耐克潮流,166,227,73,366,543,94,真皮柔软,EVA轻底,拉链鞋款,简约百搭,夏季透气,37,女,广东省,否,21,是
718640573,李宁休闲工装硬朗四季通用,李宁休闲,156,188,83,765,730,91,混合材质,混合鞋底,魔术贴鞋,工装硬朗,四季通用,47,女,山东省,是,20,是
584924282,李宁休闲运动休闲冬季保暖,李宁休闲,99,162,61,718,376,95,超纤皮鞋,TPR鞋底,松紧带鞋,运动休闲,冬季保暖,32,女,湖北省,是,1,否
124829150,耐克潮流运动休闲春季新款,耐克潮流,117,195,60,4705,952,91,混合材质,PU中底,魔术贴鞋,运动休闲,春季新款,44,男,广东省,是,15,是
142236158,回力经典户外机能四季通用,回力经典,104,182,57,1236,1014,93,布面材质,MD发泡底,套脚款式,户外机能,四季通用,32,女,河北省,是,10,否
671327929,京东京造运动休闲四季通用,京东京造,301,557,54,28,3451,98,飞织面料,橡胶大底,魔术贴鞋,运动休闲,四季通用,39,女,广东省,否,14,是
263617257,京东京造简约百搭春季新款,京东京造,99,100,99,1176,282,100,网布透气,橡胶大底,系带设计,简约百搭,春季新款,36,女,河南省,是,18,是
435358715,鸿星尔克户外机能夏季透气,鸿星尔克,99,112,88,224,8256,91,超纤皮鞋,MD发泡底,松紧带鞋,户外机能,夏季透气,63,女,湖北省,否,0,否
758486968,李宁休闲户外机能春季新款,李宁休闲,250,357,70,49,510,87,飞织面料,混合鞋底,拉链鞋款,户外机能,春季新款,64,男,浙江省,是,9,否
351912288,安踏运动运动休闲冬季保暖,安踏运动,194,202,96,5,518,92,高端飞织,EVA轻底,拉链鞋款,运动休闲,冬季保暖,37,男,河南省,是,23,是
218620588,鸿星尔克日常休闲秋季百搭,鸿星尔克,157,164,96,938,1269,95,飞织面料,PU中底,松紧带鞋,日常休闲,秋季百搭,34,男,广东省,是,5,是
597439817,耐克潮流复古潮鞋四季通用,耐克潮流,99,122,81,3622,1223,100,布面材质,橡胶大底,套脚款式,复古潮鞋,四季通用,37,男,广东省,是,13,否
895803848,斯凯奇潮户外机能四季通用,斯凯奇潮,99,194,51,3676,178,95,混合材质,橡胶大底,松紧带鞋,户外机能,四季通用,37,男,河北省,否,9,否
307832764,鸿星尔克日常休闲夏季透气,鸿星尔克,215,295,73,1446,450,92,超纤皮鞋,PU中底,套脚款式,日常休闲,夏季透气,39,男,浙江省,否,7,否
192481204,特步男鞋户外机能春季新款,特步男鞋,99,127,78,1132,976,98,高端飞织,混合鞋底,拉链鞋款,户外机能,春季新款,37,女,广东省,是,22,是
326423409,回力经典户外机能秋季百搭,回力经典,103,163,63,595,1294,98,混合材质,PU中底,拉链鞋款,户外机能,秋季百搭,50,女,河南省,否,19,否
281851266,回力经典户外机能春季新款,回力经典,99,124,80,5,5950,90,高端飞织,混合鞋底,套脚款式,户外机能,春季新款,47,男,河南省,是,6,是
682563760,京东京造户外机能春季新款,京东京造,148,161,92,599,223,90,混合材质,EVA轻底,系带设计,户外机能,春季新款,39,男,安徽省,是,2,是
385192417,京东京造日常休闲冬季保暖,京东京造,99,146,68,4053,4015,91,网布透气,PU中底,拉链鞋款,日常休闲,冬季保暖,39,女,福建省,否,21,是
496366586,斯凯奇潮日常休闲四季通用,斯凯奇潮,204,229,89,39,674,97,真皮柔软,EVA轻底,套脚款式,日常休闲,四季通用,49,女,广东省,否,22,否
820336407,斯凯奇潮日常休闲春季新款,斯凯奇潮,273,463,59,3122,1068,94,合成革鞋,混合鞋底,松紧带鞋,日常休闲,春季新款,42,女,河北省,否,21,否
477163499,安踏运动简约百搭夏季透气,安踏运动,99,132,75,1341,104,95,网布透气,混合鞋底,系带设计,简约百搭,夏季透气,58,女,福建省,是,20,是
703604905,李宁休闲复古潮鞋秋季百搭,李宁休闲,525,847,62,1364,391,94,真皮柔软,混合鞋底,魔术贴鞋,复古潮鞋,秋季百搭,36,女,江苏省,是,7,是
677365968,耐克潮流工装硬朗春季新款,耐克潮流,99,171,58,128,582,94,合成革鞋,TPR鞋底,系带设计,工装硬朗,春季新款,57,女,四川省,否,23,否
361285917,特步男鞋工装硬朗夏季透气,特步男鞋,163,217,75,325,446,97,布面材质,EVA轻底,拉链鞋款,工装硬朗,夏季透气,52,男,河北省,否,21,是
742705523,耐克潮流户外机能夏季透气,耐克潮流,119,175,68,1347,412,97,飞织面料,PU中底,套脚款式,户外机能,夏季透气,48,男,河北省,是,7,否
511841376,京东京造运动休闲四季通用,京东京造,185,280,66,303,871,94,高端飞织,橡胶大底,拉链鞋款,运动休闲,四季通用,45,女,福建省,否,20,否
293809492,耐克潮流简约百搭春季新款,耐克潮流,163,214,76,1008,241,96,合成革鞋,PU中底,套脚款式,简约百搭,春季新款,36,女,四川省,否,7,是
220960710,耐克潮流复古潮鞋夏季透气,耐克潮流,165,243,68,827,1367,96,混合材质,PU中底,魔术贴鞋,复古潮鞋,夏季透气,46,男,江苏省,否,23,否
190338001,其他品牌日常休闲夏季透气,其他品牌,99,116,85,278,6333,93,超纤皮鞋,EVA轻底,魔术贴鞋,日常休闲,夏季透气,30,男,福建省,否,22,否
786398064,京东京造户外机能春季新款,京东京造,495,495,100,3605,2044,98,真皮柔软,TPR鞋底,系带设计,户外机能,春季新款,40,男,四川省,否,22,是
671738694,鸿星尔克潮流高街四季通用,鸿星尔克,105,112,94,2459,1251,94,布面材质,混合鞋底,套脚款式,潮流高街,四季通用,36,男,浙江省,是,0,是
358967472,安踏运动复古潮鞋秋季百搭,安踏运动,100,100,100,14,526,90,飞织面料,MD发泡底,松紧带鞋,复古潮鞋,秋季百搭,44,男,浙江省,否,21,是
566390435,安踏运动日常休闲秋季百搭,安踏运动,99,138,72,1244,1175,97,网布透气,TPR鞋底,魔术贴鞋,日常休闲,秋季百搭,50,女,广东省,是,2,是
966614077,耐克潮流户外机能夏季透气,耐克潮流,138,203,68,0,594,95,网布透气,EVA轻底,拉链鞋款,户外机能,夏季透气,55,女,浙江省,否,15,否
703355220,其他品牌运动休闲四季通用,其他品牌,103,118,87,27,1694,96,混合材质,混合鞋底,松紧带鞋,运动休闲,四季通用,44,男,河南省,否,5,是
959292331,斯凯奇潮潮流高街春季新款,斯凯奇潮,99,190,52,189,491,93,合成革鞋,EVA轻底,系带设计,潮流高街,春季新款,33,女,四川省,是,8,否
399262093,阿迪达斯运动休闲冬季保暖,阿迪达斯,124,135,92,1225,1685,98,合成革鞋,橡胶大底,拉链鞋款,运动休闲,冬季保暖,57,男,广东省,否,10,否
325517496,安踏运动运动休闲春季新款,安踏运动,99,118,84,776,1855,91,布面材质,EVA轻底,松紧带鞋,运动休闲,春季新款,59,男,广东省,否,15,是
441100291,阿迪达斯户外机能夏季透气,阿迪达斯,273,471,58,2232,575,95,布面材质,TPR鞋底,魔术贴鞋,户外机能,夏季透气,57,男,浙江省,是,17,否
691480273,其他品牌潮流高街夏季透气,其他品牌,128,194,66,1019,1867,97,网布透气,橡胶大底,魔术贴鞋,潮流高街,夏季透气,37,男,河北省,否,5,是
808968894,李宁休闲运动休闲秋季百搭,李宁休闲,99,198,50,1155,2127,93,高端飞织,混合鞋底,松紧带鞋,运动休闲,秋季百搭,46,女,福建省,否,21,否
316294449,耐克潮流工装硬朗春季新款,耐克潮流,287,383,75,38,1960,85,合成革鞋,TPR鞋底,系带设计,工装硬朗,春季新款,48,女,湖北省,否,7,是
512472434,其他品牌潮流高街夏季透气,其他品牌,99,127,78,23,829,90,合成革鞋,EVA轻底,松紧带鞋,潮流高街,夏季透气,52,女,四川省,是,0,是
403775922,鸿星尔克日常休闲冬季保暖,鸿星尔克,145,163,89,7,277,94,真皮柔软,MD发泡底,套脚款式,日常休闲,冬季保暖,47,女,广东省,是,1,是
453637553,特步男鞋潮流高街秋季百搭,特步男鞋,99,148,67,134,2571,91,合成革鞋,TPR鞋底,魔术贴鞋,潮流高街,秋季百搭,42,男,河南省,是,6,是
787788740,京东京造户外机能夏季透气,京东京造,99,143,69,397,894,98,高端飞织,混合鞋底,魔术贴鞋,户外机能,夏季透气,50,男,安徽省,是,21,是
484951230,李宁休闲简约百搭春季新款,李宁休闲,99,102,97,724,1718,95,真皮柔软,PU中底,魔术贴鞋,简约百搭,春季新款,34,男,安徽省,是,5,是
305164403,鸿星尔克工装硬朗春季新款,鸿星尔克,99,110,90,4113,1655,98,高端飞织,混合鞋底,松紧带鞋,工装硬朗,春季新款,40,男,河北省,是,8,是
709996881,鸿星尔克户外机能冬季保暖,鸿星尔克,281,540,52,446,1103,90,混合材质,橡胶大底,套脚款式,户外机能,冬季保暖,45,女,河北省,否,16,是
624367551,斯凯奇潮运动休闲冬季保暖,斯凯奇潮,481,540,89,440,1008,93,飞织面料,混合鞋底,系带设计,运动休闲,冬季保暖,64,女,湖北省,是,18,是
557463024,安踏运动户外机能秋季百搭,安踏运动,99,103,96,4152,853,96,超纤皮鞋,橡胶大底,松紧带鞋,户外机能,秋季百搭,39,女,浙江省,是,2,否
579535834,阿迪达斯潮流高街秋季百搭,阿迪达斯,99,194,51,661,2411,90,布面材质,EVA轻底,套脚款式,潮流高街,秋季百搭,51,女,湖北省,是,0,否
776196629,特步男鞋运动休闲夏季透气,特步男鞋,133,261,51,465,2056,92,飞织面料,TPR鞋底,松紧带鞋,运动休闲,夏季透气,51,女,浙江省,是,5,否
522191225,特步男鞋工装硬朗四季通用,特步男鞋,250,362,69,480,389,95,混合材质,EVA轻底,系带设计,工装硬朗,四季通用,55,女,福建省,是,16,是
717989503,阿迪达斯户外机能四季通用,阿迪达斯,368,594,62,3276,463,94,混合材质,TPR鞋底,系带设计,户外机能,四季通用,46,女,浙江省,是,22,是
939642580,斯凯奇潮简约百搭秋季百搭,斯凯奇潮,140,144,97,10,3128,93,布面材质,TPR鞋底,套脚款式,简约百搭,秋季百搭,48,男,安徽省,是,8,是
451339309,鸿星尔克工装硬朗冬季保暖,鸿星尔克,99,180,55,3018,292,94,真皮柔软,MD发泡底,松紧带鞋,工装硬朗,冬季保暖,47,男,山东省,是,17,否
444748263,其他品牌潮流高街夏季透气,其他品牌,280,389,72,1357,328,96,合成革鞋,MD发泡底,拉链鞋款,潮流高街,夏季透气,40,女,江苏省,是,19,否
862683713,特步男鞋潮流高街春季新款,特步男鞋,99,130,76,1055,659,96,混合材质,TPR鞋底,系带设计,潮流高街,春季新款,53,男,山东省,是,0,否
627781358,阿迪达斯简约百搭四季通用,阿迪达斯,192,243,79,404,987,92,合成革鞋,混合鞋底,套脚款式,简约百搭,四季通用,33,男,河南省,否,19,否
673659858,鸿星尔克户外机能春季新款,鸿星尔克,106,119,89,25,865,96,布面材质,混合鞋底,松紧带鞋,户外机能,春季新款,36,男,江苏省,是,7,否
247235397,其他品牌简约百搭春季新款,其他品牌,112,113,99,1005,3665,96,超纤皮鞋,PU中底,魔术贴鞋,简约百搭,春季新款,43,女,福建省,是,7,否
419551730,安踏运动复古潮鞋春季新款,安踏运动,127,157,81,21,3271,90,布面材质,混合鞋底,拉链鞋款,复古潮鞋,春季新款,30,男,四川省,是,7,否
867753146,耐克潮流潮流高街秋季百搭,耐克潮流,163,165,99,47,11350,90,超纤皮鞋,EVA轻底,拉链鞋款,潮流高街,秋季百搭,49,男,山东省,是,11,是
694197959,李宁休闲简约百搭秋季百搭,李宁休闲,115,185,62,711,3265,99,超纤皮鞋,MD发泡底,魔术贴鞋,简约百搭,秋季百搭,40,女,浙江省,否,13,是
453233489,阿迪达斯工装硬朗秋季百搭,阿迪达斯,99,112,88,747,565,91,合成革鞋,PU中底,松紧带鞋,工装硬朗,秋季百搭,54,男,湖北省,是,10,否
523205696,其他品牌运动休闲夏季透气,其他品牌,177,340,52,44,2017,93,合成革鞋,混合鞋底,松紧带鞋,运动休闲,夏季透气,45,男,河南省,是,15,是
518333970,其他品牌潮流高街秋季百搭,其他品牌,127,130,98,243,1439,90,混合材质,混合鞋底,拉链鞋款,潮流高街,秋季百搭,36,男,河南省,否,1,是
738016585,鸿星尔克复古潮鞋春季新款,鸿星尔克,99,183,54,1039,2618,87,高端飞织,橡胶大底,魔术贴鞋,复古潮鞋,春季新款,41,男,河北省,否,6,否
345724189,回力经典复古潮鞋冬季保暖,回力经典,209,348,60,26,1601,95,高端飞织,TPR鞋底,松紧带鞋,复古潮鞋,冬季保暖,31,男,山东省,是,23,是
733243767,回力经典工装硬朗冬季保暖,回力经典,99,171,58,1056,270,94,飞织面料,PU中底,魔术贴鞋,工装硬朗,冬季保暖,38,女,山东省,否,14,否
950046500,其他品牌日常休闲夏季透气,其他品牌,107,130,82,575,2319,90,布面材质,混合鞋底,套脚款式,日常休闲,夏季透气,54,男,福建省,否,1,否
428294118,其他品牌运动休闲冬季保暖,其他品牌,190,241,79,16,1582,92,超纤皮鞋,EVA轻底,松紧带鞋,运动休闲,冬季保暖,36,男,河北省,是,9,否
606496133,阿迪达斯复古潮鞋夏季透气,阿迪达斯,206,389,53,761,1258,94,真皮柔软,TPR鞋底,系带设计,复古潮鞋,夏季透气,39,男,福建省,是,21,否
278013740,斯凯奇潮运动休闲春季新款,斯凯奇潮,99,132,75,286,246,97,混合材质,橡胶大底,魔术贴鞋,运动休闲,春季新款,51,男,山东省,否,11,否
174184773,其他品牌户外机能夏季透气,其他品牌,99,152,65,663,1056,100,高端飞织,橡胶大底,魔术贴鞋,户外机能,夏季透气,38,女,福建省,否,21,否
441893702,安踏运动户外机能春季新款,安踏运动,99,180,55,61,6461,90,超纤皮鞋,TPR鞋底,拉链鞋款,户外机能,春季新款,42,女,河南省,否,20,是
298817315,其他品牌简约百搭四季通用,其他品牌,217,356,61,574,5727,95,网布透气,MD发泡底,松紧带鞋,简约百搭,四季通用,48,男,湖北省,是,20,是
214150278,阿迪达斯日常休闲冬季保暖,阿迪达斯,440,710,62,2737,765,96,混合材质,EVA轻底,套脚款式,日常休闲,冬季保暖,58,女,安徽省,是,23,是
978921504,特步男鞋潮流高街春季新款,特步男鞋,117,130,90,652,8722,96,真皮柔软,混合鞋底,松紧带鞋,潮流高街,春季新款,44,女,四川省,是,22,是
188496444,京东京造运动休闲秋季百搭,京东京造,99,146,68,4,1150,92,飞织面料,EVA轻底,拉链鞋款,运动休闲,秋季百搭,54,女,四川省,是,11,是
674996182,耐克潮流简约百搭秋季百搭,耐克潮流,203,257,79,7,2601,90,布面材质,TPR鞋底,拉链鞋款,简约百搭,秋季百搭,43,女,广东省,否,23,是
186512389,回力经典工装硬朗夏季透气,回力经典,124,243,51,959,2193,100,飞织面料,EVA轻底,系带设计,工装硬朗,夏季透气,47,男,福建省,否,21,是
463193785,耐克潮流简约百搭春季新款,耐克潮流,117,143,82,3,4534,97,真皮柔软,MD发泡底,松紧带鞋,简约百搭,春季新款,51,女,河南省,是,22,是
124288570,李宁休闲复古潮鞋春季新款,李宁休闲,99,168,59,324,755,90,高端飞织,EVA轻底,拉链鞋款,复古潮鞋,春季新款,46,女,广东省,否,7,否
280319699,其他品牌户外机能夏季透气,其他品牌,128,242,53,16,918,95,高端飞织,橡胶大底,松紧带鞋,户外机能,夏季透气,43,男,四川省,是,16,否
401921267,李宁休闲简约百搭夏季透气,李宁休闲,228,268,85,708,101,93,高端飞织,混合鞋底,松紧带鞋,简约百搭,夏季透气,52,男,江苏省,是,5,是
225310977,京东京造运动休闲秋季百搭,京东京造,282,381,74,152,1136,94,超纤皮鞋,EVA轻底,魔术贴鞋,运动休闲,秋季百搭,45,男,四川省,是,10,否
853143122,斯凯奇潮复古潮鞋夏季透气,斯凯奇潮,116,125,93,596,1599,95,合成革鞋,PU中底,系带设计,复古潮鞋,夏季透气,54,女,福建省,否,20,否
211080111,安踏运动简约百搭夏季透气,安踏运动,112,153,73,1315,4913,97,布面材质,PU中底,拉链鞋款,简约百搭,夏季透气,37,女,河北省,是,23,否
785969175,安踏运动运动休闲四季通用,安踏运动,99,111,89,1145,6081,93,网布透气,MD发泡底,系带设计,运动休闲,四季通用,47,女,江苏省,否,4,是
682812797,其他品牌运动休闲四季通用,其他品牌,133,139,96,4073,878,94,高端飞织,PU中底,拉链鞋款,运动休闲,四季通用,41,女,湖北省,是,18,否
958737854,京东京造运动休闲四季通用,京东京造,99,134,74,7,1388,97,超纤皮鞋,EVA轻底,松紧带鞋,运动休闲,四季通用,23,男,河北省,是,6,是
363731298,京东京造日常休闲夏季透气,京东京造,213,309,69,44,1499,98,布面材质,混合鞋底,魔术贴鞋,日常休闲,夏季透气,59,女,湖北省,是,15,否
167360221,特步男鞋简约百搭春季新款,特步男鞋,99,104,95,545,2873,92,合成革鞋,TPR鞋底,拉链鞋款,简约百搭,春季新款,51,女,四川省,否,8,是
666916740,京东京造运动休闲夏季透气,京东京造,196,211,93,1354,786,92,合成革鞋,TPR鞋底,系带设计,运动休闲,夏季透气,42,女,山东省,是,21,是
135087201,耐克潮流日常休闲秋季百搭,耐克潮流,99,143,69,0,460,95,布面材质,EVA轻底,松紧带鞋,日常休闲,秋季百搭,47,男,湖北省,否,3,是
576676025,阿迪达斯潮流高街春季新款,阿迪达斯,132,183,72,2353,306,90,飞织面料,橡胶大底,魔术贴鞋,潮流高街,春季新款,53,女,广东省,否,8,是
179362595,其他品牌工装硬朗四季通用,其他品牌,99,165,60,619,463,96,布面材质,混合鞋底,魔术贴鞋,工装硬朗,四季通用,55,女,河北省,是,19,是
965144497,其他品牌简约百搭秋季百搭,其他品牌,114,114,100,377,10241,93,真皮柔软,TPR鞋底,拉链鞋款,简约百搭,秋季百搭,45,男,四川省,是,6,是
369839788,耐克潮流户外机能秋季百搭,耐克潮流,99,100,99,27,1248,97,合成革鞋,橡胶大底,魔术贴鞋,户外机能,秋季百搭,44,女,山东省,是,8,否
936333829,回力经典运动休闲秋季百搭,回力经典,113,151,75,70,255,93,布面材质,橡胶大底,魔术贴鞋,运动休闲,秋季百搭,40,男,安徽省,否,9,是
802932199,耐克潮流运动休闲四季通用,耐克潮流,248,340,73,1089,1905,92,布面材质,EVA轻底,松紧带鞋,运动休闲,四季通用,21,男,安徽省,是,15,是
338863211,鸿星尔克潮流高街秋季百搭,鸿星尔克,197,365,54,133,521,96,超纤皮鞋,橡胶大底,魔术贴鞋,潮流高街,秋季百搭,40,女,湖北省,否,8,否
320469430,鸿星尔克复古潮鞋秋季百搭,鸿星尔克,99,106,93,17,1648,91,混合材质,混合鞋底,松紧带鞋,复古潮鞋,秋季百搭,62,女,四川省,是,21,是
662652283,耐克潮流工装硬朗四季通用,耐克潮流,99,105,94,30,1487,90,合成革鞋,TPR鞋底,系带设计,工装硬朗,四季通用,47,女,山东省,是,22,否
754119307,阿迪达斯复古潮鞋夏季透气,阿迪达斯,141,239,59,192,1362,94,布面材质,混合鞋底,套脚款式,复古潮鞋,夏季透气,50,男,福建省,否,20,否
813072285,斯凯奇潮日常休闲四季通用,斯凯奇潮,99,129,77,44,3286,94,超纤皮鞋,TPR鞋底,魔术贴鞋,日常休闲,四季通用,37,女,广东省,是,22,否
156300019,安踏运动工装硬朗夏季透气,安踏运动,243,450,54,4356,1249,94,合成革鞋,PU中底,套脚款式,工装硬朗,夏季透气,47,男,山东省,是,22,否
756076142,耐克潮流复古潮鞋春季新款,耐克潮流,231,231,100,1211,550,91,网布透气,TPR鞋底,拉链鞋款,复古潮鞋,春季新款,50,男,浙江省,否,21,是
484495538,耐克潮流简约百搭夏季透气,耐克潮流,105,142,74,1208,104,94,超纤皮鞋,橡胶大底,拉链鞋款,简约百搭,夏季透气,45,女,四川省,否,20,否
202944338,斯凯奇潮户外机能夏季透气,斯凯奇潮,119,119,100,179,96,97,混合材质,混合鞋底,魔术贴鞋,户外机能,夏季透气,44,女,湖北省,否,21,否
567968531,鸿星尔克户外机能秋季百搭,鸿星尔克,229,347,66,24,905,91,布面材质,混合鞋底,魔术贴鞋,户外机能,秋季百搭,48,男,河北省,否,20,是
764569472,李宁休闲复古潮鞋春季新款,李宁休闲,99,157,63,1305,4859,95,合成革鞋,TPR鞋底,松紧带鞋,复古潮鞋,春季新款,46,男,浙江省,是,6,是
708943584,安踏运动简约百搭秋季百搭,安踏运动,99,160,62,4754,893,93,飞织面料,TPR鞋底,松紧带鞋,简约百搭,秋季百搭,46,男,江苏省,否,5,是
337289672,安踏运动简约百搭夏季透气,安踏运动,99,122,81,34,2741,86,混合材质,橡胶大底,松紧带鞋,简约百搭,夏季透气,44,男,安徽省,是,23,否
221749242,安踏运动复古潮鞋冬季保暖,安踏运动,99,121,82,2186,2360,90,真皮柔软,PU中底,系带设计,复古潮鞋,冬季保暖,42,男,四川省,是,17,是
845129205,斯凯奇潮工装硬朗秋季百搭,斯凯奇潮,159,252,63,33,571,85,布面材质,MD发泡底,套脚款式,工装硬朗,秋季百搭,41,女,安徽省,否,12,是
620758950,其他品牌工装硬朗四季通用,其他品牌,99,168,59,1379,4375,90,真皮柔软,混合鞋底,拉链鞋款,工装硬朗,四季通用,29,男,四川省,是,23,否
918420406,李宁休闲工装硬朗春季新款,李宁休闲,99,143,69,3540,731,95,真皮柔软,TPR鞋底,拉链鞋款,工装硬朗,春季新款,59,男,江苏省,是,11,是
752026447,李宁休闲运动休闲四季通用,李宁休闲,99,103,96,944,2126,92,网布透气,橡胶大底,拉链鞋款,运动休闲,四季通用,60,女,山东省,否,21,否
725192002,特步男鞋复古潮鞋四季通用,特步男鞋,211,245,86,598,1696,98,高端飞织,EVA轻底,拉链鞋款,复古潮鞋,四季通用,62,女,河北省,否,20,是
628279791,斯凯奇潮户外机能夏季透气,斯凯奇潮,139,236,59,48,888,95,高端飞织,TPR鞋底,套脚款式,户外机能,夏季透气,53,男,河南省,否,20,是
614030934,斯凯奇潮运动休闲夏季透气,斯凯奇潮,99,194,51,556,852,98,真皮柔软,混合鞋底,拉链鞋款,运动休闲,夏季透气,55,女,福建省,否,23,是
892078632,斯凯奇潮运动休闲冬季保暖,斯凯奇潮,99,125,79,4122,1015,92,合成革鞋,橡胶大底,系带设计,运动休闲,冬季保暖,18,男,河北省,否,7,是
975257036,鸿星尔克复古潮鞋秋季百搭,鸿星尔克,248,322,77,1127,1034,91,合成革鞋,橡胶大底,松紧带鞋,复古潮鞋,秋季百搭,48,男,湖北省,否,23,否
588376655,李宁休闲户外机能春季新款,李宁休闲,222,261,85,951,3700,93,网布透气,MD发泡底,拉链鞋款,户外机能,春季新款,55,男,安徽省,是,6,是
540077351,京东京造工装硬朗冬季保暖,京东京造,99,106,93,3318,618,96,超纤皮鞋,EVA轻底,系带设计,工装硬朗,冬季保暖,52,男,河南省,是,22,否
808170623,耐克潮流工装硬朗夏季透气,耐克潮流,154,237,65,1368,5160,98,真皮柔软,MD发泡底,系带设计,工装硬朗,夏季透气,47,男,四川省,否,22,否
627509583,鸿星尔克工装硬朗冬季保暖,鸿星尔克,131,222,59,1364,1002,93,高端飞织,TPR鞋底,系带设计,工装硬朗,冬季保暖,34,男,广东省,是,4,否
285603932,李宁休闲工装硬朗冬季保暖,李宁休闲,99,122,81,46,4019,85,飞织面料,橡胶大底,系带设计,工装硬朗,冬季保暖,40,女,四川省,否,10,否
876091240,李宁休闲日常休闲冬季保暖,李宁休闲,99,174,57,5,715,91,合成革鞋,MD发泡底,魔术贴鞋,日常休闲,冬季保暖,54,女,湖北省,否,1,是
415517292,鸿星尔克户外机能夏季透气,鸿星尔克,151,196,77,3727,6483,96,真皮柔软,MD发泡底,系带设计,户外机能,夏季透气,34,女,广东省,是,22,是
445557230,安踏运动工装硬朗春季新款,安踏运动,166,281,59,3041,2063,98,网布透气,MD发泡底,魔术贴鞋,工装硬朗,春季新款,38,女,江苏省,否,20,是
724312270,安踏运动复古潮鞋夏季透气,安踏运动,173,266,65,23,407,94,网布透气,PU中底,松紧带鞋,复古潮鞋,夏季透气,51,男,四川省,否,11,否
477762641,阿迪达斯潮流高街秋季百搭,阿迪达斯,99,121,82,1232,1585,91,超纤皮鞋,TPR鞋底,拉链鞋款,潮流高街,秋季百搭,47,女,福建省,是,16,是
256010607,李宁休闲复古潮鞋冬季保暖,李宁休闲,238,317,75,923,1416,91,超纤皮鞋,橡胶大底,魔术贴鞋,复古潮鞋,冬季保暖,18,男,安徽省,是,20,是
908845681,安踏运动复古潮鞋冬季保暖,安踏运动,134,186,72,3335,917,96,飞织面料,EVA轻底,套脚款式,复古潮鞋,冬季保暖,54,女,江苏省,否,18,否
246209070,鸿星尔克复古潮鞋四季通用,鸿星尔克,99,129,77,1185,5481,96,网布透气,MD发泡底,系带设计,复古潮鞋,四季通用,33,女,河北省,否,9,否
447786714,耐克潮流日常休闲秋季百搭,耐克潮流,149,196,76,37,3365,95,超纤皮鞋,MD发泡底,松紧带鞋,日常休闲,秋季百搭,62,女,福建省,否,22,否
678414582,其他品牌潮流高街四季通用,其他品牌,149,248,60,276,2308,91,真皮柔软,混合鞋底,魔术贴鞋,潮流高街,四季通用,40,男,福建省,否,18,是
954740325,回力经典简约百搭春季新款,回力经典,369,527,70,44,758,97,高端飞织,橡胶大底,拉链鞋款,简约百搭,春季新款,50,男,安徽省,否,20,否
495369909,特步男鞋工装硬朗四季通用,特步男鞋,99,125,79,3848,1827,91,网布透气,PU中底,系带设计,工装硬朗,四季通用,45,男,福建省,是,15,是
747286354,耐克潮流潮流高街冬季保暖,耐克潮流,237,382,62,521,1362,99,布面材质,EVA轻底,系带设计,潮流高街,冬季保暖,47,女,河南省,否,22,否
791908091,其他品牌工装硬朗春季新款,其他品牌,106,129,82,49,1697,95,真皮柔软,橡胶大底,套脚款式,工装硬朗,春季新款,49,女,广东省,是,15,是
579958584,京东京造复古潮鞋夏季透气,京东京造,99,111,89,54,1371,95,布面材质,混合鞋底,拉链鞋款,复古潮鞋,夏季透气,43,女,福建省,是,21,是
799965705,安踏运动户外机能冬季保暖,安踏运动,99,119,83,23,489,90,布面材质,橡胶大底,系带设计,户外机能,冬季保暖,60,女,湖北省,否,1,否
598576552,安踏运动潮流高街冬季保暖,安踏运动,161,169,95,1425,570,98,网布透气,混合鞋底,系带设计,潮流高街,冬季保暖,54,男,广东省,是,3,否
733076886,特步男鞋工装硬朗夏季透气,特步男鞋,312,400,78,340,309,94,高端飞织,橡胶大底,魔术贴鞋,工装硬朗,夏季透气,51,男,山东省,否,20,否
945615375,耐克潮流日常休闲四季通用,耐克潮流,113,188,60,69,9138,89,高端飞织,MD发泡底,拉链鞋款,日常休闲,四季通用,41,女,四川省,否,22,是
775578453,特步男鞋运动休闲四季通用,特步男鞋,192,202,95,770,242,93,飞织面料,PU中底,系带设计,运动休闲,四季通用,38,女,福建省,是,21,否
293922023,斯凯奇潮日常休闲夏季透气,斯凯奇潮,212,331,64,731,305,91,真皮柔软,TPR鞋底,套脚款式,日常休闲,夏季透气,37,女,广东省,是,23,否
326373241,安踏运动潮流高街秋季百搭,安踏运动,99,102,97,3299,428,97,超纤皮鞋,混合鞋底,拉链鞋款,潮流高街,秋季百搭,40,女,山东省,是,1,是
400197598,京东京造工装硬朗冬季保暖,京东京造,318,335,95,3946,3455,90,飞织面料,EVA轻底,套脚款式,工装硬朗,冬季保暖,52,女,河北省,否,8,否
212917221,京东京造工装硬朗春季新款,京东京造,192,274,70,4617,4471,95,飞织面料,EVA轻底,拉链鞋款,工装硬朗,春季新款,40,女,江苏省,是,11,否
488046789,鸿星尔克日常休闲夏季透气,鸿星尔克,99,115,86,302,97,96,混合材质,PU中底,松紧带鞋,日常休闲,夏季透气,41,女,河北省,否,4,否
129938077,鸿星尔克日常休闲秋季百搭,鸿星尔克,123,138,89,1235,1059,95,网布透气,PU中底,套脚款式,日常休闲,秋季百搭,55,男,安徽省,否,17,否
255259676,其他品牌简约百搭冬季保暖,其他品牌,202,227,89,70,614,91,超纤皮鞋,橡胶大底,松紧带鞋,简约百搭,冬季保暖,43,女,四川省,是,16,否
718123277,安踏运动日常休闲春季新款,安踏运动,109,149,73,945,488,98,混合材质,EVA轻底,魔术贴鞋,日常休闲,春季新款,48,女,湖北省,否,1,是
718854167,安踏运动工装硬朗冬季保暖,安踏运动,166,213,78,386,5318,87,高端飞织,MD发泡底,魔术贴鞋,工装硬朗,冬季保暖,38,女,江苏省,是,6,是
687865143,鸿星尔克日常休闲夏季透气,鸿星尔克,236,306,77,1193,190,91,混合材质,EVA轻底,松紧带鞋,日常休闲,夏季透气,61,女,广东省,否,21,是
515742008,其他品牌户外机能夏季透气,其他品牌,146,212,69,591,630,99,高端飞织,橡胶大底,魔术贴鞋,户外机能,夏季透气,46,女,广东省,是,11,是
470945187,李宁休闲工装硬朗秋季百搭,李宁休闲,143,260,55,219,1645,99,合成革鞋,橡胶大底,套脚款式,工装硬朗,秋季百搭,40,女,河南省,是,2,是
690697450,回力经典潮流高街夏季透气,回力经典,155,287,54,12,398,93,超纤皮鞋,MD发泡底,系带设计,潮流高街,夏季透气,45,女,浙江省,否,23,是
270336331,耐克潮流运动休闲春季新款,耐克潮流,136,174,78,179,357,86,合成革鞋,TPR鞋底,魔术贴鞋,运动休闲,春季新款,44,男,河南省,否,23,是
770054656,阿迪达斯日常休闲春季新款,阿迪达斯,310,369,84,1370,2756,95,网布透气,橡胶大底,松紧带鞋,日常休闲,春季新款,56,男,安徽省,是,18,是
146017265,京东京造工装硬朗春季新款,京东京造,200,247,81,68,2736,91,真皮柔软,混合鞋底,套脚款式,工装硬朗,春季新款,44,男,安徽省,是,17,否
848128363,京东京造日常休闲四季通用,京东京造,161,163,99,1343,1035,91,网布透气,EVA轻底,拉链鞋款,日常休闲,四季通用,51,男,浙江省,否,21,否
848514693,特步男鞋日常休闲夏季透气,特步男鞋,99,127,78,286,261,95,真皮柔软,MD发泡底,拉链鞋款,日常休闲,夏季透气,56,女,湖北省,是,20,是
530233348,耐克潮流日常休闲春季新款,耐克潮流,227,320,71,706,284,97,布面材质,橡胶大底,系带设计,日常休闲,春季新款,39,男,福建省,是,13,是
971997258,安踏运动简约百搭秋季百搭,安踏运动,99,109,91,212,172,94,布面材质,TPR鞋底,魔术贴鞋,简约百搭,秋季百搭,47,男,浙江省,是,3,是
949187678,李宁休闲运动休闲夏季透气,李宁休闲,99,106,93,524,749,94,混合材质,TPR鞋底,拉链鞋款,运动休闲,夏季透气,48,男,广东省,是,18,否
768032092,京东京造运动休闲四季通用,京东京造,230,343,67,1245,3689,97,超纤皮鞋,混合鞋底,魔术贴鞋,运动休闲,四季通用,58,女,四川省,否,15,否
980017789,李宁休闲潮流高街冬季保暖,李宁休闲,243,450,54,1248,2979,97,飞织面料,EVA轻底,系带设计,潮流高街,冬季保暖,47,男,四川省,否,5,否
998840836,特步男鞋工装硬朗四季通用,特步男鞋,99,130,76,4683,416,92,飞织面料,TPR鞋底,魔术贴鞋,工装硬朗,四季通用,53,男,湖北省,否,18,是
709839827,京东京造户外机能夏季透气,京东京造,219,226,97,3270,2133,90,合成革鞋,橡胶大底,套脚款式,户外机能,夏季透气,52,男,安徽省,是,12,否
368282289,耐克潮流复古潮鞋春季新款,耐克潮流,192,267,72,3588,574,90,网布透气,混合鞋底,拉链鞋款,复古潮鞋,春季新款,35,男,福建省,是,18,否
926608178,阿迪达斯户外机能春季新款,阿迪达斯,220,244,90,4862,426,93,高端飞织,MD发泡底,套脚款式,户外机能,春季新款,52,男,河北省,是,3,是
621600618,特步男鞋简约百搭夏季透气,特步男鞋,383,479,80,20,4925,86,布面材质,EVA轻底,套脚款式,简约百搭,夏季透气,50,男,山东省,否,6,否
347337936,安踏运动简约百搭夏季透气,安踏运动,229,440,52,1277,386,100,混合材质,橡胶大底,拉链鞋款,简约百搭,夏季透气,54,女,浙江省,否,20,是
909792678,京东京造户外机能秋季百搭,京东京造,99,108,92,947,7921,92,合成革鞋,PU中底,拉链鞋款,户外机能,秋季百搭,47,女,河北省,是,21,否
276602231,回力经典复古潮鞋夏季透气,回力经典,99,119,83,1209,5337,90,网布透气,橡胶大底,松紧带鞋,复古潮鞋,夏季透气,53,女,河南省,是,5,是
602848870,特步男鞋潮流高街夏季透气,特步男鞋,99,105,94,113,537,91,真皮柔软,混合鞋底,松紧带鞋,潮流高街,夏季透气,47,男,湖北省,是,11,是
409948304,鸿星尔克简约百搭春季新款,鸿星尔克,118,124,95,165,555,95,高端飞织,PU中底,系带设计,简约百搭,春季新款,52,男,广东省,否,5,否
611242721,京东京造日常休闲春季新款,京东京造,203,290,70,3883,5613,87,超纤皮鞋,EVA轻底,松紧带鞋,日常休闲,春季新款,50,男,江苏省,是,20,否
732249989,耐克潮流复古潮鞋夏季透气,耐克潮流,99,155,64,42,1993,91,超纤皮鞋,TPR鞋底,拉链鞋款,复古潮鞋,夏季透气,46,女,河北省,否,14,否
979997441,其他品牌日常休闲四季通用,其他品牌,166,166,100,1291,1065,92,布面材质,橡胶大底,系带设计,日常休闲,四季通用,40,女,福建省,否,15,否
984202299,阿迪达斯日常休闲四季通用,阿迪达斯,112,187,60,477,1776,97,真皮柔软,PU中底,拉链鞋款,日常休闲,四季通用,36,女,江苏省,是,13,否
292042854,阿迪达斯工装硬朗秋季百搭,阿迪达斯,209,235,89,128,2227,93,网布透气,PU中底,拉链鞋款,工装硬朗,秋季百搭,52,男,江苏省,是,2,是
995412137,鸿星尔克户外机能秋季百搭,鸿星尔克,99,110,90,45,1113,97,飞织面料,混合鞋底,套脚款式,户外机能,秋季百搭,36,男,浙江省,否,22,是
548773052,斯凯奇潮工装硬朗四季通用,斯凯奇潮,202,273,74,7,3080,92,网布透气,EVA轻底,系带设计,工装硬朗,四季通用,37,女,浙江省,否,21,是
607477986,京东京造工装硬朗秋季百搭,京东京造,99,155,64,719,397,92,飞织面料,MD发泡底,松紧带鞋,工装硬朗,秋季百搭,42,女,安徽省,否,19,否
506746208,斯凯奇潮运动休闲秋季百搭,斯凯奇潮,99,101,98,1020,1108,91,合成革鞋,混合鞋底,松紧带鞋,运动休闲,秋季百搭,56,男,江苏省,是,20,是
768562354,李宁休闲潮流高街四季通用,李宁休闲,190,358,53,2456,115,98,真皮柔软,混合鞋底,系带设计,潮流高街,四季通用,44,男,河北省,是,22,否
555272204,斯凯奇潮工装硬朗冬季保暖,斯凯奇潮,228,335,68,849,2026,91,飞织面料,EVA轻底,松紧带鞋,工装硬朗,冬季保暖,60,女,河南省,是,5,否
965633024,李宁休闲日常休闲夏季透气,李宁休闲,133,151,88,941,2122,90,网布透气,PU中底,拉链鞋款,日常休闲,夏季透气,44,女,河南省,否,20,否
215906083,安踏运动户外机能四季通用,安踏运动,99,177,56,412,484,95,混合材质,PU中底,拉链鞋款,户外机能,四季通用,45,男,湖北省,是,21,否
493231894,鸿星尔克潮流高街夏季透气,鸿星尔克,99,129,77,269,7933,91,网布透气,EVA轻底,魔术贴鞋,潮流高街,夏季透气,31,女,福建省,是,9,是
294415900,特步男鞋户外机能四季通用,特步男鞋,99,110,90,24,1371,95,混合材质,PU中底,魔术贴鞋,户外机能,四季通用,53,女,四川省,是,0,否
851868056,斯凯奇潮运动休闲春季新款,斯凯奇潮,99,106,93,235,2969,100,合成革鞋,PU中底,拉链鞋款,运动休闲,春季新款,58,男,湖北省,否,16,是
113729886,特步男鞋工装硬朗夏季透气,特步男鞋,304,380,80,3241,1756,97,合成革鞋,橡胶大底,魔术贴鞋,工装硬朗,夏季透气,51,男,安徽省,否,21,否
710772370,鸿星尔克复古潮鞋秋季百搭,鸿星尔克,99,157,63,4838,3615,94,真皮柔软,PU中底,套脚款式,复古潮鞋,秋季百搭,46,女,福建省,否,2,是
120607728,特步男鞋运动休闲冬季保暖,特步男鞋,99,122,81,687,385,90,网布透气,EVA轻底,套脚款式,运动休闲,冬季保暖,54,女,广东省,否,17,否
760959207,回力经典复古潮鞋冬季保暖,回力经典,200,260,77,452,326,100,网布透气,TPR鞋底,系带设计,复古潮鞋,冬季保暖,56,女,山东省,是,19,是
214835260,其他品牌简约百搭冬季保暖,其他品牌,171,225,76,291,143,99,超纤皮鞋,MD发泡底,松紧带鞋,简约百搭,冬季保暖,48,男,浙江省,是,9,否
296200471,京东京造户外机能春季新款,京东京造,147,179,82,4,3646,96,高端飞织,EVA轻底,魔术贴鞋,户外机能,春季新款,48,女,广东省,是,20,是
979260577,李宁休闲简约百搭冬季保暖,李宁休闲,127,138,92,30,402,96,高端飞织,TPR鞋底,松紧带鞋,简约百搭,冬季保暖,33,女,安徽省,是,5,是
395224706,斯凯奇潮潮流高街冬季保暖,斯凯奇潮,99,121,82,257,405,87,超纤皮鞋,混合鞋底,魔术贴鞋,潮流高街,冬季保暖,46,男,河南省,否,10,否
356964749,李宁休闲潮流高街春季新款,李宁休闲,99,177,56,79,874,94,网布透气,MD发泡底,套脚款式,潮流高街,春季新款,46,男,山东省,是,0,否
704175873,李宁休闲工装硬朗夏季透气,李宁休闲,99,130,76,988,678,94,飞织面料,EVA轻底,系带设计,工装硬朗,夏季透气,39,女,安徽省,是,20,是
943703444,京东京造简约百搭春季新款,京东京造,99,122,81,28,1233,90,飞织面料,橡胶大底,系带设计,简约百搭,春季新款,28,男,湖北省,是,7,是
437235022,李宁休闲工装硬朗春季新款,李宁休闲,99,141,70,136,8816,100,合成革鞋,橡胶大底,魔术贴鞋,工装硬朗,春季新款,61,女,四川省,是,23,否
810614298,李宁休闲潮流高街夏季透气,李宁休闲,99,114,87,1477,340,97,布面材质,橡胶大底,套脚款式,潮流高街,夏季透气,55,男,河南省,否,18,否
480270734,鸿星尔克工装硬朗四季通用,鸿星尔克,99,141,70,652,1100,85,网布透气,EVA轻底,系带设计,工装硬朗,四季通用,44,男,河北省,是,18,是
580702780,京东京造潮流高街春季新款,京东京造,147,207,71,50,329,90,超纤皮鞋,EVA轻底,系带设计,潮流高街,春季新款,44,男,福建省,是,22,是
698772551,斯凯奇潮运动休闲夏季透气,斯凯奇潮,99,103,96,1171,694,95,合成革鞋,混合鞋底,套脚款式,运动休闲,夏季透气,37,男,河南省,否,2,否
194453193,耐克潮流日常休闲夏季透气,耐克潮流,99,101,98,686,4479,95,真皮柔软,EVA轻底,魔术贴鞋,日常休闲,夏季透气,48,女,河北省,否,12,否
651920336,京东京造简约百搭秋季百搭,京东京造,150,294,51,16,2406,96,高端飞织,EVA轻底,魔术贴鞋,简约百搭,秋季百搭,52,女,福建省,否,21,是
666190478,耐克潮流简约百搭秋季百搭,耐克潮流,99,168,59,1458,1009,94,网布透气,EVA轻底,拉链鞋款,简约百搭,秋季百搭,53,男,浙江省,否,8,是
378990979,阿迪达斯潮流高街春季新款,阿迪达斯,99,152,65,1044,614,94,网布透气,混合鞋底,系带设计,潮流高街,春季新款,64,男,河北省,是,22,否
937665156,鸿星尔克运动休闲冬季保暖,鸿星尔克,99,122,81,4169,2974,96,网布透气,PU中底,魔术贴鞋,运动休闲,冬季保暖,31,女,河南省,是,6,是
392152282,李宁休闲工装硬朗冬季保暖,李宁休闲,99,141,70,1245,3360,91,真皮柔软,PU中底,魔术贴鞋,工装硬朗,冬季保暖,36,女,河北省,是,4,是
998726808,鸿星尔克简约百搭冬季保暖,鸿星尔克,99,190,52,27,1598,92,超纤皮鞋,MD发泡底,拉链鞋款,简约百搭,冬季保暖,33,男,四川省,是,8,否
246899730,李宁休闲日常休闲春季新款,李宁休闲,99,168,59,458,3613,91,布面材质,MD发泡底,套脚款式,日常休闲,春季新款,45,女,河南省,否,8,否
343161488,京东京造运动休闲冬季保暖,京东京造,238,322,74,3305,2326,91,飞织面料,TPR鞋底,拉链鞋款,运动休闲,冬季保暖,35,男,江苏省,否,10,否
803762908,阿迪达斯工装硬朗夏季透气,阿迪达斯,99,152,65,21,4617,85,超纤皮鞋,EVA轻底,套脚款式,工装硬朗,夏季透气,49,男,山东省,是,6,是
675742461,李宁休闲复古潮鞋冬季保暖,李宁休闲,99,118,84,4706,695,95,混合材质,PU中底,松紧带鞋,复古潮鞋,冬季保暖,20,女,河南省,否,22,是
499279935,鸿星尔克潮流高街四季通用,鸿星尔克,264,287,92,16,855,86,高端飞织,TPR鞋底,松紧带鞋,潮流高街,四季通用,47,男,河北省,否,2,否
753364904,京东京造运动休闲春季新款,京东京造,286,477,60,4329,140,93,布面材质,混合鞋底,套脚款式,运动休闲,春季新款,59,男,福建省,否,5,否
519949436,李宁休闲户外机能秋季百搭,李宁休闲,138,271,51,374,7577,95,布面材质,MD发泡底,魔术贴鞋,户外机能,秋季百搭,55,女,安徽省,否,20,是
856278903,鸿星尔克工装硬朗春季新款,鸿星尔克,99,198,50,3606,58,97,布面材质,PU中底,套脚款式,工装硬朗,春季新款,47,男,河北省,否,20,是
377377356,回力经典户外机能春季新款,回力经典,260,271,96,1009,6047,88,网布透气,TPR鞋底,魔术贴鞋,户外机能,春季新款,42,男,山东省,否,17,是
931218535,京东京造工装硬朗四季通用,京东京造,99,150,66,618,2118,88,混合材质,混合鞋底,拉链鞋款,工装硬朗,四季通用,45,男,福建省,是,4,否
752900976,李宁休闲运动休闲冬季保暖,李宁休闲,155,157,99,359,830,100,超纤皮鞋,EVA轻底,松紧带鞋,运动休闲,冬季保暖,53,女,浙江省,是,4,是
154656019,特步男鞋日常休闲夏季透气,特步男鞋,213,361,59,4,219,92,超纤皮鞋,混合鞋底,系带设计,日常休闲,夏季透气,40,女,山东省,否,23,否
557675211,阿迪达斯简约百搭夏季透气,阿迪达斯,115,183,63,0,2727,99,布面材质,MD发泡底,套脚款式,简约百搭,夏季透气,52,男,安徽省,否,4,是
450624547,阿迪达斯户外机能夏季透气,阿迪达斯,145,227,64,426,1028,96,真皮柔软,混合鞋底,拉链鞋款,户外机能,夏季透气,39,男,浙江省,否,3,否
857138352,安踏运动户外机能秋季百搭,安踏运动,99,150,66,49,208,96,高端飞织,混合鞋底,拉链鞋款,户外机能,秋季百搭,34,女,山东省,否,23,否
796586195,阿迪达斯户外机能秋季百搭,阿迪达斯,147,147,100,41,154,94,飞织面料,TPR鞋底,魔术贴鞋,户外机能,秋季百搭,44,男,江苏省,否,19,是
699080567,鸿星尔克运动休闲冬季保暖,鸿星尔克,160,172,93,1161,463,96,真皮柔软,PU中底,拉链鞋款,运动休闲,冬季保暖,35,女,浙江省,否,11,是
435918026,斯凯奇潮潮流高街春季新款,斯凯奇潮,268,406,66,869,1026,98,布面材质,MD发泡底,拉链鞋款,潮流高街,春季新款,40,女,福建省,否,18,否
997168908,京东京造日常休闲四季通用,京东京造,128,154,83,1071,264,97,超纤皮鞋,TPR鞋底,魔术贴鞋,日常休闲,四季通用,38,男,湖北省,是,20,否
207098073,特步男鞋日常休闲冬季保暖,特步男鞋,189,208,91,21,664,92,布面材质,混合鞋底,拉链鞋款,日常休闲,冬季保暖,47,女,江苏省,否,4,是
995777883,特步男鞋工装硬朗秋季百搭,特步男鞋,508,546,93,48,1957,100,高端飞织,PU中底,魔术贴鞋,工装硬朗,秋季百搭,55,女,福建省,否,23,是
653088330,耐克潮流潮流高街夏季透气,耐克潮流,99,127,78,522,830,89,网布透气,MD发泡底,松紧带鞋,潮流高街,夏季透气,39,男,湖北省,否,2,是
628049008,特步男鞋潮流高街秋季百搭,特步男鞋,99,106,93,2817,279,92,网布透气,混合鞋底,系带设计,潮流高街,秋季百搭,29,女,河北省,否,19,否
898671771,斯凯奇潮户外机能四季通用,斯凯奇潮,105,112,94,1276,831,96,网布透气,橡胶大底,魔术贴鞋,户外机能,四季通用,21,男,江苏省,否,7,否
691605642,斯凯奇潮简约百搭夏季透气,斯凯奇潮,103,169,61,1138,3099,98,真皮柔软,PU中底,套脚款式,简约百搭,夏季透气,48,男,江苏省,是,3,否
289901446,回力经典户外机能冬季保暖,回力经典,172,172,100,344,617,97,网布透气,TPR鞋底,魔术贴鞋,户外机能,冬季保暖,45,女,江苏省,否,19,否
455193263,耐克潮流日常休闲夏季透气,耐克潮流,99,190,52,40,853,93,高端飞织,PU中底,系带设计,日常休闲,夏季透气,35,男,河南省,否,20,否
233660755,斯凯奇潮潮流高街秋季百搭,斯凯奇潮,99,109,91,849,488,97,高端飞织,TPR鞋底,套脚款式,潮流高街,秋季百搭,42,女,广东省,是,13,否
923303319,京东京造工装硬朗冬季保暖,京东京造,172,229,75,180,361,98,布面材质,PU中底,套脚款式,工装硬朗,冬季保暖,47,女,江苏省,否,6,是
407755128,特步男鞋工装硬朗秋季百搭,特步男鞋,190,306,62,386,611,90,布面材质,PU中底,套脚款式,工装硬朗,秋季百搭,41,女,福建省,是,17,是
688369956,回力经典户外机能冬季保暖,回力经典,334,367,91,1138,1134,91,合成革鞋,PU中底,拉链鞋款,户外机能,冬季保暖,57,女,福建省,是,10,否
896628503,京东京造工装硬朗夏季透气,京东京造,180,310,58,1163,1143,96,布面材质,PU中底,魔术贴鞋,工装硬朗,夏季透气,47,女,山东省,否,11,否
909859384,安踏运动工装硬朗秋季百搭,安踏运动,127,176,72,907,577,90,真皮柔软,橡胶大底,拉链鞋款,工装硬朗,秋季百搭,54,女,河北省,否,20,是
341755247,回力经典户外机能秋季百搭,回力经典,169,209,81,418,3841,93,混合材质,EVA轻底,系带设计,户外机能,秋季百搭,42,男,福建省,否,20,否
220072398,李宁休闲潮流高街冬季保暖,李宁休闲,99,102,97,60,3196,94,网布透气,PU中底,系带设计,潮流高街,冬季保暖,43,女,江苏省,否,7,是
668785185,鸿星尔克工装硬朗春季新款,鸿星尔克,99,162,61,4597,1022,90,合成革鞋,EVA轻底,套脚款式,工装硬朗,春季新款,43,女,湖北省,否,23,是
214634372,安踏运动工装硬朗夏季透气,安踏运动,99,143,69,938,4792,92,混合材质,混合鞋底,套脚款式,工装硬朗,夏季透气,34,女,广东省,否,10,否
531166800,斯凯奇潮户外机能夏季透气,斯凯奇潮,99,116,85,1097,953,93,超纤皮鞋,PU中底,松紧带鞋,户外机能,夏季透气,38,男,江苏省,否,2,是
788373405,李宁休闲工装硬朗夏季透气,李宁休闲,142,163,87,8,60,97,合成革鞋,EVA轻底,系带设计,工装硬朗,夏季透气,59,男,浙江省,否,20,是
115910835,京东京造潮流高街春季新款,京东京造,99,134,74,1365,28208,95,布面材质,混合鞋底,拉链鞋款,潮流高街,春季新款,61,女,江苏省,是,10,否
451350136,耐克潮流运动休闲春季新款,耐克潮流,99,183,54,344,1633,94,超纤皮鞋,PU中底,系带设计,运动休闲,春季新款,49,男,广东省,是,0,否
128747260,其他品牌工装硬朗春季新款,其他品牌,99,122,81,8,848,100,合成革鞋,EVA轻底,松紧带鞋,工装硬朗,春季新款,50,男,山东省,是,4,是
842835498,李宁休闲简约百搭春季新款,李宁休闲,304,320,95,23,3168,91,混合材质,PU中底,松紧带鞋,简约百搭,春季新款,46,女,安徽省,是,0,是
831361955,耐克潮流工装硬朗秋季百搭,耐克潮流,370,440,84,56,2681,91,合成革鞋,混合鞋底,套脚款式,工装硬朗,秋季百搭,49,女,浙江省,是,7,是
549072693,耐克潮流潮流高街夏季透气,耐克潮流,199,201,99,3739,4746,98,飞织面料,TPR鞋底,松紧带鞋,潮流高街,夏季透气,40,男,河南省,否,13,否
979109544,回力经典潮流高街秋季百搭,回力经典,132,240,55,408,2824,96,网布透气,橡胶大底,魔术贴鞋,潮流高街,秋季百搭,35,女,湖北省,否,10,是
101347704,其他品牌日常休闲冬季保暖,其他品牌,131,205,64,1040,2028,99,高端飞织,PU中底,套脚款式,日常休闲,冬季保暖,56,女,安徽省,是,11,是
852001646,李宁休闲复古潮鞋夏季透气,李宁休闲,99,152,65,3779,856,95,真皮柔软,MD发泡底,拉链鞋款,复古潮鞋,夏季透气,38,女,安徽省,是,8,是
909993088,京东京造复古潮鞋秋季百搭,京东京造,449,591,76,1305,1838,97,布面材质,TPR鞋底,套脚款式,复古潮鞋,秋季百搭,53,男,广东省,否,8,否
203287463,其他品牌运动休闲春季新款,其他品牌,106,123,86,34,306,100,布面材质,混合鞋底,套脚款式,运动休闲,春季新款,39,男,湖北省,否,17,是
405728048,鸿星尔克户外机能冬季保暖,鸿星尔克,99,109,91,3997,1387,92,网布透气,EVA轻底,松紧带鞋,户外机能,冬季保暖,51,女,四川省,是,23,否
683335312,其他品牌复古潮鞋春季新款,其他品牌,124,185,67,744,27699,97,混合材质,橡胶大底,系带设计,复古潮鞋,春季新款,43,男,江苏省,是,18,否
202786263,鸿星尔克潮流高街秋季百搭,鸿星尔克,121,202,60,63,2499,90,混合材质,橡胶大底,系带设计,潮流高街,秋季百搭,59,女,四川省,是,5,否
229276493,特步男鞋简约百搭夏季透气,特步男鞋,99,177,56,51,642,100,高端飞织,PU中底,系带设计,简约百搭,夏季透气,44,女,四川省,否,20,是
949493026,安踏运动工装硬朗夏季透气,安踏运动,154,171,90,544,4118,96,合成革鞋,MD发泡底,拉链鞋款,工装硬朗,夏季透气,51,男,安徽省,是,21,否
161907960,李宁休闲运动休闲冬季保暖,李宁休闲,127,215,59,7,206,87,合成革鞋,TPR鞋底,套脚款式,运动休闲,冬季保暖,56,女,浙江省,是,17,是
880609012,耐克潮流运动休闲四季通用,耐克潮流,99,101,98,168,3573,93,网布透气,混合鞋底,松紧带鞋,运动休闲,四季通用,48,女,四川省,是,23,是
856979776,李宁休闲潮流高街四季通用,李宁休闲,99,119,83,21,2377,95,飞织面料,TPR鞋底,魔术贴鞋,潮流高街,四季通用,40,男,浙江省,是,20,是
764208139,阿迪达斯复古潮鞋春季新款,阿迪达斯,99,198,50,260,348,97,合成革鞋,PU中底,系带设计,复古潮鞋,春季新款,38,女,广东省,是,12,是
438886054,回力经典简约百搭春季新款,回力经典,136,149,91,35,1558,96,超纤皮鞋,橡胶大底,套脚款式,简约百搭,春季新款,50,女,湖北省,是,23,是
899196952,其他品牌工装硬朗冬季保暖,其他品牌,214,223,96,4592,679,92,网布透气,MD发泡底,松紧带鞋,工装硬朗,冬季保暖,48,女,安徽省,是,23,是
287674249,鸿星尔克潮流高街秋季百搭,鸿星尔克,364,449,81,652,4840,95,混合材质,EVA轻底,松紧带鞋,潮流高街,秋季百搭,40,女,河北省,是,17,否
761858529,回力经典户外机能冬季保暖,回力经典,273,390,70,667,2244,95,混合材质,混合鞋底,拉链鞋款,户外机能,冬季保暖,48,男,河南省,是,3,是
282299926,斯凯奇潮运动休闲夏季透气,斯凯奇潮,165,190,87,736,1339,95,真皮柔软,MD发泡底,松紧带鞋,运动休闲,夏季透气,53,女,河南省,是,22,是
531220004,阿迪达斯复古潮鞋冬季保暖,阿迪达斯,254,431,59,3989,709,95,合成革鞋,MD发泡底,套脚款式,复古潮鞋,冬季保暖,41,男,山东省,否,9,否
427490894,李宁休闲运动休闲四季通用,李宁休闲,243,412,59,262,722,87,合成革鞋,PU中底,拉链鞋款,运动休闲,四季通用,43,男,河南省,否,6,否
945285397,安踏运动工装硬朗四季通用,安踏运动,147,272,54,4,748,92,布面材质,橡胶大底,系带设计,工装硬朗,四季通用,42,女,河北省,是,4,是
947641665,耐克潮流复古潮鞋夏季透气,耐克潮流,101,171,59,1456,1643,94,飞织面料,EVA轻底,套脚款式,复古潮鞋,夏季透气,54,女,湖北省,是,23,否
116105942,李宁休闲工装硬朗冬季保暖,李宁休闲,99,125,79,14,649,98,布面材质,混合鞋底,套脚款式,工装硬朗,冬季保暖,54,男,山东省,是,13,是
905170309,阿迪达斯工装硬朗春季新款,阿迪达斯,309,475,65,1148,1145,93,高端飞织,MD发泡底,松紧带鞋,工装硬朗,春季新款,50,女,河南省,否,22,否
402227394,李宁休闲复古潮鞋春季新款,李宁休闲,337,496,68,20,989,93,网布透气,PU中底,系带设计,复古潮鞋,春季新款,49,男,河南省,否,8,否
252672378,特步男鞋运动休闲四季通用,特步男鞋,99,150,66,854,4242,90,超纤皮鞋,TPR鞋底,松紧带鞋,运动休闲,四季通用,51,女,广东省,否,19,否
826752080,京东京造运动休闲四季通用,京东京造,99,190,52,6,668,100,超纤皮鞋,MD发泡底,拉链鞋款,运动休闲,四季通用,51,女,河北省,否,11,否
113935852,其他品牌复古潮鞋秋季百搭,其他品牌,157,201,78,1063,1400,91,飞织面料,EVA轻底,松紧带鞋,复古潮鞋,秋季百搭,55,女,山东省,否,21,是
812488019,阿迪达斯户外机能春季新款,阿迪达斯,99,121,82,3237,6714,99,高端飞织,混合鞋底,套脚款式,户外机能,春季新款,52,男,安徽省,否,11,是
668146602,斯凯奇潮潮流高街夏季透气,斯凯奇潮,200,222,90,3265,714,88,高端飞织,PU中底,魔术贴鞋,潮流高街,夏季透气,51,男,湖北省,否,1,否
962646697,斯凯奇潮工装硬朗夏季透气,斯凯奇潮,99,136,73,913,1236,90,真皮柔软,PU中底,魔术贴鞋,工装硬朗,夏季透气,31,女,湖北省,否,6,是
367733513,回力经典户外机能冬季保暖,回力经典,233,448,52,264,1028,90,超纤皮鞋,橡胶大底,系带设计,户外机能,冬季保暖,46,男,湖北省,是,5,是
380504805,回力经典简约百搭秋季百搭,回力经典,120,182,66,13,666,100,飞织面料,混合鞋底,套脚款式,简约百搭,秋季百搭,44,女,广东省,否,7,否
560514422,其他品牌简约百搭秋季百搭,其他品牌,216,232,93,3058,2799,92,飞织面料,PU中底,系带设计,简约百搭,秋季百搭,36,女,浙江省,否,15,是
291125906,安踏运动工装硬朗冬季保暖,安踏运动,146,265,55,613,2275,90,真皮柔软,橡胶大底,魔术贴鞋,工装硬朗,冬季保暖,49,女,广东省,否,23,是
386310649,李宁休闲简约百搭夏季透气,李宁休闲,104,133,78,4240,1313,93,真皮柔软,PU中底,套脚款式,简约百搭,夏季透气,27,男,江苏省,是,20,否
940391761,其他品牌简约百搭冬季保暖,其他品牌,218,287,76,68,138,93,布面材质,TPR鞋底,拉链鞋款,简约百搭,冬季保暖,36,女,河南省,是,22,否
693659705,其他品牌简约百搭四季通用,其他品牌,218,245,89,218,4444,97,高端飞织,TPR鞋底,魔术贴鞋,简约百搭,四季通用,35,男,四川省,否,3,否
326759234,特步男鞋户外机能四季通用,特步男鞋,99,101,98,919,1933,97,超纤皮鞋,PU中底,松紧带鞋,户外机能,四季通用,45,女,安徽省,否,23,是
441396332,安踏运动潮流高街冬季保暖,安踏运动,122,124,98,581,1112,98,真皮柔软,EVA轻底,套脚款式,潮流高街,冬季保暖,55,女,江苏省,是,11,是
856384199,京东京造潮流高街夏季透气,京东京造,99,168,59,135,1870,87,超纤皮鞋,MD发泡底,松紧带鞋,潮流高街,夏季透气,50,女,福建省,否,21,是
689838927,鸿星尔克工装硬朗冬季保暖,鸿星尔克,156,205,76,16,1570,98,布面材质,EVA轻底,拉链鞋款,工装硬朗,冬季保暖,38,男,湖北省,是,6,是
903268730,斯凯奇潮复古潮鞋夏季透气,斯凯奇潮,99,183,54,1093,3140,95,网布透气,橡胶大底,松紧带鞋,复古潮鞋,夏季透气,42,男,江苏省,是,22,是
228871208,李宁休闲户外机能春季新款,李宁休闲,154,230,67,1299,1291,98,网布透气,EVA轻底,魔术贴鞋,户外机能,春季新款,61,女,河北省,否,22,否
620541338,回力经典潮流高街四季通用,回力经典,111,135,82,4573,1427,92,混合材质,PU中底,魔术贴鞋,潮流高街,四季通用,47,男,湖北省,是,20,是
665809949,回力经典简约百搭春季新款,回力经典,99,106,93,2633,567,95,真皮柔软,橡胶大底,套脚款式,简约百搭,春季新款,49,女,山东省,否,21,是
505538059,李宁休闲复古潮鞋四季通用,李宁休闲,124,153,81,2430,767,96,混合材质,混合鞋底,拉链鞋款,复古潮鞋,四季通用,57,女,山东省,是,1,是
751302106,特步男鞋潮流高街春季新款,特步男鞋,124,144,86,1243,145,90,超纤皮鞋,PU中底,系带设计,潮流高街,春季新款,44,女,广东省,是,21,是
438200456,京东京造潮流高街四季通用,京东京造,124,149,83,683,917,97,高端飞织,PU中底,松紧带鞋,潮流高街,四季通用,44,女,山东省,否,20,否
735820584,阿迪达斯日常休闲夏季透气,阿迪达斯,240,312,77,1225,6435,92,混合材质,混合鞋底,拉链鞋款,日常休闲,夏季透气,50,女,河北省,否,16,是
189540557,斯凯奇潮复古潮鞋冬季保暖,斯凯奇潮,232,455,51,25,1455,93,布面材质,TPR鞋底,系带设计,复古潮鞋,冬季保暖,43,女,广东省,否,20,否
502085524,耐克潮流简约百搭秋季百搭,耐克潮流,157,257,61,1332,742,99,布面材质,MD发泡底,套脚款式,简约百搭,秋季百搭,52,女,河南省,否,23,否
990087685,特步男鞋户外机能春季新款,特步男鞋,106,158,67,1162,4123,97,布面材质,TPR鞋底,拉链鞋款,户外机能,春季新款,41,男,四川省,否,0,否
369334519,特步男鞋运动休闲四季通用,特步男鞋,154,275,56,673,5535,94,混合材质,TPR鞋底,套脚款式,运动休闲,四季通用,38,女,河南省,否,7,是
975952752,京东京造复古潮鞋夏季透气,京东京造,99,108,92,3708,1571,93,真皮柔软,PU中底,系带设计,复古潮鞋,夏季透气,58,女,安徽省,否,22,否
265173005,阿迪达斯日常休闲冬季保暖,阿迪达斯,105,184,57,1063,3408,100,高端飞织,PU中底,套脚款式,日常休闲,冬季保暖,64,女,河北省,否,16,是
872052029,特步男鞋运动休闲春季新款,特步男鞋,107,210,51,538,21735,97,布面材质,混合鞋底,魔术贴鞋,运动休闲,春季新款,48,男,四川省,是,8,否
973451838,耐克潮流潮流高街秋季百搭,耐克潮流,200,385,52,2498,903,91,混合材质,PU中底,拉链鞋款,潮流高街,秋季百搭,41,男,山东省,否,15,是
536243350,安踏运动工装硬朗夏季透气,安踏运动,226,419,54,17,2148,88,合成革鞋,EVA轻底,松紧带鞋,工装硬朗,夏季透气,53,男,山东省,否,14,否
100754748,阿迪达斯户外机能冬季保暖,阿迪达斯,99,109,91,1136,2222,87,混合材质,TPR鞋底,套脚款式,户外机能,冬季保暖,40,男,河南省,是,0,是
947782345,京东京造运动休闲春季新款,京东京造,99,114,87,863,2802,88,布面材质,混合鞋底,魔术贴鞋,运动休闲,春季新款,37,男,安徽省,否,22,是
123831132,其他品牌日常休闲夏季透气,其他品牌,99,127,78,273,2266,94,飞织面料,PU中底,系带设计,日常休闲,夏季透气,57,男,江苏省,否,22,是
464134093,安踏运动户外机能四季通用,安踏运动,99,160,62,4824,578,93,超纤皮鞋,橡胶大底,系带设计,户外机能,四季通用,54,女,山东省,是,21,是
700383303,安踏运动日常休闲冬季保暖,安踏运动,324,549,59,477,211,94,网布透气,PU中底,系带设计,日常休闲,冬季保暖,36,男,四川省,是,17,否
154560960,耐克潮流工装硬朗夏季透气,耐克潮流,174,316,55,1124,339,91,布面材质,EVA轻底,系带设计,工装硬朗,夏季透气,42,女,湖北省,否,22,是
998478716,李宁休闲日常休闲秋季百搭,李宁休闲,555,957,58,123,2358,93,混合材质,TPR鞋底,系带设计,日常休闲,秋季百搭,28,男,浙江省,否,15,否
953308624,斯凯奇潮复古潮鞋夏季透气,斯凯奇潮,156,214,73,930,1643,85,布面材质,TPR鞋底,松紧带鞋,复古潮鞋,夏季透气,48,男,湖北省,是,22,是
946684147,斯凯奇潮潮流高街秋季百搭,斯凯奇潮,221,223,99,26,4541,94,飞织面料,混合鞋底,魔术贴鞋,潮流高街,秋季百搭,54,女,四川省,否,4,是
646051396,安踏运动户外机能秋季百搭,安踏运动,99,104,95,1463,266,92,合成革鞋,MD发泡底,松紧带鞋,户外机能,秋季百搭,53,女,江苏省,是,23,是
239397280,阿迪达斯简约百搭冬季保暖,阿迪达斯,149,152,98,10,15642,100,网布透气,EVA轻底,拉链鞋款,简约百搭,冬季保暖,54,男,广东省,是,22,是
529127923,特步男鞋日常休闲冬季保暖,特步男鞋,167,211,79,41,3513,96,混合材质,PU中底,松紧带鞋,日常休闲,冬季保暖,55,女,山东省,是,20,否
218785874,安踏运动潮流高街冬季保暖,安踏运动,168,323,52,3176,301,97,高端飞织,EVA轻底,拉链鞋款,潮流高街,冬季保暖,53,女,河南省,是,6,是
825229716,京东京造复古潮鞋春季新款,京东京造,256,502,51,817,563,96,超纤皮鞋,MD发泡底,套脚款式,复古潮鞋,春季新款,49,女,河北省,是,19,否
505275372,安踏运动复古潮鞋夏季透气,安踏运动,99,141,70,847,659,90,超纤皮鞋,TPR鞋底,松紧带鞋,复古潮鞋,夏季透气,49,女,浙江省,是,21,否
334164817,李宁休闲工装硬朗秋季百搭,李宁休闲,99,106,93,1114,830,94,飞织面料,EVA轻底,套脚款式,工装硬朗,秋季百搭,56,女,湖北省,否,17,是
399409712,回力经典户外机能四季通用,回力经典,160,258,62,2751,2956,88,飞织面料,橡胶大底,拉链鞋款,户外机能,四季通用,41,女,浙江省,是,20,否
886843550,阿迪达斯工装硬朗春季新款,阿迪达斯,99,106,93,1244,4180,97,真皮柔软,TPR鞋底,套脚款式,工装硬朗,春季新款,45,女,河北省,否,21,否
689251673,回力经典运动休闲夏季透气,回力经典,99,124,80,40,328,86,飞织面料,EVA轻底,魔术贴鞋,运动休闲,夏季透气,37,男,山东省,否,16,是
110407527,回力经典户外机能四季通用,回力经典,114,175,65,345,514,93,超纤皮鞋,PU中底,系带设计,户外机能,四季通用,47,女,浙江省,否,16,是
895277356,耐克潮流运动休闲冬季保暖,耐克潮流,99,183,54,1324,1129,92,高端飞织,MD发泡底,松紧带鞋,运动休闲,冬季保暖,53,男,江苏省,否,23,是
791475806,鸿星尔克简约百搭夏季透气,鸿星尔克,279,297,94,95,445,93,飞织面料,TPR鞋底,拉链鞋款,简约百搭,夏季透气,52,男,河北省,否,5,否
813054903,斯凯奇潮户外机能冬季保暖,斯凯奇潮,99,102,97,4065,2132,89,混合材质,混合鞋底,套脚款式,户外机能,冬季保暖,40,女,四川省,否,2,否
173970078,鸿星尔克工装硬朗冬季保暖,鸿星尔克,132,150,88,1197,787,99,真皮柔软,PU中底,套脚款式,工装硬朗,冬季保暖,62,男,福建省,否,8,是
619137086,李宁休闲复古潮鞋四季通用,李宁休闲,121,209,58,1205,732,93,飞织面料,MD发泡底,松紧带鞋,复古潮鞋,四季通用,41,女,江苏省,是,4,是
319983309,回力经典复古潮鞋秋季百搭,回力经典,252,252,100,1191,1693,90,超纤皮鞋,橡胶大底,套脚款式,复古潮鞋,秋季百搭,51,女,河北省,是,23,否
331515904,京东京造简约百搭四季通用,京东京造,160,200,80,816,22,91,高端飞织,混合鞋底,系带设计,简约百搭,四季通用,56,女,江苏省,是,22,是
961152940,李宁休闲工装硬朗冬季保暖,李宁休闲,120,140,86,713,9788,89,网布透气,PU中底,拉链鞋款,工装硬朗,冬季保暖,52,女,山东省,否,2,是
347321118,斯凯奇潮运动休闲四季通用,斯凯奇潮,99,174,57,1247,569,97,真皮柔软,TPR鞋底,魔术贴鞋,运动休闲,四季通用,36,男,湖北省,是,21,是
978992429,其他品牌日常休闲春季新款,其他品牌,99,130,76,161,975,94,超纤皮鞋,橡胶大底,拉链鞋款,日常休闲,春季新款,49,女,河南省,是,23,是
722382893,斯凯奇潮潮流高街春季新款,斯凯奇潮,104,122,85,803,90,95,混合材质,PU中底,魔术贴鞋,潮流高街,春季新款,53,女,四川省,否,23,是
649757180,京东京造运动休闲秋季百搭,京东京造,162,228,71,880,5337,91,真皮柔软,混合鞋底,拉链鞋款,运动休闲,秋季百搭,59,女,湖北省,否,22,是
937904355,鸿星尔克运动休闲四季通用,鸿星尔克,114,125,91,40,1409,94,真皮柔软,PU中底,魔术贴鞋,运动休闲,四季通用,53,男,福建省,是,4,否
576451118,斯凯奇潮运动休闲秋季百搭,斯凯奇潮,99,122,81,198,4463,90,网布透气,橡胶大底,魔术贴鞋,运动休闲,秋季百搭,47,女,河南省,否,4,否
894107407,回力经典简约百搭夏季透气,回力经典,309,368,84,761,1552,98,飞织面料,PU中底,松紧带鞋,简约百搭,夏季透气,32,女,河南省,是,17,是
476400764,斯凯奇潮潮流高街春季新款,斯凯奇潮,194,366,53,455,3423,100,布面材质,PU中底,系带设计,潮流高街,春季新款,59,女,安徽省,否,4,是
861601985,李宁休闲复古潮鞋冬季保暖,李宁休闲,111,123,90,971,5072,91,合成革鞋,TPR鞋底,系带设计,复古潮鞋,冬季保暖,45,女,广东省,否,4,否
625839922,其他品牌运动休闲春季新款,其他品牌,99,110,90,2863,589,95,布面材质,橡胶大底,松紧带鞋,运动休闲,春季新款,20,男,山东省,是,20,是
401092642,特步男鞋户外机能冬季保暖,特步男鞋,120,132,91,2049,3315,100,网布透气,橡胶大底,套脚款式,户外机能,冬季保暖,55,女,四川省,是,22,否
870027451,耐克潮流简约百搭春季新款,耐克潮流,99,138,72,317,4102,91,布面材质,PU中底,系带设计,简约百搭,春季新款,47,男,山东省,是,22,否
347484231,阿迪达斯运动休闲冬季保暖,阿迪达斯,171,184,93,1430,8895,97,高端飞织,橡胶大底,拉链鞋款,运动休闲,冬季保暖,48,男,河南省,否,7,是
110112809,耐克潮流运动休闲秋季百搭,耐克潮流,99,174,57,4561,947,91,真皮柔软,MD发泡底,套脚款式,运动休闲,秋季百搭,59,男,山东省,是,21,否
394178018,李宁休闲潮流高街夏季透气,李宁休闲,327,355,92,297,56,92,超纤皮鞋,混合鞋底,系带设计,潮流高街,夏季透气,39,男,广东省,否,12,是
666950647,鸿星尔克简约百搭春季新款,鸿星尔克,167,304,55,250,748,100,合成革鞋,混合鞋底,拉链鞋款,简约百搭,春季新款,45,女,四川省,是,21,否
257250434,耐克潮流日常休闲秋季百搭,耐克潮流,176,314,56,30,208,95,布面材质,混合鞋底,拉链鞋款,日常休闲,秋季百搭,51,女,安徽省,否,10,是
546206728,斯凯奇潮运动休闲冬季保暖,斯凯奇潮,240,333,72,974,3664,100,飞织面料,EVA轻底,松紧带鞋,运动休闲,冬季保暖,45,女,山东省,否,22,是
845533528,阿迪达斯简约百搭夏季透气,阿迪达斯,195,212,92,25,1106,86,高端飞织,TPR鞋底,套脚款式,简约百搭,夏季透气,50,男,四川省,是,22,否
994325107,阿迪达斯工装硬朗四季通用,阿迪达斯,241,243,99,713,11587,93,高端飞织,MD发泡底,套脚款式,工装硬朗,四季通用,52,女,安徽省,否,23,否
831776467,耐克潮流日常休闲秋季百搭,耐克潮流,99,190,52,576,778,93,高端飞织,EVA轻底,系带设计,日常休闲,秋季百搭,50,男,四川省,是,16,否
249451713,李宁休闲工装硬朗冬季保暖,李宁休闲,105,181,58,1365,1469,94,网布透气,PU中底,套脚款式,工装硬朗,冬季保暖,61,男,安徽省,是,20,是
966838160,阿迪达斯户外机能四季通用,阿迪达斯,146,151,97,45,3624,95,网布透气,TPR鞋底,套脚款式,户外机能,四季通用,52,女,河北省,否,20,是
183329658,回力经典复古潮鞋冬季保暖,回力经典,99,138,72,13,589,90,布面材质,TPR鞋底,松紧带鞋,复古潮鞋,冬季保暖,44,女,山东省,是,3,是
168277060,其他品牌日常休闲秋季百搭,其他品牌,164,200,82,4106,958,94,真皮柔软,橡胶大底,松紧带鞋,日常休闲,秋季百搭,42,女,湖北省,是,18,否
299577618,阿迪达斯复古潮鞋春季新款,阿迪达斯,436,739,59,21,803,94,合成革鞋,橡胶大底,松紧带鞋,复古潮鞋,春季新款,43,女,四川省,是,23,否
514016933,其他品牌户外机能春季新款,其他品牌,194,211,92,1045,295,98,超纤皮鞋,MD发泡底,拉链鞋款,户外机能,春季新款,33,男,广东省,是,0,是
328483559,其他品牌运动休闲夏季透气,其他品牌,100,143,70,62,189,86,真皮柔软,EVA轻底,拉链鞋款,运动休闲,夏季透气,46,男,福建省,否,15,否
146102564,耐克潮流日常休闲春季新款,耐克潮流,293,345,85,13,914,95,高端飞织,PU中底,松紧带鞋,日常休闲,春季新款,31,男,湖北省,是,1,是
818930696,京东京造复古潮鞋四季通用,京东京造,133,229,58,10,308,93,合成革鞋,MD发泡底,拉链鞋款,复古潮鞋,四季通用,52,男,福建省,否,5,是
869266606,鸿星尔克潮流高街秋季百搭,鸿星尔克,99,155,64,2564,1040,95,合成革鞋,PU中底,松紧带鞋,潮流高街,秋季百搭,29,男,四川省,否,10,否
946249392,特步男鞋运动休闲春季新款,特步男鞋,100,114,88,1095,3201,94,网布透气,EVA轻底,套脚款式,运动休闲,春季新款,47,女,山东省,是,7,是
506952994,鸿星尔克户外机能四季通用,鸿星尔克,99,127,78,1287,1104,91,布面材质,橡胶大底,系带设计,户外机能,四季通用,65,男,广东省,是,22,是
111848348,回力经典复古潮鞋秋季百搭,回力经典,328,443,74,2032,1237,93,飞织面料,MD发泡底,拉链鞋款,复古潮鞋,秋季百搭,52,女,四川省,是,22,是
657555608,安踏运动户外机能夏季透气,安踏运动,155,221,70,3858,1710,87,布面材质,MD发泡底,松紧带鞋,户外机能,夏季透气,38,男,河南省,否,20,否
543815171,耐克潮流户外机能秋季百搭,耐克潮流,192,274,70,467,8170,86,合成革鞋,橡胶大底,魔术贴鞋,户外机能,秋季百搭,34,男,湖北省,是,8,是
512514175,鸿星尔克简约百搭四季通用,鸿星尔克,127,153,83,1374,4078,85,合成革鞋,EVA轻底,拉链鞋款,简约百搭,四季通用,55,男,湖北省,是,6,否
183431869,回力经典简约百搭四季通用,回力经典,99,118,84,4441,554,92,真皮柔软,橡胶大底,拉链鞋款,简约百搭,四季通用,41,女,四川省,否,19,是
668411011,安踏运动日常休闲四季通用,安踏运动,99,109,91,471,2604,86,合成革鞋,MD发泡底,拉链鞋款,日常休闲,四季通用,47,男,山东省,否,5,否
489260619,回力经典运动休闲春季新款,回力经典,99,102,97,652,3164,96,高端飞织,橡胶大底,拉链鞋款,运动休闲,春季新款,47,女,福建省,是,7,是
681256426,特步男鞋户外机能春季新款,特步男鞋,175,194,90,1006,733,96,高端飞织,混合鞋底,拉链鞋款,户外机能,春季新款,48,女,河南省,是,13,是
579552831,斯凯奇潮户外机能四季通用,斯凯奇潮,99,109,91,3,111,93,真皮柔软,橡胶大底,魔术贴鞋,户外机能,四季通用,45,女,四川省,否,1,是
822016879,李宁休闲复古潮鞋秋季百搭,李宁休闲,156,188,83,688,9464,91,超纤皮鞋,MD发泡底,魔术贴鞋,复古潮鞋,秋季百搭,42,男,河北省,否,14,是
939997528,李宁休闲运动休闲春季新款,李宁休闲,137,152,90,522,1492,95,网布透气,混合鞋底,系带设计,运动休闲,春季新款,54,男,福建省,否,18,否
679517463,安踏运动潮流高街四季通用,安踏运动,99,146,68,4645,648,96,混合材质,混合鞋底,松紧带鞋,潮流高街,四季通用,43,女,山东省,是,10,否
315780259,安踏运动复古潮鞋秋季百搭,安踏运动,204,304,67,2297,979,92,混合材质,PU中底,魔术贴鞋,复古潮鞋,秋季百搭,51,女,安徽省,是,23,否
619215920,鸿星尔克日常休闲秋季百搭,鸿星尔克,104,208,50,990,7349,95,合成革鞋,TPR鞋底,拉链鞋款,日常休闲,秋季百搭,45,女,河南省,否,23,否
805294292,耐克潮流简约百搭冬季保暖,耐克潮流,99,121,82,196,974,90,超纤皮鞋,混合鞋底,魔术贴鞋,简约百搭,冬季保暖,44,女,河北省,是,21,是
173370398,其他品牌运动休闲四季通用,其他品牌,99,109,91,3164,101,85,网布透气,PU中底,系带设计,运动休闲,四季通用,47,女,江苏省,否,5,否
538012861,鸿星尔克工装硬朗秋季百搭,鸿星尔克,99,148,67,1366,3776,95,混合材质,MD发泡底,拉链鞋款,工装硬朗,秋季百搭,48,男,广东省,否,22,是
164352096,安踏运动简约百搭夏季透气,安踏运动,214,324,66,350,2314,90,混合材质,混合鞋底,套脚款式,简约百搭,夏季透气,53,女,浙江省,是,20,是
103773136,阿迪达斯复古潮鞋秋季百搭,阿迪达斯,99,160,62,939,56,94,网布透气,PU中底,魔术贴鞋,复古潮鞋,秋季百搭,44,女,福建省,是,22,否
102660472,京东京造潮流高街夏季透气,京东京造,143,170,84,13,1575,87,超纤皮鞋,橡胶大底,松紧带鞋,潮流高街,夏季透气,47,女,江苏省,是,21,否
324315688,李宁休闲复古潮鞋夏季透气,李宁休闲,310,456,68,141,2113,96,布面材质,MD发泡底,魔术贴鞋,复古潮鞋,夏季透气,39,女,湖北省,是,0,是
514555496,斯凯奇潮运动休闲冬季保暖,斯凯奇潮,144,144,100,190,3016,96,布面材质,橡胶大底,魔术贴鞋,运动休闲,冬季保暖,46,女,湖北省,否,19,是
124985925,其他品牌户外机能冬季保暖,其他品牌,133,185,72,4296,1192,99,真皮柔软,PU中底,拉链鞋款,户外机能,冬季保暖,53,男,浙江省,否,3,是
542434755,其他品牌运动休闲冬季保暖,其他品牌,147,163,90,761,1544,92,合成革鞋,混合鞋底,系带设计,运动休闲,冬季保暖,39,男,河南省,否,9,否
752027837,京东京造复古潮鞋四季通用,京东京造,127,130,98,160,2368,99,网布透气,PU中底,拉链鞋款,复古潮鞋,四季通用,53,男,山东省,否,19,是
301605901,鸿星尔克潮流高街夏季透气,鸿星尔克,145,179,81,73,21407,100,混合材质,MD发泡底,魔术贴鞋,潮流高街,夏季透气,40,男,江苏省,是,17,否
340371074,耐克潮流简约百搭四季通用,耐克潮流,207,339,61,2184,724,95,合成革鞋,PU中底,拉链鞋款,简约百搭,四季通用,36,男,广东省,是,3,否
346616907,京东京造工装硬朗秋季百搭,京东京造,99,180,55,2446,978,99,超纤皮鞋,混合鞋底,魔术贴鞋,工装硬朗,秋季百搭,44,男,河南省,否,0,是
378943470,李宁休闲户外机能夏季透气,李宁休闲,178,262,68,1326,195,87,合成革鞋,混合鞋底,拉链鞋款,户外机能,夏季透气,49,男,河南省,是,23,否
401387422,李宁休闲户外机能秋季百搭,李宁休闲,195,342,57,19,135,99,高端飞织,PU中底,拉链鞋款,户外机能,秋季百搭,46,男,山东省,否,21,否
383106727,京东京造简约百搭夏季透气,京东京造,134,206,65,1234,154,90,超纤皮鞋,MD发泡底,松紧带鞋,简约百搭,夏季透气,40,女,江苏省,否,7,是
671460861,其他品牌日常休闲冬季保暖,其他品牌,232,305,76,2698,1238,92,超纤皮鞋,MD发泡底,魔术贴鞋,日常休闲,冬季保暖,41,女,河南省,是,22,否
241112832,回力经典工装硬朗四季通用,回力经典,122,169,72,1126,2335,93,真皮柔软,混合鞋底,系带设计,工装硬朗,四季通用,46,女,安徽省,否,13,否
773167524,耐克潮流潮流高街冬季保暖,耐克潮流,99,121,82,284,316,100,布面材质,PU中底,拉链鞋款,潮流高街,冬季保暖,51,男,浙江省,否,4,是
330553167,阿迪达斯户外机能夏季透气,阿迪达斯,134,197,68,2334,501,92,超纤皮鞋,EVA轻底,套脚款式,户外机能,夏季透气,47,女,安徽省,是,22,否
712589291,耐克潮流运动休闲秋季百搭,耐克潮流,135,237,57,954,1487,90,网布透气,混合鞋底,松紧带鞋,运动休闲,秋季百搭,35,男,江苏省,是,6,是
935316553,李宁休闲日常休闲四季通用,李宁休闲,105,135,78,433,172,97,布面材质,PU中底,拉链鞋款,日常休闲,四季通用,21,男,安徽省,否,19,是
529710063,耐克潮流简约百搭秋季百搭,耐克潮流,162,225,72,9,2946,85,高端飞织,EVA轻底,套脚款式,简约百搭,秋季百搭,48,男,安徽省,是,1,否
877014419,回力经典潮流高街夏季透气,回力经典,99,103,96,741,584,91,布面材质,TPR鞋底,套脚款式,潮流高街,夏季透气,46,男,广东省,是,11,是
215921946,鸿星尔克运动休闲秋季百搭,鸿星尔克,99,171,58,430,361,90,网布透气,MD发泡底,套脚款式,运动休闲,秋季百搭,38,女,浙江省,是,15,是
597626677,回力经典工装硬朗夏季透气,回力经典,265,276,96,1498,540,89,混合材质,混合鞋底,套脚款式,工装硬朗,夏季透气,54,女,浙江省,是,13,是
610987577,其他品牌简约百搭夏季透气,其他品牌,158,226,70,48,73,87,合成革鞋,橡胶大底,魔术贴鞋,简约百搭,夏季透气,46,男,湖北省,否,23,是
760046695,安踏运动运动休闲夏季透气,安踏运动,99,121,82,2497,1306,91,真皮柔软,PU中底,松紧带鞋,运动休闲,夏季透气,35,女,河北省,是,12,是
630981347,李宁休闲潮流高街四季通用,李宁休闲,99,139,71,1275,880,86,合成革鞋,TPR鞋底,松紧带鞋,潮流高街,四季通用,54,女,河南省,否,21,否
852428513,其他品牌日常休闲秋季百搭,其他品牌,104,108,96,35,596,90,飞织面料,橡胶大底,系带设计,日常休闲,秋季百搭,48,男,河北省,否,10,是
952393219,斯凯奇潮工装硬朗夏季透气,斯凯奇潮,99,118,84,529,4924,92,混合材质,橡胶大底,系带设计,工装硬朗,夏季透气,37,女,广东省,否,4,否
814080081,安踏运动户外机能秋季百搭,安踏运动,129,139,93,928,3100,98,高端飞织,MD发泡底,松紧带鞋,户外机能,秋季百搭,44,女,河北省,是,22,是
942399413,京东京造工装硬朗秋季百搭,京东京造,99,106,93,4651,1236,98,飞织面料,TPR鞋底,魔术贴鞋,工装硬朗,秋季百搭,33,男,山东省,否,22,否
584431464,耐克潮流潮流高街冬季保暖,耐克潮流,254,279,91,766,227,93,布面材质,PU中底,松紧带鞋,潮流高街,冬季保暖,38,女,安徽省,是,1,是
704307175,其他品牌户外机能秋季百搭,其他品牌,190,216,88,1307,489,91,布面材质,TPR鞋底,魔术贴鞋,户外机能,秋季百搭,39,男,河北省,是,1,是
323105185,其他品牌潮流高街秋季百搭,其他品牌,281,375,75,1152,2313,92,布面材质,橡胶大底,套脚款式,潮流高街,秋季百搭,45,女,河北省,否,4,是
940242329,耐克潮流户外机能冬季保暖,耐克潮流,185,199,93,1260,7427,99,高端飞织,EVA轻底,套脚款式,户外机能,冬季保暖,54,男,山东省,否,17,否
175738896,李宁休闲户外机能夏季透气,李宁休闲,99,104,95,7,198,92,混合材质,EVA轻底,松紧带鞋,户外机能,夏季透气,45,男,安徽省,否,12,否
312348551,回力经典户外机能夏季透气,回力经典,99,160,62,1434,5205,98,超纤皮鞋,橡胶大底,拉链鞋款,户外机能,夏季透气,55,男,山东省,否,23,否
941058149,鸿星尔克工装硬朗夏季透气,鸿星尔克,99,101,98,1362,1223,94,布面材质,混合鞋底,松紧带鞋,工装硬朗,夏季透气,38,男,山东省,是,23,是
656813916,阿迪达斯简约百搭冬季保暖,阿迪达斯,374,512,73,351,195,94,网布透气,EVA轻底,松紧带鞋,简约百搭,冬季保暖,53,男,安徽省,是,5,是
647436728,斯凯奇潮复古潮鞋春季新款,斯凯奇潮,99,130,76,4113,254,93,合成革鞋,PU中底,魔术贴鞋,复古潮鞋,春季新款,47,男,河南省,是,9,是
746332704,阿迪达斯运动休闲冬季保暖,阿迪达斯,99,129,77,3965,257,95,真皮柔软,橡胶大底,松紧带鞋,运动休闲,冬季保暖,57,女,安徽省,是,4,否
778082658,阿迪达斯日常休闲夏季透气,阿迪达斯,99,130,76,998,358,96,超纤皮鞋,TPR鞋底,拉链鞋款,日常休闲,夏季透气,52,女,福建省,否,2,是
341754379,安踏运动运动休闲四季通用,安踏运动,189,205,92,12,9099,94,合成革鞋,MD发泡底,魔术贴鞋,运动休闲,四季通用,34,女,广东省,否,21,是
378061771,斯凯奇潮运动休闲夏季透气,斯凯奇潮,247,348,71,439,1948,100,真皮柔软,TPR鞋底,拉链鞋款,运动休闲,夏季透气,52,男,福建省,否,23,是
158405782,李宁休闲工装硬朗夏季透气,李宁休闲,101,160,63,1121,3173,92,高端飞织,PU中底,套脚款式,工装硬朗,夏季透气,55,女,浙江省,否,6,否
847763386,阿迪达斯复古潮鞋春季新款,阿迪达斯,99,122,81,3588,601,86,网布透气,混合鞋底,系带设计,复古潮鞋,春季新款,54,男,浙江省,否,0,否
635528844,李宁休闲户外机能夏季透气,李宁休闲,142,148,96,623,940,92,混合材质,橡胶大底,魔术贴鞋,户外机能,夏季透气,60,女,河北省,否,5,否
341066997,鸿星尔克复古潮鞋春季新款,鸿星尔克,99,111,89,31,229,94,飞织面料,MD发泡底,系带设计,复古潮鞋,春季新款,45,女,山东省,是,23,是
456856267,回力经典复古潮鞋冬季保暖,回力经典,188,308,61,2324,3679,95,网布透气,混合鞋底,套脚款式,复古潮鞋,冬季保暖,44,男,江苏省,是,16,否
467110617,鸿星尔克复古潮鞋冬季保暖,鸿星尔克,99,129,77,854,401,90,布面材质,MD发泡底,拉链鞋款,复古潮鞋,冬季保暖,57,女,河北省,是,5,否
940240319,李宁休闲运动休闲夏季透气,李宁休闲,118,207,57,1033,155,87,真皮柔软,橡胶大底,套脚款式,运动休闲,夏季透气,50,女,安徽省,否,7,是
922984477,京东京造复古潮鞋冬季保暖,京东京造,99,194,51,942,1455,97,网布透气,TPR鞋底,系带设计,复古潮鞋,冬季保暖,59,男,山东省,是,16,否
476448240,斯凯奇潮户外机能秋季百搭,斯凯奇潮,99,168,59,1250,1339,95,高端飞织,EVA轻底,系带设计,户外机能,秋季百搭,29,男,山东省,是,23,否
164588943,鸿星尔克复古潮鞋秋季百搭,鸿星尔克,144,157,92,2884,231,100,超纤皮鞋,混合鞋底,魔术贴鞋,复古潮鞋,秋季百搭,33,男,江苏省,是,14,否
404378062,李宁休闲运动休闲冬季保暖,李宁休闲,141,160,88,204,3414,90,布面材质,橡胶大底,套脚款式,运动休闲,冬季保暖,48,女,安徽省,是,4,是
663800607,回力经典运动休闲冬季保暖,回力经典,198,291,68,895,606,94,真皮柔软,混合鞋底,套脚款式,运动休闲,冬季保暖,50,女,湖北省,是,3,否
734017984,安踏运动户外机能四季通用,安踏运动,99,177,56,1108,7457,89,超纤皮鞋,混合鞋底,松紧带鞋,户外机能,四季通用,50,男,河南省,否,7,否
506006506,特步男鞋户外机能秋季百搭,特步男鞋,143,238,60,791,1518,90,超纤皮鞋,MD发泡底,套脚款式,户外机能,秋季百搭,41,女,江苏省,是,16,否
819832411,斯凯奇潮潮流高街四季通用,斯凯奇潮,139,248,56,887,296,92,超纤皮鞋,PU中底,拉链鞋款,潮流高街,四季通用,64,女,江苏省,是,22,否
929870774,耐克潮流运动休闲四季通用,耐克潮流,99,190,52,4503,1522,93,飞织面料,TPR鞋底,拉链鞋款,运动休闲,四季通用,50,男,福建省,否,10,否
422900177,李宁休闲户外机能春季新款,李宁休闲,213,361,59,1377,1365,96,飞织面料,橡胶大底,系带设计,户外机能,春季新款,45,女,广东省,是,6,是
277504249,耐克潮流潮流高街秋季百搭,耐克潮流,145,220,66,1169,264,98,高端飞织,MD发泡底,松紧带鞋,潮流高街,秋季百搭,58,女,河南省,否,1,否
710575978,耐克潮流简约百搭春季新款,耐克潮流,310,492,63,461,454,93,超纤皮鞋,EVA轻底,套脚款式,简约百搭,春季新款,41,男,四川省,否,22,是
683104386,安踏运动潮流高街夏季透气,安踏运动,140,200,70,4748,263,92,布面材质,混合鞋底,魔术贴鞋,潮流高街,夏季透气,50,女,山东省,否,5,否
508452509,鸿星尔克潮流高街夏季透气,鸿星尔克,364,439,83,1393,5469,96,布面材质,EVA轻底,松紧带鞋,潮流高街,夏季透气,56,男,福建省,否,23,是
741444601,李宁休闲户外机能夏季透气,李宁休闲,137,211,65,270,815,89,网布透气,PU中底,魔术贴鞋,户外机能,夏季透气,57,女,广东省,否,0,否
980296873,阿迪达斯复古潮鞋春季新款,阿迪达斯,111,222,50,1011,11359,91,飞织面料,TPR鞋底,拉链鞋款,复古潮鞋,春季新款,38,女,山东省,否,23,否
428714022,斯凯奇潮复古潮鞋冬季保暖,斯凯奇潮,183,189,97,442,1666,91,飞织面料,混合鞋底,系带设计,复古潮鞋,冬季保暖,52,男,湖北省,否,23,否
199942251,耐克潮流工装硬朗夏季透气,耐克潮流,123,171,72,388,716,90,合成革鞋,PU中底,松紧带鞋,工装硬朗,夏季透气,46,男,安徽省,是,2,否
484303348,回力经典复古潮鞋秋季百搭,回力经典,101,104,97,1309,1813,94,网布透气,PU中底,松紧带鞋,复古潮鞋,秋季百搭,49,女,浙江省,是,18,是
822607604,回力经典户外机能秋季百搭,回力经典,99,152,65,968,1563,92,混合材质,PU中底,套脚款式,户外机能,秋季百搭,58,男,河北省,否,19,否
469497508,京东京造简约百搭四季通用,京东京造,99,99,100,6,2630,92,网布透气,EVA轻底,魔术贴鞋,简约百搭,四季通用,51,女,四川省,是,23,是
286678810,李宁休闲潮流高街春季新款,李宁休闲,229,297,77,231,799,92,真皮柔软,MD发泡底,松紧带鞋,潮流高街,春季新款,45,女,安徽省,否,20,是
246298600,李宁休闲日常休闲秋季百搭,李宁休闲,99,125,79,1460,116,85,布面材质,MD发泡底,魔术贴鞋,日常休闲,秋季百搭,59,男,河北省,否,19,否
257087457,鸿星尔克复古潮鞋秋季百搭,鸿星尔克,99,143,69,296,1260,97,真皮柔软,MD发泡底,套脚款式,复古潮鞋,秋季百搭,51,女,福建省,是,14,是
293111422,安踏运动复古潮鞋冬季保暖,安踏运动,136,172,79,801,155,92,混合材质,TPR鞋底,魔术贴鞋,复古潮鞋,冬季保暖,44,男,河北省,是,4,否
265335437,安踏运动户外机能四季通用,安踏运动,144,152,95,270,1126,98,飞织面料,橡胶大底,松紧带鞋,户外机能,四季通用,46,男,福建省,是,15,是
653882743,李宁休闲户外机能春季新款,李宁休闲,99,139,71,557,5233,90,超纤皮鞋,混合鞋底,套脚款式,户外机能,春季新款,47,男,广东省,是,8,是
251886123,特步男鞋潮流高街秋季百搭,特步男鞋,166,218,76,1252,3313,91,网布透气,混合鞋底,松紧带鞋,潮流高街,秋季百搭,53,女,安徽省,否,15,是
645722220,特步男鞋潮流高街夏季透气,特步男鞋,130,169,77,22,3290,97,合成革鞋,混合鞋底,松紧带鞋,潮流高街,夏季透气,48,男,福建省,是,0,是
283744601,京东京造简约百搭夏季透气,京东京造,121,138,88,400,4309,95,超纤皮鞋,TPR鞋底,松紧带鞋,简约百搭,夏季透气,46,女,山东省,是,3,否
953979469,鸿星尔克潮流高街冬季保暖,鸿星尔克,175,297,59,1404,1731,96,混合材质,混合鞋底,套脚款式,潮流高街,冬季保暖,52,男,江苏省,是,22,否
395223217,斯凯奇潮简约百搭四季通用,斯凯奇潮,99,115,86,426,7476,95,布面材质,混合鞋底,系带设计,简约百搭,四季通用,53,男,湖北省,是,6,否
689479845,耐克潮流复古潮鞋秋季百搭,耐克潮流,187,234,80,1412,149,92,布面材质,混合鞋底,松紧带鞋,复古潮鞋,秋季百搭,56,女,河北省,是,18,否
362957216,斯凯奇潮户外机能冬季保暖,斯凯奇潮,99,168,59,584,670,92,飞织面料,MD发泡底,系带设计,户外机能,冬季保暖,41,女,四川省,否,0,是
428387413,鸿星尔克简约百搭夏季透气,鸿星尔克,115,221,52,43,4446,94,网布透气,MD发泡底,套脚款式,简约百搭,夏季透气,45,男,浙江省,是,11,是
212107221,耐克潮流日常休闲四季通用,耐克潮流,177,199,89,41,2221,91,超纤皮鞋,TPR鞋底,魔术贴鞋,日常休闲,四季通用,41,男,湖北省,否,10,否
756130566,安踏运动户外机能春季新款,安踏运动,141,164,86,1422,5666,90,合成革鞋,PU中底,套脚款式,户外机能,春季新款,44,女,河北省,是,21,否
490723422,李宁休闲工装硬朗四季通用,李宁休闲,234,360,65,1250,837,90,混合材质,橡胶大底,魔术贴鞋,工装硬朗,四季通用,39,女,江苏省,否,22,否
834266425,阿迪达斯简约百搭春季新款,阿迪达斯,99,134,74,520,1486,92,超纤皮鞋,EVA轻底,套脚款式,简约百搭,春季新款,50,女,江苏省,是,23,是
646677256,安踏运动日常休闲秋季百搭,安踏运动,103,104,99,3916,1853,87,网布透气,混合鞋底,系带设计,日常休闲,秋季百搭,42,男,福建省,是,14,否
101329012,其他品牌工装硬朗冬季保暖,其他品牌,99,138,72,874,528,94,飞织面料,MD发泡底,拉链鞋款,工装硬朗,冬季保暖,49,女,山东省,否,18,是
411789310,耐克潮流潮流高街春季新款,耐克潮流,99,150,66,48,1770,90,合成革鞋,EVA轻底,套脚款式,潮流高街,春季新款,38,女,河南省,否,23,是
852374645,耐克潮流日常休闲秋季百搭,耐克潮流,262,494,53,1297,1216,93,合成革鞋,PU中底,套脚款式,日常休闲,秋季百搭,51,女,河北省,否,22,否
573821121,鸿星尔克潮流高街秋季百搭,鸿星尔克,118,215,55,1228,512,95,飞织面料,PU中底,松紧带鞋,潮流高街,秋季百搭,47,男,浙江省,否,13,是
459098580,其他品牌日常休闲春季新款,其他品牌,145,181,80,80,662,93,网布透气,混合鞋底,拉链鞋款,日常休闲,春季新款,33,女,江苏省,是,13,是
711682524,李宁休闲户外机能夏季透气,李宁休闲,99,183,54,261,3486,91,飞织面料,MD发泡底,魔术贴鞋,户外机能,夏季透气,38,女,山东省,是,20,否
213858738,回力经典运动休闲四季通用,回力经典,151,176,86,748,141,93,高端飞织,MD发泡底,松紧带鞋,运动休闲,四季通用,28,男,湖北省,否,20,是
744801822,耐克潮流潮流高街春季新款,耐克潮流,239,392,61,1434,765,98,超纤皮鞋,MD发泡底,松紧带鞋,潮流高街,春季新款,36,男,福建省,是,13,是
759048465,特步男鞋工装硬朗夏季透气,特步男鞋,116,130,89,160,871,91,高端飞织,混合鞋底,松紧带鞋,工装硬朗,夏季透气,36,男,山东省,是,6,否
722395141,其他品牌简约百搭四季通用,其他品牌,123,124,99,225,1851,93,合成革鞋,PU中底,套脚款式,简约百搭,四季通用,37,女,四川省,是,23,是
735848838,鸿星尔克复古潮鞋夏季透气,鸿星尔克,155,199,78,50,104,99,超纤皮鞋,EVA轻底,松紧带鞋,复古潮鞋,夏季透气,48,女,湖北省,否,23,是
496196846,京东京造简约百搭秋季百搭,京东京造,99,102,97,39,8123,94,混合材质,TPR鞋底,松紧带鞋,简约百搭,秋季百搭,55,男,山东省,是,5,否
132689199,阿迪达斯简约百搭秋季百搭,阿迪达斯,257,384,67,883,1618,90,超纤皮鞋,橡胶大底,系带设计,简约百搭,秋季百搭,59,男,河南省,是,4,是
976705268,回力经典日常休闲夏季透气,回力经典,99,141,70,15,5196,93,高端飞织,橡胶大底,系带设计,日常休闲,夏季透气,55,女,安徽省,是,20,是
768509167,回力经典运动休闲秋季百搭,回力经典,369,647,57,660,342,88,飞织面料,混合鞋底,松紧带鞋,运动休闲,秋季百搭,52,男,江苏省,否,23,是
979347232,耐克潮流运动休闲四季通用,耐克潮流,187,256,73,4649,11420,87,混合材质,EVA轻底,魔术贴鞋,运动休闲,四季通用,54,女,湖北省,否,2,是
946364649,阿迪达斯工装硬朗四季通用,阿迪达斯,255,370,69,941,1356,97,高端飞织,EVA轻底,套脚款式,工装硬朗,四季通用,41,男,江苏省,是,0,是
992204790,回力经典户外机能四季通用,回力经典,171,180,95,791,1630,91,合成革鞋,EVA轻底,魔术贴鞋,户外机能,四季通用,52,男,福建省,否,5,否
434172277,阿迪达斯户外机能夏季透气,阿迪达斯,166,272,61,754,3871,93,混合材质,MD发泡底,拉链鞋款,户外机能,夏季透气,39,女,湖北省,是,21,是
863911810,耐克潮流运动休闲秋季百搭,耐克潮流,113,169,67,25,501,96,飞织面料,MD发泡底,魔术贴鞋,运动休闲,秋季百搭,48,女,山东省,是,3,否
315464139,李宁休闲简约百搭夏季透气,李宁休闲,103,117,88,489,2280,90,布面材质,TPR鞋底,松紧带鞋,简约百搭,夏季透气,43,女,江苏省,否,23,是
345885595,其他品牌潮流高街冬季保暖,其他品牌,99,150,66,49,5091,100,混合材质,TPR鞋底,拉链鞋款,潮流高街,冬季保暖,55,男,河南省,是,22,否
848319157,安踏运动户外机能冬季保暖,安踏运动,377,531,71,828,492,95,布面材质,EVA轻底,拉链鞋款,户外机能,冬季保暖,48,女,浙江省,是,15,是
438697322,阿迪达斯工装硬朗春季新款,阿迪达斯,107,129,83,6,2718,85,真皮柔软,PU中底,系带设计,工装硬朗,春季新款,60,女,河北省,否,10,是
787191469,京东京造潮流高街四季通用,京东京造,99,115,86,19,725,87,网布透气,PU中底,拉链鞋款,潮流高街,四季通用,54,女,河南省,否,7,是
278054578,特步男鞋简约百搭秋季百搭,特步男鞋,368,541,68,4179,8809,99,合成革鞋,橡胶大底,魔术贴鞋,简约百搭,秋季百搭,51,男,河北省,否,17,否
785275005,李宁休闲简约百搭秋季百搭,李宁休闲,99,174,57,4358,650,89,混合材质,混合鞋底,套脚款式,简约百搭,秋季百搭,47,女,安徽省,是,22,否
625291041,李宁休闲潮流高街秋季百搭,李宁休闲,166,166,100,389,812,90,合成革鞋,MD发泡底,松紧带鞋,潮流高街,秋季百搭,45,女,江苏省,是,15,否
633751141,其他品牌简约百搭四季通用,其他品牌,99,162,61,598,943,95,合成革鞋,TPR鞋底,套脚款式,简约百搭,四季通用,42,男,福建省,否,15,是
218814890,特步男鞋户外机能春季新款,特步男鞋,121,142,85,641,755,96,合成革鞋,TPR鞋底,松紧带鞋,户外机能,春季新款,59,女,安徽省,是,1,否
221610289,回力经典日常休闲秋季百搭,回力经典,390,476,82,616,77,98,混合材质,橡胶大底,拉链鞋款,日常休闲,秋季百搭,43,男,四川省,是,11,否
783707031,李宁休闲复古潮鞋冬季保暖,李宁休闲,110,147,75,487,7226,93,飞织面料,混合鞋底,拉链鞋款,复古潮鞋,冬季保暖,40,女,山东省,否,9,否
416876634,其他品牌工装硬朗冬季保暖,其他品牌,99,198,50,549,3073,97,合成革鞋,MD发泡底,套脚款式,工装硬朗,冬季保暖,45,女,山东省,是,20,是
241719070,安踏运动潮流高街春季新款,安踏运动,99,106,93,1023,5867,92,合成革鞋,橡胶大底,魔术贴鞋,潮流高街,春季新款,46,男,四川省,否,13,否
178867144,耐克潮流户外机能秋季百搭,耐克潮流,166,187,89,1037,342,86,合成革鞋,TPR鞋底,套脚款式,户外机能,秋季百搭,61,男,山东省,是,22,否
825034137,其他品牌简约百搭四季通用,其他品牌,107,210,51,1369,335,96,超纤皮鞋,MD发泡底,系带设计,简约百搭,四季通用,53,男,山东省,是,7,否
879336867,特步男鞋工装硬朗四季通用,特步男鞋,129,215,60,442,1161,90,合成革鞋,橡胶大底,魔术贴鞋,工装硬朗,四季通用,37,女,浙江省,否,20,是
685500310,京东京造潮流高街秋季百搭,京东京造,99,118,84,1301,1260,99,混合材质,橡胶大底,魔术贴鞋,潮流高街,秋季百搭,41,女,江苏省,是,15,是
651368400,回力经典复古潮鞋夏季透气,回力经典,250,321,78,795,2768,86,混合材质,PU中底,拉链鞋款,复古潮鞋,夏季透气,43,男,安徽省,否,20,是
559166554,李宁休闲户外机能冬季保暖,李宁休闲,211,215,98,12,902,99,高端飞织,TPR鞋底,拉链鞋款,户外机能,冬季保暖,54,男,江苏省,否,5,是
377618841,斯凯奇潮日常休闲夏季透气,斯凯奇潮,194,380,51,34,1419,93,网布透气,TPR鞋底,系带设计,日常休闲,夏季透气,52,女,福建省,否,6,否
291409376,安踏运动户外机能夏季透气,安踏运动,269,313,86,44,516,99,真皮柔软,混合鞋底,松紧带鞋,户外机能,夏季透气,51,女,湖北省,否,22,否
701701920,斯凯奇潮潮流高街夏季透气,斯凯奇潮,99,130,76,15,5890,95,混合材质,混合鞋底,系带设计,潮流高街,夏季透气,48,女,江苏省,是,23,是
607524714,阿迪达斯简约百搭夏季透气,阿迪达斯,149,173,86,2278,563,96,网布透气,MD发泡底,拉链鞋款,简约百搭,夏季透气,31,女,福建省,否,23,是
315593202,李宁休闲复古潮鞋春季新款,李宁休闲,99,141,70,1422,3754,98,网布透气,TPR鞋底,松紧带鞋,复古潮鞋,春季新款,49,男,湖北省,是,18,是
547487273,其他品牌简约百搭秋季百搭,其他品牌,128,144,89,880,199,94,网布透气,TPR鞋底,拉链鞋款,简约百搭,秋季百搭,38,女,河北省,是,22,否
452024372,回力经典潮流高街四季通用,回力经典,139,174,80,4,1456,92,高端飞织,橡胶大底,魔术贴鞋,潮流高街,四季通用,46,男,四川省,否,18,否
541460811,鸿星尔克简约百搭四季通用,鸿星尔克,99,194,51,23,362,90,网布透气,橡胶大底,系带设计,简约百搭,四季通用,51,女,安徽省,是,14,是
410406927,安踏运动复古潮鞋夏季透气,安踏运动,99,130,76,3780,343,96,网布透气,EVA轻底,套脚款式,复古潮鞋,夏季透气,55,男,湖北省,是,22,是
501390181,鸿星尔克工装硬朗冬季保暖,鸿星尔克,162,191,85,313,511,98,混合材质,TPR鞋底,松紧带鞋,工装硬朗,冬季保暖,41,女,四川省,否,5,是
695963904,耐克潮流运动休闲春季新款,耐克潮流,99,99,100,50,2520,95,飞织面料,TPR鞋底,魔术贴鞋,运动休闲,春季新款,48,女,湖北省,否,5,是
744948852,特步男鞋复古潮鞋春季新款,特步男鞋,99,136,73,135,1544,99,真皮柔软,PU中底,拉链鞋款,复古潮鞋,春季新款,41,男,浙江省,否,23,否
845471563,阿迪达斯日常休闲夏季透气,阿迪达斯,292,562,52,27,2707,95,网布透气,EVA轻底,套脚款式,日常休闲,夏季透气,48,女,安徽省,是,11,否
866017195,耐克潮流运动休闲夏季透气,耐克潮流,192,362,53,285,796,94,飞织面料,EVA轻底,系带设计,运动休闲,夏季透气,55,男,江苏省,是,5,是
895342143,特步男鞋简约百搭夏季透气,特步男鞋,99,150,66,1220,2312,95,网布透气,TPR鞋底,魔术贴鞋,简约百搭,夏季透气,48,女,福建省,否,4,是
666335731,特步男鞋工装硬朗冬季保暖,特步男鞋,99,171,58,1125,1147,98,真皮柔软,橡胶大底,松紧带鞋,工装硬朗,冬季保暖,36,男,四川省,是,9,否
476398412,李宁休闲日常休闲夏季透气,李宁休闲,127,128,99,609,7092,92,飞织面料,MD发泡底,松紧带鞋,日常休闲,夏季透气,55,男,江苏省,否,1,是
173131711,李宁休闲潮流高街春季新款,李宁休闲,156,264,59,50,4050,100,合成革鞋,MD发泡底,松紧带鞋,潮流高街,春季新款,45,女,江苏省,否,13,是
824311589,回力经典日常休闲冬季保暖,回力经典,99,148,67,832,4140,93,混合材质,PU中底,魔术贴鞋,日常休闲,冬季保暖,51,女,山东省,否,22,是
413535631,安踏运动潮流高街秋季百搭,安踏运动,137,183,75,15,1139,99,飞织面料,PU中底,拉链鞋款,潮流高街,秋季百搭,50,女,浙江省,否,22,是
528896154,其他品牌潮流高街秋季百搭,其他品牌,99,141,70,25,11190,91,混合材质,MD发泡底,魔术贴鞋,潮流高街,秋季百搭,49,男,河北省,是,21,否
815749075,斯凯奇潮户外机能春季新款,斯凯奇潮,99,157,63,2272,1148,93,真皮柔软,混合鞋底,系带设计,户外机能,春季新款,43,女,浙江省,是,22,否
616351574,鸿星尔克日常休闲秋季百搭,鸿星尔克,177,316,56,214,661,86,合成革鞋,MD发泡底,套脚款式,日常休闲,秋季百搭,47,男,广东省,否,20,是
157381056,斯凯奇潮工装硬朗春季新款,斯凯奇潮,99,138,72,40,1367,89,飞织面料,TPR鞋底,系带设计,工装硬朗,春季新款,46,男,福建省,是,14,否
542356648,安踏运动工装硬朗夏季透气,安踏运动,113,133,85,141,164,93,合成革鞋,混合鞋底,套脚款式,工装硬朗,夏季透气,48,男,江苏省,否,23,否
653314605,回力经典简约百搭夏季透气,回力经典,346,586,59,853,1288,95,飞织面料,TPR鞋底,松紧带鞋,简约百搭,夏季透气,37,男,浙江省,否,19,是
298154899,安踏运动工装硬朗夏季透气,安踏运动,100,111,90,50,4902,93,飞织面料,EVA轻底,套脚款式,工装硬朗,夏季透气,46,男,江苏省,是,16,是
925931009,斯凯奇潮工装硬朗秋季百搭,斯凯奇潮,438,592,74,1273,228,95,高端飞织,EVA轻底,系带设计,工装硬朗,秋季百搭,43,男,江苏省,否,20,否
863195782,安踏运动日常休闲夏季透气,安踏运动,170,200,85,528,1787,95,合成革鞋,TPR鞋底,松紧带鞋,日常休闲,夏季透气,52,男,湖北省,否,9,否
790947557,阿迪达斯简约百搭冬季保暖,阿迪达斯,99,152,65,4950,2189,95,高端飞织,EVA轻底,套脚款式,简约百搭,冬季保暖,46,女,福建省,是,2,否
473445434,李宁休闲户外机能四季通用,李宁休闲,153,168,91,2466,2026,90,超纤皮鞋,TPR鞋底,拉链鞋款,户外机能,四季通用,57,男,四川省,否,3,否
652102747,阿迪达斯潮流高街夏季透气,阿迪达斯,120,129,93,1016,78,92,真皮柔软,PU中底,套脚款式,潮流高街,夏季透气,56,女,福建省,是,5,否
475470784,斯凯奇潮潮流高街秋季百搭,斯凯奇潮,99,198,50,292,9809,88,网布透气,TPR鞋底,魔术贴鞋,潮流高街,秋季百搭,39,男,安徽省,是,10,否
469754051,耐克潮流户外机能夏季透气,耐克潮流,147,186,79,1448,886,86,超纤皮鞋,橡胶大底,拉链鞋款,户外机能,夏季透气,52,女,江苏省,否,21,否
695739700,京东京造运动休闲四季通用,京东京造,110,116,95,1144,1419,94,布面材质,EVA轻底,套脚款式,运动休闲,四季通用,48,女,河南省,是,2,否
573149187,李宁休闲工装硬朗秋季百搭,李宁休闲,99,187,53,1225,319,92,超纤皮鞋,PU中底,拉链鞋款,工装硬朗,秋季百搭,45,女,四川省,是,1,否
919147826,耐克潮流简约百搭秋季百搭,耐克潮流,109,163,67,194,370,86,真皮柔软,TPR鞋底,魔术贴鞋,简约百搭,秋季百搭,32,男,山东省,否,20,是
953368385,安踏运动日常休闲冬季保暖,安踏运动,99,171,58,24,1304,92,网布透气,橡胶大底,拉链鞋款,日常休闲,冬季保暖,43,女,四川省,否,23,否
101599417,鸿星尔克简约百搭四季通用,鸿星尔克,262,504,52,1450,740,91,合成革鞋,PU中底,松紧带鞋,简约百搭,四季通用,58,男,安徽省,是,20,否
698696379,京东京造运动休闲冬季保暖,京东京造,99,121,82,284,6561,94,布面材质,TPR鞋底,套脚款式,运动休闲,冬季保暖,46,男,浙江省,是,4,是
967860982,李宁休闲日常休闲夏季透气,李宁休闲,195,291,67,822,6865,91,飞织面料,混合鞋底,松紧带鞋,日常休闲,夏季透气,46,男,河南省,是,23,否
274309775,回力经典工装硬朗冬季保暖,回力经典,282,486,58,30,127,97,布面材质,MD发泡底,系带设计,工装硬朗,冬季保暖,22,男,河北省,否,12,否
182308228,特步男鞋户外机能春季新款,特步男鞋,99,103,96,1159,1133,90,高端飞织,PU中底,套脚款式,户外机能,春季新款,52,女,福建省,是,2,是
490782735,安踏运动工装硬朗秋季百搭,安踏运动,148,192,77,21,2800,92,飞织面料,MD发泡底,套脚款式,工装硬朗,秋季百搭,40,男,山东省,是,20,否
440445550,特步男鞋运动休闲春季新款,特步男鞋,99,157,63,1188,585,93,混合材质,EVA轻底,系带设计,运动休闲,春季新款,57,男,山东省,否,0,是
772129819,阿迪达斯户外机能秋季百搭,阿迪达斯,212,249,85,483,107,92,网布透气,混合鞋底,松紧带鞋,户外机能,秋季百搭,55,男,湖北省,否,7,否
560001008,京东京造简约百搭冬季保暖,京东京造,99,194,51,85,16100,93,高端飞织,MD发泡底,拉链鞋款,简约百搭,冬季保暖,47,女,广东省,否,8,否
997159656,阿迪达斯工装硬朗夏季透气,阿迪达斯,99,101,98,352,6266,94,布面材质,EVA轻底,松紧带鞋,工装硬朗,夏季透气,50,女,福建省,是,18,否
741473021,京东京造户外机能冬季保暖,京东京造,206,282,73,830,2630,98,网布透气,混合鞋底,松紧带鞋,户外机能,冬季保暖,57,男,河北省,否,8,是
804066431,京东京造潮流高街春季新款,京东京造,99,155,64,1219,1318,94,真皮柔软,EVA轻底,魔术贴鞋,潮流高街,春季新款,40,女,四川省,是,6,否
854000735,其他品牌复古潮鞋春季新款,其他品牌,143,227,63,766,3609,98,合成革鞋,混合鞋底,系带设计,复古潮鞋,春季新款,60,女,河南省,是,0,是
508665669,特步男鞋运动休闲四季通用,特步男鞋,174,252,69,645,494,93,高端飞织,TPR鞋底,系带设计,运动休闲,四季通用,58,女,广东省,是,16,是
806680828,耐克潮流工装硬朗春季新款,耐克潮流,99,129,77,3484,1079,95,网布透气,橡胶大底,魔术贴鞋,工装硬朗,春季新款,49,女,福建省,否,21,否
817533818,耐克潮流复古潮鞋四季通用,耐克潮流,143,238,60,465,3359,95,超纤皮鞋,混合鞋底,系带设计,复古潮鞋,四季通用,50,男,湖北省,是,17,否
910763439,京东京造潮流高街春季新款,京东京造,99,180,55,27,3181,86,混合材质,混合鞋底,套脚款式,潮流高街,春季新款,53,男,河南省,是,22,否
523734558,其他品牌运动休闲春季新款,其他品牌,293,505,58,383,783,97,合成革鞋,EVA轻底,魔术贴鞋,运动休闲,春季新款,56,女,四川省,否,14,是
380328069,斯凯奇潮潮流高街春季新款,斯凯奇潮,181,181,100,1167,666,98,布面材质,PU中底,魔术贴鞋,潮流高街,春季新款,39,女,江苏省,是,10,否
315664490,耐克潮流潮流高街夏季透气,耐克潮流,100,100,100,399,520,95,布面材质,混合鞋底,系带设计,潮流高街,夏季透气,43,女,福建省,否,13,否
512884930,安踏运动运动休闲四季通用,安踏运动,99,103,96,18,1618,90,超纤皮鞋,MD发泡底,松紧带鞋,运动休闲,四季通用,53,女,河北省,是,3,否
535516944,李宁休闲简约百搭夏季透气,李宁休闲,144,232,62,485,124,85,高端飞织,PU中底,套脚款式,简约百搭,夏季透气,50,女,福建省,否,4,是
376325155,阿迪达斯工装硬朗秋季百搭,阿迪达斯,124,141,88,565,312,97,飞织面料,MD发泡底,拉链鞋款,工装硬朗,秋季百搭,38,女,广东省,否,1,是
707227367,斯凯奇潮复古潮鞋秋季百搭,斯凯奇潮,154,156,99,1112,640,92,高端飞织,橡胶大底,拉链鞋款,复古潮鞋,秋季百搭,55,男,江苏省,是,17,否
785982546,李宁休闲运动休闲秋季百搭,李宁休闲,99,101,98,1418,7283,88,飞织面料,PU中底,套脚款式,运动休闲,秋季百搭,47,男,广东省,是,13,否
116557016,京东京造复古潮鞋四季通用,京东京造,99,168,59,439,2638,99,合成革鞋,PU中底,拉链鞋款,复古潮鞋,四季通用,54,女,山东省,是,20,否
550806367,阿迪达斯运动休闲夏季透气,阿迪达斯,99,129,77,32,706,99,超纤皮鞋,TPR鞋底,魔术贴鞋,运动休闲,夏季透气,54,女,福建省,是,4,否
378324685,鸿星尔克日常休闲夏季透气,鸿星尔克,225,271,83,1206,1943,95,布面材质,PU中底,魔术贴鞋,日常休闲,夏季透气,64,女,河南省,是,23,否
635836907,斯凯奇潮潮流高街春季新款,斯凯奇潮,184,252,73,69,247,95,飞织面料,EVA轻底,魔术贴鞋,潮流高街,春季新款,52,女,浙江省,否,4,是
366734619,其他品牌工装硬朗四季通用,其他品牌,99,101,98,1446,1560,93,布面材质,MD发泡底,拉链鞋款,工装硬朗,四季通用,35,女,河南省,是,7,否
267799160,其他品牌复古潮鞋春季新款,其他品牌,99,112,88,1382,855,100,超纤皮鞋,混合鞋底,拉链鞋款,复古潮鞋,春季新款,57,男,河南省,是,5,否
394793867,安踏运动复古潮鞋秋季百搭,安踏运动,195,325,60,838,1081,92,超纤皮鞋,PU中底,魔术贴鞋,复古潮鞋,秋季百搭,45,男,湖北省,否,8,否
872070869,其他品牌户外机能冬季保暖,其他品牌,133,149,89,782,584,89,合成革鞋,PU中底,魔术贴鞋,户外机能,冬季保暖,42,男,广东省,是,11,是
843012964,鸿星尔克简约百搭夏季透气,鸿星尔克,144,192,75,4140,830,88,高端飞织,TPR鞋底,套脚款式,简约百搭,夏季透气,37,女,河南省,否,8,否
404315527,其他品牌运动休闲夏季透气,其他品牌,283,524,54,682,421,94,合成革鞋,TPR鞋底,系带设计,运动休闲,夏季透气,56,女,山东省,否,2,是
110681283,鸿星尔克潮流高街冬季保暖,鸿星尔克,144,155,93,251,1376,93,真皮柔软,PU中底,系带设计,潮流高街,冬季保暖,54,女,安徽省,是,22,否
308372208,安踏运动运动休闲春季新款,安踏运动,99,110,90,6,818,93,超纤皮鞋,混合鞋底,系带设计,运动休闲,春季新款,52,男,浙江省,是,17,是
275931853,耐克潮流复古潮鞋春季新款,耐克潮流,185,289,64,2754,4262,96,混合材质,TPR鞋底,系带设计,复古潮鞋,春季新款,48,男,河南省,是,19,是
869486827,特步男鞋日常休闲春季新款,特步男鞋,224,270,83,457,1927,98,高端飞织,MD发泡底,套脚款式,日常休闲,春季新款,51,女,四川省,否,17,否
494625914,特步男鞋潮流高街夏季透气,特步男鞋,122,200,61,8,158,91,高端飞织,TPR鞋底,魔术贴鞋,潮流高街,夏季透气,54,女,福建省,是,15,是
135190794,安踏运动简约百搭冬季保暖,安踏运动,149,162,92,405,1909,92,高端飞织,TPR鞋底,松紧带鞋,简约百搭,冬季保暖,53,男,江苏省,是,20,否
558333693,安踏运动日常休闲秋季百搭,安踏运动,370,561,66,1072,1935,91,超纤皮鞋,TPR鞋底,魔术贴鞋,日常休闲,秋季百搭,50,男,广东省,是,21,否
627544584,京东京造简约百搭秋季百搭,京东京造,187,374,50,3249,455,85,合成革鞋,MD发泡底,松紧带鞋,简约百搭,秋季百搭,50,女,广东省,是,19,否
418851761,斯凯奇潮运动休闲冬季保暖,斯凯奇潮,99,134,74,910,1592,93,网布透气,MD发泡底,套脚款式,运动休闲,冬季保暖,50,女,四川省,否,22,是
594445431,回力经典工装硬朗秋季百搭,回力经典,99,103,96,628,692,94,飞织面料,EVA轻底,拉链鞋款,工装硬朗,秋季百搭,37,男,浙江省,是,17,是
137238734,特步男鞋户外机能春季新款,特步男鞋,99,160,62,1431,59,95,混合材质,MD发泡底,套脚款式,户外机能,春季新款,47,男,河南省,否,6,否
636225116,京东京造潮流高街冬季保暖,京东京造,148,269,55,2839,627,93,超纤皮鞋,EVA轻底,系带设计,潮流高街,冬季保暖,51,女,浙江省,是,20,否
604601436,耐克潮流日常休闲秋季百搭,耐克潮流,99,168,59,705,388,98,混合材质,橡胶大底,松紧带鞋,日常休闲,秋季百搭,37,女,河北省,是,23,是
649475879,安踏运动简约百搭夏季透气,安踏运动,283,442,64,5,385,97,真皮柔软,MD发泡底,魔术贴鞋,简约百搭,夏季透气,48,男,浙江省,是,0,否
569503654,其他品牌潮流高街春季新款,其他品牌,256,434,59,14,784,92,高端飞织,MD发泡底,拉链鞋款,潮流高街,春季新款,45,女,浙江省,是,1,否
803723125,耐克潮流复古潮鞋夏季透气,耐克潮流,129,184,70,11,1666,93,网布透气,EVA轻底,松紧带鞋,复古潮鞋,夏季透气,23,男,河南省,是,6,是
870152721,安踏运动简约百搭夏季透气,安踏运动,238,326,73,348,3827,95,飞织面料,MD发泡底,拉链鞋款,简约百搭,夏季透气,59,女,山东省,否,11,是
341039791,安踏运动潮流高街秋季百搭,安踏运动,99,146,68,955,1384,96,网布透气,橡胶大底,套脚款式,潮流高街,秋季百搭,57,男,江苏省,否,20,是
642722242,斯凯奇潮简约百搭春季新款,斯凯奇潮,182,264,69,10,532,93,合成革鞋,混合鞋底,拉链鞋款,简约百搭,春季新款,51,女,四川省,否,7,否
421321178,安踏运动日常休闲夏季透气,安踏运动,134,239,56,312,1287,95,布面材质,PU中底,拉链鞋款,日常休闲,夏季透气,50,女,四川省,否,3,否
536901289,回力经典潮流高街夏季透气,回力经典,134,220,61,39,5365,97,布面材质,TPR鞋底,套脚款式,潮流高街,夏季透气,48,男,广东省,是,22,否
291065968,鸿星尔克户外机能秋季百搭,鸿星尔克,99,119,83,41,802,94,布面材质,TPR鞋底,松紧带鞋,户外机能,秋季百搭,40,男,福建省,否,5,否
981138150,鸿星尔克潮流高街秋季百搭,鸿星尔克,196,211,93,1446,1621,93,布面材质,EVA轻底,系带设计,潮流高街,秋季百搭,51,男,福建省,否,6,否
224778354,李宁休闲运动休闲冬季保暖,李宁休闲,126,242,52,1111,2298,90,混合材质,PU中底,魔术贴鞋,运动休闲,冬季保暖,51,男,广东省,是,15,是
299900568,耐克潮流户外机能夏季透气,耐克潮流,99,110,90,404,3418,97,网布透气,MD发泡底,松紧带鞋,户外机能,夏季透气,50,女,安徽省,是,22,否
183477731,斯凯奇潮简约百搭四季通用,斯凯奇潮,100,119,84,1276,2708,99,布面材质,混合鞋底,拉链鞋款,简约百搭,四季通用,63,男,广东省,否,20,是
725838883,耐克潮流工装硬朗夏季透气,耐克潮流,99,174,57,39,535,100,合成革鞋,混合鞋底,套脚款式,工装硬朗,夏季透气,53,男,河南省,是,15,是
421516349,其他品牌简约百搭秋季百搭,其他品牌,99,115,86,2233,265,94,网布透气,混合鞋底,系带设计,简约百搭,秋季百搭,58,女,山东省,是,16,否
725915047,斯凯奇潮复古潮鞋春季新款,斯凯奇潮,163,187,87,24,3039,95,合成革鞋,橡胶大底,拉链鞋款,复古潮鞋,春季新款,42,男,浙江省,是,18,是
558255164,回力经典工装硬朗夏季透气,回力经典,99,112,88,47,1062,94,飞织面料,PU中底,拉链鞋款,工装硬朗,夏季透气,49,女,湖北省,是,13,否
718349800,李宁休闲工装硬朗秋季百搭,李宁休闲,142,225,63,300,1221,95,超纤皮鞋,橡胶大底,松紧带鞋,工装硬朗,秋季百搭,55,女,四川省,是,0,是
356640681,鸿星尔克简约百搭秋季百搭,鸿星尔克,230,348,66,838,479,97,布面材质,MD发泡底,套脚款式,简约百搭,秋季百搭,40,男,浙江省,是,18,是
656325789,斯凯奇潮复古潮鞋夏季透气,斯凯奇潮,370,457,81,206,960,99,超纤皮鞋,橡胶大底,拉链鞋款,复古潮鞋,夏季透气,59,男,山东省,是,21,否
684356868,特步男鞋工装硬朗秋季百搭,特步男鞋,181,208,87,1038,1053,99,高端飞织,混合鞋底,松紧带鞋,工装硬朗,秋季百搭,58,女,四川省,否,4,是
768629349,李宁休闲复古潮鞋秋季百搭,李宁休闲,200,339,59,1011,2038,95,飞织面料,混合鞋底,魔术贴鞋,复古潮鞋,秋季百搭,47,男,湖北省,是,10,是
814405791,鸿星尔克潮流高街四季通用,鸿星尔克,209,249,84,45,376,93,合成革鞋,混合鞋底,拉链鞋款,潮流高街,四季通用,44,男,江苏省,否,16,是
396263558,特步男鞋日常休闲春季新款,特步男鞋,114,134,85,837,8487,91,合成革鞋,TPR鞋底,拉链鞋款,日常休闲,春季新款,50,男,福建省,否,19,是
576641370,特步男鞋复古潮鞋春季新款,特步男鞋,185,215,86,580,1903,90,混合材质,混合鞋底,拉链鞋款,复古潮鞋,春季新款,60,女,山东省,是,2,否
336276839,耐克潮流复古潮鞋夏季透气,耐克潮流,99,150,66,1059,2281,95,合成革鞋,EVA轻底,拉链鞋款,复古潮鞋,夏季透气,48,男,安徽省,是,12,是
738146943,其他品牌户外机能春季新款,其他品牌,258,315,82,3650,5285,98,真皮柔软,橡胶大底,魔术贴鞋,户外机能,春季新款,45,男,湖北省,是,18,否
322579604,斯凯奇潮简约百搭四季通用,斯凯奇潮,214,271,79,950,3445,95,合成革鞋,EVA轻底,松紧带鞋,简约百搭,四季通用,56,男,江苏省,否,9,是
295192533,回力经典简约百搭四季通用,回力经典,204,304,67,114,602,94,合成革鞋,TPR鞋底,套脚款式,简约百搭,四季通用,53,男,浙江省,是,21,是
469280262,其他品牌户外机能秋季百搭,其他品牌,161,322,50,24,6074,95,真皮柔软,橡胶大底,套脚款式,户外机能,秋季百搭,50,女,河南省,否,21,否
155958235,李宁休闲运动休闲夏季透气,李宁休闲,228,289,79,146,1662,100,混合材质,MD发泡底,拉链鞋款,运动休闲,夏季透气,29,男,广东省,否,2,否
725043556,鸿星尔克户外机能秋季百搭,鸿星尔克,197,334,59,1404,80,97,高端飞织,EVA轻底,松紧带鞋,户外机能,秋季百搭,43,女,河南省,是,20,是
808075060,其他品牌运动休闲秋季百搭,其他品牌,393,538,73,680,55,100,高端飞织,橡胶大底,拉链鞋款,运动休闲,秋季百搭,51,男,山东省,是,22,是
689931128,特步男鞋简约百搭春季新款,特步男鞋,105,114,92,14,409,95,超纤皮鞋,橡胶大底,套脚款式,简约百搭,春季新款,57,男,河北省,是,0,否
924071002,李宁休闲运动休闲夏季透气,李宁休闲,99,168,59,31,734,86,高端飞织,MD发泡底,魔术贴鞋,运动休闲,夏季透气,36,女,四川省,是,5,否
603291432,李宁休闲简约百搭夏季透气,李宁休闲,99,132,75,495,3129,90,高端飞织,混合鞋底,套脚款式,简约百搭,夏季透气,59,女,浙江省,否,18,否
439635772,耐克潮流潮流高街冬季保暖,耐克潮流,99,124,80,2689,200,96,混合材质,PU中底,松紧带鞋,潮流高街,冬季保暖,42,男,广东省,否,8,否
836947693,安踏运动工装硬朗秋季百搭,安踏运动,99,194,51,2345,1977,95,真皮柔软,TPR鞋底,拉链鞋款,工装硬朗,秋季百搭,36,女,福建省,否,20,是
931567620,京东京造户外机能四季通用,京东京造,438,548,80,544,1049,96,合成革鞋,混合鞋底,魔术贴鞋,户外机能,四季通用,40,女,山东省,是,11,否
942162118,安踏运动工装硬朗四季通用,安踏运动,127,155,82,4899,1716,98,合成革鞋,MD发泡底,拉链鞋款,工装硬朗,四季通用,45,女,广东省,是,3,否
367758921,李宁休闲户外机能四季通用,李宁休闲,99,194,51,679,7040,99,合成革鞋,MD发泡底,系带设计,户外机能,四季通用,52,男,四川省,是,7,是
426615465,特步男鞋户外机能夏季透气,特步男鞋,329,392,84,1050,3098,94,混合材质,橡胶大底,套脚款式,户外机能,夏季透气,48,女,河南省,否,5,是
568853877,李宁休闲简约百搭春季新款,李宁休闲,99,118,84,331,1484,96,混合材质,PU中底,魔术贴鞋,简约百搭,春季新款,37,男,广东省,否,14,是
673154177,阿迪达斯日常休闲秋季百搭,阿迪达斯,99,160,62,1175,1517,100,高端飞织,MD发泡底,拉链鞋款,日常休闲,秋季百搭,45,男,山东省,是,13,否
569421290,鸿星尔克日常休闲秋季百搭,鸿星尔克,555,645,86,587,1162,95,飞织面料,橡胶大底,魔术贴鞋,日常休闲,秋季百搭,43,女,河北省,是,20,否
310738392,回力经典户外机能四季通用,回力经典,699,760,92,273,928,92,超纤皮鞋,PU中底,魔术贴鞋,户外机能,四季通用,50,男,湖北省,是,0,否
430273124,京东京造工装硬朗秋季百搭,京东京造,105,119,88,3,1090,98,超纤皮鞋,TPR鞋底,拉链鞋款,工装硬朗,秋季百搭,52,女,四川省,否,10,是
998972519,耐克潮流潮流高街四季通用,耐克潮流,143,201,71,1240,1303,94,高端飞织,MD发泡底,套脚款式,潮流高街,四季通用,44,女,安徽省,是,15,是
601674712,特步男鞋户外机能秋季百搭,特步男鞋,99,119,83,1128,637,90,混合材质,MD发泡底,套脚款式,户外机能,秋季百搭,45,男,四川省,是,21,是
900894103,京东京造运动休闲秋季百搭,京东京造,699,736,95,47,5697,94,布面材质,PU中底,拉链鞋款,运动休闲,秋季百搭,56,女,安徽省,是,19,否
847452511,安踏运动简约百搭夏季透气,安踏运动,224,264,85,1419,10858,93,网布透气,混合鞋底,拉链鞋款,简约百搭,夏季透气,44,男,河南省,是,13,是
540434858,安踏运动运动休闲春季新款,安踏运动,119,149,80,50,4390,90,真皮柔软,橡胶大底,松紧带鞋,运动休闲,春季新款,35,女,四川省,否,7,是
866975789,特步男鞋运动休闲冬季保暖,特步男鞋,336,354,95,5,1515,99,网布透气,PU中底,拉链鞋款,运动休闲,冬季保暖,52,女,江苏省,否,21,否
805478566,京东京造复古潮鞋四季通用,京东京造,250,397,63,72,2654,94,布面材质,PU中底,系带设计,复古潮鞋,四季通用,53,男,四川省,是,15,是
800199812,斯凯奇潮工装硬朗春季新款,斯凯奇潮,134,174,77,36,1253,85,真皮柔软,MD发泡底,拉链鞋款,工装硬朗,春季新款,51,男,广东省,否,9,否
737115129,耐克潮流工装硬朗春季新款,耐克潮流,262,336,78,405,250,100,合成革鞋,橡胶大底,松紧带鞋,工装硬朗,春季新款,45,男,福建省,否,11,是
782524684,特步男鞋复古潮鞋春季新款,特步男鞋,129,219,59,1474,1899,91,合成革鞋,混合鞋底,松紧带鞋,复古潮鞋,春季新款,51,女,山东省,是,4,否
192039567,回力经典简约百搭秋季百搭,回力经典,111,137,81,152,1211,86,网布透气,TPR鞋底,松紧带鞋,简约百搭,秋季百搭,45,女,河南省,否,20,是
743021822,其他品牌简约百搭四季通用,其他品牌,232,336,69,2287,8923,99,布面材质,TPR鞋底,套脚款式,简约百搭,四季通用,58,男,广东省,是,20,否
644539379,回力经典运动休闲冬季保暖,回力经典,235,283,83,272,533,96,网布透气,TPR鞋底,系带设计,运动休闲,冬季保暖,54,男,山东省,是,20,是
150280666,李宁休闲复古潮鞋夏季透气,李宁休闲,99,118,84,3294,478,100,合成革鞋,混合鞋底,系带设计,复古潮鞋,夏季透气,44,女,浙江省,否,22,是
935824559,耐克潮流潮流高街冬季保暖,耐克潮流,99,100,99,1,7838,98,合成革鞋,混合鞋底,魔术贴鞋,潮流高街,冬季保暖,45,男,四川省,是,21,否
413532068,耐克潮流工装硬朗夏季透气,耐克潮流,185,253,73,3268,550,100,网布透气,橡胶大底,魔术贴鞋,工装硬朗,夏季透气,43,女,福建省,否,23,是
311754673,李宁休闲工装硬朗冬季保暖,李宁休闲,173,188,92,460,388,96,网布透气,MD发泡底,系带设计,工装硬朗,冬季保暖,47,男,湖北省,否,15,否
419411177,李宁休闲潮流高街冬季保暖,李宁休闲,106,166,64,129,869,93,布面材质,TPR鞋底,松紧带鞋,潮流高街,冬季保暖,55,男,四川省,否,3,否
876466492,特步男鞋复古潮鞋四季通用,特步男鞋,144,277,52,27,256,93,网布透气,橡胶大底,系带设计,复古潮鞋,四季通用,46,女,河南省,是,3,否
207126642,斯凯奇潮简约百搭四季通用,斯凯奇潮,157,164,96,1323,371,97,布面材质,EVA轻底,套脚款式,简约百搭,四季通用,47,男,河北省,否,22,是
275342913,鸿星尔克潮流高街冬季保暖,鸿星尔克,193,238,81,641,292,96,合成革鞋,橡胶大底,拉链鞋款,潮流高街,冬季保暖,51,女,广东省,是,12,是
685846482,其他品牌日常休闲四季通用,其他品牌,99,111,89,3544,73,92,布面材质,MD发泡底,套脚款式,日常休闲,四季通用,40,女,江苏省,否,4,否
173105495,李宁休闲复古潮鞋夏季透气,李宁休闲,314,383,82,624,1307,92,高端飞织,橡胶大底,系带设计,复古潮鞋,夏季透气,51,女,河北省,否,3,否
883270670,鸿星尔克复古潮鞋冬季保暖,鸿星尔克,366,475,77,7,2037,95,混合材质,TPR鞋底,松紧带鞋,复古潮鞋,冬季保暖,46,男,江苏省,否,1,否
437829266,其他品牌复古潮鞋四季通用,其他品牌,101,128,79,143,371,95,飞织面料,EVA轻底,松紧带鞋,复古潮鞋,四季通用,46,女,湖北省,是,20,否
870832644,李宁休闲运动休闲冬季保暖,李宁休闲,105,128,82,321,1322,85,超纤皮鞋,混合鞋底,拉链鞋款,运动休闲,冬季保暖,54,女,山东省,是,4,否
526516104,耐克潮流复古潮鞋冬季保暖,耐克潮流,171,188,91,1212,1990,100,网布透气,EVA轻底,拉链鞋款,复古潮鞋,冬季保暖,43,男,江苏省,否,4,是
704264070,鸿星尔克潮流高街冬季保暖,鸿星尔克,428,460,93,257,240,96,超纤皮鞋,MD发泡底,系带设计,潮流高街,冬季保暖,52,女,安徽省,是,21,是
240868428,斯凯奇潮工装硬朗春季新款,斯凯奇潮,120,240,50,1473,329,100,超纤皮鞋,橡胶大底,系带设计,工装硬朗,春季新款,55,男,河北省,否,19,否
143259685,耐克潮流日常休闲四季通用,耐克潮流,99,99,100,856,2821,97,高端飞织,TPR鞋底,松紧带鞋,日常休闲,四季通用,40,女,广东省,否,22,是
254149814,阿迪达斯简约百搭夏季透气,阿迪达斯,127,155,82,822,1203,89,混合材质,PU中底,魔术贴鞋,简约百搭,夏季透气,46,男,安徽省,否,23,是
350006315,鸿星尔克工装硬朗秋季百搭,鸿星尔克,99,109,91,3,200,97,飞织面料,MD发泡底,系带设计,工装硬朗,秋季百搭,57,女,福建省,是,8,是
712172012,阿迪达斯简约百搭秋季百搭,阿迪达斯,100,192,52,3486,1852,92,高端飞织,橡胶大底,拉链鞋款,简约百搭,秋季百搭,55,女,浙江省,是,1,是
546291881,鸿星尔克运动休闲秋季百搭,鸿星尔克,129,165,78,34,4197,100,超纤皮鞋,EVA轻底,套脚款式,运动休闲,秋季百搭,53,男,安徽省,是,14,否
297544066,京东京造工装硬朗四季通用,京东京造,101,135,75,1420,1544,96,飞织面料,混合鞋底,套脚款式,工装硬朗,四季通用,47,男,福建省,是,4,是
163152991,京东京造运动休闲秋季百搭,京东京造,125,134,93,368,658,90,超纤皮鞋,TPR鞋底,魔术贴鞋,运动休闲,秋季百搭,18,男,浙江省,是,15,是
781894348,回力经典日常休闲秋季百搭,回力经典,296,462,64,388,471,96,高端飞织,TPR鞋底,松紧带鞋,日常休闲,秋季百搭,46,男,江苏省,否,11,是
599569417,其他品牌潮流高街秋季百搭,其他品牌,160,167,96,278,3883,97,飞织面料,MD发泡底,套脚款式,潮流高街,秋季百搭,41,女,四川省,是,4,否
450843701,特步男鞋日常休闲春季新款,特步男鞋,365,493,74,203,1441,92,网布透气,EVA轻底,系带设计,日常休闲,春季新款,31,男,浙江省,是,21,是
709327845,回力经典运动休闲夏季透气,回力经典,193,292,66,1476,829,98,超纤皮鞋,MD发泡底,魔术贴鞋,运动休闲,夏季透气,45,女,安徽省,否,21,是
858628551,斯凯奇潮运动休闲冬季保暖,斯凯奇潮,449,724,62,4562,21723,97,高端飞织,混合鞋底,魔术贴鞋,运动休闲,冬季保暖,39,男,福建省,否,16,是
294957756,京东京造潮流高街春季新款,京东京造,176,232,76,835,6148,88,超纤皮鞋,PU中底,套脚款式,潮流高街,春季新款,55,男,湖北省,是,23,是
907391920,鸿星尔克日常休闲冬季保暖,鸿星尔克,106,113,94,1149,1479,90,布面材质,MD发泡底,松紧带鞋,日常休闲,冬季保暖,54,女,安徽省,否,16,是
839851873,李宁休闲简约百搭春季新款,李宁休闲,99,102,97,2821,268,99,网布透气,PU中底,套脚款式,简约百搭,春季新款,36,男,湖北省,否,20,否
398239645,安踏运动日常休闲春季新款,安踏运动,99,129,77,141,1519,90,合成革鞋,橡胶大底,套脚款式,日常休闲,春季新款,20,男,广东省,是,1,是
616496722,特步男鞋复古潮鞋秋季百搭,特步男鞋,112,153,73,4987,798,95,布面材质,混合鞋底,松紧带鞋,复古潮鞋,秋季百搭,34,男,河南省,否,20,否
187652837,李宁休闲简约百搭夏季透气,李宁休闲,209,279,75,4436,1336,92,飞织面料,EVA轻底,系带设计,简约百搭,夏季透气,45,男,河南省,是,15,否
804139220,李宁休闲工装硬朗四季通用,李宁休闲,215,247,87,1360,283,86,网布透气,EVA轻底,拉链鞋款,工装硬朗,四季通用,20,男,江苏省,是,21,是
555888060,鸿星尔克日常休闲春季新款,鸿星尔克,176,275,64,16,63,95,布面材质,混合鞋底,松紧带鞋,日常休闲,春季新款,47,女,河北省,否,22,否
771234006,耐克潮流户外机能秋季百搭,耐克潮流,106,193,55,627,6146,90,布面材质,橡胶大底,套脚款式,户外机能,秋季百搭,50,女,江苏省,否,6,否
459351620,其他品牌简约百搭冬季保暖,其他品牌,128,145,88,1164,385,90,网布透气,MD发泡底,系带设计,简约百搭,冬季保暖,46,女,河南省,是,23,是
998288834,安踏运动复古潮鞋冬季保暖,安踏运动,116,157,74,1203,223,92,超纤皮鞋,混合鞋底,套脚款式,复古潮鞋,冬季保暖,53,女,四川省,否,8,否
603968363,安踏运动日常休闲秋季百搭,安踏运动,111,179,62,1182,839,95,真皮柔软,MD发泡底,系带设计,日常休闲,秋季百搭,51,女,河北省,是,9,是
171778359,回力经典工装硬朗冬季保暖,回力经典,99,180,55,15,143,90,真皮柔软,混合鞋底,套脚款式,工装硬朗,冬季保暖,48,男,四川省,否,17,是
624504692,阿迪达斯日常休闲秋季百搭,阿迪达斯,143,168,85,14,2297,96,布面材质,MD发泡底,松紧带鞋,日常休闲,秋季百搭,32,男,四川省,是,12,是
994408639,耐克潮流简约百搭夏季透气,耐克潮流,235,392,60,578,1078,91,真皮柔软,PU中底,套脚款式,简约百搭,夏季透气,42,女,江苏省,否,13,是
229774527,阿迪达斯工装硬朗秋季百搭,阿迪达斯,99,100,99,186,1853,96,合成革鞋,橡胶大底,套脚款式,工装硬朗,秋季百搭,41,男,广东省,否,22,是
498293094,其他品牌工装硬朗夏季透气,其他品牌,99,127,78,1464,389,94,高端飞织,PU中底,魔术贴鞋,工装硬朗,夏季透气,58,男,山东省,是,22,是
715121271,耐克潮流工装硬朗春季新款,耐克潮流,99,129,77,491,7161,96,超纤皮鞋,混合鞋底,魔术贴鞋,工装硬朗,春季新款,53,男,河南省,是,23,否
515243394,鸿星尔克工装硬朗春季新款,鸿星尔克,99,115,86,1257,96,92,网布透气,PU中底,魔术贴鞋,工装硬朗,春季新款,43,男,湖北省,是,18,是
142219471,斯凯奇潮简约百搭四季通用,斯凯奇潮,99,190,52,1472,657,92,混合材质,混合鞋底,套脚款式,简约百搭,四季通用,48,男,福建省,否,18,否
451952522,京东京造潮流高街夏季透气,京东京造,99,143,69,1053,1479,91,混合材质,MD发泡底,拉链鞋款,潮流高街,夏季透气,64,女,福建省,是,14,否
509584960,安踏运动日常休闲夏季透气,安踏运动,170,221,77,764,28,95,飞织面料,MD发泡底,魔术贴鞋,日常休闲,夏季透气,33,女,河南省,否,4,是
969842842,李宁休闲日常休闲秋季百搭,李宁休闲,99,124,80,3032,8100,91,网布透气,MD发泡底,系带设计,日常休闲,秋季百搭,60,男,四川省,是,19,是
351968650,安踏运动日常休闲夏季透气,安踏运动,99,110,90,498,926,90,超纤皮鞋,PU中底,拉链鞋款,日常休闲,夏季透气,57,男,广东省,是,17,否
618069714,李宁休闲工装硬朗四季通用,李宁休闲,99,194,51,377,6711,90,高端飞织,PU中底,套脚款式,工装硬朗,四季通用,41,女,浙江省,否,0,是
690869119,斯凯奇潮户外机能冬季保暖,斯凯奇潮,129,248,52,1318,140,85,网布透气,混合鞋底,魔术贴鞋,户外机能,冬季保暖,43,男,河北省,是,19,是
444927338,安踏运动日常休闲夏季透气,安踏运动,242,425,57,1057,181,99,超纤皮鞋,EVA轻底,松紧带鞋,日常休闲,夏季透气,41,男,河南省,是,13,否
141621561,耐克潮流简约百搭春季新款,耐克潮流,201,314,64,1134,993,90,混合材质,MD发泡底,魔术贴鞋,简约百搭,春季新款,50,男,安徽省,是,22,是
228761166,斯凯奇潮复古潮鞋夏季透气,斯凯奇潮,161,293,55,4822,341,97,混合材质,MD发泡底,系带设计,复古潮鞋,夏季透气,44,男,山东省,否,3,是
124999691,阿迪达斯复古潮鞋秋季百搭,阿迪达斯,202,321,63,358,326,96,真皮柔软,PU中底,套脚款式,复古潮鞋,秋季百搭,28,男,江苏省,是,0,是
775771692,回力经典日常休闲春季新款,回力经典,99,102,97,147,2915,95,飞织面料,MD发泡底,系带设计,日常休闲,春季新款,35,女,湖北省,否,3,是
715469914,耐克潮流潮流高街夏季透气,耐克潮流,124,139,89,968,364,93,真皮柔软,橡胶大底,系带设计,潮流高街,夏季透气,48,女,河北省,否,2,否
579033432,安踏运动简约百搭秋季百搭,安踏运动,137,169,81,1134,599,95,高端飞织,橡胶大底,松紧带鞋,简约百搭,秋季百搭,36,女,浙江省,否,16,是
579128116,京东京造复古潮鞋秋季百搭,京东京造,99,129,77,1388,1797,94,真皮柔软,橡胶大底,系带设计,复古潮鞋,秋季百搭,58,男,浙江省,否,7,是
837073476,阿迪达斯运动休闲四季通用,阿迪达斯,99,141,70,40,6337,93,混合材质,橡胶大底,套脚款式,运动休闲,四季通用,56,男,四川省,否,18,是
596150862,其他品牌潮流高街四季通用,其他品牌,99,174,57,1039,2195,93,合成革鞋,MD发泡底,松紧带鞋,潮流高街,四季通用,37,女,湖北省,否,10,是
460410136,耐克潮流日常休闲秋季百搭,耐克潮流,99,177,56,1462,34,98,超纤皮鞋,橡胶大底,魔术贴鞋,日常休闲,秋季百搭,40,男,福建省,否,11,否
933271681,特步男鞋潮流高街春季新款,特步男鞋,129,152,85,1461,2230,95,高端飞织,PU中底,拉链鞋款,潮流高街,春季新款,48,女,浙江省,是,17,否
484784223,李宁休闲复古潮鞋春季新款,李宁休闲,99,111,89,0,976,93,混合材质,TPR鞋底,系带设计,复古潮鞋,春季新款,38,男,河南省,否,4,是
104572617,回力经典日常休闲春季新款,回力经典,99,121,82,4449,292,97,飞织面料,橡胶大底,拉链鞋款,日常休闲,春季新款,46,女,河北省,否,7,是
982993785,斯凯奇潮工装硬朗春季新款,斯凯奇潮,99,146,68,1247,2359,95,布面材质,PU中底,松紧带鞋,工装硬朗,春季新款,51,男,江苏省,否,8,是
613648989,其他品牌复古潮鞋秋季百搭,其他品牌,99,129,77,47,6412,91,布面材质,TPR鞋底,套脚款式,复古潮鞋,秋季百搭,47,男,安徽省,否,21,是
614856738,耐克潮流潮流高街秋季百搭,耐克潮流,109,130,84,1120,1057,89,超纤皮鞋,PU中底,魔术贴鞋,潮流高街,秋季百搭,52,男,山东省,否,22,是
427646184,耐克潮流潮流高街夏季透气,耐克潮流,99,160,62,1123,306,91,高端飞织,MD发泡底,套脚款式,潮流高街,夏季透气,52,女,湖北省,是,20,是
633641092,京东京造日常休闲夏季透气,京东京造,207,241,86,3234,1502,99,高端飞织,橡胶大底,松紧带鞋,日常休闲,夏季透气,41,女,广东省,是,14,否
295542780,阿迪达斯复古潮鞋秋季百搭,阿迪达斯,99,183,54,4046,1151,98,真皮柔软,MD发泡底,魔术贴鞋,复古潮鞋,秋季百搭,51,男,山东省,是,20,否
767747273,鸿星尔克复古潮鞋夏季透气,鸿星尔克,171,197,87,4453,375,94,真皮柔软,PU中底,松紧带鞋,复古潮鞋,夏季透气,38,女,山东省,是,4,否
931327352,鸿星尔克户外机能秋季百搭,鸿星尔克,199,209,95,10,16,90,混合材质,TPR鞋底,松紧带鞋,户外机能,秋季百搭,63,男,四川省,否,9,是
506375684,李宁休闲复古潮鞋夏季透气,李宁休闲,219,255,86,455,1010,91,高端飞织,EVA轻底,魔术贴鞋,复古潮鞋,夏季透气,60,男,安徽省,否,14,是
247717060,其他品牌工装硬朗春季新款,其他品牌,99,177,56,930,2711,87,混合材质,PU中底,拉链鞋款,工装硬朗,春季新款,39,男,江苏省,是,19,是
699118112,阿迪达斯工装硬朗夏季透气,阿迪达斯,99,194,51,1240,587,94,高端飞织,橡胶大底,松紧带鞋,工装硬朗,夏季透气,50,女,江苏省,是,19,否
785316568,其他品牌运动休闲夏季透气,其他品牌,99,101,98,2159,82,97,合成革鞋,混合鞋底,系带设计,运动休闲,夏季透气,46,男,河南省,是,21,否
361980945,京东京造日常休闲春季新款,京东京造,188,196,96,2506,18821,100,飞织面料,EVA轻底,套脚款式,日常休闲,春季新款,53,男,河北省,否,23,否
407091434,阿迪达斯潮流高街秋季百搭,阿迪达斯,129,133,97,18,1603,97,合成革鞋,TPR鞋底,松紧带鞋,潮流高街,秋季百搭,43,男,河南省,是,22,是
760781384,安踏运动户外机能冬季保暖,安踏运动,99,130,76,1054,1080,100,合成革鞋,EVA轻底,套脚款式,户外机能,冬季保暖,47,女,浙江省,否,21,是
859910070,特步男鞋运动休闲冬季保暖,特步男鞋,125,137,91,713,350,91,超纤皮鞋,混合鞋底,魔术贴鞋,运动休闲,冬季保暖,55,女,浙江省,是,1,是
959865111,特步男鞋户外机能四季通用,特步男鞋,177,211,84,9,1010,90,合成革鞋,MD发泡底,系带设计,户外机能,四季通用,48,男,山东省,否,11,否
832111321,李宁休闲工装硬朗冬季保暖,李宁休闲,128,183,70,565,1283,94,真皮柔软,橡胶大底,套脚款式,工装硬朗,冬季保暖,45,女,河北省,否,19,否
386483925,京东京造简约百搭冬季保暖,京东京造,109,173,63,1386,428,98,合成革鞋,EVA轻底,套脚款式,简约百搭,冬季保暖,41,男,广东省,是,13,是
724866887,李宁休闲运动休闲春季新款,李宁休闲,188,265,71,695,1618,91,超纤皮鞋,TPR鞋底,套脚款式,运动休闲,春季新款,48,女,广东省,是,22,否
702679446,耐克潮流运动休闲夏季透气,耐克潮流,99,141,70,22,4669,93,真皮柔软,MD发泡底,套脚款式,运动休闲,夏季透气,47,女,河南省,是,1,否
154203588,安踏运动复古潮鞋冬季保暖,安踏运动,99,194,51,1221,1461,91,高端飞织,MD发泡底,拉链鞋款,复古潮鞋,冬季保暖,35,女,山东省,否,14,是
437130145,鸿星尔克潮流高街夏季透气,鸿星尔克,99,183,54,1389,460,97,超纤皮鞋,MD发泡底,松紧带鞋,潮流高街,夏季透气,44,女,江苏省,否,20,是
449392663,鸿星尔克户外机能夏季透气,鸿星尔克,442,631,70,5,6167,98,混合材质,EVA轻底,松紧带鞋,户外机能,夏季透气,55,女,福建省,是,0,否
739613216,特步男鞋日常休闲夏季透气,特步男鞋,99,104,95,187,2682,98,飞织面料,EVA轻底,魔术贴鞋,日常休闲,夏季透气,60,男,湖北省,否,22,是
840202826,鸿星尔克复古潮鞋秋季百搭,鸿星尔克,99,143,69,301,3100,95,真皮柔软,混合鞋底,魔术贴鞋,复古潮鞋,秋季百搭,45,女,河北省,否,19,否
793720217,鸿星尔克户外机能春季新款,鸿星尔克,99,165,60,1466,389,94,混合材质,PU中底,套脚款式,户外机能,春季新款,56,男,四川省,是,20,是
358503129,安踏运动日常休闲四季通用,安踏运动,139,154,90,5,1720,91,高端飞织,TPR鞋底,魔术贴鞋,日常休闲,四季通用,51,女,山东省,是,13,否
668263350,特步男鞋复古潮鞋冬季保暖,特步男鞋,99,130,76,5,118,94,飞织面料,EVA轻底,松紧带鞋,复古潮鞋,冬季保暖,55,男,河南省,是,11,是
280700464,特步男鞋简约百搭秋季百搭,特步男鞋,136,143,95,993,10772,99,高端飞织,橡胶大底,系带设计,简约百搭,秋季百搭,51,男,广东省,否,21,是
754310177,阿迪达斯日常休闲冬季保暖,阿迪达斯,205,270,76,3262,4199,90,合成革鞋,橡胶大底,拉链鞋款,日常休闲,冬季保暖,43,女,浙江省,否,2,是
172343891,李宁休闲潮流高街春季新款,李宁休闲,99,155,64,1071,343,94,网布透气,PU中底,套脚款式,潮流高街,春季新款,49,男,湖北省,否,0,否
643926143,李宁休闲简约百搭秋季百搭,李宁休闲,191,227,84,1242,2317,99,超纤皮鞋,TPR鞋底,套脚款式,简约百搭,秋季百搭,50,女,福建省,否,1,否
429162978,京东京造工装硬朗秋季百搭,京东京造,99,160,62,574,325,94,超纤皮鞋,TPR鞋底,魔术贴鞋,工装硬朗,秋季百搭,41,男,福建省,否,22,是
186944170,其他品牌运动休闲秋季百搭,其他品牌,152,224,68,538,510,91,真皮柔软,橡胶大底,系带设计,运动休闲,秋季百搭,42,男,江苏省,是,15,否
374613456,其他品牌潮流高街夏季透气,其他品牌,113,147,77,18,132,94,飞织面料,橡胶大底,拉链鞋款,潮流高街,夏季透气,53,男,河南省,否,5,否
490340757,阿迪达斯简约百搭春季新款,阿迪达斯,99,143,69,698,356,96,合成革鞋,PU中底,松紧带鞋,简约百搭,春季新款,57,女,河北省,否,9,否
824244321,耐克潮流潮流高街夏季透气,耐克潮流,99,134,74,3911,9998,93,飞织面料,TPR鞋底,魔术贴鞋,潮流高街,夏季透气,48,女,安徽省,否,10,是
462350045,李宁休闲潮流高街四季通用,李宁休闲,99,108,92,23,1685,96,合成革鞋,TPR鞋底,松紧带鞋,潮流高街,四季通用,47,男,四川省,否,10,是
693004774,特步男鞋工装硬朗春季新款,特步男鞋,134,181,74,44,272,97,布面材质,EVA轻底,松紧带鞋,工装硬朗,春季新款,47,男,安徽省,否,7,否
810026795,安踏运动户外机能夏季透气,安踏运动,99,150,66,3006,356,94,网布透气,EVA轻底,魔术贴鞋,户外机能,夏季透气,29,女,山东省,是,0,否
763487086,耐克潮流工装硬朗夏季透气,耐克潮流,99,110,90,4706,28908,95,网布透气,混合鞋底,松紧带鞋,工装硬朗,夏季透气,34,男,福建省,是,14,否
746598916,耐克潮流运动休闲冬季保暖,耐克潮流,99,162,61,705,34,96,布面材质,橡胶大底,拉链鞋款,运动休闲,冬季保暖,52,男,广东省,是,6,否
152658177,京东京造运动休闲夏季透气,京东京造,99,114,87,666,8457,99,布面材质,橡胶大底,套脚款式,运动休闲,夏季透气,52,女,浙江省,是,21,否
421460834,其他品牌运动休闲春季新款,其他品牌,99,155,64,1116,26751,95,飞织面料,MD发泡底,松紧带鞋,运动休闲,春季新款,48,女,安徽省,否,7,是
904908069,回力经典潮流高街春季新款,回力经典,174,252,69,3136,1903,95,高端飞织,TPR鞋底,魔术贴鞋,潮流高街,春季新款,41,男,安徽省,是,16,是
357468506,鸿星尔克潮流高街夏季透气,鸿星尔克,99,194,51,1303,1304,92,真皮柔软,TPR鞋底,松紧带鞋,潮流高街,夏季透气,51,男,湖北省,否,17,是
535742055,李宁休闲工装硬朗夏季透气,李宁休闲,189,378,50,1371,1830,93,真皮柔软,橡胶大底,套脚款式,工装硬朗,夏季透气,51,女,江苏省,否,13,否
702854899,安踏运动简约百搭春季新款,安踏运动,111,121,92,675,4912,96,超纤皮鞋,MD发泡底,松紧带鞋,简约百搭,春季新款,52,女,河北省,否,7,是
142889683,耐克潮流复古潮鞋春季新款,耐克潮流,99,150,66,53,1297,90,超纤皮鞋,EVA轻底,套脚款式,复古潮鞋,春季新款,59,男,浙江省,否,23,是
525943459,鸿星尔克户外机能冬季保暖,鸿星尔克,99,183,54,580,8544,100,合成革鞋,混合鞋底,松紧带鞋,户外机能,冬季保暖,42,男,四川省,是,0,是
770269485,阿迪达斯日常休闲春季新款,阿迪达斯,202,256,79,1068,324,90,飞织面料,PU中底,松紧带鞋,日常休闲,春季新款,57,男,四川省,否,5,否
847614388,京东京造户外机能夏季透气,京东京造,130,197,66,17,5048,99,真皮柔软,PU中底,松紧带鞋,户外机能,夏季透气,34,男,福建省,否,18,否
284324398,鸿星尔克潮流高街秋季百搭,鸿星尔克,147,175,84,865,1379,96,网布透气,混合鞋底,松紧带鞋,潮流高街,秋季百搭,52,女,四川省,否,22,否
190772842,回力经典户外机能夏季透气,回力经典,103,121,85,1360,11338,91,合成革鞋,PU中底,魔术贴鞋,户外机能,夏季透气,63,男,安徽省,是,20,是
220970071,耐克潮流潮流高街春季新款,耐克潮流,408,591,69,292,1175,93,超纤皮鞋,混合鞋底,拉链鞋款,潮流高街,春季新款,41,男,河北省,是,22,是
765461029,阿迪达斯户外机能夏季透气,阿迪达斯,478,797,60,443,369,96,布面材质,TPR鞋底,松紧带鞋,户外机能,夏季透气,39,男,四川省,否,23,是
863624667,特步男鞋户外机能夏季透气,特步男鞋,140,140,100,894,322,89,真皮柔软,TPR鞋底,拉链鞋款,户外机能,夏季透气,55,男,福建省,是,23,是
985871998,特步男鞋复古潮鞋春季新款,特步男鞋,112,138,81,698,1123,89,布面材质,TPR鞋底,拉链鞋款,复古潮鞋,春季新款,50,女,江苏省,是,20,否
777308976,特步男鞋日常休闲夏季透气,特步男鞋,99,160,62,592,104,96,合成革鞋,PU中底,魔术贴鞋,日常休闲,夏季透气,41,男,江苏省,否,15,是
725610306,斯凯奇潮户外机能秋季百搭,斯凯奇潮,99,138,72,301,1499,92,合成革鞋,橡胶大底,魔术贴鞋,户外机能,秋季百搭,39,男,江苏省,否,16,否
181207490,回力经典复古潮鞋秋季百搭,回力经典,99,139,71,269,870,91,混合材质,EVA轻底,套脚款式,复古潮鞋,秋季百搭,56,女,广东省,是,21,是
873184300,阿迪达斯运动休闲秋季百搭,阿迪达斯,118,146,81,28,576,91,真皮柔软,TPR鞋底,套脚款式,运动休闲,秋季百搭,45,男,江苏省,否,5,是
151186941,京东京造潮流高街夏季透气,京东京造,159,241,66,525,1161,89,合成革鞋,混合鞋底,拉链鞋款,潮流高街,夏季透气,59,男,河北省,否,6,是
210109191,阿迪达斯工装硬朗秋季百搭,阿迪达斯,99,108,92,2210,439,97,网布透气,EVA轻底,拉链鞋款,工装硬朗,秋季百搭,43,女,湖北省,是,21,是
478997203,安踏运动日常休闲秋季百搭,安踏运动,231,316,73,48,358,90,飞织面料,EVA轻底,魔术贴鞋,日常休闲,秋季百搭,50,女,河北省,否,8,是
655620426,耐克潮流潮流高街春季新款,耐克潮流,256,288,89,4705,1007,97,超纤皮鞋,橡胶大底,松紧带鞋,潮流高街,春季新款,53,女,湖北省,否,22,否
345686382,耐克潮流潮流高街秋季百搭,耐克潮流,448,640,70,349,621,90,超纤皮鞋,EVA轻底,系带设计,潮流高街,秋季百搭,44,男,安徽省,否,0,是
883357375,鸿星尔克复古潮鞋春季新款,鸿星尔克,155,185,84,25,2152,95,飞织面料,橡胶大底,拉链鞋款,复古潮鞋,春季新款,52,男,湖北省,是,14,否
521477929,安踏运动复古潮鞋四季通用,安踏运动,99,180,55,66,1185,93,高端飞织,TPR鞋底,套脚款式,复古潮鞋,四季通用,46,女,浙江省,否,22,否
400132938,斯凯奇潮复古潮鞋四季通用,斯凯奇潮,99,174,57,468,582,91,飞织面料,PU中底,拉链鞋款,复古潮鞋,四季通用,35,女,安徽省,是,22,是
585793325,斯凯奇潮潮流高街春季新款,斯凯奇潮,186,238,78,472,10831,91,网布透气,MD发泡底,松紧带鞋,潮流高街,春季新款,37,男,湖北省,否,22,否
573970402,李宁休闲简约百搭四季通用,李宁休闲,237,289,82,43,444,97,合成革鞋,橡胶大底,魔术贴鞋,简约百搭,四季通用,49,男,安徽省,是,2,是
301624621,京东京造简约百搭冬季保暖,京东京造,99,125,79,47,2494,91,超纤皮鞋,PU中底,魔术贴鞋,简约百搭,冬季保暖,47,男,广东省,是,15,否
754584001,特步男鞋运动休闲春季新款,特步男鞋,191,375,51,911,1978,96,混合材质,橡胶大底,套脚款式,运动休闲,春季新款,48,女,四川省,是,1,是
246416876,其他品牌运动休闲冬季保暖,其他品牌,206,294,70,305,1161,93,超纤皮鞋,PU中底,松紧带鞋,运动休闲,冬季保暖,49,女,福建省,是,17,否
420827418,李宁休闲户外机能四季通用,李宁休闲,99,121,82,104,1919,91,合成革鞋,MD发泡底,松紧带鞋,户外机能,四季通用,43,女,河南省,是,1,是
251844947,鸿星尔克潮流高街冬季保暖,鸿星尔克,99,146,68,3,1722,96,高端飞织,橡胶大底,魔术贴鞋,潮流高街,冬季保暖,41,男,四川省,是,14,是
641428728,耐克潮流户外机能冬季保暖,耐克潮流,99,141,70,3,304,96,真皮柔软,TPR鞋底,松紧带鞋,户外机能,冬季保暖,47,男,四川省,是,12,是
504003402,京东京造日常休闲四季通用,京东京造,99,122,81,1151,1745,91,混合材质,MD发泡底,拉链鞋款,日常休闲,四季通用,39,男,广东省,否,21,否
300562004,斯凯奇潮运动休闲春季新款,斯凯奇潮,399,487,82,30,1059,89,混合材质,MD发泡底,魔术贴鞋,运动休闲,春季新款,39,女,安徽省,否,0,否
461999335,安踏运动复古潮鞋四季通用,安踏运动,121,166,73,742,890,92,合成革鞋,TPR鞋底,拉链鞋款,复古潮鞋,四季通用,49,男,河北省,否,16,是
201849780,安踏运动运动休闲四季通用,安踏运动,221,233,95,730,596,93,高端飞织,EVA轻底,系带设计,运动休闲,四季通用,50,男,广东省,否,10,否
272826880,耐克潮流运动休闲春季新款,耐克潮流,372,715,52,3744,334,86,飞织面料,混合鞋底,魔术贴鞋,运动休闲,春季新款,57,女,山东省,是,17,是
554106574,京东京造日常休闲冬季保暖,京东京造,144,225,64,3116,1165,96,网布透气,PU中底,套脚款式,日常休闲,冬季保暖,50,男,福建省,否,9,否
770676396,李宁休闲复古潮鞋春季新款,李宁休闲,139,196,71,600,1975,92,飞织面料,混合鞋底,拉链鞋款,复古潮鞋,春季新款,45,男,广东省,否,20,是
239857586,其他品牌日常休闲秋季百搭,其他品牌,214,249,86,73,1413,96,混合材质,PU中底,拉链鞋款,日常休闲,秋季百搭,41,男,安徽省,否,11,是
178884611,耐克潮流工装硬朗秋季百搭,耐克潮流,128,206,62,5,3009,92,混合材质,EVA轻底,系带设计,工装硬朗,秋季百搭,61,男,浙江省,是,3,是
457986822,阿迪达斯户外机能秋季百搭,阿迪达斯,169,245,69,1302,8849,85,布面材质,EVA轻底,系带设计,户外机能,秋季百搭,50,男,福建省,否,12,是
141389066,鸿星尔克复古潮鞋四季通用,鸿星尔克,158,200,79,9,1296,96,混合材质,PU中底,套脚款式,复古潮鞋,四季通用,54,女,江苏省,否,20,否
356714096,斯凯奇潮简约百搭春季新款,斯凯奇潮,189,300,63,293,350,94,网布透气,MD发泡底,魔术贴鞋,简约百搭,春季新款,47,男,四川省,是,1,是
901973803,鸿星尔克日常休闲夏季透气,鸿星尔克,278,287,97,585,2646,99,混合材质,TPR鞋底,松紧带鞋,日常休闲,夏季透气,29,女,安徽省,是,8,是
904520776,京东京造潮流高街秋季百搭,京东京造,202,240,84,3655,1848,98,真皮柔软,MD发泡底,松紧带鞋,潮流高街,秋季百搭,48,男,福建省,是,20,是
755507606,耐克潮流日常休闲四季通用,耐克潮流,99,111,89,2,780,87,真皮柔软,混合鞋底,拉链鞋款,日常休闲,四季通用,41,女,河南省,是,23,是
350626161,鸿星尔克复古潮鞋四季通用,鸿星尔克,176,303,58,46,389,97,混合材质,橡胶大底,魔术贴鞋,复古潮鞋,四季通用,32,女,安徽省,是,2,否
360954455,李宁休闲复古潮鞋四季通用,李宁休闲,162,295,55,3772,1386,90,混合材质,PU中底,系带设计,复古潮鞋,四季通用,56,女,广东省,是,18,是
486208206,特步男鞋日常休闲冬季保暖,特步男鞋,122,194,63,3564,439,96,合成革鞋,EVA轻底,松紧带鞋,日常休闲,冬季保暖,58,男,福建省,是,6,是
386580643,安踏运动潮流高街春季新款,安踏运动,168,237,71,8,762,91,合成革鞋,EVA轻底,套脚款式,潮流高街,春季新款,57,男,福建省,是,23,否
992097436,安踏运动复古潮鞋秋季百搭,安踏运动,417,787,53,1209,318,92,超纤皮鞋,混合鞋底,拉链鞋款,复古潮鞋,秋季百搭,41,男,福建省,是,6,否
960924272,阿迪达斯运动休闲四季通用,阿迪达斯,99,157,63,1421,1600,94,超纤皮鞋,MD发泡底,拉链鞋款,运动休闲,四季通用,52,女,山东省,否,23,否
664288048,回力经典简约百搭夏季透气,回力经典,99,118,84,333,38,90,高端飞织,PU中底,系带设计,简约百搭,夏季透气,46,男,江苏省,否,13,否
405993865,京东京造工装硬朗春季新款,京东京造,197,263,75,19,162,92,布面材质,橡胶大底,拉链鞋款,工装硬朗,春季新款,53,男,河南省,是,7,否
796163974,特步男鞋户外机能春季新款,特步男鞋,99,99,100,564,501,92,高端飞织,橡胶大底,魔术贴鞋,户外机能,春季新款,48,男,山东省,否,21,否
554951378,鸿星尔克潮流高街秋季百搭,鸿星尔克,99,103,96,16,4761,91,合成革鞋,TPR鞋底,松紧带鞋,潮流高街,秋季百搭,48,女,四川省,否,5,否
782449774,鸿星尔克日常休闲四季通用,鸿星尔克,99,103,96,222,1496,98,合成革鞋,混合鞋底,套脚款式,日常休闲,四季通用,47,男,河南省,否,11,是
904007936,耐克潮流日常休闲冬季保暖,耐克潮流,99,102,97,1269,2219,95,真皮柔软,MD发泡底,套脚款式,日常休闲,冬季保暖,57,女,河南省,是,19,是
740113660,阿迪达斯户外机能春季新款,阿迪达斯,156,173,90,105,748,91,飞织面料,混合鞋底,系带设计,户外机能,春季新款,50,男,安徽省,否,6,是
299390198,斯凯奇潮潮流高街春季新款,斯凯奇潮,99,174,57,25,12892,97,合成革鞋,TPR鞋底,系带设计,潮流高街,春季新款,37,女,安徽省,是,9,否
886007861,斯凯奇潮户外机能四季通用,斯凯奇潮,99,103,96,784,5316,95,布面材质,EVA轻底,松紧带鞋,户外机能,四季通用,44,男,湖北省,否,18,是
878215003,鸿星尔克户外机能秋季百搭,鸿星尔克,152,175,87,17,485,94,布面材质,橡胶大底,套脚款式,户外机能,秋季百搭,36,女,山东省,否,20,是
295633261,其他品牌户外机能夏季透气,其他品牌,699,1371,51,279,127,91,高端飞织,EVA轻底,拉链鞋款,户外机能,夏季透气,54,女,福建省,是,6,是
201761298,阿迪达斯日常休闲夏季透气,阿迪达斯,99,102,97,327,222,93,混合材质,EVA轻底,系带设计,日常休闲,夏季透气,39,女,湖北省,否,22,否
608340397,鸿星尔克运动休闲春季新款,鸿星尔克,189,266,71,11,447,99,网布透气,橡胶大底,套脚款式,运动休闲,春季新款,59,女,山东省,是,12,是
301354847,特步男鞋复古潮鞋夏季透气,特步男鞋,166,193,86,46,8561,90,超纤皮鞋,EVA轻底,拉链鞋款,复古潮鞋,夏季透气,57,男,四川省,是,13,否
990470753,鸿星尔克户外机能春季新款,鸿星尔克,148,156,95,4445,1185,99,网布透气,MD发泡底,拉链鞋款,户外机能,春季新款,18,男,四川省,是,22,否
266776691,耐克潮流户外机能冬季保暖,耐克潮流,298,351,85,253,3755,96,合成革鞋,混合鞋底,魔术贴鞋,户外机能,冬季保暖,64,女,河北省,否,2,否
882191948,回力经典工装硬朗夏季透气,回力经典,152,276,55,46,167,89,超纤皮鞋,MD发泡底,魔术贴鞋,工装硬朗,夏季透气,55,男,广东省,否,10,是
277419001,斯凯奇潮工装硬朗春季新款,斯凯奇潮,127,135,94,1117,877,90,超纤皮鞋,EVA轻底,套脚款式,工装硬朗,春季新款,58,男,江苏省,是,14,否
163870537,阿迪达斯户外机能四季通用,阿迪达斯,99,132,75,49,582,96,高端飞织,TPR鞋底,系带设计,户外机能,四季通用,56,女,安徽省,是,12,否
409160423,斯凯奇潮工装硬朗春季新款,斯凯奇潮,126,233,54,29,1437,94,高端飞织,PU中底,魔术贴鞋,工装硬朗,春季新款,54,女,福建省,否,21,否
201782724,鸿星尔克户外机能春季新款,鸿星尔克,103,126,82,694,1463,90,飞织面料,TPR鞋底,系带设计,户外机能,春季新款,39,女,福建省,是,6,是
666527311,京东京造工装硬朗冬季保暖,京东京造,99,122,81,882,2915,100,合成革鞋,PU中底,松紧带鞋,工装硬朗,冬季保暖,64,女,江苏省,否,20,否
560677469,特步男鞋工装硬朗冬季保暖,特步男鞋,161,166,97,76,1018,99,真皮柔软,EVA轻底,套脚款式,工装硬朗,冬季保暖,49,男,浙江省,否,1,否
156101619,耐克潮流复古潮鞋四季通用,耐克潮流,99,141,70,2584,1640,95,合成革鞋,MD发泡底,系带设计,复古潮鞋,四季通用,36,男,湖北省,是,19,否
501244581,特步男鞋工装硬朗四季通用,特步男鞋,109,163,67,1351,2253,97,飞织面料,MD发泡底,魔术贴鞋,工装硬朗,四季通用,47,男,河北省,否,18,是
826331320,耐克潮流工装硬朗冬季保暖,耐克潮流,107,151,71,910,458,93,混合材质,PU中底,松紧带鞋,工装硬朗,冬季保暖,45,男,山东省,否,5,是
899450620,李宁休闲潮流高街春季新款,李宁休闲,178,196,91,773,267,99,网布透气,TPR鞋底,套脚款式,潮流高街,春季新款,47,男,安徽省,是,11,否
241521461,斯凯奇潮日常休闲春季新款,斯凯奇潮,110,212,52,3218,604,92,真皮柔软,EVA轻底,套脚款式,日常休闲,春季新款,38,男,湖北省,是,8,是
529690499,李宁休闲工装硬朗秋季百搭,李宁休闲,99,119,83,100,218,96,高端飞织,混合鞋底,魔术贴鞋,工装硬朗,秋季百搭,45,男,山东省,否,4,否
866364449,安踏运动工装硬朗夏季透气,安踏运动,153,207,74,2185,4306,93,高端飞织,MD发泡底,系带设计,工装硬朗,夏季透气,55,男,福建省,否,3,是
181641701,耐克潮流复古潮鞋冬季保暖,耐克潮流,99,134,74,596,3215,90,超纤皮鞋,PU中底,魔术贴鞋,复古潮鞋,冬季保暖,57,女,河南省,是,2,是
490655322,斯凯奇潮潮流高街夏季透气,斯凯奇潮,183,241,76,917,4374,97,真皮柔软,TPR鞋底,套脚款式,潮流高街,夏季透气,38,男,四川省,是,16,是
165814203,鸿星尔克潮流高街夏季透气,鸿星尔克,178,251,71,1457,4041,96,高端飞织,EVA轻底,松紧带鞋,潮流高街,夏季透气,47,女,广东省,否,23,否
306649118,特步男鞋工装硬朗夏季透气,特步男鞋,99,105,94,523,636,92,混合材质,MD发泡底,松紧带鞋,工装硬朗,夏季透气,49,男,河南省,是,22,是
953258206,特步男鞋潮流高街春季新款,特步男鞋,143,166,86,2147,713,92,超纤皮鞋,橡胶大底,套脚款式,潮流高街,春季新款,44,女,河北省,是,9,否
564298412,斯凯奇潮潮流高街秋季百搭,斯凯奇潮,99,122,81,655,1709,97,布面材质,橡胶大底,套脚款式,潮流高街,秋季百搭,62,女,四川省,否,21,是
252519183,特步男鞋户外机能春季新款,特步男鞋,99,152,65,1389,528,98,混合材质,PU中底,套脚款式,户外机能,春季新款,62,女,四川省,是,21,是
778703612,鸿星尔克简约百搭秋季百搭,鸿星尔克,318,328,97,14,2134,93,飞织面料,橡胶大底,魔术贴鞋,简约百搭,秋季百搭,18,女,河南省,否,3,否
371105638,李宁休闲复古潮鞋冬季保暖,李宁休闲,111,188,59,538,326,91,真皮柔软,混合鞋底,套脚款式,复古潮鞋,冬季保暖,55,女,山东省,否,8,是
351854551,阿迪达斯工装硬朗四季通用,阿迪达斯,99,136,73,484,2525,87,布面材质,MD发泡底,松紧带鞋,工装硬朗,四季通用,56,女,湖北省,是,9,否
344906019,李宁休闲日常休闲冬季保暖,李宁休闲,147,210,70,2702,1410,92,混合材质,TPR鞋底,系带设计,日常休闲,冬季保暖,38,男,河南省,是,18,是
948165528,斯凯奇潮简约百搭四季通用,斯凯奇潮,354,610,58,1001,1390,99,布面材质,MD发泡底,魔术贴鞋,简约百搭,四季通用,53,女,湖北省,否,3,是
790523676,其他品牌潮流高街四季通用,其他品牌,207,323,64,1374,515,89,合成革鞋,MD发泡底,松紧带鞋,潮流高街,四季通用,54,女,河南省,是,17,否
228660510,安踏运动工装硬朗四季通用,安踏运动,99,100,99,4442,4715,90,真皮柔软,PU中底,系带设计,工装硬朗,四季通用,51,女,河北省,是,18,否
567532302,阿迪达斯日常休闲冬季保暖,阿迪达斯,99,134,74,26,690,100,网布透气,混合鞋底,松紧带鞋,日常休闲,冬季保暖,18,男,河北省,是,23,否
266014553,阿迪达斯户外机能夏季透气,阿迪达斯,99,157,63,6,285,94,高端飞织,TPR鞋底,套脚款式,户外机能,夏季透气,25,女,福建省,否,8,否
725918357,阿迪达斯复古潮鞋秋季百搭,阿迪达斯,229,369,62,4687,1952,96,布面材质,EVA轻底,系带设计,复古潮鞋,秋季百搭,52,女,广东省,否,18,是
662220120,李宁休闲运动休闲冬季保暖,李宁休闲,99,187,53,542,566,91,超纤皮鞋,TPR鞋底,拉链鞋款,运动休闲,冬季保暖,54,男,山东省,否,19,否
298790208,阿迪达斯工装硬朗冬季保暖,阿迪达斯,210,296,71,46,1322,96,合成革鞋,PU中底,魔术贴鞋,工装硬朗,冬季保暖,50,女,山东省,否,21,否
914860942,特步男鞋工装硬朗冬季保暖,特步男鞋,158,184,86,27,747,95,合成革鞋,混合鞋底,套脚款式,工装硬朗,冬季保暖,42,女,河南省,否,21,否
550122582,安踏运动户外机能四季通用,安踏运动,99,116,85,3991,644,92,高端飞织,MD发泡底,系带设计,户外机能,四季通用,54,男,山东省,否,1,否
913824833,其他品牌复古潮鞋四季通用,其他品牌,101,104,97,2489,2179,97,网布透气,橡胶大底,拉链鞋款,复古潮鞋,四季通用,44,男,河南省,否,1,否
754117451,斯凯奇潮简约百搭四季通用,斯凯奇潮,112,187,60,578,759,95,混合材质,TPR鞋底,魔术贴鞋,简约百搭,四季通用,55,女,湖北省,否,0,否
288351084,其他品牌潮流高街冬季保暖,其他品牌,99,183,54,1100,5498,85,飞织面料,TPR鞋底,套脚款式,潮流高街,冬季保暖,37,男,河北省,是,22,否
558793327,李宁休闲简约百搭秋季百搭,李宁休闲,99,108,92,221,32709,98,合成革鞋,PU中底,松紧带鞋,简约百搭,秋季百搭,54,男,河南省,否,12,否
160227913,安踏运动工装硬朗春季新款,安踏运动,259,278,93,95,1071,90,合成革鞋,TPR鞋底,松紧带鞋,工装硬朗,春季新款,38,男,湖北省,否,3,否
365504441,斯凯奇潮工装硬朗秋季百搭,斯凯奇潮,99,124,80,631,2765,99,网布透气,橡胶大底,松紧带鞋,工装硬朗,秋季百搭,39,男,福建省,是,14,是
950442675,特步男鞋户外机能夏季透气,特步男鞋,197,286,69,131,47,97,合成革鞋,PU中底,松紧带鞋,户外机能,夏季透气,64,女,山东省,否,20,是
268682623,安踏运动户外机能秋季百搭,安踏运动,132,228,58,1224,1201,91,混合材质,MD发泡底,拉链鞋款,户外机能,秋季百搭,48,女,河南省,是,20,否
738171503,阿迪达斯户外机能春季新款,阿迪达斯,99,174,57,1023,6034,93,网布透气,EVA轻底,松紧带鞋,户外机能,春季新款,48,男,江苏省,是,14,否
954510093,阿迪达斯日常休闲冬季保暖,阿迪达斯,99,110,90,1118,1755,95,高端飞织,混合鞋底,魔术贴鞋,日常休闲,冬季保暖,65,男,广东省,是,22,否
731970942,鸿星尔克运动休闲四季通用,鸿星尔克,150,169,89,4014,2374,93,网布透气,混合鞋底,套脚款式,运动休闲,四季通用,47,男,安徽省,否,9,是
521207672,阿迪达斯户外机能春季新款,阿迪达斯,128,149,86,969,1151,92,混合材质,PU中底,套脚款式,户外机能,春季新款,50,男,江苏省,否,11,是
637585778,回力经典日常休闲春季新款,回力经典,135,167,81,679,1431,94,高端飞织,混合鞋底,松紧带鞋,日常休闲,春季新款,45,男,广东省,是,3,否
174742730,鸿星尔克复古潮鞋四季通用,鸿星尔克,158,287,55,806,881,97,布面材质,MD发泡底,套脚款式,复古潮鞋,四季通用,46,女,四川省,是,9,是
969060935,特步男鞋简约百搭秋季百搭,特步男鞋,175,312,56,2,1448,92,混合材质,MD发泡底,系带设计,简约百搭,秋季百搭,54,女,江苏省,是,13,否
704243314,京东京造复古潮鞋冬季保暖,京东京造,99,119,83,3540,5571,92,飞织面料,混合鞋底,拉链鞋款,复古潮鞋,冬季保暖,60,男,江苏省,是,8,否
139865938,其他品牌运动休闲秋季百搭,其他品牌,99,109,91,609,951,95,超纤皮鞋,MD发泡底,松紧带鞋,运动休闲,秋季百搭,47,女,河北省,是,6,否
581474134,安踏运动复古潮鞋冬季保暖,安踏运动,99,121,82,62,155,90,混合材质,TPR鞋底,套脚款式,复古潮鞋,冬季保暖,41,男,河南省,是,18,是
826928915,阿迪达斯潮流高街冬季保暖,阿迪达斯,699,1110,63,1420,1569,96,飞织面料,PU中底,拉链鞋款,潮流高街,冬季保暖,60,男,河南省,是,9,否
360885690,特步男鞋日常休闲秋季百搭,特步男鞋,99,125,79,33,395,92,混合材质,TPR鞋底,魔术贴鞋,日常休闲,秋季百搭,51,男,广东省,否,8,是
928369062,斯凯奇潮简约百搭四季通用,斯凯奇潮,99,116,85,468,897,92,混合材质,EVA轻底,松紧带鞋,简约百搭,四季通用,43,女,河北省,是,20,是
269757679,李宁休闲日常休闲四季通用,李宁休闲,265,390,68,448,4728,95,网布透气,橡胶大底,魔术贴鞋,日常休闲,四季通用,22,男,四川省,是,20,是
751772214,其他品牌运动休闲夏季透气,其他品牌,110,147,75,34,464,90,合成革鞋,橡胶大底,松紧带鞋,运动休闲,夏季透气,57,男,广东省,是,11,否
636770617,特步男鞋简约百搭夏季透气,特步男鞋,244,294,83,144,959,99,网布透气,TPR鞋底,松紧带鞋,简约百搭,夏季透气,45,女,江苏省,是,23,否
563608991,耐克潮流运动休闲春季新款,耐克潮流,194,359,54,1336,2380,95,布面材质,混合鞋底,拉链鞋款,运动休闲,春季新款,48,男,江苏省,是,21,是
137274503,京东京造工装硬朗夏季透气,京东京造,160,170,94,20,1169,90,合成革鞋,EVA轻底,魔术贴鞋,工装硬朗,夏季透气,47,女,福建省,是,17,是
165235009,其他品牌复古潮鞋秋季百搭,其他品牌,99,136,73,759,3958,90,飞织面料,MD发泡底,松紧带鞋,复古潮鞋,秋季百搭,53,女,河北省,否,7,否
483138999,京东京造复古潮鞋冬季保暖,京东京造,285,445,64,1329,1180,87,超纤皮鞋,MD发泡底,松紧带鞋,复古潮鞋,冬季保暖,27,女,四川省,是,5,否
549538032,其他品牌潮流高街四季通用,其他品牌,108,204,53,45,237,94,高端飞织,混合鞋底,系带设计,潮流高街,四季通用,52,女,安徽省,是,23,是
178562352,鸿星尔克复古潮鞋秋季百搭,鸿星尔克,122,158,77,1191,519,96,网布透气,混合鞋底,松紧带鞋,复古潮鞋,秋季百搭,47,女,四川省,是,19,是
583261734,斯凯奇潮潮流高街冬季保暖,斯凯奇潮,126,150,84,2817,472,92,飞织面料,橡胶大底,套脚款式,潮流高街,冬季保暖,50,男,湖北省,否,20,否
589462256,其他品牌日常休闲四季通用,其他品牌,150,155,97,4543,804,86,超纤皮鞋,MD发泡底,系带设计,日常休闲,四季通用,57,女,河北省,否,17,否
913645233,李宁休闲复古潮鞋冬季保暖,李宁休闲,171,280,61,1314,474,94,合成革鞋,EVA轻底,松紧带鞋,复古潮鞋,冬季保暖,58,男,安徽省,是,12,是
450063572,安踏运动日常休闲夏季透气,安踏运动,99,124,80,36,488,94,合成革鞋,MD发泡底,系带设计,日常休闲,夏季透气,23,男,河南省,是,10,否
701331153,安踏运动简约百搭夏季透气,安踏运动,140,275,51,4992,1568,98,布面材质,混合鞋底,魔术贴鞋,简约百搭,夏季透气,41,男,湖北省,是,20,否
485871598,回力经典简约百搭夏季透气,回力经典,112,130,86,1287,436,95,高端飞织,EVA轻底,系带设计,简约百搭,夏季透气,45,女,江苏省,否,19,否
355190710,斯凯奇潮简约百搭四季通用,斯凯奇潮,99,180,55,21,3402,93,超纤皮鞋,MD发泡底,系带设计,简约百搭,四季通用,41,男,浙江省,否,23,否
901819348,阿迪达斯简约百搭冬季保暖,阿迪达斯,212,252,84,95,510,96,混合材质,PU中底,套脚款式,简约百搭,冬季保暖,48,女,福建省,否,22,是
695700194,耐克潮流运动休闲四季通用,耐克潮流,99,115,86,922,785,90,真皮柔软,橡胶大底,系带设计,运动休闲,四季通用,48,男,安徽省,是,1,否
714220515,李宁休闲工装硬朗四季通用,李宁休闲,371,580,64,1342,3980,100,网布透气,混合鞋底,松紧带鞋,工装硬朗,四季通用,51,女,湖北省,否,14,否
812904897,安踏运动潮流高街秋季百搭,安踏运动,118,123,96,204,1506,90,高端飞织,混合鞋底,松紧带鞋,潮流高街,秋季百搭,40,男,四川省,是,12,是
352397020,安踏运动工装硬朗四季通用,安踏运动,178,225,79,1316,860,91,混合材质,混合鞋底,套脚款式,工装硬朗,四季通用,28,女,广东省,是,21,否
596016416,京东京造潮流高街夏季透气,京东京造,141,214,66,1158,809,85,布面材质,EVA轻底,拉链鞋款,潮流高街,夏季透气,52,男,四川省,否,7,否
948484160,其他品牌潮流高街春季新款,其他品牌,99,132,75,813,1499,96,混合材质,TPR鞋底,套脚款式,潮流高街,春季新款,31,女,四川省,是,6,否
411568944,阿迪达斯户外机能冬季保暖,阿迪达斯,99,109,91,211,2478,94,混合材质,MD发泡底,拉链鞋款,户外机能,冬季保暖,60,男,山东省,否,21,否
760904873,耐克潮流日常休闲夏季透气,耐克潮流,117,192,61,901,2936,99,超纤皮鞋,TPR鞋底,套脚款式,日常休闲,夏季透气,39,女,四川省,否,18,否
333923822,安踏运动日常休闲夏季透气,安踏运动,112,133,84,71,9010,85,网布透气,PU中底,拉链鞋款,日常休闲,夏季透气,42,男,安徽省,否,21,否
995109653,斯凯奇潮潮流高街冬季保暖,斯凯奇潮,99,121,82,3,103,90,真皮柔软,MD发泡底,套脚款式,潮流高街,冬季保暖,35,男,浙江省,否,2,是
297121083,回力经典复古潮鞋冬季保暖,回力经典,179,271,66,593,684,100,布面材质,混合鞋底,拉链鞋款,复古潮鞋,冬季保暖,48,女,四川省,是,16,否
992415412,鸿星尔克简约百搭夏季透气,鸿星尔克,135,159,85,37,656,98,网布透气,混合鞋底,系带设计,简约百搭,夏季透气,43,男,湖北省,否,6,否
727297075,鸿星尔克工装硬朗四季通用,鸿星尔克,262,354,74,4019,959,88,布面材质,橡胶大底,系带设计,工装硬朗,四季通用,52,女,河南省,否,21,否
437473823,京东京造简约百搭冬季保暖,京东京造,99,112,88,9,631,90,超纤皮鞋,MD发泡底,系带设计,简约百搭,冬季保暖,51,女,河北省,是,20,否
788072301,李宁休闲户外机能春季新款,李宁休闲,99,125,79,16,797,97,超纤皮鞋,PU中底,拉链鞋款,户外机能,春季新款,59,男,四川省,是,18,否
853573169,回力经典户外机能春季新款,回力经典,176,223,79,838,162,94,合成革鞋,橡胶大底,拉链鞋款,户外机能,春季新款,41,男,浙江省,是,1,否
101087308,阿迪达斯简约百搭秋季百搭,阿迪达斯,162,222,73,161,667,93,飞织面料,橡胶大底,魔术贴鞋,简约百搭,秋季百搭,42,男,湖北省,是,11,否
498045688,安踏运动潮流高街秋季百搭,安踏运动,257,295,87,729,5143,90,网布透气,PU中底,松紧带鞋,潮流高街,秋季百搭,44,男,福建省,是,6,否
609135485,李宁休闲复古潮鞋冬季保暖,李宁休闲,198,239,83,18,10129,97,布面材质,MD发泡底,魔术贴鞋,复古潮鞋,冬季保暖,33,男,湖北省,是,7,是
944343111,其他品牌日常休闲春季新款,其他品牌,132,249,53,463,1995,91,合成革鞋,橡胶大底,拉链鞋款,日常休闲,春季新款,64,男,四川省,是,9,否
309803687,其他品牌户外机能春季新款,其他品牌,496,752,66,3855,1780,95,布面材质,MD发泡底,拉链鞋款,户外机能,春季新款,61,女,山东省,是,21,是
256575597,李宁休闲户外机能四季通用,李宁休闲,425,746,57,539,494,93,网布透气,PU中底,魔术贴鞋,户外机能,四季通用,34,男,广东省,否,22,是
692850518,其他品牌户外机能冬季保暖,其他品牌,99,168,59,1422,882,92,高端飞织,MD发泡底,系带设计,户外机能,冬季保暖,50,男,广东省,是,0,否
657987985,鸿星尔克简约百搭冬季保暖,鸿星尔克,299,302,99,38,2619,93,混合材质,EVA轻底,拉链鞋款,简约百搭,冬季保暖,43,男,福建省,是,18,否
370162709,回力经典运动休闲冬季保暖,回力经典,99,198,50,636,759,96,合成革鞋,混合鞋底,套脚款式,运动休闲,冬季保暖,53,女,山东省,是,16,是
888121044,特步男鞋日常休闲四季通用,特步男鞋,205,214,96,1238,1602,96,网布透气,PU中底,松紧带鞋,日常休闲,四季通用,47,女,浙江省,否,1,否
447118400,鸿星尔克复古潮鞋秋季百搭,鸿星尔克,99,171,58,1350,1149,95,超纤皮鞋,TPR鞋底,松紧带鞋,复古潮鞋,秋季百搭,47,女,河北省,是,20,是
947480651,鸿星尔克复古潮鞋四季通用,鸿星尔克,99,114,87,710,506,97,混合材质,橡胶大底,套脚款式,复古潮鞋,四季通用,38,男,浙江省,是,22,是
626496375,回力经典复古潮鞋春季新款,回力经典,400,741,54,4256,919,95,高端飞织,EVA轻底,套脚款式,复古潮鞋,春季新款,47,男,四川省,是,23,否
392018443,鸿星尔克工装硬朗夏季透气,鸿星尔克,126,164,77,724,9997,94,真皮柔软,混合鞋底,魔术贴鞋,工装硬朗,夏季透气,42,男,广东省,否,12,否
393384103,李宁休闲户外机能春季新款,李宁休闲,99,110,90,35,4024,96,合成革鞋,橡胶大底,魔术贴鞋,户外机能,春季新款,36,女,浙江省,是,11,否
535255902,李宁休闲工装硬朗春季新款,李宁休闲,99,141,70,933,4436,90,真皮柔软,TPR鞋底,拉链鞋款,工装硬朗,春季新款,54,男,山东省,否,9,否
737394328,李宁休闲户外机能秋季百搭,李宁休闲,99,134,74,1223,422,94,网布透气,TPR鞋底,松紧带鞋,户外机能,秋季百搭,58,女,河南省,否,18,是
588136773,鸿星尔克日常休闲夏季透气,鸿星尔克,99,165,60,766,5693,94,混合材质,橡胶大底,拉链鞋款,日常休闲,夏季透气,41,男,四川省,否,13,否
835950009,特步男鞋复古潮鞋冬季保暖,特步男鞋,119,165,72,277,392,89,飞织面料,MD发泡底,套脚款式,复古潮鞋,冬季保暖,47,女,四川省,否,2,是
316258009,李宁休闲日常休闲春季新款,李宁休闲,99,174,57,208,955,100,高端飞织,EVA轻底,拉链鞋款,日常休闲,春季新款,44,女,四川省,否,20,否
751401528,其他品牌工装硬朗春季新款,其他品牌,99,143,69,28,210,95,合成革鞋,PU中底,松紧带鞋,工装硬朗,春季新款,40,男,湖北省,是,3,否
441141351,阿迪达斯户外机能春季新款,阿迪达斯,163,170,96,14,328,92,高端飞织,PU中底,拉链鞋款,户外机能,春季新款,59,女,江苏省,是,7,是
570024657,耐克潮流工装硬朗冬季保暖,耐克潮流,158,239,66,1444,8186,91,飞织面料,混合鞋底,魔术贴鞋,工装硬朗,冬季保暖,59,男,河南省,否,10,否
602216323,其他品牌简约百搭四季通用,其他品牌,99,134,74,462,131,91,混合材质,TPR鞋底,套脚款式,简约百搭,四季通用,53,女,湖北省,是,18,否
984259363,回力经典复古潮鞋四季通用,回力经典,222,396,56,1200,3089,93,飞织面料,MD发泡底,松紧带鞋,复古潮鞋,四季通用,56,男,湖北省,是,21,是
226333142,耐克潮流工装硬朗四季通用,耐克潮流,137,157,87,24,3197,89,布面材质,MD发泡底,拉链鞋款,工装硬朗,四季通用,45,女,山东省,否,23,是
241280978,阿迪达斯潮流高街春季新款,阿迪达斯,99,198,50,1315,5301,91,超纤皮鞋,EVA轻底,魔术贴鞋,潮流高街,春季新款,60,男,四川省,是,19,否
894682573,京东京造工装硬朗秋季百搭,京东京造,99,190,52,753,2228,98,网布透气,MD发泡底,系带设计,工装硬朗,秋季百搭,52,女,山东省,是,19,是
742674835,京东京造户外机能秋季百搭,京东京造,113,143,79,14,1475,91,合成革鞋,TPR鞋底,系带设计,户外机能,秋季百搭,50,女,河北省,否,11,否
662328360,其他品牌工装硬朗夏季透气,其他品牌,359,378,95,266,4925,97,网布透气,橡胶大底,拉链鞋款,工装硬朗,夏季透气,38,男,湖北省,是,12,否
205829940,李宁休闲简约百搭冬季保暖,李宁休闲,99,174,57,4844,4600,93,高端飞织,MD发泡底,拉链鞋款,简约百搭,冬季保暖,52,女,四川省,是,5,是
846830864,安踏运动日常休闲春季新款,安踏运动,99,148,67,1405,133,90,混合材质,TPR鞋底,系带设计,日常休闲,春季新款,37,女,广东省,否,17,否
783474923,李宁休闲复古潮鞋四季通用,李宁休闲,261,353,74,4919,1546,94,飞织面料,PU中底,系带设计,复古潮鞋,四季通用,54,女,福建省,否,23,是
291083740,安踏运动简约百搭秋季百搭,安踏运动,159,221,72,1345,1083,100,高端飞织,橡胶大底,套脚款式,简约百搭,秋季百搭,41,女,河北省,是,7,是
283701210,安踏运动简约百搭春季新款,安踏运动,105,112,94,205,1038,93,高端飞织,混合鞋底,魔术贴鞋,简约百搭,春季新款,57,女,河北省,是,17,是
166916053,鸿星尔克复古潮鞋春季新款,鸿星尔克,153,187,82,632,2837,92,混合材质,PU中底,松紧带鞋,复古潮鞋,春季新款,39,女,福建省,是,3,是
609725097,鸿星尔克运动休闲夏季透气,鸿星尔克,158,168,94,1338,728,91,飞织面料,EVA轻底,套脚款式,运动休闲,夏季透气,37,女,安徽省,是,13,否
419372094,其他品牌复古潮鞋冬季保暖,其他品牌,314,403,78,1362,299,91,布面材质,橡胶大底,松紧带鞋,复古潮鞋,冬季保暖,38,女,湖北省,是,15,是
479065092,安踏运动运动休闲四季通用,安踏运动,99,146,68,4887,358,89,高端飞织,MD发泡底,拉链鞋款,运动休闲,四季通用,46,女,浙江省,否,2,否
222543179,特步男鞋运动休闲夏季透气,特步男鞋,164,309,53,467,320,92,网布透气,橡胶大底,系带设计,运动休闲,夏季透气,58,男,福建省,否,5,否
523042908,特步男鞋简约百搭春季新款,特步男鞋,263,487,54,1011,5664,98,真皮柔软,MD发泡底,魔术贴鞋,简约百搭,春季新款,40,女,福建省,否,0,否
817568100,斯凯奇潮工装硬朗冬季保暖,斯凯奇潮,99,108,92,2256,3019,91,真皮柔软,混合鞋底,松紧带鞋,工装硬朗,冬季保暖,57,男,福建省,是,7,是
502417449,斯凯奇潮工装硬朗秋季百搭,斯凯奇潮,115,217,53,843,803,95,网布透气,MD发泡底,套脚款式,工装硬朗,秋季百搭,44,男,湖北省,否,23,是
856774057,安踏运动简约百搭四季通用,安踏运动,207,351,59,49,3104,97,超纤皮鞋,EVA轻底,套脚款式,简约百搭,四季通用,47,男,山东省,否,11,否
551513297,回力经典简约百搭春季新款,回力经典,273,546,50,11,413,88,高端飞织,EVA轻底,魔术贴鞋,简约百搭,春季新款,55,男,浙江省,是,3,是
996996310,安踏运动运动休闲夏季透气,安踏运动,143,188,76,68,160,92,合成革鞋,TPR鞋底,松紧带鞋,运动休闲,夏季透气,32,女,福建省,是,21,是
138944440,耐克潮流户外机能夏季透气,耐克潮流,151,151,100,1213,2021,96,网布透气,EVA轻底,松紧带鞋,户外机能,夏季透气,42,女,福建省,是,5,是
790715610,耐克潮流户外机能秋季百搭,耐克潮流,490,583,84,1121,3158,93,飞织面料,橡胶大底,系带设计,户外机能,秋季百搭,46,女,河南省,否,22,否
354478094,安踏运动工装硬朗夏季透气,安踏运动,99,106,93,576,1416,91,飞织面料,PU中底,魔术贴鞋,工装硬朗,夏季透气,60,男,福建省,是,22,是
799988098,京东京造日常休闲春季新款,京东京造,141,243,58,3408,102,85,混合材质,混合鞋底,套脚款式,日常休闲,春季新款,39,女,湖北省,是,23,是
433182005,阿迪达斯日常休闲冬季保暖,阿迪达斯,178,241,74,832,1346,99,布面材质,混合鞋底,魔术贴鞋,日常休闲,冬季保暖,41,男,江苏省,是,22,是
627022687,阿迪达斯户外机能夏季透气,阿迪达斯,145,254,57,39,1996,96,合成革鞋,TPR鞋底,松紧带鞋,户外机能,夏季透气,40,男,浙江省,是,19,是
554256614,李宁休闲运动休闲夏季透气,李宁休闲,188,235,80,1130,377,97,高端飞织,混合鞋底,拉链鞋款,运动休闲,夏季透气,49,女,安徽省,是,21,否
574654903,鸿星尔克运动休闲夏季透气,鸿星尔克,136,181,75,1450,661,97,高端飞织,MD发泡底,松紧带鞋,运动休闲,夏季透气,42,女,安徽省,否,5,是
117228373,其他品牌简约百搭春季新款,其他品牌,142,163,87,1426,10832,97,超纤皮鞋,MD发泡底,套脚款式,简约百搭,春季新款,47,女,江苏省,是,5,是
540035545,特步男鞋工装硬朗夏季透气,特步男鞋,355,480,74,956,812,90,合成革鞋,橡胶大底,魔术贴鞋,工装硬朗,夏季透气,54,女,河南省,是,1,否
638915388,斯凯奇潮日常休闲春季新款,斯凯奇潮,99,119,83,1169,503,90,超纤皮鞋,MD发泡底,系带设计,日常休闲,春季新款,48,男,河北省,否,12,否
773268453,斯凯奇潮工装硬朗春季新款,斯凯奇潮,263,387,68,870,27196,95,网布透气,TPR鞋底,松紧带鞋,工装硬朗,春季新款,45,男,四川省,是,15,否
602129565,京东京造日常休闲春季新款,京东京造,99,106,93,510,464,95,飞织面料,MD发泡底,拉链鞋款,日常休闲,春季新款,54,女,江苏省,否,18,是
523992603,京东京造运动休闲冬季保暖,京东京造,99,109,91,1429,725,90,真皮柔软,EVA轻底,拉链鞋款,运动休闲,冬季保暖,42,女,河北省,否,22,否
236248086,鸿星尔克户外机能秋季百搭,鸿星尔克,170,210,81,776,2495,86,布面材质,TPR鞋底,系带设计,户外机能,秋季百搭,52,女,福建省,是,22,否
799622357,京东京造复古潮鞋春季新款,京东京造,99,148,67,290,4092,92,超纤皮鞋,MD发泡底,套脚款式,复古潮鞋,春季新款,38,女,四川省,否,23,是
663986792,耐克潮流日常休闲冬季保暖,耐克潮流,181,323,56,1035,696,97,真皮柔软,EVA轻底,套脚款式,日常休闲,冬季保暖,57,女,福建省,否,12,否
848927046,特步男鞋工装硬朗秋季百搭,特步男鞋,232,380,61,62,1745,85,超纤皮鞋,EVA轻底,套脚款式,工装硬朗,秋季百搭,45,男,山东省,否,1,否
585027925,阿迪达斯户外机能秋季百搭,阿迪达斯,149,266,56,26,2802,96,飞织面料,混合鞋底,系带设计,户外机能,秋季百搭,39,男,河北省,是,21,否
632249994,斯凯奇潮复古潮鞋冬季保暖,斯凯奇潮,99,99,100,2512,207,90,高端飞织,橡胶大底,拉链鞋款,复古潮鞋,冬季保暖,50,男,江苏省,是,23,是
119918346,特步男鞋潮流高街秋季百搭,特步男鞋,99,124,80,10,341,93,超纤皮鞋,混合鞋底,魔术贴鞋,潮流高街,秋季百搭,49,女,广东省,否,11,是
441248995,耐克潮流复古潮鞋四季通用,耐克潮流,99,121,82,1,887,100,真皮柔软,EVA轻底,松紧带鞋,复古潮鞋,四季通用,50,男,山东省,否,21,否
786317831,京东京造复古潮鞋春季新款,京东京造,152,152,100,11,1500,96,混合材质,TPR鞋底,松紧带鞋,复古潮鞋,春季新款,57,女,江苏省,否,17,否
101168334,其他品牌复古潮鞋夏季透气,其他品牌,99,190,52,2602,324,96,合成革鞋,EVA轻底,魔术贴鞋,复古潮鞋,夏季透气,43,男,河南省,是,23,是
120325160,李宁休闲运动休闲冬季保暖,李宁休闲,269,464,58,3456,205,98,飞织面料,橡胶大底,松紧带鞋,运动休闲,冬季保暖,53,女,山东省,是,21,否
662520111,回力经典日常休闲四季通用,回力经典,142,254,56,177,534,93,合成革鞋,PU中底,拉链鞋款,日常休闲,四季通用,51,男,浙江省,否,16,是
222565332,其他品牌运动休闲秋季百搭,其他品牌,230,411,56,939,238,91,布面材质,橡胶大底,松紧带鞋,运动休闲,秋季百搭,49,女,广东省,是,1,是
219656455,京东京造复古潮鞋秋季百搭,京东京造,99,116,85,49,99,93,超纤皮鞋,PU中底,魔术贴鞋,复古潮鞋,秋季百搭,19,男,广东省,是,23,是
220266122,阿迪达斯运动休闲春季新款,阿迪达斯,128,141,91,33,387,91,布面材质,TPR鞋底,套脚款式,运动休闲,春季新款,33,男,安徽省,否,2,是
830134068,回力经典潮流高街四季通用,回力经典,198,222,89,1181,1100,92,飞织面料,TPR鞋底,拉链鞋款,潮流高街,四季通用,18,女,安徽省,是,14,否
323839042,阿迪达斯简约百搭夏季透气,阿迪达斯,112,184,61,2547,3963,94,高端飞织,橡胶大底,系带设计,简约百搭,夏季透气,42,男,湖北省,是,8,否
886157435,李宁休闲复古潮鞋四季通用,李宁休闲,99,152,65,20,9787,93,高端飞织,MD发泡底,套脚款式,复古潮鞋,四季通用,50,女,河北省,是,9,是
459110514,鸿星尔克户外机能夏季透气,鸿星尔克,99,115,86,4728,913,100,飞织面料,混合鞋底,拉链鞋款,户外机能,夏季透气,51,女,湖北省,是,9,是
858793074,其他品牌户外机能夏季透气,其他品牌,172,282,61,2830,818,95,混合材质,橡胶大底,松紧带鞋,户外机能,夏季透气,43,女,湖北省,否,5,是
220173768,安踏运动简约百搭春季新款,安踏运动,129,195,66,2079,295,92,飞织面料,混合鞋底,魔术贴鞋,简约百搭,春季新款,27,女,四川省,否,17,是
379315288,特步男鞋潮流高街秋季百搭,特步男鞋,99,150,66,234,3311,93,超纤皮鞋,PU中底,松紧带鞋,潮流高街,秋季百搭,41,男,福建省,否,9,否
473123093,阿迪达斯潮流高街春季新款,阿迪达斯,292,503,58,769,2681,92,网布透气,MD发泡底,套脚款式,潮流高街,春季新款,53,女,湖北省,否,12,是
996835860,其他品牌工装硬朗春季新款,其他品牌,346,432,80,3622,891,98,混合材质,TPR鞋底,套脚款式,工装硬朗,春季新款,53,男,浙江省,否,21,是
715085365,其他品牌工装硬朗秋季百搭,其他品牌,126,221,57,25,447,95,合成革鞋,MD发泡底,套脚款式,工装硬朗,秋季百搭,47,男,福建省,是,0,是
328119814,耐克潮流简约百搭夏季透气,耐克潮流,138,189,73,0,1236,90,合成革鞋,混合鞋底,松紧带鞋,简约百搭,夏季透气,33,女,河北省,否,23,是
301190766,安踏运动潮流高街夏季透气,安踏运动,180,186,97,14,453,86,布面材质,混合鞋底,系带设计,潮流高街,夏季透气,46,女,河北省,是,7,是
789547494,其他品牌复古潮鞋春季新款,其他品牌,319,404,79,4823,249,97,高端飞织,混合鞋底,松紧带鞋,复古潮鞋,春季新款,45,男,福建省,否,2,是
627156330,耐克潮流复古潮鞋秋季百搭,耐克潮流,207,300,69,11,122,95,真皮柔软,混合鞋底,套脚款式,复古潮鞋,秋季百搭,57,男,湖北省,否,22,是
457435209,特步男鞋户外机能冬季保暖,特步男鞋,139,160,87,4437,822,87,合成革鞋,EVA轻底,拉链鞋款,户外机能,冬季保暖,51,男,福建省,否,20,是
957999317,京东京造运动休闲秋季百搭,京东京造,130,135,96,11,3914,86,飞织面料,EVA轻底,拉链鞋款,运动休闲,秋季百搭,32,女,江苏省,是,21,否
821223846,李宁休闲日常休闲秋季百搭,李宁休闲,105,130,81,970,457,98,合成革鞋,MD发泡底,拉链鞋款,日常休闲,秋季百搭,58,男,江苏省,否,12,是
745309837,安踏运动工装硬朗秋季百搭,安踏运动,141,144,98,1203,2995,98,飞织面料,橡胶大底,拉链鞋款,工装硬朗,秋季百搭,51,男,河北省,否,17,是
287473649,耐克潮流简约百搭夏季透气,耐克潮流,100,137,73,1473,294,91,高端飞织,混合鞋底,松紧带鞋,简约百搭,夏季透气,44,男,四川省,是,21,否
610284497,耐克潮流运动休闲秋季百搭,耐克潮流,99,130,76,565,753,87,混合材质,橡胶大底,系带设计,运动休闲,秋季百搭,34,男,四川省,否,23,否
519106693,京东京造运动休闲四季通用,京东京造,167,315,53,1134,8479,92,混合材质,MD发泡底,松紧带鞋,运动休闲,四季通用,48,女,浙江省,是,9,否
254110378,斯凯奇潮潮流高街冬季保暖,斯凯奇潮,118,146,81,2127,475,89,真皮柔软,EVA轻底,拉链鞋款,潮流高街,冬季保暖,35,女,浙江省,是,9,否
997619675,斯凯奇潮运动休闲春季新款,斯凯奇潮,122,122,100,616,402,99,飞织面料,TPR鞋底,拉链鞋款,运动休闲,春季新款,40,女,安徽省,否,4,是
875445885,耐克潮流日常休闲四季通用,耐克潮流,99,111,89,1282,1894,93,高端飞织,混合鞋底,套脚款式,日常休闲,四季通用,32,男,浙江省,否,23,否
875192398,鸿星尔克户外机能冬季保暖,鸿星尔克,147,163,90,30,2183,92,网布透气,MD发泡底,套脚款式,户外机能,冬季保暖,43,男,浙江省,否,20,是
605093060,耐克潮流潮流高街夏季透气,耐克潮流,259,294,88,15,625,94,飞织面料,橡胶大底,松紧带鞋,潮流高街,夏季透气,43,男,江苏省,是,10,否
213738752,回力经典简约百搭春季新款,回力经典,99,118,84,97,1960,96,合成革鞋,PU中底,拉链鞋款,简约百搭,春季新款,41,男,河南省,是,14,否
307763151,特步男鞋简约百搭冬季保暖,特步男鞋,99,114,87,2288,3930,92,真皮柔软,TPR鞋底,套脚款式,简约百搭,冬季保暖,52,男,浙江省,是,18,否
599073366,阿迪达斯运动休闲冬季保暖,阿迪达斯,99,108,92,219,2534,97,合成革鞋,PU中底,松紧带鞋,运动休闲,冬季保暖,46,男,福建省,否,16,否
996824103,回力经典日常休闲夏季透气,回力经典,118,122,97,952,5302,95,布面材质,PU中底,松紧带鞋,日常休闲,夏季透气,47,男,安徽省,是,2,否
101118688,回力经典潮流高街春季新款,回力经典,99,125,79,605,194,93,超纤皮鞋,EVA轻底,魔术贴鞋,潮流高街,春季新款,49,女,湖北省,是,19,是
730260860,回力经典简约百搭冬季保暖,回力经典,130,153,85,2787,1084,96,合成革鞋,EVA轻底,松紧带鞋,简约百搭,冬季保暖,50,女,福建省,是,20,否
841475166,斯凯奇潮日常休闲春季新款,斯凯奇潮,303,433,70,2649,841,92,布面材质,混合鞋底,系带设计,日常休闲,春季新款,38,男,山东省,是,3,是
444392413,安踏运动运动休闲秋季百搭,安踏运动,99,132,75,142,8075,99,真皮柔软,EVA轻底,松紧带鞋,运动休闲,秋季百搭,37,女,四川省,否,10,否
255301545,京东京造户外机能秋季百搭,京东京造,99,118,84,585,139,95,超纤皮鞋,混合鞋底,松紧带鞋,户外机能,秋季百搭,50,男,河北省,是,14,是
928231712,耐克潮流运动休闲冬季保暖,耐克潮流,125,125,100,575,1688,94,超纤皮鞋,橡胶大底,套脚款式,运动休闲,冬季保暖,35,女,广东省,否,7,否
483478495,安踏运动潮流高街春季新款,安踏运动,222,267,83,487,974,96,超纤皮鞋,橡胶大底,系带设计,潮流高街,春季新款,31,男,福建省,是,21,是
777763312,阿迪达斯简约百搭冬季保暖,阿迪达斯,134,165,81,4,747,93,网布透气,橡胶大底,套脚款式,简约百搭,冬季保暖,56,男,河南省,是,13,否
227917731,其他品牌户外机能秋季百搭,其他品牌,99,194,51,42,15462,90,混合材质,PU中底,套脚款式,户外机能,秋季百搭,53,女,湖北省,否,23,是
899618091,回力经典工装硬朗冬季保暖,回力经典,162,162,100,458,6372,97,布面材质,橡胶大底,系带设计,工装硬朗,冬季保暖,42,男,山东省,是,9,是
317485293,耐克潮流运动休闲春季新款,耐克潮流,99,118,84,1001,263,91,超纤皮鞋,MD发泡底,拉链鞋款,运动休闲,春季新款,42,男,江苏省,是,21,否
446618181,阿迪达斯潮流高街夏季透气,阿迪达斯,149,196,76,3077,2086,92,飞织面料,橡胶大底,系带设计,潮流高街,夏季透气,45,女,江苏省,否,18,否
201517721,京东京造复古潮鞋四季通用,京东京造,99,141,70,30,296,85,混合材质,EVA轻底,松紧带鞋,复古潮鞋,四季通用,51,女,河南省,是,10,否
637615749,其他品牌日常休闲春季新款,其他品牌,136,209,65,743,464,96,高端飞织,TPR鞋底,系带设计,日常休闲,春季新款,42,女,湖北省,否,12,是
335685084,特步男鞋工装硬朗夏季透气,特步男鞋,264,326,81,581,277,85,混合材质,橡胶大底,松紧带鞋,工装硬朗,夏季透气,50,女,安徽省,否,23,否
315137140,京东京造复古潮鞋冬季保暖,京东京造,103,158,65,920,455,97,飞织面料,EVA轻底,套脚款式,复古潮鞋,冬季保暖,54,男,浙江省,是,9,否
578843996,斯凯奇潮户外机能四季通用,斯凯奇潮,145,259,56,717,431,97,布面材质,TPR鞋底,拉链鞋款,户外机能,四季通用,35,男,广东省,否,1,否
249611404,京东京造复古潮鞋冬季保暖,京东京造,99,148,67,756,1613,96,飞织面料,混合鞋底,系带设计,复古潮鞋,冬季保暖,46,女,四川省,是,21,否
569092833,斯凯奇潮户外机能夏季透气,斯凯奇潮,99,124,80,936,249,93,真皮柔软,橡胶大底,松紧带鞋,户外机能,夏季透气,51,男,河南省,是,20,否
858560322,京东京造运动休闲秋季百搭,京东京造,99,114,87,2232,174,90,真皮柔软,橡胶大底,魔术贴鞋,运动休闲,秋季百搭,46,男,福建省,否,3,是
758728023,耐克潮流简约百搭四季通用,耐克潮流,133,140,95,4621,756,93,网布透气,MD发泡底,套脚款式,简约百搭,四季通用,52,女,河北省,否,22,是
445922865,鸿星尔克工装硬朗夏季透气,鸿星尔克,147,241,61,3425,2533,91,高端飞织,EVA轻底,拉链鞋款,工装硬朗,夏季透气,52,女,四川省,否,1,否
814316344,耐克潮流复古潮鞋四季通用,耐克潮流,99,157,63,1426,194,94,飞织面料,PU中底,系带设计,复古潮鞋,四季通用,63,男,四川省,是,17,否
751751002,阿迪达斯简约百搭秋季百搭,阿迪达斯,133,168,79,4648,417,90,高端飞织,MD发泡底,系带设计,简约百搭,秋季百搭,39,男,河北省,是,21,是
755189850,其他品牌日常休闲秋季百搭,其他品牌,99,148,67,253,427,95,真皮柔软,PU中底,松紧带鞋,日常休闲,秋季百搭,40,女,河南省,否,21,否
761601998,其他品牌潮流高街冬季保暖,其他品牌,184,202,91,574,1008,93,布面材质,PU中底,系带设计,潮流高街,冬季保暖,41,男,浙江省,否,22,否
427933566,回力经典运动休闲秋季百搭,回力经典,139,207,67,30,545,97,网布透气,橡胶大底,松紧带鞋,运动休闲,秋季百搭,50,女,江苏省,是,3,是
160881495,鸿星尔克潮流高街秋季百搭,鸿星尔克,131,139,94,38,337,95,混合材质,橡胶大底,系带设计,潮流高街,秋季百搭,52,男,江苏省,是,17,否
413052948,鸿星尔克户外机能夏季透气,鸿星尔克,234,296,79,186,5476,97,合成革鞋,橡胶大底,拉链鞋款,户外机能,夏季透气,51,男,福建省,否,16,是
266719937,阿迪达斯潮流高街四季通用,阿迪达斯,99,150,66,533,800,93,网布透气,TPR鞋底,拉链鞋款,潮流高街,四季通用,55,女,广东省,否,14,否
504661497,耐克潮流运动休闲秋季百搭,耐克潮流,125,219,57,1017,4269,96,真皮柔软,EVA轻底,松紧带鞋,运动休闲,秋季百搭,30,女,山东省,否,9,否
890100115,其他品牌简约百搭春季新款,其他品牌,113,123,92,4013,17906,88,网布透气,橡胶大底,魔术贴鞋,简约百搭,春季新款,39,女,四川省,否,23,是
147149773,阿迪达斯工装硬朗冬季保暖,阿迪达斯,118,207,57,27,1140,94,混合材质,PU中底,系带设计,工装硬朗,冬季保暖,44,男,安徽省,否,5,是
864891734,安踏运动复古潮鞋春季新款,安踏运动,131,205,64,775,3089,91,网布透气,TPR鞋底,拉链鞋款,复古潮鞋,春季新款,32,女,福建省,否,4,是
699566392,安踏运动户外机能春季新款,安踏运动,176,187,94,324,2306,96,飞织面料,MD发泡底,松紧带鞋,户外机能,春季新款,43,女,安徽省,否,12,是
816560635,京东京造户外机能四季通用,京东京造,99,116,85,848,1861,96,超纤皮鞋,EVA轻底,系带设计,户外机能,四季通用,54,女,浙江省,是,12,否
429977281,京东京造工装硬朗夏季透气,京东京造,160,320,50,659,648,96,合成革鞋,PU中底,系带设计,工装硬朗,夏季透气,47,男,山东省,否,22,是
939386099,特步男鞋潮流高街夏季透气,特步男鞋,341,559,61,347,183,94,混合材质,PU中底,系带设计,潮流高街,夏季透气,58,男,河北省,是,23,是
413144178,斯凯奇潮复古潮鞋秋季百搭,斯凯奇潮,128,246,52,772,511,95,网布透气,PU中底,套脚款式,复古潮鞋,秋季百搭,35,男,湖北省,否,8,是
224589325,阿迪达斯简约百搭夏季透气,阿迪达斯,99,136,73,921,1416,88,真皮柔软,MD发泡底,拉链鞋款,简约百搭,夏季透气,61,男,安徽省,否,22,否
790514521,斯凯奇潮复古潮鞋冬季保暖,斯凯奇潮,99,118,84,657,278,91,飞织面料,TPR鞋底,魔术贴鞋,复古潮鞋,冬季保暖,37,女,浙江省,是,6,否
737182818,斯凯奇潮运动休闲四季通用,斯凯奇潮,99,183,54,403,183,98,合成革鞋,PU中底,套脚款式,运动休闲,四季通用,57,女,广东省,是,14,否
138536695,耐克潮流工装硬朗冬季保暖,耐克潮流,126,129,98,259,4748,96,真皮柔软,PU中底,系带设计,工装硬朗,冬季保暖,46,男,江苏省,否,16,是
254700394,特步男鞋简约百搭秋季百搭,特步男鞋,99,99,100,676,1901,100,高端飞织,橡胶大底,拉链鞋款,简约百搭,秋季百搭,37,女,江苏省,是,10,否
171518365,阿迪达斯日常休闲冬季保暖,阿迪达斯,99,187,53,1433,573,88,超纤皮鞋,混合鞋底,拉链鞋款,日常休闲,冬季保暖,38,男,浙江省,否,21,是
965525301,阿迪达斯工装硬朗夏季透气,阿迪达斯,102,157,65,2408,299,90,布面材质,EVA轻底,系带设计,工装硬朗,夏季透气,60,女,山东省,是,22,否
691586342,斯凯奇潮运动休闲冬季保暖,斯凯奇潮,125,160,78,1188,695,92,网布透气,MD发泡底,系带设计,运动休闲,冬季保暖,54,男,湖北省,是,22,是
463222585,鸿星尔克潮流高街春季新款,鸿星尔克,99,106,93,3116,933,90,高端飞织,混合鞋底,松紧带鞋,潮流高街,春季新款,55,男,江苏省,否,21,否
577967027,京东京造潮流高街夏季透气,京东京造,145,284,51,689,583,97,真皮柔软,混合鞋底,拉链鞋款,潮流高街,夏季透气,45,女,四川省,是,20,是
538045538,京东京造运动休闲四季通用,京东京造,99,190,52,33,827,98,布面材质,PU中底,系带设计,运动休闲,四季通用,34,女,福建省,是,14,是
618498936,特步男鞋日常休闲秋季百搭,特步男鞋,146,228,64,2423,1969,94,飞织面料,TPR鞋底,拉链鞋款,日常休闲,秋季百搭,41,女,浙江省,是,15,是
356973803,安踏运动工装硬朗夏季透气,安踏运动,99,119,83,19,1759,96,网布透气,TPR鞋底,系带设计,工装硬朗,夏季透气,56,女,江苏省,否,10,否
901634146,安踏运动日常休闲夏季透气,安踏运动,188,198,95,2410,261,97,网布透气,PU中底,拉链鞋款,日常休闲,夏季透气,42,男,江苏省,否,5,否
292696338,京东京造简约百搭春季新款,京东京造,99,130,76,3423,1251,98,超纤皮鞋,橡胶大底,套脚款式,简约百搭,春季新款,52,女,河北省,是,13,是
107694780,回力经典潮流高街四季通用,回力经典,101,194,52,50,1214,92,合成革鞋,EVA轻底,魔术贴鞋,潮流高街,四季通用,44,男,浙江省,否,7,否
555212108,斯凯奇潮简约百搭四季通用,斯凯奇潮,99,165,60,434,11987,92,高端飞织,TPR鞋底,松紧带鞋,简约百搭,四季通用,42,女,江苏省,是,9,否
853071595,特步男鞋简约百搭四季通用,特步男鞋,99,152,65,863,6367,96,高端飞织,混合鞋底,拉链鞋款,简约百搭,四季通用,35,女,安徽省,否,17,否
634106508,安踏运动户外机能夏季透气,安踏运动,99,104,95,1198,143,94,合成革鞋,PU中底,拉链鞋款,户外机能,夏季透气,53,女,广东省,否,21,是
861144451,耐克潮流复古潮鞋四季通用,耐克潮流,148,159,93,18,527,89,网布透气,MD发泡底,套脚款式,复古潮鞋,四季通用,43,女,四川省,是,23,否
406040994,其他品牌工装硬朗春季新款,其他品牌,99,171,58,18,1710,94,真皮柔软,混合鞋底,拉链鞋款,工装硬朗,春季新款,37,女,福建省,是,21,是
545815326,阿迪达斯运动休闲冬季保暖,阿迪达斯,127,190,67,44,12642,86,合成革鞋,混合鞋底,松紧带鞋,运动休闲,冬季保暖,48,男,湖北省,否,15,是
158187570,斯凯奇潮复古潮鞋春季新款,斯凯奇潮,99,129,77,784,191,90,真皮柔软,MD发泡底,套脚款式,复古潮鞋,春季新款,40,男,四川省,否,8,是
369323878,阿迪达斯简约百搭冬季保暖,阿迪达斯,99,125,79,2294,946,98,合成革鞋,混合鞋底,系带设计,简约百搭,冬季保暖,50,女,广东省,否,6,是
377943605,京东京造户外机能冬季保暖,京东京造,99,102,97,1356,1026,95,真皮柔软,PU中底,系带设计,户外机能,冬季保暖,55,男,四川省,否,13,是
179484367,其他品牌复古潮鞋四季通用,其他品牌,99,174,57,96,479,92,合成革鞋,PU中底,拉链鞋款,复古潮鞋,四季通用,44,女,福建省,否,0,是
112812799,特步男鞋运动休闲四季通用,特步男鞋,99,118,84,749,6102,92,高端飞织,MD发泡底,拉链鞋款,运动休闲,四季通用,38,男,河北省,是,19,是
756481099,阿迪达斯户外机能冬季保暖,阿迪达斯,184,263,70,42,469,91,网布透气,TPR鞋底,松紧带鞋,户外机能,冬季保暖,55,女,山东省,是,6,否
675008569,斯凯奇潮简约百搭夏季透气,斯凯奇潮,482,643,75,1164,8503,93,真皮柔软,混合鞋底,套脚款式,简约百搭,夏季透气,52,男,四川省,否,21,否
873817993,其他品牌复古潮鞋秋季百搭,其他品牌,99,152,65,512,5253,92,网布透气,PU中底,系带设计,复古潮鞋,秋季百搭,36,女,山东省,是,21,是
854687540,斯凯奇潮简约百搭四季通用,斯凯奇潮,99,100,99,943,2544,97,超纤皮鞋,橡胶大底,套脚款式,简约百搭,四季通用,54,女,四川省,否,2,是
197475888,回力经典工装硬朗冬季保暖,回力经典,163,165,99,779,3130,88,合成革鞋,TPR鞋底,拉链鞋款,工装硬朗,冬季保暖,43,女,湖北省,是,19,是
309765335,京东京造简约百搭春季新款,京东京造,149,266,56,637,50000,90,真皮柔软,MD发泡底,套脚款式,简约百搭,春季新款,37,男,安徽省,否,4,否
326187475,特步男鞋工装硬朗秋季百搭,特步男鞋,134,154,87,1426,5774,97,合成革鞋,PU中底,系带设计,工装硬朗,秋季百搭,39,女,山东省,是,16,是
807574606,京东京造简约百搭四季通用,京东京造,99,194,51,3513,3837,94,高端飞织,PU中底,魔术贴鞋,简约百搭,四季通用,58,女,福建省,是,2,否
497979266,回力经典复古潮鞋四季通用,回力经典,99,130,76,440,1525,94,合成革鞋,TPR鞋底,系带设计,复古潮鞋,四季通用,48,女,广东省,是,9,否
501507872,回力经典复古潮鞋四季通用,回力经典,105,114,92,1241,1226,96,高端飞织,橡胶大底,系带设计,复古潮鞋,四季通用,46,男,河南省,否,23,是
718521093,鸿星尔克复古潮鞋春季新款,鸿星尔克,149,154,97,4465,585,93,真皮柔软,混合鞋底,松紧带鞋,复古潮鞋,春季新款,47,男,浙江省,是,20,是
522272143,阿迪达斯运动休闲夏季透气,阿迪达斯,352,587,60,1191,19543,91,真皮柔软,橡胶大底,系带设计,运动休闲,夏季透气,39,女,河南省,否,23,否
490987376,李宁休闲运动休闲冬季保暖,李宁休闲,236,284,83,2620,2052,91,真皮柔软,PU中底,松紧带鞋,运动休闲,冬季保暖,46,男,浙江省,否,15,否
383100944,李宁休闲运动休闲秋季百搭,李宁休闲,309,309,100,272,1558,95,布面材质,混合鞋底,松紧带鞋,运动休闲,秋季百搭,53,女,河南省,是,7,是
303147444,安踏运动户外机能四季通用,安踏运动,99,103,96,3598,597,97,布面材质,MD发泡底,松紧带鞋,户外机能,四季通用,47,女,江苏省,是,8,否
500938726,特步男鞋工装硬朗四季通用,特步男鞋,148,168,88,21,799,100,高端飞织,橡胶大底,套脚款式,工装硬朗,四季通用,65,男,浙江省,是,18,是
414049146,斯凯奇潮简约百搭冬季保暖,斯凯奇潮,130,138,94,1470,148,97,高端飞织,EVA轻底,拉链鞋款,简约百搭,冬季保暖,38,女,四川省,否,22,否
991647029,耐克潮流工装硬朗四季通用,耐克潮流,99,174,57,150,448,95,合成革鞋,EVA轻底,系带设计,工装硬朗,四季通用,44,男,湖北省,否,13,是
994761807,京东京造复古潮鞋冬季保暖,京东京造,103,117,88,601,733,95,网布透气,MD发泡底,系带设计,复古潮鞋,冬季保暖,55,女,浙江省,否,20,是
959264856,耐克潮流运动休闲夏季透气,耐克潮流,388,511,76,326,8246,90,混合材质,橡胶大底,松紧带鞋,运动休闲,夏季透气,28,女,河南省,否,23,否
160586049,阿迪达斯工装硬朗夏季透气,阿迪达斯,263,411,64,194,688,91,飞织面料,PU中底,拉链鞋款,工装硬朗,夏季透气,47,男,广东省,否,6,否
794425811,特步男鞋日常休闲春季新款,特步男鞋,218,232,94,312,9568,93,真皮柔软,混合鞋底,拉链鞋款,日常休闲,春季新款,39,男,广东省,是,22,否
366209959,特步男鞋工装硬朗夏季透气,特步男鞋,173,262,66,4073,50000,96,混合材质,MD发泡底,拉链鞋款,工装硬朗,夏季透气,47,男,安徽省,否,23,是
283787997,耐克潮流潮流高街春季新款,耐克潮流,207,334,62,1396,3271,95,布面材质,MD发泡底,魔术贴鞋,潮流高街,春季新款,58,女,浙江省,否,21,否
672398263,安踏运动简约百搭夏季透气,安踏运动,107,145,74,29,2379,92,超纤皮鞋,EVA轻底,魔术贴鞋,简约百搭,夏季透气,19,女,四川省,是,7,是
734231370,安踏运动复古潮鞋冬季保暖,安踏运动,228,368,62,25,3305,94,布面材质,橡胶大底,拉链鞋款,复古潮鞋,冬季保暖,36,男,广东省,否,0,否
780041673,耐克潮流运动休闲春季新款,耐克潮流,201,353,57,70,735,91,网布透气,TPR鞋底,松紧带鞋,运动休闲,春季新款,47,男,湖北省,否,5,是
683812440,阿迪达斯潮流高街夏季透气,阿迪达斯,99,121,82,997,2273,98,布面材质,MD发泡底,系带设计,潮流高街,夏季透气,62,男,四川省,否,11,是
234089717,耐克潮流简约百搭秋季百搭,耐克潮流,116,211,55,4695,1140,93,真皮柔软,TPR鞋底,松紧带鞋,简约百搭,秋季百搭,50,女,山东省,是,20,是
877856842,斯凯奇潮户外机能春季新款,斯凯奇潮,99,127,78,46,4264,91,高端飞织,MD发泡底,系带设计,户外机能,春季新款,33,女,四川省,是,10,是
951191612,斯凯奇潮运动休闲冬季保暖,斯凯奇潮,153,165,93,984,1498,93,超纤皮鞋,EVA轻底,套脚款式,运动休闲,冬季保暖,40,女,山东省,是,13,是
584213024,阿迪达斯户外机能夏季透气,阿迪达斯,99,160,62,499,136,90,真皮柔软,TPR鞋底,拉链鞋款,户外机能,夏季透气,62,女,浙江省,是,17,是
937442471,李宁休闲工装硬朗夏季透气,李宁休闲,171,214,80,65,1205,91,飞织面料,混合鞋底,拉链鞋款,工装硬朗,夏季透气,42,女,四川省,否,21,是
885929194,特步男鞋简约百搭秋季百搭,特步男鞋,159,221,72,1186,3351,99,混合材质,混合鞋底,系带设计,简约百搭,秋季百搭,60,女,浙江省,是,18,是
343622068,李宁休闲日常休闲夏季透气,李宁休闲,175,213,82,1318,167,95,高端飞织,EVA轻底,魔术贴鞋,日常休闲,夏季透气,44,男,河北省,是,9,否
847144942,鸿星尔克日常休闲春季新款,鸿星尔克,99,139,71,714,265,99,真皮柔软,MD发泡底,系带设计,日常休闲,春季新款,42,男,福建省,否,19,是
633324969,京东京造运动休闲秋季百搭,京东京造,99,101,98,944,893,86,网布透气,EVA轻底,系带设计,运动休闲,秋季百搭,53,男,浙江省,否,17,是
251642234,其他品牌潮流高街春季新款,其他品牌,224,356,63,1007,1747,91,高端飞织,EVA轻底,系带设计,潮流高街,春季新款,44,女,安徽省,否,4,是
593842396,耐克潮流户外机能春季新款,耐克潮流,320,571,56,1474,274,99,布面材质,混合鞋底,套脚款式,户外机能,春季新款,53,女,山东省,是,22,是
423938745,安踏运动户外机能夏季透气,安踏运动,153,239,64,4496,974,92,布面材质,橡胶大底,系带设计,户外机能,夏季透气,44,女,福建省,是,4,否
892957804,特步男鞋潮流高街秋季百搭,特步男鞋,99,104,95,154,12866,96,混合材质,PU中底,套脚款式,潮流高街,秋季百搭,32,男,河南省,是,9,是
449271370,安踏运动工装硬朗四季通用,安踏运动,115,205,56,3663,1307,90,真皮柔软,TPR鞋底,套脚款式,工装硬朗,四季通用,33,女,山东省,否,7,是
532605992,李宁休闲复古潮鞋冬季保暖,李宁休闲,326,370,88,123,1593,98,真皮柔软,MD发泡底,系带设计,复古潮鞋,冬季保暖,50,女,江苏省,是,19,是
411611772,回力经典潮流高街春季新款,回力经典,176,332,53,4,958,95,高端飞织,TPR鞋底,松紧带鞋,潮流高街,春季新款,46,女,四川省,否,18,否
761790659,斯凯奇潮简约百搭冬季保暖,斯凯奇潮,99,183,54,79,23774,96,混合材质,TPR鞋底,系带设计,简约百搭,冬季保暖,55,女,福建省,是,9,是
196804242,阿迪达斯运动休闲四季通用,阿迪达斯,224,267,84,3721,729,97,混合材质,EVA轻底,松紧带鞋,运动休闲,四季通用,34,女,河北省,否,13,否
536824515,李宁休闲户外机能春季新款,李宁休闲,99,109,91,1302,1117,92,真皮柔软,橡胶大底,松紧带鞋,户外机能,春季新款,42,男,安徽省,否,5,否
960952128,回力经典复古潮鞋春季新款,回力经典,109,128,85,795,740,93,混合材质,MD发泡底,魔术贴鞋,复古潮鞋,春季新款,37,女,广东省,否,17,是
535926219,回力经典户外机能冬季保暖,回力经典,99,129,77,3,647,98,网布透气,PU中底,魔术贴鞋,户外机能,冬季保暖,44,男,四川省,是,13,是
721165407,京东京造简约百搭四季通用,京东京造,185,264,70,4380,4472,91,合成革鞋,混合鞋底,魔术贴鞋,简约百搭,四季通用,37,男,浙江省,是,6,否
977746412,耐克潮流复古潮鞋秋季百搭,耐克潮流,99,190,52,663,16179,93,布面材质,混合鞋底,松紧带鞋,复古潮鞋,秋季百搭,49,女,湖北省,否,1,是
330896509,其他品牌复古潮鞋冬季保暖,其他品牌,134,231,58,1077,1535,97,网布透气,橡胶大底,拉链鞋款,复古潮鞋,冬季保暖,48,男,湖北省,否,17,否
949635526,安踏运动复古潮鞋秋季百搭,安踏运动,99,112,88,4577,348,95,合成革鞋,PU中底,套脚款式,复古潮鞋,秋季百搭,57,女,广东省,是,22,否
300805473,特步男鞋工装硬朗四季通用,特步男鞋,99,125,79,871,1364,94,飞织面料,TPR鞋底,套脚款式,工装硬朗,四季通用,63,女,湖北省,是,21,否
267702802,阿迪达斯简约百搭夏季透气,阿迪达斯,149,184,81,676,1677,97,真皮柔软,混合鞋底,魔术贴鞋,简约百搭,夏季透气,44,男,浙江省,否,22,是
715884926,特步男鞋户外机能夏季透气,特步男鞋,450,672,67,1201,2437,100,合成革鞋,MD发泡底,魔术贴鞋,户外机能,夏季透气,49,女,四川省,否,22,是
205947642,鸿星尔克日常休闲夏季透气,鸿星尔克,107,175,61,1482,1530,94,高端飞织,橡胶大底,拉链鞋款,日常休闲,夏季透气,53,女,山东省,否,10,是
240810699,特步男鞋潮流高街秋季百搭,特步男鞋,152,154,99,1184,2887,85,真皮柔软,PU中底,松紧带鞋,潮流高街,秋季百搭,55,男,河南省,否,22,是
645526092,京东京造复古潮鞋四季通用,京东京造,99,100,99,1359,903,95,真皮柔软,混合鞋底,系带设计,复古潮鞋,四季通用,44,女,山东省,否,6,是
954818527,回力经典日常休闲春季新款,回力经典,316,326,97,1449,263,91,超纤皮鞋,MD发泡底,拉链鞋款,日常休闲,春季新款,39,男,浙江省,否,22,是
497308456,其他品牌简约百搭秋季百搭,其他品牌,154,181,85,47,3432,86,飞织面料,混合鞋底,松紧带鞋,简约百搭,秋季百搭,39,女,山东省,是,18,是
750724633,阿迪达斯工装硬朗春季新款,阿迪达斯,99,174,57,3497,3602,92,高端飞织,EVA轻底,套脚款式,工装硬朗,春季新款,49,男,湖北省,否,1,否
586189508,李宁休闲简约百搭秋季百搭,李宁休闲,324,476,68,849,666,93,混合材质,橡胶大底,松紧带鞋,简约百搭,秋季百搭,44,女,福建省,否,21,是
268367237,鸿星尔克日常休闲春季新款,鸿星尔克,191,354,54,26,1388,90,网布透气,橡胶大底,松紧带鞋,日常休闲,春季新款,37,女,河北省,是,7,是
856967515,耐克潮流潮流高街夏季透气,耐克潮流,159,237,67,3462,89,97,混合材质,PU中底,松紧带鞋,潮流高街,夏季透气,39,男,湖北省,否,21,是
205182678,李宁休闲日常休闲四季通用,李宁休闲,179,186,96,136,382,92,真皮柔软,混合鞋底,魔术贴鞋,日常休闲,四季通用,51,男,河北省,是,21,否
974079750,安踏运动工装硬朗四季通用,安踏运动,141,256,55,2775,382,93,高端飞织,EVA轻底,拉链鞋款,工装硬朗,四季通用,61,女,浙江省,是,2,否
925831138,耐克潮流运动休闲春季新款,耐克潮流,99,130,76,2840,720,94,布面材质,MD发泡底,松紧带鞋,运动休闲,春季新款,43,男,四川省,是,10,是
809213930,李宁休闲工装硬朗春季新款,李宁休闲,99,168,59,3546,632,99,真皮柔软,橡胶大底,魔术贴鞋,工装硬朗,春季新款,46,男,山东省,是,23,是
339262703,特步男鞋户外机能夏季透气,特步男鞋,99,162,61,872,1196,91,高端飞织,TPR鞋底,套脚款式,户外机能,夏季透气,48,女,湖北省,是,22,是
874631271,安踏运动简约百搭四季通用,安踏运动,117,225,52,274,2822,92,真皮柔软,混合鞋底,松紧带鞋,简约百搭,四季通用,29,女,山东省,否,12,否
809617992,其他品牌工装硬朗秋季百搭,其他品牌,162,210,77,273,5596,97,合成革鞋,混合鞋底,系带设计,工装硬朗,秋季百搭,45,男,四川省,是,20,否
310202590,其他品牌复古潮鞋春季新款,其他品牌,147,163,90,264,1973,97,合成革鞋,TPR鞋底,魔术贴鞋,复古潮鞋,春季新款,55,女,湖北省,否,4,否
113148624,京东京造运动休闲四季通用,京东京造,269,517,52,7,2156,97,混合材质,橡胶大底,拉链鞋款,运动休闲,四季通用,62,女,四川省,是,23,否
863774546,其他品牌户外机能秋季百搭,其他品牌,99,143,69,4714,791,94,布面材质,PU中底,系带设计,户外机能,秋季百搭,54,男,福建省,是,4,否
924585627,阿迪达斯日常休闲冬季保暖,阿迪达斯,155,304,51,342,2154,85,真皮柔软,PU中底,松紧带鞋,日常休闲,冬季保暖,47,男,江苏省,是,23,否
851526830,阿迪达斯户外机能夏季透气,阿迪达斯,256,413,62,1263,427,99,混合材质,橡胶大底,拉链鞋款,户外机能,夏季透气,57,女,河北省,是,3,是
950771762,斯凯奇潮户外机能春季新款,斯凯奇潮,99,132,75,22,187,95,网布透气,MD发泡底,魔术贴鞋,户外机能,春季新款,51,男,浙江省,是,12,否
853277737,斯凯奇潮户外机能四季通用,斯凯奇潮,180,220,82,2553,8165,93,网布透气,EVA轻底,拉链鞋款,户外机能,四季通用,47,女,河北省,否,0,是
740005835,斯凯奇潮运动休闲夏季透气,斯凯奇潮,354,381,93,36,18618,100,合成革鞋,EVA轻底,松紧带鞋,运动休闲,夏季透气,46,女,河北省,是,12,是
204809495,回力经典工装硬朗四季通用,回力经典,99,155,64,3993,3347,92,飞织面料,橡胶大底,套脚款式,工装硬朗,四季通用,37,女,四川省,否,17,否
538731877,回力经典户外机能春季新款,回力经典,202,256,79,47,5924,99,真皮柔软,EVA轻底,系带设计,户外机能,春季新款,34,女,江苏省,否,21,否
395483477,安踏运动户外机能秋季百搭,安踏运动,99,139,71,4962,419,93,布面材质,PU中底,套脚款式,户外机能,秋季百搭,57,女,福建省,否,3,是
396202162,阿迪达斯运动休闲冬季保暖,阿迪达斯,135,260,52,223,3350,94,合成革鞋,TPR鞋底,套脚款式,运动休闲,冬季保暖,34,男,江苏省,否,18,否
158172300,鸿星尔克简约百搭春季新款,鸿星尔克,248,340,73,1037,500,96,网布透气,EVA轻底,松紧带鞋,简约百搭,春季新款,51,男,山东省,是,22,是
296190196,李宁休闲潮流高街四季通用,李宁休闲,99,138,72,4499,1852,97,混合材质,混合鞋底,系带设计,潮流高街,四季通用,64,女,广东省,否,23,否
192337876,回力经典工装硬朗秋季百搭,回力经典,107,155,69,1146,1105,96,超纤皮鞋,TPR鞋底,魔术贴鞋,工装硬朗,秋季百搭,34,男,河南省,否,16,是
905391242,特步男鞋运动休闲四季通用,特步男鞋,99,187,53,1064,1600,97,合成革鞋,EVA轻底,拉链鞋款,运动休闲,四季通用,46,男,河南省,否,17,是
191888401,特步男鞋日常休闲秋季百搭,特步男鞋,239,443,54,155,907,88,飞织面料,橡胶大底,系带设计,日常休闲,秋季百搭,60,女,山东省,是,20,是
353111357,李宁休闲日常休闲冬季保暖,李宁休闲,99,177,56,768,556,99,布面材质,TPR鞋底,魔术贴鞋,日常休闲,冬季保暖,42,男,浙江省,是,1,否
164024590,斯凯奇潮简约百搭四季通用,斯凯奇潮,260,260,100,1092,63,92,飞织面料,EVA轻底,拉链鞋款,简约百搭,四季通用,40,男,福建省,是,20,否
697982376,李宁休闲简约百搭冬季保暖,李宁休闲,194,346,56,48,165,100,合成革鞋,MD发泡底,拉链鞋款,简约百搭,冬季保暖,49,女,四川省,是,20,是
706318283,京东京造复古潮鞋春季新款,京东京造,99,118,84,885,5906,93,布面材质,混合鞋底,松紧带鞋,复古潮鞋,春季新款,50,女,山东省,是,23,是
186096505,特步男鞋户外机能四季通用,特步男鞋,99,115,86,4907,317,94,超纤皮鞋,橡胶大底,魔术贴鞋,户外机能,四季通用,41,女,江苏省,否,20,是
457076961,安踏运动简约百搭冬季保暖,安踏运动,99,171,58,1268,288,95,合成革鞋,橡胶大底,松紧带鞋,简约百搭,冬季保暖,42,女,安徽省,否,22,是
108943541,其他品牌日常休闲秋季百搭,其他品牌,99,108,92,1077,1260,88,合成革鞋,MD发泡底,系带设计,日常休闲,秋季百搭,39,女,河北省,否,21,否
837843602,京东京造潮流高街四季通用,京东京造,201,254,79,1031,1779,96,合成革鞋,TPR鞋底,套脚款式,潮流高街,四季通用,58,男,浙江省,是,22,是
339880870,斯凯奇潮简约百搭春季新款,斯凯奇潮,135,178,76,1400,63,94,网布透气,EVA轻底,系带设计,简约百搭,春季新款,24,男,福建省,否,23,是
918031395,鸿星尔克工装硬朗春季新款,鸿星尔克,99,141,70,670,426,97,高端飞织,EVA轻底,魔术贴鞋,工装硬朗,春季新款,27,女,江苏省,否,5,是
832720858,其他品牌工装硬朗冬季保暖,其他品牌,260,464,56,437,370,93,网布透气,MD发泡底,套脚款式,工装硬朗,冬季保暖,51,女,四川省,是,3,否
510050257,其他品牌复古潮鞋四季通用,其他品牌,110,180,61,32,2703,96,超纤皮鞋,橡胶大底,松紧带鞋,复古潮鞋,四季通用,62,男,河北省,否,21,是
432695657,回力经典户外机能夏季透气,回力经典,99,106,93,894,462,90,飞织面料,PU中底,系带设计,户外机能,夏季透气,47,男,湖北省,是,20,是
636926572,京东京造日常休闲四季通用,京东京造,158,236,67,34,618,92,网布透气,混合鞋底,拉链鞋款,日常休闲,四季通用,64,女,广东省,否,20,是
749581659,回力经典复古潮鞋夏季透气,回力经典,129,140,92,62,2453,96,真皮柔软,PU中底,魔术贴鞋,复古潮鞋,夏季透气,38,女,四川省,否,22,否
364993405,回力经典潮流高街冬季保暖,回力经典,99,114,87,642,638,94,真皮柔软,TPR鞋底,魔术贴鞋,潮流高街,冬季保暖,57,男,河北省,否,21,是
810547429,安踏运动运动休闲冬季保暖,安踏运动,99,111,89,39,1654,94,超纤皮鞋,EVA轻底,拉链鞋款,运动休闲,冬季保暖,51,男,四川省,否,4,否
615100637,其他品牌复古潮鞋春季新款,其他品牌,124,203,61,221,1728,86,网布透气,PU中底,套脚款式,复古潮鞋,春季新款,59,女,四川省,是,6,否
207426294,阿迪达斯复古潮鞋春季新款,阿迪达斯,99,160,62,55,390,96,飞织面料,TPR鞋底,松紧带鞋,复古潮鞋,春季新款,54,女,福建省,否,19,否
828745840,阿迪达斯简约百搭四季通用,阿迪达斯,173,251,69,301,425,91,网布透气,MD发泡底,套脚款式,简约百搭,四季通用,46,男,山东省,是,22,是
444331517,耐克潮流户外机能冬季保暖,耐克潮流,137,211,65,18,2377,90,网布透气,橡胶大底,套脚款式,户外机能,冬季保暖,54,男,河南省,是,18,是
538670073,安踏运动复古潮鞋春季新款,安踏运动,108,144,75,831,1719,96,高端飞织,PU中底,系带设计,复古潮鞋,春季新款,55,男,四川省,否,23,否
211316143,回力经典潮流高街秋季百搭,回力经典,165,172,96,553,1329,96,真皮柔软,橡胶大底,系带设计,潮流高街,秋季百搭,50,女,福建省,是,21,否
717462226,京东京造简约百搭四季通用,京东京造,128,162,79,787,404,92,飞织面料,混合鞋底,魔术贴鞋,简约百搭,四季通用,51,男,河北省,否,22,否
344196851,安踏运动日常休闲冬季保暖,安踏运动,161,221,73,46,501,90,飞织面料,PU中底,系带设计,日常休闲,冬季保暖,49,女,河北省,否,4,否
972849240,特步男鞋潮流高街冬季保暖,特步男鞋,99,103,96,1420,790,91,真皮柔软,TPR鞋底,拉链鞋款,潮流高街,冬季保暖,45,女,山东省,否,18,是
241835718,李宁休闲潮流高街秋季百搭,李宁休闲,240,329,73,2641,862,91,真皮柔软,TPR鞋底,套脚款式,潮流高街,秋季百搭,49,男,浙江省,是,1,否
752595463,安踏运动户外机能冬季保暖,安踏运动,99,160,62,1065,328,95,网布透气,MD发泡底,套脚款式,户外机能,冬季保暖,56,女,江苏省,否,20,是
904414657,特步男鞋日常休闲秋季百搭,特步男鞋,99,162,61,158,381,90,高端飞织,橡胶大底,套脚款式,日常休闲,秋季百搭,18,女,河南省,否,17,是
704059262,京东京造复古潮鞋夏季透气,京东京造,203,221,92,917,407,96,飞织面料,TPR鞋底,拉链鞋款,复古潮鞋,夏季透气,44,男,江苏省,是,20,是
680360189,安踏运动运动休闲夏季透气,安踏运动,205,306,67,100,1205,90,合成革鞋,TPR鞋底,套脚款式,运动休闲,夏季透气,50,女,四川省,否,5,是
459391126,其他品牌简约百搭春季新款,其他品牌,99,160,62,866,2665,85,混合材质,PU中底,松紧带鞋,简约百搭,春季新款,44,男,河南省,否,16,否
902685374,斯凯奇潮日常休闲秋季百搭,斯凯奇潮,99,118,84,67,1596,93,飞织面料,EVA轻底,拉链鞋款,日常休闲,秋季百搭,38,女,浙江省,是,9,否
195128661,京东京造复古潮鞋春季新款,京东京造,99,100,99,8,599,93,网布透气,TPR鞋底,魔术贴鞋,复古潮鞋,春季新款,42,女,安徽省,是,23,是
872574512,阿迪达斯户外机能夏季透气,阿迪达斯,99,114,87,1208,658,88,合成革鞋,EVA轻底,拉链鞋款,户外机能,夏季透气,45,男,广东省,是,14,否
730013205,鸿星尔克复古潮鞋夏季透气,鸿星尔克,121,125,97,427,422,92,布面材质,PU中底,松紧带鞋,复古潮鞋,夏季透气,44,男,福建省,是,20,否
779371242,耐克潮流运动休闲春季新款,耐克潮流,127,202,63,885,4071,93,网布透气,EVA轻底,拉链鞋款,运动休闲,春季新款,37,男,山东省,是,10,是
505689476,安踏运动简约百搭夏季透气,安踏运动,228,430,53,1000,1165,88,飞织面料,混合鞋底,松紧带鞋,简约百搭,夏季透气,53,女,山东省,否,12,是
145266164,阿迪达斯工装硬朗春季新款,阿迪达斯,99,141,70,25,157,93,真皮柔软,MD发泡底,套脚款式,工装硬朗,春季新款,51,女,安徽省,是,21,否
830736709,阿迪达斯日常休闲秋季百搭,阿迪达斯,264,463,57,1115,1737,92,网布透气,混合鞋底,系带设计,日常休闲,秋季百搭,49,女,广东省,是,8,否
588455811,阿迪达斯潮流高街四季通用,阿迪达斯,143,247,58,1377,364,95,混合材质,PU中底,魔术贴鞋,潮流高街,四季通用,52,男,福建省,否,22,否
161637415,京东京造日常休闲夏季透气,京东京造,182,343,53,4749,1395,90,高端飞织,PU中底,魔术贴鞋,日常休闲,夏季透气,54,男,福建省,是,23,否
630454478,安踏运动户外机能冬季保暖,安踏运动,699,760,92,19,671,93,布面材质,混合鞋底,魔术贴鞋,户外机能,冬季保暖,40,女,福建省,是,23,否
998120373,回力经典户外机能冬季保暖,回力经典,202,238,85,220,470,94,混合材质,TPR鞋底,魔术贴鞋,户外机能,冬季保暖,33,女,河南省,是,22,否
639200105,京东京造潮流高街夏季透气,京东京造,174,207,84,2564,71,94,合成革鞋,橡胶大底,松紧带鞋,潮流高街,夏季透气,44,男,河北省,否,19,否
812943416,斯凯奇潮简约百搭四季通用,斯凯奇潮,99,136,73,22,975,90,网布透气,EVA轻底,系带设计,简约百搭,四季通用,49,女,山东省,是,3,否
858220155,其他品牌简约百搭秋季百搭,其他品牌,150,300,50,1469,11456,87,高端飞织,混合鞋底,套脚款式,简约百搭,秋季百搭,39,男,山东省,否,19,是
244322317,李宁休闲日常休闲四季通用,李宁休闲,99,108,92,2440,17159,85,高端飞织,EVA轻底,拉链鞋款,日常休闲,四季通用,46,男,山东省,是,20,是
782705616,其他品牌简约百搭春季新款,其他品牌,172,181,95,49,224,96,混合材质,EVA轻底,系带设计,简约百搭,春季新款,55,女,山东省,是,15,否
723423743,回力经典潮流高街秋季百搭,回力经典,99,155,64,1158,145,97,混合材质,MD发泡底,套脚款式,潮流高街,秋季百搭,48,男,河南省,是,20,是
384352648,安踏运动工装硬朗春季新款,安踏运动,104,111,94,150,2933,93,超纤皮鞋,PU中底,系带设计,工装硬朗,春季新款,62,女,浙江省,是,20,是
892862706,阿迪达斯复古潮鞋四季通用,阿迪达斯,127,127,100,1062,862,93,合成革鞋,PU中底,套脚款式,复古潮鞋,四季通用,58,男,福建省,是,7,否
599531171,安踏运动运动休闲夏季透气,安踏运动,165,217,76,912,8551,91,高端飞织,EVA轻底,系带设计,运动休闲,夏季透气,44,男,江苏省,否,16,否
124216712,其他品牌户外机能冬季保暖,其他品牌,125,198,63,44,40640,97,真皮柔软,TPR鞋底,套脚款式,户外机能,冬季保暖,44,男,河南省,否,3,是
575683957,鸿星尔克日常休闲春季新款,鸿星尔克,102,196,52,90,2605,90,混合材质,MD发泡底,松紧带鞋,日常休闲,春季新款,33,女,浙江省,否,16,否
554106045,其他品牌工装硬朗夏季透气,其他品牌,259,288,90,17,21671,90,真皮柔软,PU中底,松紧带鞋,工装硬朗,夏季透气,41,女,河北省,是,6,是
554846361,阿迪达斯日常休闲冬季保暖,阿迪达斯,99,139,71,769,720,100,高端飞织,PU中底,系带设计,日常休闲,冬季保暖,42,女,福建省,是,23,否
714901062,阿迪达斯工装硬朗秋季百搭,阿迪达斯,256,351,73,4170,858,97,网布透气,EVA轻底,系带设计,工装硬朗,秋季百搭,41,男,江苏省,否,22,否
583067532,京东京造运动休闲秋季百搭,京东京造,99,124,80,960,144,95,合成革鞋,MD发泡底,套脚款式,运动休闲,秋季百搭,58,女,安徽省,是,14,否
559708807,特步男鞋简约百搭冬季保暖,特步男鞋,109,140,78,3,8948,96,高端飞织,混合鞋底,松紧带鞋,简约百搭,冬季保暖,46,女,河南省,否,20,是
775826271,其他品牌工装硬朗四季通用,其他品牌,228,345,66,572,1976,86,合成革鞋,TPR鞋底,拉链鞋款,工装硬朗,四季通用,54,男,河南省,是,12,否
753197020,耐克潮流工装硬朗秋季百搭,耐克潮流,241,254,95,25,775,97,飞织面料,TPR鞋底,松紧带鞋,工装硬朗,秋季百搭,50,女,广东省,否,11,是
469579787,鸿星尔克潮流高街夏季透气,鸿星尔克,132,194,68,955,5740,92,超纤皮鞋,MD发泡底,魔术贴鞋,潮流高街,夏季透气,26,女,安徽省,否,20,是
161027299,李宁休闲户外机能夏季透气,李宁休闲,99,110,90,2,4236,96,网布透气,混合鞋底,松紧带鞋,户外机能,夏季透气,43,女,四川省,是,21,是
588400941,李宁休闲户外机能冬季保暖,李宁休闲,230,261,88,624,325,91,布面材质,MD发泡底,松紧带鞋,户外机能,冬季保暖,44,男,四川省,否,22,是
217102576,京东京造运动休闲秋季百搭,京东京造,123,160,77,822,164,93,飞织面料,EVA轻底,拉链鞋款,运动休闲,秋季百搭,46,男,安徽省,是,12,是
348402030,李宁休闲工装硬朗春季新款,李宁休闲,109,206,53,1204,4626,92,混合材质,EVA轻底,松紧带鞋,工装硬朗,春季新款,54,女,湖北省,否,14,否
584124461,回力经典简约百搭秋季百搭,回力经典,200,308,65,18,1306,91,布面材质,MD发泡底,魔术贴鞋,简约百搭,秋季百搭,55,女,浙江省,是,21,是
391020239,特步男鞋潮流高街夏季透气,特步男鞋,109,191,57,21,2187,85,混合材质,TPR鞋底,套脚款式,潮流高街,夏季透气,59,男,河南省,否,8,否
206532188,其他品牌运动休闲秋季百搭,其他品牌,99,138,72,1174,492,93,网布透气,MD发泡底,系带设计,运动休闲,秋季百搭,54,男,山东省,是,22,否
738093282,斯凯奇潮户外机能秋季百搭,斯凯奇潮,99,101,98,1291,657,100,超纤皮鞋,橡胶大底,松紧带鞋,户外机能,秋季百搭,42,女,河南省,否,2,否
876294412,京东京造日常休闲夏季透气,京东京造,118,187,63,10,966,94,高端飞织,MD发泡底,系带设计,日常休闲,夏季透气,59,女,河北省,否,18,是
466181392,李宁休闲简约百搭秋季百搭,李宁休闲,150,169,89,49,7160,100,飞织面料,MD发泡底,套脚款式,简约百搭,秋季百搭,36,男,山东省,否,18,否
730267102,鸿星尔克户外机能春季新款,鸿星尔克,123,228,54,469,328,90,飞织面料,MD发泡底,套脚款式,户外机能,春季新款,45,女,安徽省,是,10,是
337170557,特步男鞋潮流高街冬季保暖,特步男鞋,100,172,58,1226,144,94,布面材质,橡胶大底,松紧带鞋,潮流高街,冬季保暖,47,女,广东省,是,18,否
265456151,李宁休闲复古潮鞋四季通用,李宁休闲,265,301,88,1478,1268,91,合成革鞋,橡胶大底,拉链鞋款,复古潮鞋,四季通用,45,女,福建省,是,9,否
991332643,特步男鞋运动休闲冬季保暖,特步男鞋,164,245,67,50,152,98,超纤皮鞋,EVA轻底,拉链鞋款,运动休闲,冬季保暖,50,男,安徽省,是,10,否
608236951,回力经典户外机能四季通用,回力经典,99,127,78,1480,589,98,高端飞织,PU中底,魔术贴鞋,户外机能,四季通用,38,女,浙江省,否,21,是
714757289,回力经典工装硬朗夏季透气,回力经典,259,259,100,1260,4752,87,混合材质,PU中底,套脚款式,工装硬朗,夏季透气,46,男,河南省,是,20,是
606316319,其他品牌潮流高街冬季保暖,其他品牌,175,269,65,28,609,99,混合材质,混合鞋底,系带设计,潮流高街,冬季保暖,38,女,山东省,否,17,否
325797356,特步男鞋运动休闲夏季透气,特步男鞋,109,145,75,600,954,87,飞织面料,TPR鞋底,拉链鞋款,运动休闲,夏季透气,55,女,福建省,是,22,否
722122708,李宁休闲日常休闲春季新款,李宁休闲,339,547,62,8,11101,98,混合材质,MD发泡底,魔术贴鞋,日常休闲,春季新款,51,女,湖北省,是,20,否
495452509,斯凯奇潮简约百搭冬季保暖,斯凯奇潮,422,781,54,495,2460,92,混合材质,PU中底,魔术贴鞋,简约百搭,冬季保暖,20,女,河南省,是,20,是
606762117,其他品牌简约百搭冬季保暖,其他品牌,163,281,58,4,380,97,飞织面料,MD发泡底,拉链鞋款,简约百搭,冬季保暖,49,女,广东省,是,16,是
196390401,鸿星尔克工装硬朗冬季保暖,鸿星尔克,108,108,100,450,1987,96,高端飞织,TPR鞋底,套脚款式,工装硬朗,冬季保暖,42,男,四川省,是,8,是
570647178,其他品牌简约百搭秋季百搭,其他品牌,99,125,79,999,2033,99,真皮柔软,PU中底,松紧带鞋,简约百搭,秋季百搭,39,女,河南省,否,0,否
218169794,李宁休闲工装硬朗春季新款,李宁休闲,99,109,91,799,560,99,飞织面料,TPR鞋底,拉链鞋款,工装硬朗,春季新款,38,女,安徽省,否,13,否
610535411,鸿星尔克简约百搭冬季保暖,鸿星尔克,392,552,71,35,5166,92,布面材质,EVA轻底,松紧带鞋,简约百搭,冬季保暖,41,男,湖北省,是,13,是
365763039,京东京造运动休闲春季新款,京东京造,99,129,77,3065,275,88,超纤皮鞋,TPR鞋底,松紧带鞋,运动休闲,春季新款,50,女,福建省,否,10,是
273538095,鸿星尔克户外机能夏季透气,鸿星尔克,99,109,91,1222,2798,86,真皮柔软,MD发泡底,拉链鞋款,户外机能,夏季透气,35,女,山东省,是,10,是
329453096,斯凯奇潮运动休闲春季新款,斯凯奇潮,99,109,91,1272,2494,93,高端飞织,TPR鞋底,拉链鞋款,运动休闲,春季新款,53,女,山东省,否,17,否
199749470,安踏运动户外机能四季通用,安踏运动,207,246,84,626,6607,91,高端飞织,PU中底,套脚款式,户外机能,四季通用,40,男,广东省,是,5,是
279514583,回力经典复古潮鞋四季通用,回力经典,323,567,57,27,3940,94,布面材质,EVA轻底,魔术贴鞋,复古潮鞋,四季通用,45,男,四川省,否,0,否
912558109,阿迪达斯户外机能春季新款,阿迪达斯,113,114,99,47,1978,91,布面材质,TPR鞋底,拉链鞋款,户外机能,春季新款,45,男,浙江省,是,20,是
964648240,其他品牌工装硬朗秋季百搭,其他品牌,380,463,82,63,2362,95,飞织面料,MD发泡底,魔术贴鞋,工装硬朗,秋季百搭,38,女,河南省,否,20,是
439723917,鸿星尔克运动休闲夏季透气,鸿星尔克,99,108,92,1276,617,94,网布透气,PU中底,魔术贴鞋,运动休闲,夏季透气,51,男,河北省,是,22,否
921737498,李宁休闲潮流高街冬季保暖,李宁休闲,102,104,98,1266,992,96,混合材质,PU中底,松紧带鞋,潮流高街,冬季保暖,41,女,安徽省,是,12,是
988942627,特步男鞋简约百搭春季新款,特步男鞋,99,146,68,919,562,94,高端飞织,EVA轻底,套脚款式,简约百搭,春季新款,56,女,湖北省,是,22,否
371128009,李宁休闲户外机能冬季保暖,李宁休闲,99,103,96,2912,736,98,高端飞织,TPR鞋底,套脚款式,户外机能,冬季保暖,47,男,福建省,否,22,否
309482821,鸿星尔克运动休闲秋季百搭,鸿星尔克,235,362,65,752,18078,96,真皮柔软,混合鞋底,松紧带鞋,运动休闲,秋季百搭,56,男,江苏省,否,19,否
907265640,回力经典潮流高街四季通用,回力经典,112,160,70,691,5566,99,超纤皮鞋,橡胶大底,松紧带鞋,潮流高街,四季通用,41,男,四川省,否,23,否
802699079,回力经典工装硬朗春季新款,回力经典,121,157,77,1459,2358,90,混合材质,TPR鞋底,松紧带鞋,工装硬朗,春季新款,52,女,福建省,是,6,是
110513298,李宁休闲复古潮鞋夏季透气,李宁休闲,99,152,65,360,1375,95,高端飞织,EVA轻底,系带设计,复古潮鞋,夏季透气,62,男,四川省,否,0,是
961680765,阿迪达斯户外机能冬季保暖,阿迪达斯,208,310,67,3869,4730,93,网布透气,PU中底,套脚款式,户外机能,冬季保暖,60,女,福建省,否,23,是
758870655,鸿星尔克户外机能冬季保暖,鸿星尔克,289,545,53,319,366,92,合成革鞋,PU中底,魔术贴鞋,户外机能,冬季保暖,55,男,河南省,否,16,是
627982601,其他品牌运动休闲夏季透气,其他品牌,178,209,85,30,2390,92,真皮柔软,混合鞋底,松紧带鞋,运动休闲,夏季透气,48,男,湖北省,是,20,是
163285461,回力经典日常休闲夏季透气,回力经典,99,109,91,22,248,86,高端飞织,EVA轻底,系带设计,日常休闲,夏季透气,50,男,江苏省,是,4,是
791670845,其他品牌运动休闲夏季透气,其他品牌,159,161,99,405,519,90,高端飞织,PU中底,套脚款式,运动休闲,夏季透气,37,男,湖北省,是,1,是
725119125,耐克潮流潮流高街四季通用,耐克潮流,99,157,63,983,997,99,高端飞织,PU中底,松紧带鞋,潮流高街,四季通用,56,女,浙江省,是,0,是
795955602,李宁休闲潮流高街夏季透气,李宁休闲,99,160,62,30,1608,94,布面材质,PU中底,松紧带鞋,潮流高街,夏季透气,46,女,河南省,是,13,是
321036079,特步男鞋户外机能冬季保暖,特步男鞋,109,145,75,966,316,96,混合材质,PU中底,套脚款式,户外机能,冬季保暖,43,女,湖北省,否,19,否
502833757,耐克潮流复古潮鞋夏季透气,耐克潮流,307,399,77,30,589,96,超纤皮鞋,MD发泡底,拉链鞋款,复古潮鞋,夏季透气,40,男,河北省,是,23,是
311075662,李宁休闲工装硬朗冬季保暖,李宁休闲,99,141,70,4490,1649,95,高端飞织,EVA轻底,系带设计,工装硬朗,冬季保暖,44,女,安徽省,是,17,否
993979873,安踏运动户外机能四季通用,安踏运动,99,157,63,33,536,95,合成革鞋,EVA轻底,拉链鞋款,户外机能,四季通用,45,男,河北省,是,23,是
889569457,特步男鞋复古潮鞋四季通用,特步男鞋,103,158,65,342,2145,87,合成革鞋,EVA轻底,魔术贴鞋,复古潮鞋,四季通用,44,男,广东省,否,7,否
153169178,特步男鞋运动休闲春季新款,特步男鞋,99,143,69,1170,1395,93,混合材质,TPR鞋底,松紧带鞋,运动休闲,春季新款,52,女,浙江省,否,21,是
912591964,耐克潮流简约百搭春季新款,耐克潮流,99,116,85,586,2291,94,超纤皮鞋,MD发泡底,系带设计,简约百搭,春季新款,46,男,四川省,否,7,否
159345061,回力经典户外机能夏季透气,回力经典,99,157,63,9,3087,91,合成革鞋,EVA轻底,拉链鞋款,户外机能,夏季透气,58,女,山东省,是,23,是
298529504,阿迪达斯简约百搭四季通用,阿迪达斯,99,190,52,4767,864,92,真皮柔软,橡胶大底,套脚款式,简约百搭,四季通用,59,女,江苏省,否,0,是
286957332,阿迪达斯复古潮鞋四季通用,阿迪达斯,99,198,50,61,3291,93,高端飞织,PU中底,拉链鞋款,复古潮鞋,四季通用,45,女,江苏省,否,5,否
760531969,安踏运动潮流高街春季新款,安踏运动,153,247,62,339,4079,94,网布透气,MD发泡底,松紧带鞋,潮流高街,春季新款,46,女,山东省,否,7,是
430075650,回力经典复古潮鞋夏季透气,回力经典,173,177,98,285,1923,99,高端飞织,橡胶大底,系带设计,复古潮鞋,夏季透气,35,男,浙江省,否,20,否
512393783,其他品牌户外机能夏季透气,其他品牌,125,149,84,1156,108,95,合成革鞋,MD发泡底,拉链鞋款,户外机能,夏季透气,34,男,河南省,是,7,否
225252737,阿迪达斯户外机能夏季透气,阿迪达斯,99,152,65,1029,1392,96,合成革鞋,混合鞋底,魔术贴鞋,户外机能,夏季透气,48,男,山东省,否,0,否
446504742,李宁休闲简约百搭四季通用,李宁休闲,226,377,60,996,1516,91,混合材质,MD发泡底,拉链鞋款,简约百搭,四季通用,56,女,福建省,否,3,否
859049683,京东京造复古潮鞋秋季百搭,京东京造,458,520,88,3608,584,89,飞织面料,混合鞋底,松紧带鞋,复古潮鞋,秋季百搭,42,女,江苏省,是,11,是
886754031,安踏运动户外机能冬季保暖,安踏运动,99,143,69,66,4605,98,超纤皮鞋,EVA轻底,系带设计,户外机能,冬季保暖,39,男,河北省,是,11,否
966515872,京东京造日常休闲春季新款,京东京造,116,125,93,1076,2285,94,布面材质,MD发泡底,套脚款式,日常休闲,春季新款,56,女,浙江省,是,21,否
797978428,斯凯奇潮复古潮鞋冬季保暖,斯凯奇潮,117,229,51,1453,3938,92,真皮柔软,混合鞋底,系带设计,复古潮鞋,冬季保暖,46,男,河北省,是,19,否
726191949,阿迪达斯潮流高街春季新款,阿迪达斯,340,459,74,1133,663,93,布面材质,PU中底,系带设计,潮流高街,春季新款,37,男,四川省,是,5,是
378000942,特步男鞋简约百搭春季新款,特步男鞋,109,142,77,461,8756,92,超纤皮鞋,PU中底,系带设计,简约百搭,春季新款,50,男,山东省,是,21,否
654646349,斯凯奇潮工装硬朗夏季透气,斯凯奇潮,99,108,92,1360,1319,97,飞织面料,混合鞋底,拉链鞋款,工装硬朗,夏季透气,48,女,河北省,否,12,是
321139108,回力经典户外机能春季新款,回力经典,153,247,62,3079,1965,92,超纤皮鞋,MD发泡底,拉链鞋款,户外机能,春季新款,53,男,广东省,否,20,否
325498950,斯凯奇潮潮流高街冬季保暖,斯凯奇潮,99,108,92,417,3339,97,布面材质,混合鞋底,套脚款式,潮流高街,冬季保暖,49,女,四川省,是,20,否
823023728,耐克潮流复古潮鞋冬季保暖,耐克潮流,189,357,53,966,4126,100,布面材质,MD发泡底,魔术贴鞋,复古潮鞋,冬季保暖,49,男,湖北省,否,7,是
712117221,特步男鞋复古潮鞋冬季保暖,特步男鞋,99,155,64,3409,5932,85,高端飞织,橡胶大底,松紧带鞋,复古潮鞋,冬季保暖,49,女,安徽省,是,21,否
719721511,安踏运动复古潮鞋夏季透气,安踏运动,99,177,56,59,3688,92,高端飞织,EVA轻底,松紧带鞋,复古潮鞋,夏季透气,47,男,安徽省,是,13,否
119945682,安踏运动复古潮鞋冬季保暖,安踏运动,99,194,51,3521,277,91,布面材质,MD发泡底,套脚款式,复古潮鞋,冬季保暖,32,男,四川省,是,12,是
652566493,其他品牌潮流高街秋季百搭,其他品牌,133,134,99,834,7519,96,高端飞织,混合鞋底,套脚款式,潮流高街,秋季百搭,50,男,河北省,是,21,否
711447468,阿迪达斯户外机能秋季百搭,阿迪达斯,99,122,81,948,1180,100,网布透气,PU中底,松紧带鞋,户外机能,秋季百搭,56,男,广东省,否,2,否
954352099,回力经典户外机能四季通用,回力经典,99,183,54,12,182,100,超纤皮鞋,橡胶大底,拉链鞋款,户外机能,四季通用,52,女,福建省,是,4,是
959433423,特步男鞋运动休闲春季新款,特步男鞋,120,171,70,213,547,92,布面材质,混合鞋底,套脚款式,运动休闲,春季新款,56,男,福建省,否,19,是
936057538,李宁休闲工装硬朗四季通用,李宁休闲,252,394,64,835,4367,93,混合材质,橡胶大底,松紧带鞋,工装硬朗,四季通用,57,男,江苏省,是,2,是
731498140,回力经典运动休闲夏季透气,回力经典,176,229,77,728,10984,96,高端飞织,PU中底,拉链鞋款,运动休闲,夏季透气,48,女,河南省,是,5,是
310074243,京东京造复古潮鞋夏季透气,京东京造,337,396,85,3614,866,100,飞织面料,PU中底,魔术贴鞋,复古潮鞋,夏季透气,47,男,山东省,是,11,是
537434638,鸿星尔克潮流高街春季新款,鸿星尔克,132,157,84,457,241,92,布面材质,混合鞋底,魔术贴鞋,潮流高街,春季新款,47,男,广东省,否,22,是
999641794,斯凯奇潮潮流高街四季通用,斯凯奇潮,99,132,75,3884,636,90,混合材质,TPR鞋底,套脚款式,潮流高街,四季通用,18,男,江苏省,是,19,是
197682191,其他品牌简约百搭夏季透气,其他品牌,99,187,53,2838,1238,95,飞织面料,橡胶大底,系带设计,简约百搭,夏季透气,49,女,浙江省,否,4,否
340878620,其他品牌潮流高街秋季百搭,其他品牌,204,408,50,0,50000,94,真皮柔软,EVA轻底,松紧带鞋,潮流高街,秋季百搭,44,女,山东省,否,10,否
596103477,其他品牌日常休闲春季新款,其他品牌,99,106,93,131,3124,93,飞织面料,MD发泡底,系带设计,日常休闲,春季新款,34,男,安徽省,是,20,是
641198031,李宁休闲简约百搭春季新款,李宁休闲,99,187,53,2379,2761,91,超纤皮鞋,PU中底,拉链鞋款,简约百搭,春季新款,50,男,江苏省,是,1,否
146872764,阿迪达斯户外机能夏季透气,阿迪达斯,304,349,87,3868,1572,96,合成革鞋,橡胶大底,套脚款式,户外机能,夏季透气,54,男,山东省,是,0,是
282922259,鸿星尔克运动休闲春季新款,鸿星尔克,99,139,71,32,682,93,布面材质,PU中底,拉链鞋款,运动休闲,春季新款,43,女,江苏省,是,14,否
254489938,其他品牌潮流高街秋季百搭,其他品牌,264,297,89,3118,1783,97,混合材质,橡胶大底,拉链鞋款,潮流高街,秋季百搭,54,女,江苏省,是,21,是
167683670,耐克潮流户外机能四季通用,耐克潮流,99,112,88,34,121,97,合成革鞋,PU中底,套脚款式,户外机能,四季通用,40,女,河南省,否,20,否
988238114,其他品牌潮流高街冬季保暖,其他品牌,115,134,86,775,3014,100,高端飞织,PU中底,松紧带鞋,潮流高街,冬季保暖,21,女,浙江省,否,9,否
130180377,阿迪达斯日常休闲秋季百搭,阿迪达斯,144,182,79,1437,702,87,飞织面料,混合鞋底,系带设计,日常休闲,秋季百搭,48,男,广东省,否,21,否
104406565,耐克潮流日常休闲春季新款,耐克潮流,144,225,64,8,220,97,混合材质,TPR鞋底,松紧带鞋,日常休闲,春季新款,49,女,湖北省,是,0,否
810439028,阿迪达斯复古潮鞋四季通用,阿迪达斯,404,561,72,4968,151,97,合成革鞋,MD发泡底,松紧带鞋,复古潮鞋,四季通用,50,女,山东省,否,1,是
801605685,阿迪达斯复古潮鞋四季通用,阿迪达斯,385,453,85,3838,3289,91,高端飞织,橡胶大底,松紧带鞋,复古潮鞋,四季通用,45,男,广东省,是,4,否
543234331,其他品牌潮流高街秋季百搭,其他品牌,141,227,62,4027,940,94,真皮柔软,EVA轻底,系带设计,潮流高街,秋季百搭,49,男,福建省,否,3,是
314857195,安踏运动潮流高街夏季透气,安踏运动,99,180,55,2082,784,97,网布透气,TPR鞋底,系带设计,潮流高街,夏季透气,42,男,浙江省,否,2,否
722668620,特步男鞋运动休闲四季通用,特步男鞋,99,105,94,1493,6154,93,布面材质,橡胶大底,松紧带鞋,运动休闲,四季通用,48,男,四川省,否,23,否
484792904,京东京造日常休闲四季通用,京东京造,247,266,93,1198,432,93,真皮柔软,混合鞋底,套脚款式,日常休闲,四季通用,51,女,江苏省,是,22,是
580778429,安踏运动复古潮鞋秋季百搭,安踏运动,136,200,68,1253,533,93,网布透气,TPR鞋底,套脚款式,复古潮鞋,秋季百搭,42,女,河北省,否,23,是
774297311,特步男鞋潮流高街冬季保暖,特步男鞋,99,110,90,43,508,90,超纤皮鞋,橡胶大底,套脚款式,潮流高街,冬季保暖,54,女,湖北省,是,20,是
956006072,阿迪达斯潮流高街四季通用,阿迪达斯,183,251,73,164,562,94,布面材质,PU中底,套脚款式,潮流高街,四季通用,49,女,江苏省,否,22,否
288298759,京东京造工装硬朗四季通用,京东京造,221,280,79,1290,121,98,布面材质,PU中底,魔术贴鞋,工装硬朗,四季通用,38,男,河北省,否,12,是
451480657,阿迪达斯复古潮鞋春季新款,阿迪达斯,144,215,67,4727,11220,97,混合材质,PU中底,魔术贴鞋,复古潮鞋,春季新款,55,女,广东省,是,9,否
137523210,斯凯奇潮户外机能秋季百搭,斯凯奇潮,104,108,96,10,4632,92,高端飞织,橡胶大底,魔术贴鞋,户外机能,秋季百搭,40,女,江苏省,是,9,否
783070815,京东京造简约百搭四季通用,京东京造,154,160,96,4485,1457,97,高端飞织,PU中底,套脚款式,简约百搭,四季通用,47,女,广东省,是,1,是
224003192,回力经典潮流高街秋季百搭,回力经典,351,351,100,550,634,96,飞织面料,混合鞋底,魔术贴鞋,潮流高街,秋季百搭,52,男,安徽省,否,21,否
420355533,阿迪达斯日常休闲夏季透气,阿迪达斯,117,141,83,63,1387,88,飞织面料,橡胶大底,拉链鞋款,日常休闲,夏季透气,43,女,湖北省,是,6,否
395713848,斯凯奇潮复古潮鞋冬季保暖,斯凯奇潮,99,187,53,3,2486,92,高端飞织,TPR鞋底,松紧带鞋,复古潮鞋,冬季保暖,40,男,浙江省,是,5,是
619433249,李宁休闲简约百搭夏季透气,李宁休闲,198,309,64,970,3866,97,布面材质,橡胶大底,系带设计,简约百搭,夏季透气,51,男,河南省,是,0,是
496092552,斯凯奇潮潮流高街冬季保暖,斯凯奇潮,119,155,77,1354,187,100,高端飞织,PU中底,系带设计,潮流高街,冬季保暖,40,女,山东省,否,22,否
702867179,耐克潮流复古潮鞋四季通用,耐克潮流,99,119,83,1423,1642,90,高端飞织,橡胶大底,系带设计,复古潮鞋,四季通用,45,女,浙江省,是,19,是
739704432,其他品牌复古潮鞋春季新款,其他品牌,99,103,96,4648,303,95,超纤皮鞋,PU中底,魔术贴鞋,复古潮鞋,春季新款,44,男,河南省,是,3,否
369270296,李宁休闲户外机能秋季百搭,李宁休闲,194,228,85,224,169,96,超纤皮鞋,EVA轻底,拉链鞋款,户外机能,秋季百搭,49,女,浙江省,是,14,是
336163907,其他品牌复古潮鞋秋季百搭,其他品牌,118,159,74,647,10403,92,真皮柔软,混合鞋底,松紧带鞋,复古潮鞋,秋季百搭,43,男,湖北省,否,6,否
828478935,鸿星尔克潮流高街春季新款,鸿星尔克,101,180,56,3883,1402,99,混合材质,EVA轻底,套脚款式,潮流高街,春季新款,54,女,河南省,否,6,否
496355540,其他品牌运动休闲春季新款,其他品牌,300,375,80,3431,2290,95,混合材质,PU中底,松紧带鞋,运动休闲,春季新款,52,男,湖北省,是,22,是
776895222,鸿星尔克简约百搭夏季透气,鸿星尔克,113,113,100,2942,1121,92,高端飞织,MD发泡底,魔术贴鞋,简约百搭,夏季透气,50,女,湖北省,否,7,否
220056070,耐克潮流复古潮鞋春季新款,耐克潮流,99,168,59,250,2878,96,高端飞织,PU中底,系带设计,复古潮鞋,春季新款,55,女,四川省,是,17,是
336403644,耐克潮流工装硬朗春季新款,耐克潮流,389,734,53,173,1813,95,飞织面料,PU中底,松紧带鞋,工装硬朗,春季新款,57,男,安徽省,是,22,否
447380123,阿迪达斯潮流高街秋季百搭,阿迪达斯,300,411,73,282,388,100,网布透气,EVA轻底,松紧带鞋,潮流高街,秋季百搭,55,男,广东省,否,20,否
949332142,特步男鞋潮流高街四季通用,特步男鞋,119,145,82,266,1601,94,合成革鞋,混合鞋底,系带设计,潮流高街,四季通用,49,男,浙江省,否,3,否
576351258,阿迪达斯运动休闲春季新款,阿迪达斯,99,138,72,4922,1065,94,布面材质,TPR鞋底,套脚款式,运动休闲,春季新款,57,女,浙江省,是,5,是
659255637,李宁休闲运动休闲夏季透气,李宁休闲,194,206,94,129,218,86,真皮柔软,橡胶大底,松紧带鞋,运动休闲,夏季透气,33,男,山东省,是,19,是
709608395,安踏运动复古潮鞋夏季透气,安踏运动,119,135,88,1068,367,100,超纤皮鞋,混合鞋底,魔术贴鞋,复古潮鞋,夏季透气,50,男,安徽省,否,20,是
987564736,斯凯奇潮工装硬朗四季通用,斯凯奇潮,99,162,61,32,201,93,合成革鞋,TPR鞋底,套脚款式,工装硬朗,四季通用,47,男,河南省,否,1,是
419994983,阿迪达斯户外机能春季新款,阿迪达斯,145,204,71,303,692,93,超纤皮鞋,TPR鞋底,拉链鞋款,户外机能,春季新款,45,男,福建省,否,5,是
108899861,鸿星尔克户外机能秋季百搭,鸿星尔克,144,155,93,765,9392,89,布面材质,橡胶大底,魔术贴鞋,户外机能,秋季百搭,48,女,浙江省,否,8,否
404502059,斯凯奇潮工装硬朗秋季百搭,斯凯奇潮,114,156,73,716,2112,93,超纤皮鞋,TPR鞋底,魔术贴鞋,工装硬朗,秋季百搭,43,男,安徽省,是,14,否
644595421,耐克潮流潮流高街夏季透气,耐克潮流,185,319,58,2710,1547,90,混合材质,橡胶大底,套脚款式,潮流高街,夏季透气,57,男,江苏省,是,14,是
529498851,斯凯奇潮简约百搭四季通用,斯凯奇潮,221,330,67,1197,171,95,飞织面料,混合鞋底,松紧带鞋,简约百搭,四季通用,46,女,广东省,是,16,是
714793456,斯凯奇潮日常休闲春季新款,斯凯奇潮,99,99,100,7,459,96,高端飞织,MD发泡底,系带设计,日常休闲,春季新款,49,女,安徽省,否,4,是
356894628,特步男鞋复古潮鞋冬季保暖,特步男鞋,357,425,84,611,673,94,合成革鞋,TPR鞋底,拉链鞋款,复古潮鞋,冬季保暖,31,女,江苏省,是,6,是
361919518,京东京造简约百搭冬季保暖,京东京造,134,186,72,668,601,96,布面材质,MD发泡底,系带设计,简约百搭,冬季保暖,43,男,广东省,否,14,否
623951519,阿迪达斯户外机能冬季保暖,阿迪达斯,99,132,75,746,2969,92,真皮柔软,MD发泡底,魔术贴鞋,户外机能,冬季保暖,46,男,湖北省,是,13,是
556799104,京东京造户外机能春季新款,京东京造,99,124,80,325,12069,98,高端飞织,EVA轻底,套脚款式,户外机能,春季新款,55,男,广东省,是,17,是
740260011,李宁休闲户外机能冬季保暖,李宁休闲,144,282,51,49,172,100,真皮柔软,PU中底,魔术贴鞋,户外机能,冬季保暖,31,男,河南省,是,23,是
267059244,安踏运动复古潮鞋秋季百搭,安踏运动,100,110,91,342,4059,98,合成革鞋,EVA轻底,拉链鞋款,复古潮鞋,秋季百搭,38,男,广东省,是,22,是
299403670,鸿星尔克复古潮鞋四季通用,鸿星尔克,153,215,71,657,8878,95,混合材质,MD发泡底,拉链鞋款,复古潮鞋,四季通用,40,男,河南省,否,21,是
196924498,其他品牌简约百搭秋季百搭,其他品牌,191,347,55,838,3353,95,网布透气,橡胶大底,套脚款式,简约百搭,秋季百搭,43,男,山东省,是,20,是
903613703,回力经典工装硬朗秋季百搭,回力经典,99,104,95,1348,530,93,飞织面料,混合鞋底,松紧带鞋,工装硬朗,秋季百搭,40,女,广东省,否,3,否
969033083,耐克潮流复古潮鞋四季通用,耐克潮流,99,138,72,815,1797,85,高端飞织,PU中底,套脚款式,复古潮鞋,四季通用,47,男,山东省,否,20,是
782978208,斯凯奇潮户外机能夏季透气,斯凯奇潮,177,300,59,773,1620,90,网布透气,橡胶大底,套脚款式,户外机能,夏季透气,47,女,浙江省,否,20,是
457026797,李宁休闲潮流高街春季新款,李宁休闲,126,229,55,20,1516,99,真皮柔软,MD发泡底,套脚款式,潮流高街,春季新款,35,女,湖北省,是,4,是
648479403,特步男鞋复古潮鞋秋季百搭,特步男鞋,99,136,73,5,1400,95,飞织面料,橡胶大底,魔术贴鞋,复古潮鞋,秋季百搭,62,男,河北省,是,20,否
760002996,耐克潮流日常休闲四季通用,耐克潮流,109,133,82,1467,190,93,高端飞织,橡胶大底,套脚款式,日常休闲,四季通用,43,女,河南省,否,22,是
598907757,鸿星尔克复古潮鞋夏季透气,鸿星尔克,151,191,79,138,8887,96,高端飞织,TPR鞋底,拉链鞋款,复古潮鞋,夏季透气,47,女,安徽省,是,20,否
944766564,李宁休闲工装硬朗冬季保暖,李宁休闲,213,263,81,1252,4611,96,高端飞织,EVA轻底,拉链鞋款,工装硬朗,冬季保暖,46,女,湖北省,否,22,是
482008034,回力经典户外机能四季通用,回力经典,124,153,81,25,393,95,高端飞织,混合鞋底,魔术贴鞋,户外机能,四季通用,58,男,广东省,否,23,是
987816999,耐克潮流日常休闲夏季透气,耐克潮流,248,382,65,96,189,95,真皮柔软,混合鞋底,套脚款式,日常休闲,夏季透气,62,女,浙江省,是,9,是
474676682,李宁休闲复古潮鞋夏季透气,李宁休闲,105,206,51,271,128,100,混合材质,TPR鞋底,系带设计,复古潮鞋,夏季透气,44,女,四川省,是,11,否
