comment_count,close_style,user_age,original_price,discount_rate,price,good_rate,sole_material,style,brand,is_plus,is_return,sales,cluster
638,拉链鞋款,59,254,95,241,97,TPR鞋底,复古潮鞋,李宁休闲,1,0,1000,1
253,套脚款式,57,379,52,197,100,EVA轻底,潮流高街,耐克潮流,1,0,25,1
706,系带设计,50,136,73,99,99,MD发泡底,潮流高街,耐克潮流,1,1,1341,2
648,松紧带鞋,49,152,84,128,95,EVA轻底,简约百搭,耐克潮流,0,1,968,2
4960,套脚款式,49,127,84,107,94,PU中底,复古潮鞋,阿迪达斯,1,1,3362,2
1645,魔术贴鞋,40,157,84,132,87,TPR鞋底,运动休闲,耐克潮流,0,0,3631,1
12282,系带设计,58,395,56,221,94,混合鞋底,户外机能,回力经典,1,0,1451,0
2764,套脚款式,52,128,81,104,93,MD发泡底,运动休闲,李宁休闲,0,0,458,1
787,系带设计,53,119,89,106,94,TPR鞋底,简约百搭,阿迪达斯,1,0,48,1
642,魔术贴鞋,54,174,57,99,92,橡胶大底,工装硬朗,其他品牌,1,0,972,1
2871,套脚款式,42,256,95,243,93,混合鞋底,复古潮鞋,其他品牌,0,0,1195,1
1821,松紧带鞋,49,198,50,99,97,EVA轻底,日常休闲,李宁休闲,1,0,575,1
1737,拉链鞋款,61,201,87,175,99,TPR鞋底,复古潮鞋,李宁休闲,1,1,841,2
4372,拉链鞋款,22,105,94,99,97,TPR鞋底,复古潮鞋,耐克潮流,0,0,780,1
3073,拉链鞋款,49,263,59,155,100,橡胶大底,简约百搭,阿迪达斯,0,0,1061,1
743,魔术贴鞋,46,130,76,99,99,橡胶大底,简约百搭,其他品牌,1,0,1208,1
1530,魔术贴鞋,57,279,62,173,93,橡胶大底,工装硬朗,李宁休闲,1,0,586,1
476,系带设计,40,184,64,118,90,混合鞋底,日常休闲,特步男鞋,0,0,620,1
793,系带设计,56,318,72,229,91,MD发泡底,日常休闲,阿迪达斯,1,0,28,1
606,套脚款式,45,99,100,99,93,PU中底,户外机能,其他品牌,1,1,692,2
396,魔术贴鞋,54,338,58,196,92,TPR鞋底,复古潮鞋,耐克潮流,0,1,1405,2
2476,套脚款式,47,130,81,105,92,TPR鞋底,简约百搭,回力经典,0,1,710,2
437,系带设计,46,115,86,99,91,PU中底,复古潮鞋,安踏运动,0,0,1265,1
1466,系带设计,47,102,97,99,92,混合鞋底,日常休闲,京东京造,1,0,23,1
2575,拉链鞋款,36,150,66,99,94,橡胶大底,简约百搭,京东京造,0,0,269,1
5085,魔术贴鞋,42,124,80,99,92,橡胶大底,简约百搭,阿迪达斯,0,1,934,2
1422,拉链鞋款,48,162,61,99,90,TPR鞋底,复古潮鞋,斯凯奇潮,1,1,312,2
6474,系带设计,53,217,83,180,99,混合鞋底,运动休闲,阿迪达斯,1,1,2135,2
532,套脚款式,39,690,52,359,90,TPR鞋底,简约百搭,鸿星尔克,1,1,97,3
2589,系带设计,57,324,74,240,100,EVA轻底,日常休闲,耐克潮流,0,1,40,2
113,系带设计,45,479,87,417,97,橡胶大底,运动休闲,阿迪达斯,1,1,38,3
489,拉链鞋款,51,361,74,267,97,PU中底,户外机能,阿迪达斯,1,0,1303,3
1311,系带设计,50,121,82,99,90,PU中底,简约百搭,回力经典,0,1,369,2
6059,拉链鞋款,44,123,83,102,93,混合鞋底,户外机能,安踏运动,0,1,906,2
737,松紧带鞋,22,100,99,99,92,PU中底,工装硬朗,鸿星尔克,1,1,6,2
11737,系带设计,52,343,74,254,98,EVA轻底,运动休闲,李宁休闲,0,0,1110,0
933,系带设计,46,128,96,123,94,TPR鞋底,简约百搭,特步男鞋,0,1,46,2
5866,系带设计,29,343,77,264,91,EVA轻底,简约百搭,阿迪达斯,0,1,2704,3
455,套脚款式,43,130,76,99,100,PU中底,户外机能,特步男鞋,1,1,26,2
199,套脚款式,50,106,93,99,97,PU中底,户外机能,李宁休闲,0,0,1393,1
313,魔术贴鞋,45,258,95,245,89,PU中底,工装硬朗,京东京造,0,0,259,1
2325,系带设计,50,221,52,115,95,TPR鞋底,日常休闲,京东京造,1,1,25,2
1866,松紧带鞋,54,397,86,341,92,橡胶大底,复古潮鞋,阿迪达斯,1,1,775,3
959,拉链鞋款,39,102,97,99,100,混合鞋底,复古潮鞋,其他品牌,1,1,8,2
1355,松紧带鞋,45,177,56,99,90,MD发泡底,日常休闲,李宁休闲,0,1,350,2
2312,松紧带鞋,48,148,67,99,97,MD发泡底,潮流高街,特步男鞋,1,0,2415,1
5063,拉链鞋款,44,255,53,135,96,TPR鞋底,日常休闲,李宁休闲,1,0,131,1
716,拉链鞋款,43,172,69,119,90,混合鞋底,运动休闲,安踏运动,0,1,32,2
1805,松紧带鞋,32,165,60,99,98,TPR鞋底,工装硬朗,鸿星尔克,0,0,1300,1
219,魔术贴鞋,49,185,98,181,95,MD发泡底,运动休闲,其他品牌,0,1,248,2
992,系带设计,50,116,85,99,90,TPR鞋底,潮流高街,特步男鞋,0,1,1376,2
2490,系带设计,44,141,87,123,97,橡胶大底,简约百搭,阿迪达斯,0,0,1175,1
1645,松紧带鞋,47,159,71,113,90,橡胶大底,户外机能,其他品牌,1,1,2358,2
604,套脚款式,50,115,86,99,91,EVA轻底,简约百搭,斯凯奇潮,0,1,373,2
564,拉链鞋款,39,299,99,296,94,橡胶大底,复古潮鞋,斯凯奇潮,1,1,965,3
699,魔术贴鞋,43,182,94,171,90,EVA轻底,运动休闲,安踏运动,0,1,3485,2
389,魔术贴鞋,38,116,100,116,89,EVA轻底,户外机能,耐克潮流,1,1,411,2
188,魔术贴鞋,49,245,60,147,97,EVA轻底,日常休闲,特步男鞋,0,1,2621,2
522,魔术贴鞋,54,146,68,99,92,EVA轻底,户外机能,耐克潮流,1,0,1411,1
1611,系带设计,34,121,87,105,92,EVA轻底,户外机能,阿迪达斯,0,1,3907,2
1806,套脚款式,54,255,82,209,91,橡胶大底,工装硬朗,斯凯奇潮,0,0,817,1
2117,拉链鞋款,56,124,80,99,100,混合鞋底,运动休闲,耐克潮流,0,0,4759,1
3938,拉链鞋款,44,124,80,99,98,混合鞋底,复古潮鞋,李宁休闲,0,1,1396,2
1705,魔术贴鞋,45,138,72,99,95,MD发泡底,工装硬朗,鸿星尔克,0,1,978,2
807,拉链鞋款,54,191,53,101,96,混合鞋底,户外机能,安踏运动,0,0,7,1
765,套脚款式,44,139,79,110,99,PU中底,日常休闲,回力经典,0,0,4937,1
1429,魔术贴鞋,38,592,72,426,96,EVA轻底,工装硬朗,回力经典,1,0,1087,3
690,魔术贴鞋,49,292,51,149,91,橡胶大底,潮流高街,其他品牌,0,1,943,2
1143,松紧带鞋,41,327,56,183,100,MD发泡底,运动休闲,京东京造,1,1,1256,2
162,套脚款式,58,180,55,99,91,EVA轻底,运动休闲,阿迪达斯,1,1,745,2
1489,魔术贴鞋,46,146,68,99,99,MD发泡底,潮流高街,其他品牌,1,1,174,2
210,拉链鞋款,45,176,98,172,92,混合鞋底,户外机能,李宁休闲,1,1,29,2
413,系带设计,44,223,73,163,94,TPR鞋底,工装硬朗,其他品牌,1,0,858,1
2838,系带设计,53,282,60,169,100,TPR鞋底,复古潮鞋,京东京造,0,0,15,1
2163,拉链鞋款,54,334,58,194,93,橡胶大底,工装硬朗,回力经典,0,1,64,2
1201,套脚款式,46,260,60,156,92,混合鞋底,潮流高街,李宁休闲,1,0,2816,1
356,系带设计,44,103,96,99,98,橡胶大底,日常休闲,耐克潮流,0,1,838,2
1618,套脚款式,61,101,98,99,92,混合鞋底,潮流高街,京东京造,1,0,19,1
971,套脚款式,47,129,77,99,92,EVA轻底,潮流高街,阿迪达斯,1,0,147,1
2925,套脚款式,57,155,64,99,97,TPR鞋底,简约百搭,李宁休闲,0,0,801,1
22600,魔术贴鞋,50,252,73,184,94,TPR鞋底,日常休闲,特步男鞋,0,0,46,0
2612,松紧带鞋,43,252,58,146,94,混合鞋底,运动休闲,斯凯奇潮,0,1,481,2
1904,松紧带鞋,19,111,90,100,91,混合鞋底,运动休闲,其他品牌,0,0,976,1
1877,松紧带鞋,49,163,63,103,96,MD发泡底,简约百搭,李宁休闲,0,1,4777,2
330,拉链鞋款,61,201,78,157,91,TPR鞋底,户外机能,京东京造,1,1,464,2
4172,魔术贴鞋,56,329,62,204,87,PU中底,运动休闲,特步男鞋,0,0,4040,1
636,系带设计,41,129,77,99,92,橡胶大底,户外机能,鸿星尔克,0,1,1199,2
406,系带设计,45,105,94,99,91,MD发泡底,工装硬朗,李宁休闲,1,1,4658,2
1605,套脚款式,58,489,53,259,92,混合鞋底,工装硬朗,耐克潮流,1,0,17,3
3090,系带设计,33,180,55,99,89,橡胶大底,户外机能,京东京造,0,1,588,2
563,松紧带鞋,44,114,87,99,90,混合鞋底,运动休闲,鸿星尔克,0,1,1038,2
445,松紧带鞋,42,388,52,202,98,橡胶大底,户外机能,其他品牌,1,0,4167,3
2792,拉链鞋款,41,162,61,99,93,PU中底,日常休闲,回力经典,1,0,13,1
3007,系带设计,52,204,77,157,94,PU中底,简约百搭,京东京造,0,0,590,1
167,松紧带鞋,29,259,85,220,94,PU中底,日常休闲,李宁休闲,0,0,506,1
459,拉链鞋款,52,170,74,126,91,PU中底,日常休闲,其他品牌,0,0,157,1
304,系带设计,41,340,100,340,94,混合鞋底,潮流高街,鸿星尔克,1,0,13,3
13435,魔术贴鞋,48,280,50,140,90,TPR鞋底,工装硬朗,鸿星尔克,1,0,449,0
9857,魔术贴鞋,43,171,58,99,91,橡胶大底,日常休闲,特步男鞋,1,1,837,2
199,魔术贴鞋,39,132,75,99,97,MD发泡底,日常休闲,李宁休闲,1,1,20,2
5815,松紧带鞋,47,125,79,99,95,TPR鞋底,潮流高街,安踏运动,0,1,275,2
1109,拉链鞋款,44,387,75,290,99,EVA轻底,运动休闲,回力经典,1,0,1051,3
2137,系带设计,44,180,55,99,86,PU中底,日常休闲,京东京造,1,1,48,2
128,魔术贴鞋,55,188,67,126,100,TPR鞋底,运动休闲,耐克潮流,1,0,1388,1
1159,魔术贴鞋,46,121,82,99,96,TPR鞋底,简约百搭,回力经典,0,1,4,2
2210,松紧带鞋,57,150,66,99,99,EVA轻底,户外机能,耐克潮流,0,1,1213,2
1735,系带设计,55,150,66,99,96,MD发泡底,简约百搭,斯凯奇潮,0,1,1251,2
55,套脚款式,24,183,54,99,95,混合鞋底,简约百搭,特步男鞋,0,0,18,1
748,拉链鞋款,42,190,59,112,90,橡胶大底,复古潮鞋,特步男鞋,1,0,628,1
494,拉链鞋款,43,168,59,99,91,MD发泡底,简约百搭,鸿星尔克,0,0,466,1
938,松紧带鞋,49,132,75,99,92,混合鞋底,工装硬朗,耐克潮流,1,0,27,1
897,套脚款式,39,150,92,138,90,混合鞋底,复古潮鞋,特步男鞋,0,1,38,2
1270,松紧带鞋,45,198,82,162,96,橡胶大底,运动休闲,斯凯奇潮,0,1,2588,2
184,拉链鞋款,65,182,68,124,94,MD发泡底,复古潮鞋,其他品牌,0,0,2332,1
1258,套脚款式,51,109,97,106,94,MD发泡底,日常休闲,特步男鞋,1,1,1403,2
1316,套脚款式,40,210,69,145,85,混合鞋底,工装硬朗,耐克潮流,1,1,2473,2
15661,拉链鞋款,49,343,51,175,92,橡胶大底,潮流高街,安踏运动,1,0,1496,0
354,拉链鞋款,46,106,93,99,96,混合鞋底,复古潮鞋,耐克潮流,0,1,2934,2
2371,松紧带鞋,54,292,52,152,99,MD发泡底,潮流高街,李宁休闲,0,1,265,2
3405,系带设计,62,157,63,99,85,混合鞋底,潮流高街,特步男鞋,0,0,4083,1
502,拉链鞋款,48,184,82,151,99,MD发泡底,工装硬朗,回力经典,0,0,3549,1
292,拉链鞋款,32,170,90,153,91,橡胶大底,简约百搭,安踏运动,0,1,317,2
4367,松紧带鞋,53,212,56,119,94,混合鞋底,简约百搭,鸿星尔克,1,0,264,1
10649,套脚款式,59,170,64,109,90,MD发泡底,简约百搭,其他品牌,1,0,1310,0
259,松紧带鞋,44,124,80,99,93,EVA轻底,复古潮鞋,阿迪达斯,1,1,4470,2
1923,系带设计,61,194,51,99,98,MD发泡底,工装硬朗,阿迪达斯,0,0,39,1
1220,魔术贴鞋,47,177,69,122,94,EVA轻底,运动休闲,特步男鞋,0,0,1200,1
2739,系带设计,45,171,58,99,97,MD发泡底,复古潮鞋,耐克潮流,0,1,241,2
3051,系带设计,45,234,96,225,98,MD发泡底,复古潮鞋,鸿星尔克,0,1,1311,2
2816,魔术贴鞋,42,102,97,99,98,TPR鞋底,日常休闲,回力经典,1,0,13,1
4679,套脚款式,63,134,74,99,92,混合鞋底,工装硬朗,安踏运动,0,0,6,1
202,拉链鞋款,39,334,58,194,96,混合鞋底,简约百搭,李宁休闲,1,0,935,1
5086,套脚款式,53,155,87,135,96,PU中底,工装硬朗,斯凯奇潮,1,1,26,2
1930,套脚款式,47,168,71,119,92,橡胶大底,日常休闲,回力经典,1,1,1274,2
104,拉链鞋款,42,198,55,109,92,MD发泡底,简约百搭,回力经典,1,1,32,2
198,套脚款式,53,291,53,154,96,MD发泡底,复古潮鞋,耐克潮流,0,0,56,1
731,系带设计,38,114,87,99,90,MD发泡底,简约百搭,安踏运动,1,0,1128,1
300,套脚款式,45,443,79,350,89,橡胶大底,工装硬朗,鸿星尔克,0,0,4927,3
1237,拉链鞋款,51,169,62,105,91,EVA轻底,运动休闲,回力经典,1,0,1091,1
137,拉链鞋款,54,114,87,99,97,MD发泡底,复古潮鞋,京东京造,0,1,41,2
1081,系带设计,44,211,54,114,99,PU中底,潮流高街,阿迪达斯,1,0,445,1
1502,魔术贴鞋,56,289,54,156,91,EVA轻底,户外机能,安踏运动,1,0,585,1
7308,拉链鞋款,37,171,58,99,91,EVA轻底,简约百搭,特步男鞋,1,0,3791,1
5804,系带设计,22,286,79,226,95,橡胶大底,运动休闲,安踏运动,1,0,1073,1
4715,套脚款式,44,613,61,374,93,混合鞋底,简约百搭,其他品牌,1,1,1024,3
137,拉链鞋款,42,146,68,99,90,混合鞋底,潮流高街,耐克潮流,1,1,2993,2
929,系带设计,44,272,64,174,99,MD发泡底,工装硬朗,耐克潮流,0,0,170,1
1818,松紧带鞋,55,116,88,102,92,TPR鞋底,户外机能,回力经典,1,0,834,1
2424,魔术贴鞋,46,180,66,119,95,TPR鞋底,简约百搭,特步男鞋,1,1,1065,2
1543,套脚款式,52,152,65,99,95,混合鞋底,潮流高街,李宁休闲,0,0,278,1
804,魔术贴鞋,48,166,87,144,97,MD发泡底,户外机能,耐克潮流,1,0,24,1
600,魔术贴鞋,53,155,89,138,94,橡胶大底,简约百搭,斯凯奇潮,0,0,928,1
787,套脚款式,59,175,57,100,98,橡胶大底,工装硬朗,斯凯奇潮,1,0,2510,1
1119,魔术贴鞋,50,245,74,181,99,PU中底,日常休闲,特步男鞋,0,0,29,1
2385,松紧带鞋,36,432,66,285,100,TPR鞋底,简约百搭,耐克潮流,0,1,169,3
3666,松紧带鞋,51,274,73,200,97,TPR鞋底,户外机能,其他品牌,0,1,575,2
2961,拉链鞋款,58,430,60,258,96,混合鞋底,复古潮鞋,李宁休闲,1,1,486,3
4491,魔术贴鞋,45,174,57,99,90,混合鞋底,复古潮鞋,李宁休闲,0,0,1246,1
2881,套脚款式,54,220,76,167,90,PU中底,运动休闲,耐克潮流,0,0,998,1
2594,拉链鞋款,63,151,77,116,92,PU中底,工装硬朗,回力经典,0,1,4510,2
1352,系带设计,59,138,93,128,87,混合鞋底,运动休闲,安踏运动,1,0,1376,1
190,拉链鞋款,52,237,63,149,90,MD发泡底,日常休闲,回力经典,0,1,688,2
97,拉链鞋款,50,667,58,387,91,TPR鞋底,日常休闲,耐克潮流,1,0,1087,3
279,松紧带鞋,42,165,86,142,97,橡胶大底,潮流高街,耐克潮流,1,1,1113,2
3934,拉链鞋款,39,99,100,99,86,PU中底,简约百搭,安踏运动,0,1,4615,2
4698,系带设计,46,112,88,99,92,TPR鞋底,简约百搭,京东京造,1,0,1018,1
3466,魔术贴鞋,52,139,71,99,97,混合鞋底,简约百搭,回力经典,0,0,466,1
1497,拉链鞋款,55,156,68,106,96,混合鞋底,复古潮鞋,京东京造,1,0,1099,1
1576,套脚款式,25,341,59,201,93,混合鞋底,户外机能,特步男鞋,1,1,1,2
248,魔术贴鞋,57,157,63,99,93,橡胶大底,复古潮鞋,安踏运动,0,0,1411,1
1108,系带设计,43,255,58,148,97,TPR鞋底,工装硬朗,其他品牌,0,0,2702,1
268,松紧带鞋,31,138,72,99,99,PU中底,工装硬朗,特步男鞋,0,0,947,1
1575,系带设计,46,403,74,298,96,MD发泡底,复古潮鞋,耐克潮流,0,0,445,3
2345,松紧带鞋,47,168,59,99,98,橡胶大底,潮流高街,回力经典,1,1,42,2
142,松紧带鞋,57,156,90,140,96,TPR鞋底,户外机能,其他品牌,1,1,4868,2
5409,拉链鞋款,58,311,82,255,94,混合鞋底,潮流高街,斯凯奇潮,1,0,951,1
296,套脚款式,49,276,70,193,85,混合鞋底,日常休闲,京东京造,1,0,15,1
1664,拉链鞋款,51,246,98,241,92,PU中底,工装硬朗,其他品牌,0,0,1187,1
652,系带设计,44,453,62,281,100,MD发泡底,运动休闲,阿迪达斯,1,1,463,3
984,魔术贴鞋,51,109,91,99,92,EVA轻底,日常休闲,安踏运动,0,1,11,2
3568,魔术贴鞋,50,162,64,104,99,PU中底,日常休闲,斯凯奇潮,1,1,657,2
443,魔术贴鞋,33,205,95,195,94,橡胶大底,潮流高街,特步男鞋,1,0,20,1
4089,松紧带鞋,49,136,73,99,99,EVA轻底,潮流高街,特步男鞋,0,1,264,2
1575,系带设计,36,99,100,99,94,混合鞋底,工装硬朗,斯凯奇潮,1,1,1374,2
1013,松紧带鞋,35,141,70,99,98,EVA轻底,户外机能,斯凯奇潮,0,0,3068,1
734,系带设计,43,108,92,99,91,EVA轻底,户外机能,阿迪达斯,1,0,1093,1
2634,拉链鞋款,56,108,96,104,91,EVA轻底,运动休闲,耐克潮流,1,1,1100,2
655,拉链鞋款,57,183,71,130,91,EVA轻底,简约百搭,回力经典,1,1,267,2
219,套脚款式,43,140,82,115,92,MD发泡底,简约百搭,斯凯奇潮,1,1,107,2
827,系带设计,39,123,87,107,95,EVA轻底,户外机能,鸿星尔克,1,0,7,1
703,拉链鞋款,46,194,69,134,96,EVA轻底,运动休闲,其他品牌,0,0,621,1
5149,套脚款式,39,127,78,99,100,MD发泡底,简约百搭,回力经典,1,0,703,1
86,套脚款式,54,160,62,99,96,混合鞋底,工装硬朗,耐克潮流,0,0,2,1
1296,魔术贴鞋,40,269,68,183,92,PU中底,运动休闲,京东京造,1,0,1398,1
758,松紧带鞋,50,100,99,99,90,混合鞋底,简约百搭,李宁休闲,1,0,501,1
646,拉链鞋款,53,125,81,101,89,EVA轻底,运动休闲,特步男鞋,0,1,456,2
1295,系带设计,45,287,100,287,91,混合鞋底,简约百搭,其他品牌,0,1,283,2
1782,拉链鞋款,53,262,55,144,89,混合鞋底,工装硬朗,其他品牌,1,1,8,2
2176,系带设计,55,155,64,99,93,PU中底,工装硬朗,李宁休闲,1,0,466,1
221,系带设计,38,604,54,326,91,橡胶大底,日常休闲,特步男鞋,1,1,16,3
688,系带设计,50,130,76,99,95,TPR鞋底,运动休闲,京东京造,1,1,7,2
1007,拉链鞋款,50,192,74,142,90,混合鞋底,运动休闲,特步男鞋,1,0,0,1
532,拉链鞋款,45,412,74,305,91,EVA轻底,简约百搭,安踏运动,0,1,0,3
1322,松紧带鞋,54,348,63,219,90,橡胶大底,户外机能,李宁休闲,0,0,1379,1
1331,松紧带鞋,48,229,85,195,90,TPR鞋底,工装硬朗,特步男鞋,1,1,878,2
968,魔术贴鞋,57,194,51,99,88,MD发泡底,工装硬朗,耐克潮流,1,1,1172,2
766,魔术贴鞋,49,228,69,157,97,橡胶大底,运动休闲,耐克潮流,1,1,31,2
401,松紧带鞋,49,540,60,324,93,混合鞋底,简约百搭,其他品牌,0,0,948,3
545,松紧带鞋,38,132,75,99,92,混合鞋底,潮流高街,回力经典,0,1,586,2
3120,拉链鞋款,50,132,75,99,92,橡胶大底,工装硬朗,斯凯奇潮,1,0,261,1
178,系带设计,40,138,72,99,93,TPR鞋底,潮流高街,阿迪达斯,1,1,1476,2
781,套脚款式,49,258,55,142,93,PU中底,运动休闲,安踏运动,0,1,1100,2
2124,拉链鞋款,33,214,72,154,99,橡胶大底,潮流高街,阿迪达斯,0,1,4629,2
820,系带设计,53,177,56,99,99,混合鞋底,工装硬朗,阿迪达斯,1,0,3179,1
674,系带设计,56,100,99,99,97,橡胶大底,日常休闲,阿迪达斯,0,1,975,2
1203,魔术贴鞋,50,99,100,99,94,EVA轻底,简约百搭,李宁休闲,0,1,1082,2
627,系带设计,39,190,52,99,91,EVA轻底,日常休闲,京东京造,1,1,793,2
1305,拉链鞋款,54,143,76,109,97,橡胶大底,工装硬朗,回力经典,1,1,2787,2
1380,拉链鞋款,52,132,75,99,90,混合鞋底,复古潮鞋,鸿星尔克,1,0,4871,1
98,套脚款式,42,213,86,183,94,EVA轻底,简约百搭,耐克潮流,1,0,50,1
601,松紧带鞋,42,186,85,158,96,TPR鞋底,运动休闲,耐克潮流,0,0,1180,1
1563,套脚款式,42,437,97,424,88,混合鞋底,日常休闲,特步男鞋,0,0,3922,3
9207,套脚款式,54,124,80,99,91,PU中底,复古潮鞋,京东京造,1,0,730,1
1556,套脚款式,45,375,64,240,97,MD发泡底,工装硬朗,斯凯奇潮,1,0,3362,3
4369,系带设计,40,213,62,132,98,TPR鞋底,日常休闲,安踏运动,1,1,1009,2
2147,系带设计,53,99,100,99,96,TPR鞋底,潮流高街,阿迪达斯,0,0,2,1
5291,魔术贴鞋,49,896,52,466,94,EVA轻底,日常休闲,特步男鞋,0,1,223,3
191,套脚款式,33,155,69,107,95,混合鞋底,运动休闲,回力经典,1,0,1484,1
1428,松紧带鞋,52,270,83,224,96,橡胶大底,日常休闲,斯凯奇潮,0,0,33,1
510,魔术贴鞋,60,136,73,99,91,TPR鞋底,日常休闲,阿迪达斯,1,1,4,2
3658,拉链鞋款,49,146,84,123,95,混合鞋底,户外机能,鸿星尔克,1,1,357,2
44,松紧带鞋,43,121,82,99,90,TPR鞋底,日常休闲,特步男鞋,0,1,167,2
497,松紧带鞋,44,134,74,99,94,PU中底,运动休闲,鸿星尔克,0,1,2892,2
1867,系带设计,43,249,61,152,100,EVA轻底,户外机能,李宁休闲,0,0,1211,1
409,套脚款式,44,108,92,99,91,PU中底,运动休闲,鸿星尔克,0,1,3698,2
1838,魔术贴鞋,39,186,88,164,93,EVA轻底,复古潮鞋,京东京造,0,1,4128,2
193,拉链鞋款,38,179,77,138,91,TPR鞋底,简约百搭,阿迪达斯,0,1,902,2
2193,系带设计,46,108,92,99,94,TPR鞋底,简约百搭,其他品牌,1,0,636,1
3158,系带设计,55,177,56,99,95,PU中底,潮流高街,特步男鞋,1,0,3048,1
766,套脚款式,52,213,69,147,95,橡胶大底,简约百搭,回力经典,0,1,3889,2
691,套脚款式,38,127,78,99,94,MD发泡底,简约百搭,耐克潮流,1,1,338,2
19153,拉链鞋款,42,132,75,99,94,MD发泡底,潮流高街,斯凯奇潮,1,0,1019,0
760,系带设计,37,138,72,99,98,混合鞋底,日常休闲,李宁休闲,1,1,2050,2
295,系带设计,38,246,87,214,90,MD发泡底,简约百搭,安踏运动,1,0,4734,1
4256,系带设计,46,203,73,148,85,混合鞋底,简约百搭,阿迪达斯,1,0,39,1
158,魔术贴鞋,43,188,85,160,96,混合鞋底,户外机能,京东京造,0,1,1112,2
201,松紧带鞋,55,152,65,99,95,橡胶大底,户外机能,京东京造,1,0,1292,1
707,松紧带鞋,50,159,64,102,97,TPR鞋底,户外机能,安踏运动,0,0,25,1
10531,系带设计,50,125,79,99,100,PU中底,日常休闲,鸿星尔克,1,0,1437,0
735,系带设计,45,146,72,105,95,PU中底,日常休闲,京东京造,1,1,10,2
380,拉链鞋款,35,134,89,119,96,混合鞋底,工装硬朗,阿迪达斯,0,0,1136,1
2169,套脚款式,58,312,77,240,93,PU中底,复古潮鞋,特步男鞋,1,0,478,1
554,魔术贴鞋,51,321,66,212,93,TPR鞋底,户外机能,耐克潮流,1,1,18,2
1454,拉链鞋款,45,108,92,99,93,PU中底,工装硬朗,京东京造,0,0,525,1
25423,系带设计,52,217,96,208,100,EVA轻底,运动休闲,安踏运动,1,0,1115,0
170,系带设计,53,149,82,122,93,PU中底,户外机能,阿迪达斯,0,1,816,2
3239,拉链鞋款,33,190,80,152,93,MD发泡底,运动休闲,京东京造,0,1,42,2
795,系带设计,45,172,67,115,94,TPR鞋底,简约百搭,鸿星尔克,0,1,988,2
1151,魔术贴鞋,40,310,50,155,91,PU中底,复古潮鞋,京东京造,1,0,1138,1
851,系带设计,40,261,54,141,91,混合鞋底,潮流高街,安踏运动,0,1,8,2
968,魔术贴鞋,58,874,50,437,97,TPR鞋底,工装硬朗,阿迪达斯,1,1,45,3
485,套脚款式,45,180,55,99,94,PU中底,工装硬朗,京东京造,1,0,469,1
1568,拉链鞋款,53,367,57,209,92,PU中底,运动休闲,耐克潮流,0,0,548,1
971,魔术贴鞋,49,168,59,99,88,EVA轻底,复古潮鞋,阿迪达斯,0,1,133,2
1646,拉链鞋款,47,164,91,149,93,TPR鞋底,潮流高街,李宁休闲,0,0,6,1
2003,套脚款式,44,334,94,314,98,MD发泡底,户外机能,李宁休闲,1,1,11,3
3088,松紧带鞋,58,258,69,178,87,PU中底,运动休闲,斯凯奇潮,0,0,3189,1
3509,套脚款式,45,116,85,99,92,PU中底,户外机能,阿迪达斯,0,1,29,2
10315,套脚款式,50,181,77,139,91,TPR鞋底,户外机能,鸿星尔克,1,1,1,0
608,套脚款式,56,109,91,99,85,MD发泡底,简约百搭,阿迪达斯,0,1,1416,2
7804,拉链鞋款,39,307,55,169,97,橡胶大底,潮流高街,李宁休闲,1,1,98,2
1422,系带设计,59,464,59,274,99,EVA轻底,简约百搭,阿迪达斯,1,0,950,3
879,套脚款式,39,144,88,127,87,PU中底,潮流高街,鸿星尔克,0,0,4265,1
393,系带设计,53,180,55,99,92,EVA轻底,复古潮鞋,阿迪达斯,1,0,16,1
1125,系带设计,51,312,58,181,91,混合鞋底,潮流高街,其他品牌,0,0,1377,1
645,松紧带鞋,55,104,95,99,94,PU中底,日常休闲,耐克潮流,1,0,1089,1
1041,系带设计,18,162,61,99,93,EVA轻底,复古潮鞋,耐克潮流,1,0,946,1
270,松紧带鞋,54,146,68,99,97,MD发泡底,户外机能,耐克潮流,0,1,767,2
697,松紧带鞋,52,545,84,458,97,PU中底,工装硬朗,耐克潮流,1,0,663,3
1178,套脚款式,47,215,65,140,94,MD发泡底,工装硬朗,鸿星尔克,1,0,856,1
3828,套脚款式,51,203,58,118,93,PU中底,工装硬朗,特步男鞋,1,1,8,2
1885,拉链鞋款,48,141,80,113,99,橡胶大底,日常休闲,耐克潮流,1,0,1198,1
7224,套脚款式,55,134,74,99,96,TPR鞋底,潮流高街,耐克潮流,1,0,265,1
921,套脚款式,50,300,67,201,95,PU中底,运动休闲,阿迪达斯,0,0,23,1
2191,拉链鞋款,52,138,100,138,98,橡胶大底,日常休闲,安踏运动,1,0,739,1
1227,拉链鞋款,49,143,84,120,87,橡胶大底,户外机能,斯凯奇潮,1,0,26,1
945,套脚款式,53,301,90,271,90,橡胶大底,运动休闲,鸿星尔克,0,0,106,1
7341,魔术贴鞋,34,194,71,138,92,混合鞋底,潮流高街,李宁休闲,1,0,497,1
3306,松紧带鞋,50,167,97,162,97,EVA轻底,复古潮鞋,李宁休闲,0,0,41,1
705,系带设计,45,99,100,99,94,TPR鞋底,日常休闲,回力经典,0,0,1039,1
264,松紧带鞋,63,220,75,165,96,混合鞋底,潮流高街,其他品牌,0,0,902,1
257,魔术贴鞋,51,100,99,99,91,EVA轻底,潮流高街,李宁休闲,0,0,968,1
2654,套脚款式,34,251,96,241,91,橡胶大底,运动休闲,斯凯奇潮,0,1,594,2
1344,魔术贴鞋,48,111,92,102,91,混合鞋底,工装硬朗,耐克潮流,0,0,3683,1
274,系带设计,43,135,84,113,100,混合鞋底,复古潮鞋,阿迪达斯,0,0,863,1
1607,套脚款式,35,166,70,116,90,EVA轻底,复古潮鞋,阿迪达斯,0,1,343,2
2644,系带设计,30,104,95,99,97,TPR鞋底,复古潮鞋,安踏运动,0,0,613,1
2857,松紧带鞋,44,123,86,106,90,橡胶大底,复古潮鞋,京东京造,0,0,9,1
1159,套脚款式,47,213,99,211,93,混合鞋底,工装硬朗,特步男鞋,0,0,1428,1
2948,拉链鞋款,19,185,72,133,90,MD发泡底,日常休闲,斯凯奇潮,0,0,1309,1
2225,套脚款式,52,125,79,99,97,橡胶大底,工装硬朗,耐克潮流,1,0,4185,1
2140,魔术贴鞋,40,171,58,99,96,MD发泡底,户外机能,京东京造,1,0,873,1
613,系带设计,54,291,78,227,100,TPR鞋底,日常休闲,耐克潮流,1,1,27,2
3850,魔术贴鞋,48,378,50,189,95,PU中底,户外机能,鸿星尔克,1,0,609,1
1839,松紧带鞋,43,170,67,114,94,EVA轻底,工装硬朗,斯凯奇潮,0,0,758,1
2042,系带设计,46,241,66,159,93,橡胶大底,潮流高街,京东京造,1,1,643,2
2403,魔术贴鞋,48,225,95,214,92,TPR鞋底,复古潮鞋,回力经典,1,1,327,2
192,系带设计,18,264,72,190,90,TPR鞋底,复古潮鞋,阿迪达斯,1,1,423,2
1629,松紧带鞋,44,156,66,103,92,EVA轻底,工装硬朗,鸿星尔克,0,1,4994,2
7723,套脚款式,46,244,79,193,97,TPR鞋底,复古潮鞋,回力经典,1,1,1436,2
9233,系带设计,38,171,82,140,92,MD发泡底,运动休闲,李宁休闲,0,1,2175,2
1252,系带设计,40,148,77,114,98,混合鞋底,复古潮鞋,特步男鞋,1,0,181,1
4392,松紧带鞋,44,141,70,99,95,PU中底,简约百搭,特步男鞋,1,1,17,2
4640,系带设计,42,389,70,272,95,混合鞋底,简约百搭,耐克潮流,1,1,296,3
1783,系带设计,47,367,60,220,97,混合鞋底,工装硬朗,特步男鞋,1,0,3080,3
5483,魔术贴鞋,38,121,82,99,85,TPR鞋底,复古潮鞋,京东京造,1,0,695,1
1586,系带设计,52,171,58,99,93,TPR鞋底,复古潮鞋,京东京造,1,0,2077,1
1243,松紧带鞋,45,105,98,103,93,TPR鞋底,运动休闲,斯凯奇潮,0,0,1194,1
366,魔术贴鞋,47,290,82,238,90,EVA轻底,复古潮鞋,耐克潮流,0,1,1062,2
1380,松紧带鞋,57,546,69,377,97,橡胶大底,运动休闲,耐克潮流,0,1,295,3
2540,松紧带鞋,54,171,89,152,92,TPR鞋底,潮流高街,回力经典,0,0,3838,1
187,松紧带鞋,49,156,79,123,93,EVA轻底,潮流高街,京东京造,1,1,332,2
860,系带设计,36,306,53,162,92,混合鞋底,潮流高街,李宁休闲,1,1,779,2
2219,魔术贴鞋,39,134,89,119,92,PU中底,运动休闲,特步男鞋,0,0,26,1
2700,松紧带鞋,39,227,75,170,93,混合鞋底,简约百搭,其他品牌,1,1,306,2
1178,松紧带鞋,52,822,85,699,95,TPR鞋底,户外机能,回力经典,1,1,713,3
5864,系带设计,46,102,97,99,95,PU中底,日常休闲,阿迪达斯,1,0,4451,1
4319,系带设计,60,101,98,99,90,EVA轻底,潮流高街,安踏运动,1,1,760,2
1055,系带设计,54,176,84,148,94,TPR鞋底,户外机能,耐克潮流,0,1,10,2
2443,松紧带鞋,57,161,88,142,97,EVA轻底,户外机能,京东京造,0,1,482,2
1831,魔术贴鞋,44,196,51,100,88,橡胶大底,简约百搭,斯凯奇潮,0,0,1057,1
3075,系带设计,38,391,54,211,91,MD发泡底,户外机能,京东京造,0,1,753,3
3361,系带设计,48,296,94,278,99,TPR鞋底,工装硬朗,其他品牌,0,1,201,2
4224,魔术贴鞋,38,536,53,284,97,混合鞋底,户外机能,阿迪达斯,0,1,1458,3
951,松紧带鞋,51,288,69,199,94,EVA轻底,潮流高街,斯凯奇潮,1,1,1450,2
119,套脚款式,38,332,50,166,99,混合鞋底,工装硬朗,阿迪达斯,0,0,465,1
496,拉链鞋款,57,142,71,101,99,混合鞋底,工装硬朗,安踏运动,0,0,4193,1
1703,魔术贴鞋,37,171,58,99,88,TPR鞋底,复古潮鞋,李宁休闲,0,1,959,2
471,套脚款式,42,322,55,177,96,EVA轻底,日常休闲,阿迪达斯,0,0,0,1
757,系带设计,50,171,58,99,91,TPR鞋底,日常休闲,李宁休闲,1,1,39,2
4294,魔术贴鞋,50,149,85,127,97,橡胶大底,简约百搭,回力经典,1,0,43,1
1253,套脚款式,58,102,97,99,87,PU中底,简约百搭,特步男鞋,1,0,766,1
329,系带设计,50,105,94,99,97,EVA轻底,户外机能,耐克潮流,0,1,2382,2
354,系带设计,46,291,56,163,87,TPR鞋底,简约百搭,鸿星尔克,0,1,277,2
8122,套脚款式,41,234,86,201,93,EVA轻底,潮流高街,阿迪达斯,0,0,4255,1
657,松紧带鞋,43,101,98,99,97,混合鞋底,日常休闲,特步男鞋,1,0,1207,1
230,系带设计,53,303,87,264,96,混合鞋底,户外机能,特步男鞋,0,1,608,2
576,拉链鞋款,47,476,76,362,89,混合鞋底,简约百搭,阿迪达斯,0,0,2479,3
845,套脚款式,32,308,75,231,91,EVA轻底,运动休闲,阿迪达斯,0,1,1235,2
894,系带设计,45,194,51,99,93,橡胶大底,潮流高街,安踏运动,1,0,1360,1
1286,系带设计,44,126,90,113,96,橡胶大底,复古潮鞋,特步男鞋,1,0,1391,1
1312,拉链鞋款,45,127,78,99,95,PU中底,工装硬朗,其他品牌,0,1,1027,2
1133,松紧带鞋,53,224,71,159,93,TPR鞋底,潮流高街,鸿星尔克,1,1,98,2
1127,松紧带鞋,52,387,68,263,97,MD发泡底,潮流高街,京东京造,1,1,2899,3
779,拉链鞋款,46,124,80,99,92,混合鞋底,日常休闲,安踏运动,1,0,47,1
3208,松紧带鞋,43,147,92,135,92,TPR鞋底,复古潮鞋,李宁休闲,0,0,433,1
5979,松紧带鞋,47,201,96,193,96,PU中底,运动休闲,安踏运动,0,1,1330,2
2047,拉链鞋款,57,160,62,99,98,TPR鞋底,日常休闲,安踏运动,1,1,445,2
7826,魔术贴鞋,53,285,68,194,85,TPR鞋底,复古潮鞋,鸿星尔克,1,1,36,2
692,套脚款式,45,180,61,110,91,MD发泡底,日常休闲,特步男鞋,0,1,419,2
3025,套脚款式,54,134,74,99,99,混合鞋底,简约百搭,耐克潮流,0,0,623,1
6094,松紧带鞋,31,105,94,99,91,混合鞋底,户外机能,李宁休闲,1,1,1149,2
1403,松紧带鞋,42,165,60,99,96,PU中底,潮流高街,李宁休闲,1,1,1326,2
6424,套脚款式,59,266,67,178,96,混合鞋底,日常休闲,安踏运动,0,1,1052,2
785,拉链鞋款,41,123,84,103,93,TPR鞋底,复古潮鞋,李宁休闲,0,1,1388,2
589,系带设计,50,297,78,232,95,橡胶大底,工装硬朗,阿迪达斯,1,1,937,2
4382,系带设计,35,232,85,197,94,PU中底,简约百搭,特步男鞋,0,0,68,1
2597,松紧带鞋,50,198,50,99,94,TPR鞋底,简约百搭,京东京造,0,1,1351,2
987,魔术贴鞋,41,204,76,155,94,TPR鞋底,复古潮鞋,斯凯奇潮,1,1,352,2
650,魔术贴鞋,47,183,54,99,96,混合鞋底,简约百搭,耐克潮流,1,0,279,1
11075,套脚款式,53,168,59,99,94,EVA轻底,简约百搭,特步男鞋,0,1,174,0
490,松紧带鞋,48,186,59,110,93,MD发泡底,运动休闲,回力经典,1,1,1404,2
8218,魔术贴鞋,47,121,97,117,89,橡胶大底,潮流高街,其他品牌,0,1,161,2
1007,拉链鞋款,57,190,52,99,92,混合鞋底,潮流高街,鸿星尔克,1,0,50,1
3713,松紧带鞋,65,111,89,99,99,EVA轻底,复古潮鞋,特步男鞋,1,1,3022,2
3671,松紧带鞋,51,228,65,148,94,MD发泡底,潮流高街,京东京造,0,0,2724,1
780,松紧带鞋,61,414,63,261,95,TPR鞋底,潮流高街,京东京造,1,0,25,3
1278,松紧带鞋,62,262,68,178,93,混合鞋底,简约百搭,回力经典,1,0,387,1
209,系带设计,47,175,83,145,100,橡胶大底,户外机能,鸿星尔克,1,0,34,1
2606,系带设计,60,174,89,155,100,混合鞋底,工装硬朗,其他品牌,0,0,1156,1
486,魔术贴鞋,43,174,57,99,95,MD发泡底,运动休闲,安踏运动,1,0,1045,1
167,系带设计,56,429,51,219,91,EVA轻底,日常休闲,耐克潮流,0,1,36,3
1501,魔术贴鞋,56,176,89,157,90,PU中底,简约百搭,鸿星尔克,0,1,248,2
11229,套脚款式,40,343,67,230,91,MD发泡底,户外机能,其他品牌,1,0,3087,0
541,松紧带鞋,47,438,91,399,90,PU中底,日常休闲,其他品牌,1,0,49,3
367,松紧带鞋,29,146,68,99,97,MD发泡底,户外机能,斯凯奇潮,1,0,0,1
769,松紧带鞋,49,193,96,185,98,EVA轻底,潮流高街,安踏运动,1,1,1359,2
589,松紧带鞋,48,138,77,106,96,混合鞋底,运动休闲,京东京造,0,1,1467,2
267,套脚款式,43,140,95,133,95,PU中底,户外机能,斯凯奇潮,1,1,470,2
1884,系带设计,39,111,89,99,96,橡胶大底,潮流高街,斯凯奇潮,1,0,988,1
8907,系带设计,33,199,73,145,97,橡胶大底,简约百搭,其他品牌,1,0,1122,1
597,套脚款式,58,174,57,99,88,混合鞋底,简约百搭,耐克潮流,1,1,1037,2
5510,松紧带鞋,37,146,68,99,100,TPR鞋底,日常休闲,京东京造,1,0,4558,1
1897,松紧带鞋,44,134,74,99,97,橡胶大底,潮流高街,鸿星尔克,1,0,1443,1
74,系带设计,43,173,70,121,96,混合鞋底,潮流高街,耐克潮流,1,0,159,1
274,松紧带鞋,40,198,50,99,93,混合鞋底,日常休闲,李宁休闲,1,1,1,2
4508,魔术贴鞋,53,145,74,107,97,EVA轻底,户外机能,耐克潮流,1,0,15,1
564,套脚款式,36,181,72,130,91,混合鞋底,工装硬朗,安踏运动,0,1,717,2
993,魔术贴鞋,47,178,73,130,96,橡胶大底,简约百搭,阿迪达斯,1,0,45,1
61,系带设计,47,112,88,99,90,TPR鞋底,户外机能,李宁休闲,0,0,612,1
508,套脚款式,54,133,84,112,96,MD发泡底,日常休闲,其他品牌,1,0,1244,1
239,拉链鞋款,34,146,78,114,93,MD发泡底,运动休闲,李宁休闲,1,0,3979,1
1443,松紧带鞋,49,549,51,280,86,TPR鞋底,潮流高街,其他品牌,0,0,203,3
658,拉链鞋款,51,114,87,99,91,PU中底,简约百搭,鸿星尔克,1,0,1233,1
495,系带设计,44,198,50,99,91,混合鞋底,潮流高街,斯凯奇潮,1,1,784,2
4132,套脚款式,62,174,57,99,86,TPR鞋底,复古潮鞋,耐克潮流,0,0,6,1
3651,套脚款式,31,210,59,124,91,PU中底,工装硬朗,京东京造,0,1,729,2
254,魔术贴鞋,46,286,57,163,100,EVA轻底,工装硬朗,其他品牌,0,1,597,2
723,松紧带鞋,55,171,68,116,88,TPR鞋底,工装硬朗,安踏运动,0,1,965,2
641,松紧带鞋,39,187,53,99,95,PU中底,简约百搭,特步男鞋,1,1,709,2
1464,套脚款式,46,127,78,99,94,混合鞋底,日常休闲,安踏运动,0,0,716,1
647,套脚款式,49,146,68,99,93,PU中底,工装硬朗,斯凯奇潮,0,1,36,2
6877,套脚款式,56,241,74,178,90,MD发泡底,工装硬朗,耐克潮流,0,0,240,1
1630,松紧带鞋,48,274,94,258,93,MD发泡底,复古潮鞋,安踏运动,0,0,0,1
2449,系带设计,49,130,77,100,90,橡胶大底,日常休闲,回力经典,1,0,467,1
824,松紧带鞋,50,143,69,99,86,PU中底,复古潮鞋,李宁休闲,0,1,434,2
1513,魔术贴鞋,33,291,55,160,97,PU中底,运动休闲,其他品牌,0,0,7,1
6707,拉链鞋款,42,401,73,293,96,PU中底,运动休闲,斯凯奇潮,0,0,3031,3
37762,魔术贴鞋,36,329,58,191,97,PU中底,复古潮鞋,其他品牌,0,1,1263,0
65,拉链鞋款,54,143,93,133,94,橡胶大底,复古潮鞋,安踏运动,1,1,3820,2
742,套脚款式,59,99,100,99,93,EVA轻底,复古潮鞋,李宁休闲,0,1,1437,2
661,系带设计,59,146,68,99,100,混合鞋底,潮流高街,李宁休闲,0,1,44,2
2278,拉链鞋款,46,199,78,155,100,TPR鞋底,复古潮鞋,耐克潮流,1,0,4464,1
753,魔术贴鞋,40,180,90,162,99,EVA轻底,运动休闲,鸿星尔克,1,0,612,1
1762,魔术贴鞋,47,176,97,171,96,混合鞋底,潮流高街,其他品牌,1,0,4160,1
41,松紧带鞋,55,190,52,99,98,MD发泡底,潮流高街,鸿星尔克,1,1,967,2
337,套脚款式,54,157,67,105,96,橡胶大底,户外机能,回力经典,1,0,845,1
1130,拉链鞋款,40,149,80,119,94,TPR鞋底,复古潮鞋,回力经典,1,1,1138,2
255,拉链鞋款,42,427,52,222,94,PU中底,日常休闲,鸿星尔克,0,0,2279,3
4524,拉链鞋款,37,112,95,106,98,混合鞋底,工装硬朗,特步男鞋,1,0,865,1
5089,拉链鞋款,50,310,67,208,97,TPR鞋底,工装硬朗,安踏运动,0,1,703,2
578,松紧带鞋,43,111,89,99,95,MD发泡底,运动休闲,其他品牌,0,0,11,1
376,松紧带鞋,49,194,63,122,96,MD发泡底,户外机能,回力经典,0,1,50,2
17597,拉链鞋款,41,190,88,167,91,MD发泡底,运动休闲,安踏运动,1,1,616,0
1584,套脚款式,46,382,61,233,99,EVA轻底,简约百搭,耐克潮流,1,0,3909,3
1157,魔术贴鞋,54,130,76,99,97,TPR鞋底,户外机能,斯凯奇潮,0,1,682,2
3188,魔术贴鞋,44,165,62,102,91,混合鞋底,运动休闲,其他品牌,1,0,1158,1
1442,系带设计,54,146,68,99,95,橡胶大底,简约百搭,阿迪达斯,0,0,4762,1
5958,系带设计,56,218,77,168,99,EVA轻底,简约百搭,李宁休闲,1,1,1194,2
1270,套脚款式,39,152,97,147,95,MD发泡底,简约百搭,京东京造,1,0,677,1
513,套脚款式,54,243,74,180,92,混合鞋底,工装硬朗,回力经典,0,0,1354,1
236,魔术贴鞋,46,194,51,99,100,混合鞋底,日常休闲,特步男鞋,1,0,1241,1
985,松紧带鞋,48,407,54,220,94,PU中底,简约百搭,安踏运动,1,1,850,3
856,松紧带鞋,46,111,89,99,92,橡胶大底,日常休闲,特步男鞋,1,1,3023,2
567,系带设计,36,139,71,99,95,混合鞋底,户外机能,回力经典,1,0,1366,1
2224,魔术贴鞋,51,172,93,160,95,MD发泡底,潮流高街,回力经典,1,0,371,1
68,拉链鞋款,39,192,62,119,90,橡胶大底,工装硬朗,特步男鞋,0,0,1457,1
1971,拉链鞋款,39,273,60,164,92,EVA轻底,工装硬朗,回力经典,0,0,737,1
377,系带设计,52,189,87,164,93,TPR鞋底,复古潮鞋,京东京造,0,0,856,1
1996,松紧带鞋,38,236,75,177,100,PU中底,简约百搭,阿迪达斯,1,1,47,2
5081,松紧带鞋,51,319,53,169,96,PU中底,潮流高街,鸿星尔克,0,1,1382,2
555,套脚款式,46,309,69,213,95,橡胶大底,简约百搭,其他品牌,0,1,266,2
156,系带设计,62,131,93,122,98,橡胶大底,简约百搭,鸿星尔克,0,1,270,2
1464,套脚款式,55,115,86,99,90,TPR鞋底,简约百搭,特步男鞋,0,0,6,1
573,拉链鞋款,56,140,81,113,92,PU中底,潮流高街,鸿星尔克,1,1,1476,2
275,松紧带鞋,48,179,91,163,95,TPR鞋底,复古潮鞋,其他品牌,1,0,125,1
454,魔术贴鞋,42,106,93,99,91,橡胶大底,潮流高街,李宁休闲,0,1,208,2
594,系带设计,41,134,74,99,96,PU中底,潮流高街,耐克潮流,1,0,4772,1
71,魔术贴鞋,50,245,80,196,90,MD发泡底,潮流高街,鸿星尔克,1,0,220,1
629,系带设计,41,142,71,101,97,橡胶大底,户外机能,安踏运动,1,0,720,1
850,松紧带鞋,58,201,89,179,94,MD发泡底,复古潮鞋,回力经典,1,0,754,1
115,魔术贴鞋,51,180,86,155,95,混合鞋底,简约百搭,特步男鞋,0,0,295,1
1465,松紧带鞋,59,398,57,227,97,MD发泡底,简约百搭,斯凯奇潮,1,1,4711,3
1391,魔术贴鞋,47,502,50,251,95,MD发泡底,复古潮鞋,其他品牌,0,1,4426,3
2029,系带设计,30,119,83,99,91,EVA轻底,潮流高街,其他品牌,1,0,445,1
6407,系带设计,47,208,53,110,96,混合鞋底,复古潮鞋,特步男鞋,1,0,12,1
484,系带设计,34,261,79,206,97,橡胶大底,潮流高街,其他品牌,1,0,1149,1
2393,套脚款式,44,146,68,99,94,橡胶大底,日常休闲,特步男鞋,1,0,22,1
1036,系带设计,39,344,70,241,91,TPR鞋底,复古潮鞋,安踏运动,0,1,36,3
1300,魔术贴鞋,51,328,94,308,94,混合鞋底,运动休闲,京东京造,1,0,1358,3
514,魔术贴鞋,51,215,93,200,90,PU中底,工装硬朗,安踏运动,0,1,79,2
1381,松紧带鞋,37,460,67,308,95,混合鞋底,潮流高街,李宁休闲,1,1,1302,3
1168,魔术贴鞋,53,532,60,319,94,MD发泡底,潮流高街,安踏运动,0,1,18,3
787,魔术贴鞋,23,111,89,99,98,混合鞋底,复古潮鞋,特步男鞋,0,0,900,1
655,套脚款式,58,292,77,225,90,橡胶大底,复古潮鞋,京东京造,0,1,31,2
366,魔术贴鞋,33,108,92,99,96,橡胶大底,复古潮鞋,其他品牌,0,0,36,1
3839,套脚款式,19,259,61,158,89,TPR鞋底,运动休闲,特步男鞋,1,1,44,2
834,松紧带鞋,57,165,60,99,97,MD发泡底,户外机能,李宁休闲,0,0,14,1
890,松紧带鞋,55,223,56,125,95,橡胶大底,日常休闲,耐克潮流,0,0,1395,1
2277,拉链鞋款,47,123,87,107,93,PU中底,简约百搭,京东京造,0,0,105,1
932,系带设计,51,263,81,213,89,EVA轻底,户外机能,京东京造,0,0,2870,1
1636,套脚款式,45,122,81,99,100,EVA轻底,复古潮鞋,安踏运动,1,1,321,2
663,系带设计,42,197,89,175,85,MD发泡底,简约百搭,耐克潮流,0,1,778,2
902,松紧带鞋,33,104,95,99,97,混合鞋底,潮流高街,鸿星尔克,1,1,532,2
771,松紧带鞋,56,335,65,218,91,EVA轻底,工装硬朗,斯凯奇潮,1,1,3610,2
1587,套脚款式,61,127,78,99,89,MD发泡底,潮流高街,安踏运动,0,1,1030,2
595,松紧带鞋,53,152,87,132,95,橡胶大底,潮流高街,斯凯奇潮,0,1,477,2
520,拉链鞋款,53,144,94,135,95,PU中底,日常休闲,鸿星尔克,0,1,10,2
1788,套脚款式,57,238,71,169,97,TPR鞋底,工装硬朗,鸿星尔克,0,1,1399,2
151,系带设计,59,148,67,99,97,混合鞋底,日常休闲,李宁休闲,0,0,33,1
546,套脚款式,51,226,82,185,90,TPR鞋底,简约百搭,特步男鞋,0,0,28,1
3396,系带设计,48,138,87,120,99,MD发泡底,复古潮鞋,回力经典,1,0,87,1
812,松紧带鞋,56,219,78,171,91,混合鞋底,复古潮鞋,斯凯奇潮,0,1,1158,2
4748,套脚款式,53,139,71,99,97,混合鞋底,户外机能,阿迪达斯,0,1,1172,2
1513,系带设计,42,327,59,193,92,PU中底,工装硬朗,回力经典,0,1,969,2
1631,魔术贴鞋,48,268,88,236,97,EVA轻底,工装硬朗,安踏运动,0,1,3798,2
4589,松紧带鞋,65,138,72,99,86,混合鞋底,户外机能,鸿星尔克,0,1,782,2
202,系带设计,52,453,66,299,92,MD发泡底,户外机能,京东京造,1,1,31,3
700,魔术贴鞋,43,165,60,99,97,EVA轻底,日常休闲,李宁休闲,1,1,1101,2
413,松紧带鞋,52,157,72,113,95,EVA轻底,复古潮鞋,安踏运动,1,0,2912,1
1485,松紧带鞋,48,212,80,170,98,PU中底,日常休闲,特步男鞋,0,1,408,2
3922,系带设计,58,160,95,152,96,橡胶大底,户外机能,其他品牌,1,0,68,1
113,拉链鞋款,46,405,61,247,95,EVA轻底,运动休闲,鸿星尔克,1,1,28,3
2760,魔术贴鞋,53,103,96,99,96,混合鞋底,日常休闲,其他品牌,0,0,702,1
1685,拉链鞋款,43,158,93,147,94,橡胶大底,复古潮鞋,安踏运动,1,1,4368,2
1435,魔术贴鞋,35,190,68,129,90,EVA轻底,简约百搭,回力经典,1,1,22,2
157,松紧带鞋,46,166,80,133,93,PU中底,潮流高街,回力经典,0,0,846,1
534,松紧带鞋,52,239,98,234,100,TPR鞋底,复古潮鞋,特步男鞋,1,1,400,2
851,套脚款式,47,111,89,99,95,混合鞋底,日常休闲,京东京造,1,1,1293,2
102,套脚款式,60,116,85,99,95,TPR鞋底,运动休闲,回力经典,1,1,982,2
2539,拉链鞋款,62,103,96,99,94,混合鞋底,简约百搭,耐克潮流,1,0,4858,1
186,系带设计,29,222,59,131,91,TPR鞋底,户外机能,鸿星尔克,1,0,923,1
286,系带设计,47,361,51,184,92,MD发泡底,潮流高街,回力经典,0,1,382,2
124,松紧带鞋,46,157,63,99,93,PU中底,复古潮鞋,阿迪达斯,0,1,552,2
486,松紧带鞋,35,230,82,189,98,PU中底,日常休闲,鸿星尔克,1,0,11,1
782,套脚款式,57,281,80,225,94,混合鞋底,日常休闲,斯凯奇潮,1,1,390,2
1587,套脚款式,55,439,54,237,94,TPR鞋底,工装硬朗,回力经典,0,0,7,3
11448,魔术贴鞋,43,217,59,128,100,TPR鞋底,户外机能,耐克潮流,0,1,1295,0
1500,套脚款式,49,168,59,99,99,EVA轻底,简约百搭,李宁休闲,1,0,31,1
2399,魔术贴鞋,56,169,97,164,90,橡胶大底,复古潮鞋,其他品牌,1,0,75,1
4965,松紧带鞋,44,655,62,406,93,混合鞋底,户外机能,斯凯奇潮,1,0,1098,3
144,松紧带鞋,52,271,76,206,96,橡胶大底,日常休闲,安踏运动,0,0,1018,1
862,系带设计,51,171,58,99,93,混合鞋底,复古潮鞋,李宁休闲,0,1,3591,2
1015,套脚款式,51,100,99,99,90,EVA轻底,工装硬朗,其他品牌,1,1,257,2
500,松紧带鞋,43,241,83,200,90,PU中底,运动休闲,安踏运动,1,1,12,2
1063,松紧带鞋,60,298,95,283,99,EVA轻底,运动休闲,阿迪达斯,1,1,496,2
684,拉链鞋款,48,160,62,99,99,EVA轻底,工装硬朗,阿迪达斯,1,1,1429,2
1195,魔术贴鞋,38,119,83,99,90,橡胶大底,日常休闲,安踏运动,1,0,556,1
1585,松紧带鞋,19,136,77,105,96,橡胶大底,日常休闲,耐克潮流,0,1,2,2
3417,系带设计,49,99,100,99,97,MD发泡底,工装硬朗,其他品牌,1,0,11,1
2085,拉链鞋款,44,112,88,99,94,EVA轻底,潮流高街,其他品牌,1,0,1200,1
434,魔术贴鞋,45,116,85,99,97,橡胶大底,户外机能,安踏运动,1,0,955,1
1734,系带设计,44,143,90,129,95,橡胶大底,潮流高街,李宁休闲,0,1,4095,2
1694,套脚款式,36,210,62,130,94,TPR鞋底,工装硬朗,京东京造,0,1,446,2
1639,魔术贴鞋,36,157,63,99,89,TPR鞋底,户外机能,安踏运动,0,0,47,1
573,套脚款式,40,124,80,99,89,橡胶大底,日常休闲,鸿星尔克,0,1,421,2
369,系带设计,44,133,88,117,97,混合鞋底,潮流高街,其他品牌,0,1,141,2
2068,拉链鞋款,43,325,72,234,99,MD发泡底,潮流高街,特步男鞋,1,0,4,1
952,拉链鞋款,46,420,69,290,98,PU中底,工装硬朗,斯凯奇潮,1,1,1262,3
1112,拉链鞋款,39,187,53,99,98,橡胶大底,潮流高街,京东京造,1,0,37,1
1188,系带设计,53,138,72,99,95,TPR鞋底,复古潮鞋,鸿星尔克,1,1,789,2
450,松紧带鞋,49,292,65,190,91,MD发泡底,工装硬朗,阿迪达斯,1,0,142,1
483,松紧带鞋,60,130,76,99,98,混合鞋底,运动休闲,鸿星尔克,1,0,2464,1
152,拉链鞋款,45,212,52,110,90,PU中底,复古潮鞋,京东京造,0,1,976,2
843,拉链鞋款,54,132,75,99,100,TPR鞋底,工装硬朗,斯凯奇潮,0,1,357,2
1374,松紧带鞋,56,245,71,174,94,PU中底,工装硬朗,阿迪达斯,0,0,2229,1
7579,拉链鞋款,33,194,93,180,97,混合鞋底,潮流高街,特步男鞋,0,0,1036,1
582,系带设计,53,241,81,195,89,混合鞋底,简约百搭,特步男鞋,1,1,20,2
1968,系带设计,44,199,98,195,90,MD发泡底,日常休闲,其他品牌,1,1,2133,2
460,松紧带鞋,43,259,56,145,91,PU中底,简约百搭,回力经典,0,1,3502,2
1394,拉链鞋款,52,185,78,144,94,TPR鞋底,复古潮鞋,阿迪达斯,1,1,1176,2
891,拉链鞋款,52,334,70,234,92,橡胶大底,日常休闲,特步男鞋,0,0,4048,1
311,套脚款式,47,276,85,235,96,MD发泡底,户外机能,耐克潮流,1,1,22,2
186,套脚款式,46,246,72,177,91,MD发泡底,工装硬朗,耐克潮流,1,0,1019,1
3024,魔术贴鞋,54,134,74,99,94,TPR鞋底,简约百搭,特步男鞋,0,1,833,2
187,松紧带鞋,58,106,93,99,92,PU中底,复古潮鞋,耐克潮流,1,0,156,1
645,魔术贴鞋,51,320,61,195,95,橡胶大底,运动休闲,京东京造,1,0,263,1
1027,系带设计,18,240,83,199,98,TPR鞋底,简约百搭,鸿星尔克,1,0,12,1
627,系带设计,59,168,59,99,94,混合鞋底,户外机能,阿迪达斯,0,0,112,1
797,松紧带鞋,51,187,53,99,91,MD发泡底,日常休闲,阿迪达斯,0,1,489,2
778,系带设计,18,285,55,157,93,TPR鞋底,复古潮鞋,安踏运动,1,0,2680,1
344,松紧带鞋,38,297,93,276,90,EVA轻底,日常休闲,斯凯奇潮,0,1,649,2
1141,套脚款式,51,125,79,99,91,EVA轻底,简约百搭,其他品牌,1,0,811,1
18604,拉链鞋款,38,116,85,99,96,TPR鞋底,工装硬朗,其他品牌,0,0,996,0
855,拉链鞋款,50,100,99,99,94,橡胶大底,复古潮鞋,其他品牌,0,0,1483,1
951,魔术贴鞋,46,105,94,99,96,MD发泡底,户外机能,鸿星尔克,0,1,595,2
1644,松紧带鞋,44,186,95,177,95,混合鞋底,复古潮鞋,鸿星尔克,1,0,5,1
450,套脚款式,45,311,65,202,90,混合鞋底,简约百搭,其他品牌,1,0,739,1
662,拉链鞋款,41,329,51,168,92,混合鞋底,潮流高街,鸿星尔克,1,1,42,2
13530,套脚款式,47,279,62,173,90,橡胶大底,日常休闲,安踏运动,0,1,21,0
1584,系带设计,47,312,66,206,96,MD发泡底,潮流高街,鸿星尔克,0,0,1400,1
257,魔术贴鞋,48,162,61,99,100,MD发泡底,简约百搭,鸿星尔克,0,0,1132,1
449,拉链鞋款,57,333,91,303,99,MD发泡底,日常休闲,李宁休闲,0,0,931,3
697,魔术贴鞋,36,205,55,113,97,MD发泡底,工装硬朗,耐克潮流,0,0,2997,1
978,拉链鞋款,55,150,86,129,90,TPR鞋底,日常休闲,李宁休闲,0,1,4192,2
2408,套脚款式,56,196,91,178,91,TPR鞋底,运动休闲,鸿星尔克,0,1,856,2
8181,魔术贴鞋,52,138,100,138,85,EVA轻底,日常休闲,特步男鞋,0,0,649,1
3463,拉链鞋款,49,99,100,99,95,橡胶大底,工装硬朗,李宁休闲,1,0,1238,1
798,魔术贴鞋,51,152,66,100,94,PU中底,简约百搭,安踏运动,0,1,894,2
3917,系带设计,41,106,93,99,98,橡胶大底,日常休闲,耐克潮流,0,0,391,1
1851,松紧带鞋,18,246,69,170,96,混合鞋底,日常休闲,耐克潮流,1,1,1117,2
955,系带设计,36,226,61,138,92,混合鞋底,日常休闲,其他品牌,0,0,141,1
988,松紧带鞋,34,236,80,189,92,MD发泡底,运动休闲,特步男鞋,1,1,334,2
3124,套脚款式,41,198,50,99,93,橡胶大底,日常休闲,回力经典,0,1,42,2
1587,松紧带鞋,43,118,84,99,99,EVA轻底,日常休闲,阿迪达斯,0,0,2142,1
479,系带设计,46,103,96,99,99,TPR鞋底,运动休闲,回力经典,0,0,758,1
276,套脚款式,41,345,74,255,94,TPR鞋底,潮流高街,耐克潮流,1,0,842,3
534,松紧带鞋,41,258,72,186,98,MD发泡底,运动休闲,阿迪达斯,0,0,751,1
7076,套脚款式,60,297,61,181,98,TPR鞋底,简约百搭,李宁休闲,0,0,874,1
2769,松紧带鞋,50,434,50,217,95,混合鞋底,日常休闲,京东京造,0,0,1400,3
1526,套脚款式,32,195,63,123,95,PU中底,潮流高街,安踏运动,0,0,1427,1
1158,系带设计,49,198,50,99,91,MD发泡底,日常休闲,安踏运动,1,0,516,1
548,魔术贴鞋,60,103,96,99,95,PU中底,工装硬朗,李宁休闲,1,1,1241,2
4089,松紧带鞋,55,160,62,99,93,MD发泡底,工装硬朗,安踏运动,0,0,1403,1
1052,系带设计,31,416,50,208,95,橡胶大底,户外机能,斯凯奇潮,1,1,2095,3
342,套脚款式,46,103,96,99,94,EVA轻底,户外机能,特步男鞋,1,0,54,1
686,拉链鞋款,45,142,83,118,91,橡胶大底,户外机能,阿迪达斯,1,1,2211,2
602,系带设计,36,103,96,99,94,EVA轻底,户外机能,安踏运动,1,0,2097,1
783,系带设计,47,132,75,99,96,MD发泡底,潮流高街,特步男鞋,1,1,259,2
208,套脚款式,49,126,89,112,93,EVA轻底,简约百搭,斯凯奇潮,1,0,5,1
242,松紧带鞋,35,898,50,449,92,EVA轻底,户外机能,京东京造,0,0,1042,3
1533,松紧带鞋,22,320,86,275,96,MD发泡底,工装硬朗,阿迪达斯,0,1,710,3
490,拉链鞋款,45,283,60,170,94,EVA轻底,潮流高街,阿迪达斯,1,0,1,1
53,松紧带鞋,58,129,77,99,97,TPR鞋底,运动休闲,耐克潮流,0,1,169,2
206,拉链鞋款,52,427,75,320,90,EVA轻底,日常休闲,鸿星尔克,1,0,2029,3
1149,系带设计,45,168,95,160,93,PU中底,简约百搭,斯凯奇潮,0,0,937,1
1533,魔术贴鞋,56,122,81,99,90,MD发泡底,户外机能,京东京造,0,1,619,2
1566,拉链鞋款,42,183,54,99,91,混合鞋底,简约百搭,其他品牌,1,1,1131,2
283,魔术贴鞋,59,136,73,99,99,混合鞋底,户外机能,耐克潮流,1,1,338,2
6425,松紧带鞋,63,121,82,99,98,MD发泡底,户外机能,京东京造,1,0,1187,1
15533,套脚款式,49,186,59,110,93,混合鞋底,复古潮鞋,特步男鞋,0,1,1032,0
516,套脚款式,41,155,64,99,100,EVA轻底,户外机能,斯凯奇潮,1,0,3726,1
2426,套脚款式,48,416,67,279,98,橡胶大底,简约百搭,鸿星尔克,0,0,1155,3
3992,拉链鞋款,57,106,93,99,96,MD发泡底,户外机能,其他品牌,1,1,4975,2
2262,系带设计,34,110,90,99,91,橡胶大底,日常休闲,李宁休闲,1,1,108,2
498,松紧带鞋,47,312,96,300,95,PU中底,潮流高街,其他品牌,1,1,651,3
1106,松紧带鞋,43,100,99,99,99,MD发泡底,简约百搭,阿迪达斯,0,0,871,1
12268,魔术贴鞋,46,123,90,111,96,PU中底,户外机能,安踏运动,1,0,473,0
947,魔术贴鞋,47,134,74,99,98,EVA轻底,工装硬朗,京东京造,0,0,2067,1
2169,套脚款式,55,255,88,224,96,PU中底,户外机能,京东京造,1,1,929,2
3926,魔术贴鞋,39,168,79,133,100,TPR鞋底,潮流高街,鸿星尔克,0,1,31,2
342,套脚款式,56,116,85,99,94,橡胶大底,简约百搭,回力经典,1,1,1400,2
589,松紧带鞋,53,135,95,128,93,PU中底,简约百搭,阿迪达斯,1,0,1272,1
1489,松紧带鞋,46,310,60,186,94,橡胶大底,日常休闲,安踏运动,1,1,2,2
879,魔术贴鞋,54,247,77,190,99,TPR鞋底,工装硬朗,斯凯奇潮,1,1,50,2
868,拉链鞋款,47,136,73,99,92,混合鞋底,日常休闲,京东京造,1,0,561,1
2503,魔术贴鞋,18,180,81,146,90,TPR鞋底,日常休闲,阿迪达斯,1,1,1383,2
1616,拉链鞋款,44,180,55,99,95,橡胶大底,工装硬朗,李宁休闲,1,0,275,1
2086,系带设计,35,166,62,103,92,PU中底,日常休闲,其他品牌,0,0,420,1
4339,系带设计,62,139,79,110,98,MD发泡底,简约百搭,京东京造,0,0,512,1
252,松紧带鞋,50,129,77,99,91,MD发泡底,户外机能,耐克潮流,1,1,204,2
596,拉链鞋款,46,124,80,99,86,MD发泡底,日常休闲,其他品牌,1,1,1482,2
2343,系带设计,36,157,95,149,92,TPR鞋底,工装硬朗,京东京造,1,0,570,1
913,系带设计,54,190,52,99,86,EVA轻底,工装硬朗,回力经典,1,0,1168,1
407,魔术贴鞋,46,303,65,197,92,混合鞋底,复古潮鞋,斯凯奇潮,0,1,853,2
777,系带设计,41,363,91,330,95,MD发泡底,简约百搭,斯凯奇潮,1,1,492,3
346,系带设计,48,120,85,102,93,橡胶大底,运动休闲,阿迪达斯,1,1,952,2
5949,魔术贴鞋,50,134,74,99,93,MD发泡底,运动休闲,鸿星尔克,0,1,144,2
709,套脚款式,52,185,88,163,94,PU中底,日常休闲,回力经典,1,1,3251,2
380,拉链鞋款,42,308,59,182,90,混合鞋底,复古潮鞋,安踏运动,1,0,1109,1
902,松紧带鞋,45,332,74,246,97,EVA轻底,日常休闲,京东京造,0,0,1325,1
1797,拉链鞋款,52,128,86,110,96,橡胶大底,运动休闲,斯凯奇潮,0,0,471,1
3092,套脚款式,44,138,72,99,92,PU中底,运动休闲,李宁休闲,0,1,30,2
1668,套脚款式,58,167,95,159,97,PU中底,工装硬朗,阿迪达斯,1,0,15,1
141,系带设计,58,319,70,223,92,橡胶大底,潮流高街,安踏运动,0,0,1273,1
5821,系带设计,41,160,81,130,96,EVA轻底,运动休闲,耐克潮流,1,1,694,2
3265,松紧带鞋,39,125,79,99,88,混合鞋底,简约百搭,安踏运动,1,1,34,2
115,系带设计,33,171,85,145,86,TPR鞋底,户外机能,京东京造,0,0,735,1
805,拉链鞋款,55,239,99,237,91,TPR鞋底,工装硬朗,其他品牌,1,1,1206,2
15487,系带设计,49,165,60,99,94,MD发泡底,工装硬朗,鸿星尔克,1,0,439,0
2150,套脚款式,50,243,53,129,94,EVA轻底,工装硬朗,李宁休闲,1,1,352,2
1876,套脚款式,56,128,94,120,91,MD发泡底,日常休闲,特步男鞋,1,1,190,2
1272,魔术贴鞋,41,143,69,99,100,橡胶大底,简约百搭,京东京造,0,0,46,1
7208,松紧带鞋,53,124,87,108,97,EVA轻底,户外机能,其他品牌,0,0,44,1
23173,拉链鞋款,51,295,58,171,95,混合鞋底,户外机能,耐克潮流,1,0,3353,0
5604,松紧带鞋,44,281,73,205,90,PU中底,日常休闲,其他品牌,1,1,1268,2
3650,系带设计,42,100,99,99,96,PU中底,日常休闲,斯凯奇潮,1,0,1181,1
2782,套脚款式,18,134,88,118,95,混合鞋底,简约百搭,耐克潮流,0,0,1465,1
1294,系带设计,45,153,68,104,93,橡胶大底,日常休闲,特步男鞋,1,0,1484,1
1880,系带设计,56,162,81,131,93,混合鞋底,工装硬朗,斯凯奇潮,1,0,291,1
2631,拉链鞋款,48,199,90,179,96,橡胶大底,复古潮鞋,安踏运动,0,1,551,2
841,松紧带鞋,43,198,50,99,94,TPR鞋底,日常休闲,特步男鞋,0,1,0,2
795,系带设计,40,193,57,110,91,TPR鞋底,户外机能,安踏运动,0,0,808,1
481,系带设计,45,262,58,152,97,橡胶大底,户外机能,回力经典,0,1,844,2
182,系带设计,44,288,68,196,91,混合鞋底,潮流高街,回力经典,1,0,1408,1
739,系带设计,50,118,84,99,95,橡胶大底,简约百搭,阿迪达斯,1,1,2045,2
1101,拉链鞋款,59,196,91,178,99,TPR鞋底,户外机能,安踏运动,1,0,1393,1
210,套脚款式,44,401,71,285,91,EVA轻底,简约百搭,特步男鞋,0,0,348,3
3101,魔术贴鞋,47,883,72,636,89,PU中底,潮流高街,鸿星尔克,0,1,897,3
3680,拉链鞋款,56,102,97,99,90,混合鞋底,简约百搭,回力经典,1,0,14,1
663,松紧带鞋,50,991,67,664,91,PU中底,运动休闲,安踏运动,1,0,29,3
362,套脚款式,20,338,77,260,99,MD发泡底,日常休闲,斯凯奇潮,0,0,1014,3
1288,松紧带鞋,49,124,80,99,90,TPR鞋底,户外机能,京东京造,0,0,19,1
254,松紧带鞋,41,170,76,129,99,MD发泡底,复古潮鞋,安踏运动,1,0,1496,1
580,拉链鞋款,38,233,70,163,91,MD发泡底,运动休闲,其他品牌,1,1,1333,2
1612,松紧带鞋,44,123,86,106,93,TPR鞋底,潮流高街,京东京造,0,0,858,1
6102,系带设计,49,216,87,188,87,橡胶大底,潮流高街,其他品牌,1,0,8,1
83,拉链鞋款,41,184,100,184,95,橡胶大底,简约百搭,阿迪达斯,0,0,900,1
3342,松紧带鞋,51,160,62,99,99,混合鞋底,潮流高街,李宁休闲,0,1,4142,2
523,系带设计,58,185,67,124,99,PU中底,复古潮鞋,斯凯奇潮,0,1,1395,2
1169,套脚款式,49,328,53,174,99,PU中底,日常休闲,耐克潮流,0,0,835,1
21802,魔术贴鞋,21,208,59,123,91,TPR鞋底,户外机能,鸿星尔克,1,1,3817,0
1337,系带设计,36,304,98,298,92,TPR鞋底,工装硬朗,李宁休闲,1,1,735,3
654,系带设计,38,172,94,162,95,混合鞋底,复古潮鞋,耐克潮流,0,0,767,1
4651,魔术贴鞋,32,154,71,109,94,MD发泡底,运动休闲,鸿星尔克,1,0,1340,1
1206,系带设计,40,244,52,127,97,MD发泡底,工装硬朗,安踏运动,0,0,1451,1
109,套脚款式,54,177,56,99,88,PU中底,工装硬朗,阿迪达斯,1,1,584,2
121,拉链鞋款,61,382,67,256,97,TPR鞋底,复古潮鞋,耐克潮流,0,1,28,3
1080,系带设计,50,111,95,105,91,橡胶大底,工装硬朗,回力经典,0,1,2586,2
3604,魔术贴鞋,43,135,74,100,95,MD发泡底,工装硬朗,阿迪达斯,1,0,605,1
3457,系带设计,35,114,87,99,96,橡胶大底,运动休闲,李宁休闲,1,0,1395,1
50000,魔术贴鞋,46,124,80,99,91,EVA轻底,潮流高街,斯凯奇潮,0,1,1270,0
3278,系带设计,45,191,75,143,95,EVA轻底,户外机能,其他品牌,0,1,31,2
1494,魔术贴鞋,42,330,88,290,90,橡胶大底,工装硬朗,京东京造,0,1,196,3
1444,拉链鞋款,53,289,71,205,93,橡胶大底,户外机能,其他品牌,0,0,1378,1
5920,套脚款式,54,108,92,99,90,EVA轻底,潮流高街,斯凯奇潮,0,0,1250,1
6807,套脚款式,39,279,89,248,95,MD发泡底,复古潮鞋,鸿星尔克,1,1,4735,2
547,系带设计,49,307,55,169,97,EVA轻底,简约百搭,鸿星尔克,0,1,749,2
175,套脚款式,37,226,74,167,89,PU中底,简约百搭,阿迪达斯,0,1,87,2
1202,魔术贴鞋,53,261,66,172,97,MD发泡底,潮流高街,耐克潮流,1,1,410,2
243,拉链鞋款,53,119,83,99,98,混合鞋底,户外机能,特步男鞋,1,1,31,2
2199,拉链鞋款,57,144,90,130,94,MD发泡底,潮流高街,阿迪达斯,0,1,1232,2
450,套脚款式,53,296,76,225,96,EVA轻底,户外机能,安踏运动,1,0,1436,1
1828,套脚款式,53,157,67,105,95,PU中底,复古潮鞋,耐克潮流,0,1,44,2
615,拉链鞋款,41,288,50,144,97,橡胶大底,复古潮鞋,安踏运动,1,1,622,2
903,套脚款式,53,208,63,131,92,MD发泡底,潮流高街,安踏运动,0,0,1233,1
1174,松紧带鞋,55,212,58,123,93,EVA轻底,潮流高街,其他品牌,1,1,804,2
1722,拉链鞋款,39,136,73,99,99,混合鞋底,运动休闲,李宁休闲,1,0,276,1
453,松紧带鞋,54,163,76,124,99,TPR鞋底,日常休闲,阿迪达斯,1,0,1089,1
1766,系带设计,40,286,88,252,99,MD发泡底,户外机能,鸿星尔克,1,0,4805,1
1815,魔术贴鞋,36,303,59,179,91,橡胶大底,潮流高街,斯凯奇潮,0,0,33,1
638,系带设计,48,307,57,175,98,橡胶大底,日常休闲,鸿星尔克,0,0,1430,1
5126,松紧带鞋,49,183,54,99,97,EVA轻底,潮流高街,京东京造,0,1,2186,2
5156,松紧带鞋,63,255,51,130,94,橡胶大底,潮流高街,特步男鞋,0,0,1438,1
11390,套脚款式,35,254,79,201,91,TPR鞋底,简约百搭,回力经典,1,0,3,0
2636,套脚款式,42,138,72,99,96,PU中底,运动休闲,安踏运动,0,1,33,2
416,魔术贴鞋,54,166,91,151,93,TPR鞋底,潮流高街,鸿星尔克,1,0,688,1
210,拉链鞋款,48,115,86,99,96,EVA轻底,日常休闲,京东京造,1,1,46,2
538,松紧带鞋,58,101,98,99,93,TPR鞋底,运动休闲,阿迪达斯,1,1,1303,2
993,松紧带鞋,42,130,76,99,95,EVA轻底,户外机能,斯凯奇潮,1,0,2871,1
721,松紧带鞋,58,498,51,254,90,PU中底,户外机能,安踏运动,0,1,6,3
319,套脚款式,44,390,93,363,92,混合鞋底,日常休闲,特步男鞋,0,0,610,3
1311,套脚款式,54,194,100,194,93,混合鞋底,工装硬朗,李宁休闲,0,0,1012,1
6814,系带设计,43,125,79,99,96,MD发泡底,简约百搭,斯凯奇潮,1,0,282,1
1956,拉链鞋款,50,148,97,144,93,混合鞋底,复古潮鞋,回力经典,1,0,17,1
250,魔术贴鞋,58,161,83,134,92,PU中底,潮流高街,斯凯奇潮,1,1,288,2
1568,魔术贴鞋,46,460,55,253,95,混合鞋底,工装硬朗,阿迪达斯,0,1,513,3
623,套脚款式,38,139,71,99,95,PU中底,运动休闲,京东京造,1,1,395,2
786,松紧带鞋,60,346,65,225,93,EVA轻底,简约百搭,阿迪达斯,1,0,4829,1
499,拉链鞋款,38,140,81,113,96,EVA轻底,简约百搭,李宁休闲,1,0,31,1
3749,套脚款式,56,489,61,298,89,TPR鞋底,简约百搭,安踏运动,0,0,755,3
59,松紧带鞋,50,527,77,406,94,EVA轻底,工装硬朗,回力经典,0,1,339,3
7235,魔术贴鞋,33,256,50,128,88,TPR鞋底,户外机能,特步男鞋,1,1,1040,2
3468,拉链鞋款,57,109,91,99,90,EVA轻底,运动休闲,回力经典,0,0,412,1
1492,松紧带鞋,53,180,83,149,100,EVA轻底,潮流高街,其他品牌,1,1,876,2
2738,松紧带鞋,33,208,50,104,100,TPR鞋底,复古潮鞋,其他品牌,0,0,167,1
777,系带设计,34,239,56,134,91,PU中底,日常休闲,阿迪达斯,0,1,25,2
738,魔术贴鞋,32,166,85,141,96,TPR鞋底,日常休闲,其他品牌,1,1,1260,2
4684,魔术贴鞋,36,398,80,318,94,EVA轻底,简约百搭,李宁休闲,1,1,2758,3
3926,松紧带鞋,45,112,88,99,93,MD发泡底,简约百搭,安踏运动,1,0,39,1
8042,拉链鞋款,55,218,96,209,95,混合鞋底,户外机能,京东京造,0,1,496,2
44271,松紧带鞋,25,159,74,118,92,橡胶大底,运动休闲,阿迪达斯,0,1,790,0
14950,拉链鞋款,33,146,91,133,94,MD发泡底,工装硬朗,斯凯奇潮,0,0,555,0
913,套脚款式,39,324,58,188,91,PU中底,工装硬朗,阿迪达斯,0,1,878,2
797,魔术贴鞋,55,227,66,150,98,橡胶大底,户外机能,鸿星尔克,1,1,41,2
992,魔术贴鞋,48,305,59,180,91,混合鞋底,运动休闲,特步男鞋,1,0,36,1
352,松紧带鞋,63,399,69,275,95,MD发泡底,工装硬朗,鸿星尔克,0,0,17,3
87,系带设计,32,238,91,217,98,TPR鞋底,户外机能,斯凯奇潮,0,0,2421,1
2151,松紧带鞋,45,700,60,420,92,EVA轻底,潮流高街,京东京造,0,1,1397,3
1635,拉链鞋款,41,105,94,99,98,PU中底,工装硬朗,京东京造,0,1,559,2
646,拉链鞋款,53,247,53,131,99,MD发泡底,复古潮鞋,阿迪达斯,0,0,1476,1
205,拉链鞋款,48,119,83,99,85,TPR鞋底,潮流高街,回力经典,1,0,34,1
3413,魔术贴鞋,57,185,94,174,95,TPR鞋底,工装硬朗,李宁休闲,1,0,469,1
3029,松紧带鞋,54,410,58,238,93,PU中底,运动休闲,斯凯奇潮,1,1,1203,3
1185,系带设计,49,115,86,99,98,橡胶大底,日常休闲,斯凯奇潮,1,0,595,1
544,松紧带鞋,47,199,91,181,92,橡胶大底,潮流高街,斯凯奇潮,1,0,848,1
2241,魔术贴鞋,47,293,70,205,94,混合鞋底,简约百搭,其他品牌,1,0,445,1
1020,松紧带鞋,52,435,57,248,97,MD发泡底,简约百搭,李宁休闲,0,0,2720,3
3236,套脚款式,49,99,100,99,93,混合鞋底,日常休闲,李宁休闲,1,0,29,1
1428,系带设计,39,325,59,192,92,EVA轻底,复古潮鞋,耐克潮流,1,0,30,1
1192,套脚款式,40,145,99,144,98,PU中底,简约百搭,京东京造,0,0,47,1
2180,拉链鞋款,45,202,85,172,95,MD发泡底,户外机能,耐克潮流,0,1,2065,2
978,拉链鞋款,55,187,53,99,88,EVA轻底,简约百搭,其他品牌,0,1,38,2
3823,系带设计,56,239,74,177,92,MD发泡底,潮流高街,耐克潮流,1,0,4733,1
3292,拉链鞋款,43,187,53,99,94,TPR鞋底,工装硬朗,回力经典,0,1,504,2
5438,系带设计,45,141,70,99,88,混合鞋底,潮流高街,耐克潮流,1,0,324,1
1971,松紧带鞋,49,104,95,99,92,PU中底,工装硬朗,京东京造,1,1,27,2
45,拉链鞋款,44,106,93,99,99,PU中底,工装硬朗,京东京造,1,0,1180,1
2530,魔术贴鞋,42,144,71,102,93,混合鞋底,潮流高街,阿迪达斯,0,1,908,2
1635,套脚款式,47,125,79,99,95,MD发泡底,潮流高街,回力经典,0,1,39,2
169,魔术贴鞋,54,190,86,163,100,橡胶大底,潮流高街,安踏运动,0,0,654,1
149,魔术贴鞋,47,180,83,149,91,MD发泡底,户外机能,耐克潮流,1,1,553,2
1329,套脚款式,56,294,53,156,95,混合鞋底,工装硬朗,其他品牌,1,1,19,2
984,魔术贴鞋,43,183,54,99,99,TPR鞋底,运动休闲,回力经典,0,1,46,2
3848,套脚款式,45,188,82,154,90,PU中底,复古潮鞋,其他品牌,1,0,1063,1
7964,套脚款式,46,165,60,99,96,TPR鞋底,工装硬朗,回力经典,1,1,153,2
6614,套脚款式,52,269,59,159,94,混合鞋底,工装硬朗,耐克潮流,0,1,1264,2
172,魔术贴鞋,54,132,75,99,91,橡胶大底,运动休闲,阿迪达斯,1,0,4,1
2059,系带设计,49,139,71,99,99,橡胶大底,简约百搭,耐克潮流,0,1,1065,2
4798,套脚款式,52,156,94,147,86,橡胶大底,潮流高街,回力经典,1,1,5,2
201,魔术贴鞋,41,234,86,201,95,MD发泡底,简约百搭,京东京造,1,0,37,1
1023,系带设计,37,171,66,113,87,EVA轻底,户外机能,鸿星尔克,0,0,1482,1
272,魔术贴鞋,48,163,76,124,90,MD发泡底,复古潮鞋,其他品牌,0,1,565,2
9751,套脚款式,35,111,89,99,99,TPR鞋底,简约百搭,回力经典,1,1,14,2
185,松紧带鞋,48,160,62,99,88,混合鞋底,工装硬朗,安踏运动,1,1,793,2
1293,魔术贴鞋,51,290,77,223,100,橡胶大底,日常休闲,耐克潮流,0,1,2574,2
1115,魔术贴鞋,59,159,73,116,96,TPR鞋底,潮流高街,京东京造,1,0,616,1
438,拉链鞋款,45,148,67,99,88,PU中底,日常休闲,耐克潮流,1,0,246,1
2420,魔术贴鞋,51,168,59,99,97,橡胶大底,日常休闲,李宁休闲,0,0,307,1
1189,系带设计,54,162,61,99,92,EVA轻底,户外机能,回力经典,0,1,931,2
1287,松紧带鞋,44,287,91,261,94,混合鞋底,工装硬朗,阿迪达斯,1,0,836,1
354,系带设计,35,306,70,214,100,EVA轻底,复古潮鞋,阿迪达斯,0,1,1459,2
421,系带设计,59,162,61,99,90,混合鞋底,运动休闲,特步男鞋,1,1,531,2
634,松紧带鞋,49,204,99,202,95,TPR鞋底,户外机能,特步男鞋,0,0,1240,1
355,拉链鞋款,54,148,67,99,93,EVA轻底,运动休闲,其他品牌,1,0,12,1
231,套脚款式,52,329,70,230,95,EVA轻底,户外机能,特步男鞋,0,0,3366,1
2046,松紧带鞋,54,174,76,132,90,EVA轻底,运动休闲,耐克潮流,0,1,3817,2
730,套脚款式,40,505,76,384,89,混合鞋底,简约百搭,京东京造,1,0,1037,3
386,松紧带鞋,57,211,56,118,92,混合鞋底,简约百搭,京东京造,1,1,189,2
967,套脚款式,48,103,97,100,92,EVA轻底,运动休闲,其他品牌,0,1,975,2
793,拉链鞋款,51,138,72,99,99,混合鞋底,简约百搭,京东京造,1,1,1193,2
5771,魔术贴鞋,53,118,84,99,99,TPR鞋底,简约百搭,耐克潮流,0,1,257,2
371,系带设计,58,362,58,210,91,橡胶大底,复古潮鞋,阿迪达斯,1,0,1223,1
2297,套脚款式,24,105,94,99,93,PU中底,户外机能,京东京造,1,0,25,1
3851,系带设计,49,315,55,173,91,MD发泡底,复古潮鞋,特步男鞋,0,0,314,1
3348,拉链鞋款,40,189,98,185,99,EVA轻底,户外机能,鸿星尔克,0,0,1270,1
1248,系带设计,48,190,52,99,90,PU中底,工装硬朗,李宁休闲,0,0,1319,1
432,拉链鞋款,56,138,72,99,97,MD发泡底,工装硬朗,特步男鞋,0,0,38,1
1580,松紧带鞋,50,115,86,99,87,PU中底,户外机能,回力经典,1,0,107,1
754,魔术贴鞋,50,132,75,99,90,EVA轻底,复古潮鞋,鸿星尔克,0,1,22,2
1069,系带设计,45,272,75,204,96,混合鞋底,潮流高街,回力经典,1,1,14,2
878,魔术贴鞋,50,178,80,142,98,EVA轻底,日常休闲,耐克潮流,0,1,245,2
4188,系带设计,19,332,74,246,96,EVA轻底,工装硬朗,回力经典,0,0,1485,1
343,套脚款式,44,338,53,179,94,橡胶大底,运动休闲,京东京造,0,0,1128,1
1826,松紧带鞋,32,162,61,99,95,橡胶大底,日常休闲,斯凯奇潮,1,1,1145,2
993,系带设计,49,108,92,99,95,EVA轻底,复古潮鞋,李宁休闲,0,0,944,1
297,魔术贴鞋,56,180,55,99,93,PU中底,潮流高街,耐克潮流,1,1,501,2
3588,拉链鞋款,49,150,74,111,85,TPR鞋底,潮流高街,京东京造,1,1,2,2
832,套脚款式,64,104,95,99,92,PU中底,运动休闲,鸿星尔克,1,0,1162,1
4557,套脚款式,56,190,52,99,94,混合鞋底,潮流高街,鸿星尔克,1,1,2427,2
3095,松紧带鞋,42,288,65,187,91,TPR鞋底,复古潮鞋,安踏运动,1,1,661,2
623,松紧带鞋,55,191,69,132,93,混合鞋底,工装硬朗,安踏运动,0,0,558,1
1607,拉链鞋款,45,197,100,197,96,TPR鞋底,复古潮鞋,安踏运动,1,0,658,1
1908,松紧带鞋,44,112,88,99,93,PU中底,潮流高街,京东京造,1,1,1010,2
398,系带设计,41,194,63,122,90,混合鞋底,简约百搭,耐克潮流,1,1,4102,2
315,系带设计,57,201,90,181,92,PU中底,复古潮鞋,鸿星尔克,1,1,496,2
24127,拉链鞋款,53,194,51,99,93,橡胶大底,潮流高街,鸿星尔克,0,1,1497,0
1700,魔术贴鞋,45,225,73,164,96,混合鞋底,运动休闲,其他品牌,0,1,26,2
1469,套脚款式,47,487,86,419,99,橡胶大底,日常休闲,斯凯奇潮,0,1,3881,3
358,松紧带鞋,57,513,61,313,90,混合鞋底,日常休闲,安踏运动,0,0,29,3
722,系带设计,33,278,78,217,90,MD发泡底,日常休闲,斯凯奇潮,1,1,34,2
949,魔术贴鞋,36,264,64,169,100,橡胶大底,简约百搭,特步男鞋,0,1,4856,2
3851,系带设计,29,240,88,211,99,TPR鞋底,简约百搭,其他品牌,0,0,705,1
8459,松紧带鞋,54,120,97,116,96,EVA轻底,日常休闲,阿迪达斯,1,1,866,2
13323,系带设计,48,171,58,99,96,TPR鞋底,日常休闲,特步男鞋,0,0,133,0
2387,套脚款式,47,179,100,179,90,混合鞋底,工装硬朗,斯凯奇潮,1,1,668,2
464,套脚款式,20,167,86,144,86,TPR鞋底,运动休闲,特步男鞋,0,0,841,1
1296,拉链鞋款,55,459,59,271,92,混合鞋底,潮流高街,回力经典,0,1,2254,3
1129,套脚款式,54,242,67,162,94,混合鞋底,复古潮鞋,安踏运动,1,0,146,1
1640,魔术贴鞋,32,156,85,133,95,MD发泡底,日常休闲,特步男鞋,0,1,2607,2
1103,魔术贴鞋,53,115,86,99,93,PU中底,简约百搭,鸿星尔克,1,1,31,2
2581,魔术贴鞋,52,149,76,113,97,混合鞋底,复古潮鞋,耐克潮流,0,1,1423,2
1438,魔术贴鞋,44,114,93,106,90,橡胶大底,户外机能,鸿星尔克,0,1,4824,2
3886,套脚款式,52,162,61,99,100,EVA轻底,简约百搭,李宁休闲,1,1,923,2
923,魔术贴鞋,46,126,84,106,92,MD发泡底,运动休闲,阿迪达斯,1,0,53,1
10597,松紧带鞋,47,197,75,148,96,PU中底,简约百搭,京东京造,0,0,1385,0
1325,松紧带鞋,32,119,83,99,97,EVA轻底,简约百搭,安踏运动,1,1,113,2
2615,魔术贴鞋,33,234,53,124,94,EVA轻底,户外机能,京东京造,0,0,1344,1
298,系带设计,46,197,77,152,100,TPR鞋底,运动休闲,鸿星尔克,0,0,16,1
2867,套脚款式,41,243,75,182,94,橡胶大底,运动休闲,安踏运动,0,1,399,2
3989,拉链鞋款,53,218,83,181,86,TPR鞋底,工装硬朗,其他品牌,0,1,88,2
1789,系带设计,31,508,61,310,94,PU中底,工装硬朗,李宁休闲,0,0,832,3
1370,松紧带鞋,53,147,68,100,93,MD发泡底,运动休闲,耐克潮流,0,1,47,2
1398,套脚款式,45,130,76,99,86,MD发泡底,简约百搭,李宁休闲,0,1,4,2
1715,套脚款式,43,238,66,157,93,PU中底,复古潮鞋,阿迪达斯,0,1,9,2
727,松紧带鞋,64,270,100,270,91,橡胶大底,潮流高街,耐克潮流,0,1,4402,2
4612,系带设计,48,140,78,109,94,橡胶大底,日常休闲,李宁休闲,0,1,1377,2
966,套脚款式,36,332,56,186,92,MD发泡底,户外机能,鸿星尔克,0,0,3268,1
2333,套脚款式,54,143,72,103,92,混合鞋底,户外机能,耐克潮流,1,0,406,1
326,拉链鞋款,52,102,97,99,93,PU中底,户外机能,京东京造,1,0,2918,1
371,套脚款式,45,220,93,205,91,TPR鞋底,户外机能,耐克潮流,0,1,403,2
562,套脚款式,56,654,85,556,89,EVA轻底,工装硬朗,斯凯奇潮,1,1,2869,3
682,拉链鞋款,47,137,79,108,97,橡胶大底,日常休闲,鸿星尔克,1,0,174,1
7453,拉链鞋款,57,136,91,124,94,TPR鞋底,工装硬朗,耐克潮流,0,0,31,1
161,魔术贴鞋,37,127,78,99,90,EVA轻底,日常休闲,耐克潮流,0,1,1068,2
4586,系带设计,37,166,92,153,90,PU中底,日常休闲,鸿星尔克,0,1,3660,2
256,拉链鞋款,44,127,81,103,91,MD发泡底,工装硬朗,回力经典,1,1,390,2
504,系带设计,45,231,70,162,98,PU中底,日常休闲,回力经典,1,1,4909,2
143,魔术贴鞋,50,156,64,100,97,TPR鞋底,潮流高街,回力经典,0,0,145,1
273,魔术贴鞋,43,162,61,99,98,MD发泡底,日常休闲,特步男鞋,1,1,1335,2
1458,套脚款式,36,386,66,255,90,混合鞋底,日常休闲,耐克潮流,1,1,38,3
819,系带设计,57,222,81,180,93,PU中底,复古潮鞋,阿迪达斯,1,0,959,1
2206,松紧带鞋,35,432,81,350,93,PU中底,复古潮鞋,阿迪达斯,1,1,1204,3
3013,魔术贴鞋,56,153,79,121,97,混合鞋底,日常休闲,阿迪达斯,1,0,30,1
160,拉链鞋款,62,219,58,127,95,混合鞋底,复古潮鞋,安踏运动,1,1,1166,2
5028,套脚款式,41,172,82,141,98,MD发泡底,日常休闲,其他品牌,0,0,9,1
2037,套脚款式,44,110,90,99,94,MD发泡底,户外机能,其他品牌,0,1,588,2
2651,松紧带鞋,24,203,58,118,97,TPR鞋底,运动休闲,耐克潮流,0,1,172,2
566,拉链鞋款,47,103,96,99,96,橡胶大底,户外机能,阿迪达斯,1,1,1019,2
425,魔术贴鞋,42,104,95,99,92,橡胶大底,简约百搭,其他品牌,1,0,1107,1
1129,松紧带鞋,42,175,59,103,94,TPR鞋底,户外机能,斯凯奇潮,1,1,499,2
590,系带设计,58,298,59,176,90,PU中底,复古潮鞋,安踏运动,1,1,2,2
196,套脚款式,59,198,50,99,94,混合鞋底,潮流高街,回力经典,0,0,248,1
577,魔术贴鞋,38,153,91,139,92,混合鞋底,运动休闲,李宁休闲,1,1,325,2
1594,系带设计,44,278,65,181,97,MD发泡底,户外机能,京东京造,0,1,724,2
3063,系带设计,41,223,83,185,96,TPR鞋底,户外机能,特步男鞋,1,1,49,2
112,魔术贴鞋,44,264,72,190,93,橡胶大底,日常休闲,阿迪达斯,1,1,134,2
1269,松紧带鞋,40,198,50,99,95,EVA轻底,复古潮鞋,回力经典,0,0,1356,1
928,系带设计,42,236,97,229,87,MD发泡底,日常休闲,阿迪达斯,0,1,627,2
1782,松紧带鞋,57,307,54,166,95,EVA轻底,复古潮鞋,回力经典,0,1,27,2
605,系带设计,35,260,82,213,97,MD发泡底,运动休闲,耐克潮流,0,1,1146,2
363,魔术贴鞋,44,263,54,142,92,TPR鞋底,运动休闲,特步男鞋,1,0,16,1
215,魔术贴鞋,52,173,71,123,88,EVA轻底,复古潮鞋,李宁休闲,1,1,25,2
643,拉链鞋款,47,165,60,99,91,EVA轻底,简约百搭,斯凯奇潮,1,1,274,2
1965,松紧带鞋,45,167,70,117,94,PU中底,潮流高街,阿迪达斯,0,1,1053,2
368,魔术贴鞋,52,174,57,99,96,MD发泡底,户外机能,其他品牌,0,1,1184,2
1205,魔术贴鞋,49,115,86,99,96,TPR鞋底,运动休闲,斯凯奇潮,0,1,2962,2
1641,系带设计,50,188,66,124,91,橡胶大底,潮流高街,鸿星尔克,0,0,558,1
2482,套脚款式,50,132,77,102,90,PU中底,简约百搭,阿迪达斯,1,0,1065,1
100,魔术贴鞋,52,291,98,285,100,MD发泡底,户外机能,特步男鞋,0,1,337,2
1288,系带设计,52,343,60,206,91,TPR鞋底,潮流高街,鸿星尔克,1,1,513,2
326,套脚款式,39,136,73,99,98,橡胶大底,工装硬朗,耐克潮流,0,1,2830,2
943,拉链鞋款,46,189,66,125,96,MD发泡底,运动休闲,特步男鞋,0,1,278,2
9801,套脚款式,57,182,76,138,90,MD发泡底,工装硬朗,李宁休闲,1,1,3438,2
777,拉链鞋款,43,135,82,111,94,TPR鞋底,工装硬朗,安踏运动,1,1,1088,2
1266,套脚款式,40,253,57,144,97,MD发泡底,复古潮鞋,阿迪达斯,0,0,3330,1
1058,松紧带鞋,47,149,94,140,87,EVA轻底,户外机能,回力经典,1,1,35,2
1975,套脚款式,39,380,79,300,97,MD发泡底,潮流高街,鸿星尔克,0,0,29,3
668,套脚款式,50,218,79,172,92,EVA轻底,日常休闲,斯凯奇潮,1,0,14,1
313,系带设计,52,230,50,115,95,橡胶大底,复古潮鞋,京东京造,0,1,977,2
958,套脚款式,55,116,85,99,97,PU中底,户外机能,特步男鞋,0,1,4,2
5984,松紧带鞋,55,260,81,211,91,TPR鞋底,复古潮鞋,鸿星尔克,0,1,1096,2
1753,魔术贴鞋,61,162,61,99,97,混合鞋底,日常休闲,耐克潮流,1,1,677,2
793,松紧带鞋,60,168,82,138,90,PU中底,工装硬朗,耐克潮流,1,0,625,1
2256,套脚款式,41,178,98,174,97,混合鞋底,简约百搭,李宁休闲,1,0,518,1
4879,系带设计,51,162,72,117,92,MD发泡底,户外机能,斯凯奇潮,0,0,4575,1
2464,系带设计,48,239,83,198,92,PU中底,复古潮鞋,阿迪达斯,0,0,9,1
4898,系带设计,43,129,77,99,94,MD发泡底,日常休闲,斯凯奇潮,1,1,244,2
770,拉链鞋款,42,315,85,268,99,MD发泡底,潮流高街,京东京造,0,1,262,2
3879,松紧带鞋,49,182,79,144,95,PU中底,日常休闲,斯凯奇潮,1,1,799,2
4048,系带设计,47,140,89,125,100,MD发泡底,日常休闲,安踏运动,1,1,1054,2
207,系带设计,54,231,72,166,96,MD发泡底,日常休闲,其他品牌,1,0,835,1
3541,系带设计,41,194,51,99,97,MD发泡底,运动休闲,安踏运动,0,1,169,2
3504,魔术贴鞋,57,102,97,99,100,EVA轻底,户外机能,鸿星尔克,0,1,48,2
493,套脚款式,38,171,58,99,97,橡胶大底,日常休闲,李宁休闲,0,1,2547,2
3779,系带设计,41,137,86,118,92,橡胶大底,潮流高街,京东京造,1,1,302,2
480,系带设计,37,373,81,302,90,橡胶大底,运动休闲,京东京造,1,0,348,3
945,拉链鞋款,51,216,90,194,92,混合鞋底,潮流高街,特步男鞋,1,0,40,1
867,魔术贴鞋,49,179,75,134,92,TPR鞋底,户外机能,阿迪达斯,1,0,15,1
659,松紧带鞋,33,521,58,302,94,橡胶大底,潮流高街,鸿星尔克,0,1,23,3
444,魔术贴鞋,50,143,69,99,93,橡胶大底,户外机能,阿迪达斯,1,1,29,2
3411,拉链鞋款,39,284,85,241,91,橡胶大底,潮流高街,京东京造,0,1,538,2
4124,拉链鞋款,59,404,71,287,92,混合鞋底,户外机能,特步男鞋,1,1,1047,3
6898,系带设计,48,171,94,161,94,TPR鞋底,潮流高街,李宁休闲,1,0,1249,1
3733,松紧带鞋,57,321,53,170,93,MD发泡底,户外机能,回力经典,1,0,49,1
63,松紧带鞋,50,112,94,105,92,TPR鞋底,潮流高街,李宁休闲,0,0,3170,1
327,套脚款式,40,162,77,125,95,MD发泡底,运动休闲,鸿星尔克,0,1,14,2
507,拉链鞋款,53,178,64,114,94,PU中底,潮流高街,斯凯奇潮,0,1,16,2
790,魔术贴鞋,59,102,97,99,97,TPR鞋底,复古潮鞋,耐克潮流,1,0,508,1
479,拉链鞋款,47,177,56,99,89,橡胶大底,复古潮鞋,特步男鞋,1,1,1008,2
937,魔术贴鞋,52,141,82,116,97,EVA轻底,运动休闲,斯凯奇潮,1,1,1187,2
7350,拉链鞋款,43,165,60,99,95,PU中底,潮流高街,李宁休闲,1,0,274,1
3630,拉链鞋款,47,223,52,116,90,混合鞋底,日常休闲,安踏运动,1,1,1383,2
1036,拉链鞋款,36,174,97,169,92,混合鞋底,复古潮鞋,特步男鞋,1,1,1140,2
967,魔术贴鞋,58,169,90,152,99,橡胶大底,日常休闲,阿迪达斯,1,0,1066,1
4300,系带设计,37,127,88,112,96,橡胶大底,日常休闲,其他品牌,0,0,21,1
1051,系带设计,60,174,100,174,99,橡胶大底,运动休闲,京东京造,0,1,411,2
2587,拉链鞋款,34,105,94,99,96,MD发泡底,户外机能,京东京造,0,0,3057,1
4431,拉链鞋款,55,153,79,121,95,MD发泡底,户外机能,斯凯奇潮,0,1,691,2
13454,魔术贴鞋,42,151,72,109,91,橡胶大底,工装硬朗,阿迪达斯,0,0,395,0
775,魔术贴鞋,47,151,77,116,95,混合鞋底,工装硬朗,李宁休闲,0,1,1225,2
2361,松紧带鞋,39,156,86,134,85,MD发泡底,运动休闲,特步男鞋,1,1,839,2
2221,套脚款式,52,602,54,325,91,MD发泡底,户外机能,特步男鞋,0,1,1169,3
367,拉链鞋款,46,141,70,99,93,EVA轻底,运动休闲,其他品牌,0,0,9,1
904,套脚款式,58,112,95,106,96,TPR鞋底,简约百搭,京东京造,1,0,24,1
3037,魔术贴鞋,48,287,91,261,94,MD发泡底,日常休闲,京东京造,1,0,329,1
651,套脚款式,55,410,100,410,94,TPR鞋底,日常休闲,京东京造,1,0,151,3
370,松紧带鞋,52,193,73,141,96,EVA轻底,潮流高街,回力经典,0,0,237,1
576,套脚款式,48,278,68,189,100,TPR鞋底,户外机能,鸿星尔克,0,1,1301,2
336,拉链鞋款,52,199,84,167,94,EVA轻底,复古潮鞋,特步男鞋,1,0,1260,1
1411,系带设计,49,152,65,99,92,混合鞋底,复古潮鞋,耐克潮流,1,1,4592,2
5850,松紧带鞋,51,146,68,99,96,PU中底,复古潮鞋,回力经典,1,1,28,2
223,系带设计,52,143,69,99,93,橡胶大底,复古潮鞋,其他品牌,1,0,607,1
298,套脚款式,36,199,73,145,94,橡胶大底,户外机能,鸿星尔克,1,0,632,1
556,松紧带鞋,36,245,86,211,91,橡胶大底,日常休闲,京东京造,0,0,622,1
412,魔术贴鞋,34,138,72,99,99,橡胶大底,复古潮鞋,其他品牌,0,0,348,1
3698,系带设计,58,121,82,99,93,混合鞋底,复古潮鞋,阿迪达斯,0,1,1037,2
1744,系带设计,59,108,92,99,95,橡胶大底,日常休闲,阿迪达斯,1,1,27,2
6820,系带设计,43,112,88,99,100,橡胶大底,潮流高街,耐克潮流,0,1,17,2
9665,松紧带鞋,49,379,76,288,96,EVA轻底,运动休闲,特步男鞋,1,1,512,3
701,系带设计,44,149,93,139,92,MD发泡底,日常休闲,安踏运动,1,1,6,2
668,松紧带鞋,38,180,99,178,95,EVA轻底,日常休闲,特步男鞋,1,0,6,1
122,系带设计,59,136,99,135,94,橡胶大底,运动休闲,耐克潮流,1,0,862,1
485,系带设计,42,447,53,237,86,TPR鞋底,户外机能,鸿星尔克,1,1,792,3
4505,套脚款式,38,298,50,149,87,TPR鞋底,户外机能,回力经典,1,0,213,1
641,魔术贴鞋,49,475,53,252,90,混合鞋底,运动休闲,安踏运动,0,1,50,3
4891,套脚款式,54,260,72,187,91,EVA轻底,工装硬朗,耐克潮流,0,0,960,1
107,套脚款式,61,180,55,99,96,MD发泡底,日常休闲,李宁休闲,1,1,830,2
189,魔术贴鞋,53,108,92,99,91,PU中底,复古潮鞋,阿迪达斯,1,1,10,2
685,松紧带鞋,41,275,55,151,91,混合鞋底,潮流高街,京东京造,1,1,177,2
937,拉链鞋款,61,334,56,187,94,橡胶大底,简约百搭,斯凯奇潮,0,0,26,1
2009,松紧带鞋,59,144,88,127,100,PU中底,户外机能,耐克潮流,0,1,4051,2
7525,系带设计,44,163,94,153,99,EVA轻底,简约百搭,斯凯奇潮,1,0,1454,1
1149,系带设计,47,330,70,231,93,PU中底,简约百搭,特步男鞋,0,1,363,2
6990,套脚款式,43,181,70,127,90,TPR鞋底,简约百搭,安踏运动,1,0,618,1
16120,拉链鞋款,38,136,73,99,96,MD发泡底,日常休闲,阿迪达斯,0,0,900,0
1675,套脚款式,50,656,55,361,87,TPR鞋底,潮流高街,其他品牌,0,0,378,3
1124,魔术贴鞋,43,400,57,228,93,MD发泡底,潮流高街,斯凯奇潮,1,0,179,3
444,拉链鞋款,54,146,68,99,90,TPR鞋底,日常休闲,耐克潮流,0,1,1453,2
1409,魔术贴鞋,38,287,55,158,95,混合鞋底,潮流高街,斯凯奇潮,0,0,1094,1
7009,魔术贴鞋,58,281,73,205,99,TPR鞋底,工装硬朗,特步男鞋,1,0,597,1
92,魔术贴鞋,18,103,96,99,91,橡胶大底,工装硬朗,特步男鞋,0,0,863,1
637,松紧带鞋,57,350,60,210,90,MD发泡底,潮流高街,安踏运动,0,1,680,2
787,系带设计,45,99,100,99,100,EVA轻底,潮流高街,安踏运动,1,0,1250,1
3852,系带设计,35,146,68,99,92,MD发泡底,日常休闲,其他品牌,1,0,42,1
213,魔术贴鞋,63,127,78,99,96,TPR鞋底,户外机能,李宁休闲,0,1,367,2
1348,套脚款式,41,170,79,134,92,混合鞋底,简约百搭,安踏运动,1,0,1317,1
842,系带设计,41,302,92,278,97,TPR鞋底,日常休闲,其他品牌,1,1,500,2
628,系带设计,48,120,88,106,89,MD发泡底,简约百搭,回力经典,0,1,29,2
974,魔术贴鞋,52,187,53,99,94,TPR鞋底,日常休闲,安踏运动,1,0,40,1
2147,拉链鞋款,47,249,69,172,94,混合鞋底,复古潮鞋,李宁休闲,0,1,2746,2
852,拉链鞋款,40,171,58,99,94,EVA轻底,工装硬朗,阿迪达斯,0,1,1014,2
2228,魔术贴鞋,32,123,92,113,96,PU中底,潮流高街,京东京造,0,1,46,2
444,系带设计,53,177,75,133,95,PU中底,潮流高街,李宁休闲,0,0,1439,1
1558,系带设计,47,509,54,275,92,MD发泡底,运动休闲,耐克潮流,0,1,270,3
7645,套脚款式,42,341,98,334,94,TPR鞋底,运动休闲,李宁休闲,0,0,205,3
11365,魔术贴鞋,63,250,54,135,89,混合鞋底,日常休闲,阿迪达斯,0,1,606,0
1101,拉链鞋款,32,302,55,166,88,EVA轻底,日常休闲,鸿星尔克,0,0,1129,1
1693,套脚款式,45,209,85,178,94,TPR鞋底,工装硬朗,斯凯奇潮,1,0,1159,1
3201,系带设计,25,246,52,128,93,TPR鞋底,日常休闲,其他品牌,1,1,41,2
2571,松紧带鞋,43,237,60,142,90,MD发泡底,简约百搭,京东京造,0,0,475,1
40998,松紧带鞋,47,205,93,191,97,混合鞋底,运动休闲,阿迪达斯,0,0,29,0
217,拉链鞋款,51,106,93,99,94,TPR鞋底,运动休闲,鸿星尔克,0,0,181,1
1637,套脚款式,47,184,70,129,90,TPR鞋底,潮流高街,鸿星尔克,0,1,542,2
8992,魔术贴鞋,48,434,58,252,93,混合鞋底,简约百搭,京东京造,1,0,1143,3
309,魔术贴鞋,48,138,76,105,90,混合鞋底,工装硬朗,安踏运动,1,0,31,1
1220,拉链鞋款,42,160,62,99,97,橡胶大底,运动休闲,耐克潮流,1,1,911,2
259,魔术贴鞋,41,169,86,145,100,MD发泡底,工装硬朗,特步男鞋,1,0,150,1
86,松紧带鞋,52,225,83,187,97,混合鞋底,运动休闲,特步男鞋,0,0,1291,1
180,魔术贴鞋,32,121,82,99,94,TPR鞋底,潮流高街,斯凯奇潮,1,1,15,2
6173,魔术贴鞋,57,141,70,99,90,混合鞋底,潮流高街,安踏运动,1,1,1188,2
106,魔术贴鞋,50,173,86,149,100,EVA轻底,潮流高街,特步男鞋,0,0,627,1
347,套脚款式,31,111,89,99,93,PU中底,日常休闲,安踏运动,0,0,2103,1
1593,松紧带鞋,60,209,57,119,95,橡胶大底,工装硬朗,特步男鞋,1,1,1107,2
2445,系带设计,58,320,98,314,89,混合鞋底,复古潮鞋,其他品牌,0,1,512,3
2460,套脚款式,50,155,67,104,96,橡胶大底,运动休闲,回力经典,1,1,30,2
1159,魔术贴鞋,47,187,53,99,91,EVA轻底,户外机能,回力经典,1,1,1003,2
2561,松紧带鞋,50,174,96,167,94,TPR鞋底,工装硬朗,耐克潮流,1,1,163,2
455,套脚款式,50,186,56,104,90,EVA轻底,工装硬朗,耐克潮流,1,0,100,1
1208,松紧带鞋,51,372,76,283,97,MD发泡底,复古潮鞋,特步男鞋,0,0,13,3
3770,松紧带鞋,24,261,66,172,94,TPR鞋底,工装硬朗,其他品牌,0,0,1214,1
73,魔术贴鞋,49,402,66,265,93,TPR鞋底,日常休闲,李宁休闲,0,0,2248,3
733,拉链鞋款,29,142,88,125,95,TPR鞋底,工装硬朗,斯凯奇潮,0,0,19,1
1241,拉链鞋款,36,157,63,99,90,TPR鞋底,复古潮鞋,阿迪达斯,1,1,1090,2
323,拉链鞋款,41,163,100,163,95,橡胶大底,简约百搭,安踏运动,0,1,1382,2
2150,松紧带鞋,55,111,89,99,97,TPR鞋底,简约百搭,阿迪达斯,1,1,1182,2
6368,魔术贴鞋,46,231,51,118,96,橡胶大底,工装硬朗,李宁休闲,1,0,527,1
1564,系带设计,22,144,75,108,93,TPR鞋底,潮流高街,安踏运动,1,0,550,1
914,套脚款式,35,242,71,172,100,EVA轻底,复古潮鞋,京东京造,0,0,948,1
19717,魔术贴鞋,35,222,64,142,90,橡胶大底,户外机能,安踏运动,0,0,783,0
441,拉链鞋款,42,154,79,122,89,TPR鞋底,户外机能,斯凯奇潮,0,0,3634,1
645,魔术贴鞋,51,478,51,244,97,TPR鞋底,简约百搭,安踏运动,0,0,633,3
553,松紧带鞋,53,137,76,104,99,混合鞋底,运动休闲,京东京造,1,1,319,2
141,松紧带鞋,51,270,56,151,92,MD发泡底,日常休闲,阿迪达斯,1,1,302,2
5736,拉链鞋款,54,139,79,110,96,EVA轻底,户外机能,特步男鞋,1,0,1026,1
185,松紧带鞋,44,203,59,120,94,TPR鞋底,复古潮鞋,耐克潮流,0,1,16,2
765,系带设计,36,108,97,105,91,EVA轻底,复古潮鞋,耐克潮流,1,0,25,1
387,拉链鞋款,43,148,67,99,99,EVA轻底,工装硬朗,耐克潮流,1,0,572,1
3716,拉链鞋款,48,1094,51,558,93,PU中底,简约百搭,其他品牌,1,0,519,3
1687,套脚款式,53,177,56,99,93,MD发泡底,复古潮鞋,李宁休闲,0,1,44,2
1039,魔术贴鞋,55,174,76,132,100,混合鞋底,运动休闲,耐克潮流,1,0,203,1
371,系带设计,60,331,54,179,94,MD发泡底,工装硬朗,李宁休闲,0,1,40,2
2639,拉链鞋款,35,119,83,99,94,混合鞋底,运动休闲,斯凯奇潮,1,1,14,2
899,套脚款式,36,323,81,262,85,EVA轻底,工装硬朗,鸿星尔克,1,1,19,3
3232,松紧带鞋,61,218,66,144,94,PU中底,日常休闲,斯凯奇潮,1,0,1400,1
488,套脚款式,44,346,95,329,99,EVA轻底,户外机能,特步男鞋,0,1,674,3
206,套脚款式,50,109,91,99,97,混合鞋底,潮流高街,安踏运动,0,0,1350,1
5559,套脚款式,48,288,51,147,90,PU中底,复古潮鞋,京东京造,1,1,4,2
3019,套脚款式,52,127,78,99,91,MD发泡底,复古潮鞋,斯凯奇潮,1,1,247,2
1111,拉链鞋款,40,527,71,374,94,MD发泡底,运动休闲,京东京造,1,1,626,3
1319,魔术贴鞋,41,122,81,99,96,PU中底,复古潮鞋,安踏运动,1,1,42,2
310,系带设计,35,241,66,159,97,MD发泡底,日常休闲,李宁休闲,1,0,13,1
213,拉链鞋款,31,221,57,126,97,橡胶大底,工装硬朗,斯凯奇潮,0,1,359,2
5783,魔术贴鞋,45,327,60,196,97,EVA轻底,复古潮鞋,阿迪达斯,0,1,30,2
1426,魔术贴鞋,48,259,81,210,93,EVA轻底,简约百搭,阿迪达斯,0,1,11,2
1775,魔术贴鞋,35,116,85,99,85,MD发泡底,工装硬朗,斯凯奇潮,1,1,805,2
200,拉链鞋款,53,198,50,99,90,橡胶大底,运动休闲,京东京造,0,1,907,2
577,系带设计,49,99,100,99,96,PU中底,复古潮鞋,鸿星尔克,1,0,1153,1
783,套脚款式,60,207,74,153,92,TPR鞋底,潮流高街,李宁休闲,0,0,3087,1
1665,拉链鞋款,25,254,59,150,92,橡胶大底,复古潮鞋,李宁休闲,0,1,198,2
1736,套脚款式,44,254,71,180,94,TPR鞋底,复古潮鞋,回力经典,0,1,341,2
544,套脚款式,59,122,81,99,97,混合鞋底,日常休闲,耐克潮流,0,0,1074,1
975,魔术贴鞋,55,121,82,99,94,混合鞋底,简约百搭,特步男鞋,0,0,195,1
453,拉链鞋款,43,415,55,228,85,MD发泡底,复古潮鞋,李宁休闲,1,0,3327,3
428,系带设计,59,224,91,204,100,PU中底,运动休闲,李宁休闲,1,0,191,1
2124,魔术贴鞋,46,311,85,264,96,TPR鞋底,运动休闲,特步男鞋,0,1,1371,2
1899,松紧带鞋,54,198,50,99,94,MD发泡底,简约百搭,斯凯奇潮,1,0,664,1
1297,松紧带鞋,53,226,80,181,100,PU中底,潮流高街,特步男鞋,1,0,660,1
1135,套脚款式,55,141,70,99,95,TPR鞋底,户外机能,阿迪达斯,0,1,341,2
4255,套脚款式,55,142,99,141,94,EVA轻底,复古潮鞋,回力经典,0,1,26,2
333,套脚款式,57,290,67,194,91,MD发泡底,运动休闲,回力经典,1,1,914,2
1012,套脚款式,48,174,57,99,90,MD发泡底,工装硬朗,安踏运动,0,0,35,1
8706,系带设计,38,220,56,123,90,橡胶大底,运动休闲,阿迪达斯,1,0,1041,1
1122,魔术贴鞋,63,105,94,99,90,PU中底,简约百搭,耐克潮流,0,1,1012,2
2188,拉链鞋款,36,155,67,104,95,PU中底,复古潮鞋,安踏运动,1,1,797,2
2734,拉链鞋款,54,165,71,117,94,EVA轻底,户外机能,回力经典,0,1,1239,2
7727,套脚款式,32,168,59,99,88,混合鞋底,简约百搭,回力经典,1,1,812,2
143,系带设计,38,148,67,99,99,TPR鞋底,户外机能,李宁休闲,1,0,265,1
1194,魔术贴鞋,44,114,87,99,98,PU中底,复古潮鞋,斯凯奇潮,0,1,1207,2
1035,套脚款式,38,127,78,99,95,EVA轻底,运动休闲,耐克潮流,1,1,1011,2
1333,松紧带鞋,52,202,60,121,94,MD发泡底,运动休闲,耐克潮流,0,1,31,2
3404,松紧带鞋,59,136,73,99,98,橡胶大底,日常休闲,阿迪达斯,0,1,867,2
3037,魔术贴鞋,53,252,79,199,100,TPR鞋底,工装硬朗,回力经典,0,0,1040,1
6622,松紧带鞋,49,102,97,99,97,混合鞋底,简约百搭,京东京造,1,0,336,1
2791,魔术贴鞋,50,130,76,99,95,EVA轻底,运动休闲,鸿星尔克,1,0,1410,1
1268,系带设计,46,171,82,140,94,EVA轻底,运动休闲,鸿星尔克,1,1,1193,2
1935,松紧带鞋,51,194,51,99,94,橡胶大底,户外机能,李宁休闲,1,0,4255,1
381,松紧带鞋,32,150,72,108,94,橡胶大底,潮流高街,京东京造,0,0,506,1
698,套脚款式,49,163,67,109,91,EVA轻底,简约百搭,李宁休闲,0,0,899,1
1369,系带设计,53,121,82,99,99,橡胶大底,运动休闲,特步男鞋,0,1,1169,2
1354,套脚款式,50,111,96,107,90,PU中底,日常休闲,京东京造,1,0,1054,1
613,魔术贴鞋,60,192,88,169,94,EVA轻底,运动休闲,其他品牌,1,1,120,2
266,拉链鞋款,41,114,87,99,92,TPR鞋底,工装硬朗,阿迪达斯,0,0,1471,1
2361,拉链鞋款,51,111,89,99,96,EVA轻底,简约百搭,京东京造,1,0,32,1
3979,松紧带鞋,38,318,55,175,87,MD发泡底,工装硬朗,特步男鞋,0,0,826,1
698,拉链鞋款,39,132,75,99,89,EVA轻底,运动休闲,斯凯奇潮,0,0,1181,1
722,拉链鞋款,54,553,57,315,91,橡胶大底,潮流高街,回力经典,0,0,839,3
866,系带设计,50,121,82,99,90,混合鞋底,运动休闲,斯凯奇潮,1,0,22,1
644,套脚款式,45,103,96,99,91,混合鞋底,日常休闲,鸿星尔克,0,1,41,2
475,魔术贴鞋,49,271,55,149,90,MD发泡底,运动休闲,特步男鞋,1,1,136,2
4001,系带设计,45,122,100,122,94,橡胶大底,工装硬朗,斯凯奇潮,1,1,4022,2
237,魔术贴鞋,45,273,83,227,88,PU中底,日常休闲,李宁休闲,1,1,617,2
551,拉链鞋款,55,140,100,140,91,橡胶大底,简约百搭,耐克潮流,1,0,2064,1
228,系带设计,54,133,79,105,93,混合鞋底,日常休闲,安踏运动,1,0,1415,1
1019,套脚款式,57,218,50,109,97,混合鞋底,户外机能,安踏运动,1,0,782,1
7342,系带设计,54,398,50,199,93,PU中底,潮流高街,安踏运动,1,0,50,3
563,套脚款式,52,274,61,167,97,MD发泡底,潮流高街,安踏运动,0,1,219,2
3114,魔术贴鞋,51,416,61,254,94,TPR鞋底,户外机能,李宁休闲,0,0,22,3
527,套脚款式,47,109,91,99,95,TPR鞋底,潮流高街,特步男鞋,1,0,1348,1
1316,系带设计,42,146,76,111,92,PU中底,复古潮鞋,李宁休闲,0,1,431,2
6581,魔术贴鞋,50,178,59,105,90,PU中底,日常休闲,斯凯奇潮,1,0,861,1
193,拉链鞋款,35,173,60,104,97,PU中底,工装硬朗,李宁休闲,0,0,6,1
2116,魔术贴鞋,42,115,86,99,87,EVA轻底,简约百搭,斯凯奇潮,1,1,18,2
231,松紧带鞋,50,130,76,99,90,MD发泡底,日常休闲,李宁休闲,1,1,4,2
642,松紧带鞋,53,275,73,201,92,EVA轻底,潮流高街,其他品牌,0,0,1455,1
3981,魔术贴鞋,50,190,52,99,86,TPR鞋底,运动休闲,其他品牌,0,1,341,2
679,系带设计,45,157,63,99,98,TPR鞋底,简约百搭,特步男鞋,1,0,893,1
2296,系带设计,45,110,90,99,98,EVA轻底,工装硬朗,特步男鞋,0,0,1,1
3871,套脚款式,41,169,91,154,97,EVA轻底,简约百搭,其他品牌,0,1,4266,2
1577,松紧带鞋,53,141,70,99,96,混合鞋底,户外机能,耐克潮流,1,0,859,1
261,拉链鞋款,22,103,96,99,91,混合鞋底,潮流高街,安踏运动,0,0,2556,1
319,拉链鞋款,40,165,60,99,93,PU中底,户外机能,回力经典,1,1,241,2
3081,魔术贴鞋,39,145,98,142,95,MD发泡底,潮流高街,安踏运动,0,0,972,1
447,松紧带鞋,47,900,53,477,92,EVA轻底,户外机能,特步男鞋,0,0,3109,3
1764,系带设计,54,348,54,188,95,MD发泡底,户外机能,李宁休闲,1,0,3322,1
4091,拉链鞋款,50,247,73,180,100,混合鞋底,户外机能,特步男鞋,0,1,1221,2
392,拉链鞋款,38,147,95,140,93,混合鞋底,简约百搭,特步男鞋,0,0,20,1
1826,拉链鞋款,62,138,72,99,99,MD发泡底,简约百搭,回力经典,1,0,1085,1
978,系带设计,52,446,56,250,97,混合鞋底,工装硬朗,安踏运动,0,0,957,3
2018,松紧带鞋,52,319,68,217,85,PU中底,潮流高街,其他品牌,0,0,297,1
10820,魔术贴鞋,54,230,64,147,90,混合鞋底,潮流高街,回力经典,0,0,2009,0
399,系带设计,64,258,52,134,91,MD发泡底,简约百搭,鸿星尔克,0,0,341,1
712,拉链鞋款,42,326,94,306,88,MD发泡底,工装硬朗,李宁休闲,1,0,1203,3
950,系带设计,39,185,100,185,97,混合鞋底,户外机能,其他品牌,1,1,44,2
1362,松紧带鞋,43,1092,64,699,85,橡胶大底,日常休闲,其他品牌,1,1,1080,3
2333,系带设计,40,132,97,128,91,混合鞋底,日常休闲,鸿星尔克,1,0,861,1
3629,魔术贴鞋,42,112,93,104,93,EVA轻底,简约百搭,耐克潮流,0,1,281,2
46,魔术贴鞋,52,634,50,317,96,MD发泡底,户外机能,李宁休闲,0,0,2599,3
11477,松紧带鞋,45,186,87,162,95,MD发泡底,潮流高街,其他品牌,0,0,368,0
607,魔术贴鞋,40,262,69,181,96,混合鞋底,简约百搭,其他品牌,1,0,12,1
215,松紧带鞋,54,178,99,176,92,MD发泡底,工装硬朗,回力经典,0,0,771,1
554,拉链鞋款,46,143,69,99,95,TPR鞋底,潮流高街,回力经典,0,0,597,1
13402,拉链鞋款,48,141,70,99,93,混合鞋底,运动休闲,其他品牌,1,0,1213,0
1798,系带设计,52,376,54,203,92,TPR鞋底,潮流高街,李宁休闲,1,1,8,2
1093,套脚款式,54,346,54,187,91,混合鞋底,工装硬朗,鸿星尔克,0,1,1349,2
1025,魔术贴鞋,29,109,92,100,97,EVA轻底,简约百搭,安踏运动,0,1,3599,2
1240,松紧带鞋,40,195,60,117,93,橡胶大底,日常休闲,李宁休闲,0,0,931,1
875,魔术贴鞋,51,157,63,99,100,MD发泡底,复古潮鞋,阿迪达斯,1,0,36,1
154,魔术贴鞋,34,127,82,104,91,TPR鞋底,工装硬朗,京东京造,0,0,204,1
368,系带设计,43,190,87,165,96,橡胶大底,运动休闲,耐克潮流,0,1,1021,2
4227,系带设计,52,138,72,99,95,混合鞋底,简约百搭,其他品牌,0,0,399,1
2385,套脚款式,47,118,88,104,91,TPR鞋底,简约百搭,鸿星尔克,0,0,29,1
210,松紧带鞋,50,112,88,99,93,EVA轻底,运动休闲,阿迪达斯,0,1,336,2
3475,拉链鞋款,43,139,71,99,91,MD发泡底,运动休闲,安踏运动,1,0,2877,1
399,松紧带鞋,59,410,58,238,90,PU中底,运动休闲,其他品牌,0,0,647,3
110,拉链鞋款,49,385,73,281,100,混合鞋底,运动休闲,回力经典,0,0,1382,3
447,套脚款式,52,213,79,168,91,EVA轻底,日常休闲,李宁休闲,0,1,10,2
1461,系带设计,46,118,96,113,94,橡胶大底,复古潮鞋,其他品牌,1,1,47,2
2387,魔术贴鞋,52,194,51,99,92,橡胶大底,工装硬朗,安踏运动,1,1,675,2
1973,拉链鞋款,55,102,97,99,91,混合鞋底,日常休闲,耐克潮流,0,0,881,1
2121,套脚款式,53,200,57,114,96,MD发泡底,日常休闲,京东京造,1,0,344,1
7863,拉链鞋款,44,217,54,117,97,PU中底,简约百搭,特步男鞋,1,1,2008,2
2241,松紧带鞋,34,441,54,238,93,橡胶大底,日常休闲,其他品牌,1,1,1371,3
6038,套脚款式,39,138,88,121,98,EVA轻底,潮流高街,阿迪达斯,1,0,2404,1
441,拉链鞋款,46,259,63,163,95,橡胶大底,户外机能,李宁休闲,1,1,3536,2
351,松紧带鞋,45,197,87,171,91,橡胶大底,工装硬朗,京东京造,0,1,13,2
2689,拉链鞋款,54,468,62,290,90,MD发泡底,运动休闲,回力经典,0,1,261,3
234,套脚款式,34,146,81,118,92,MD发泡底,潮流高街,斯凯奇潮,0,1,4762,2
4114,魔术贴鞋,65,116,85,99,98,TPR鞋底,复古潮鞋,回力经典,0,0,981,1
6305,套脚款式,48,296,72,213,94,TPR鞋底,复古潮鞋,鸿星尔克,1,0,34,1
485,拉链鞋款,48,120,100,120,96,TPR鞋底,工装硬朗,李宁休闲,1,1,1419,2
690,魔术贴鞋,36,122,81,99,97,PU中底,日常休闲,特步男鞋,0,1,291,2
801,拉链鞋款,41,139,83,115,96,MD发泡底,简约百搭,鸿星尔克,1,0,25,1
1154,套脚款式,56,247,75,185,100,EVA轻底,简约百搭,回力经典,1,1,18,2
609,松紧带鞋,46,119,83,99,91,MD发泡底,潮流高街,斯凯奇潮,0,1,3194,2
3191,松紧带鞋,45,162,61,99,93,混合鞋底,户外机能,李宁休闲,1,1,4629,2
1306,魔术贴鞋,31,522,58,303,95,橡胶大底,日常休闲,特步男鞋,0,0,31,3
295,套脚款式,49,534,50,267,90,TPR鞋底,工装硬朗,李宁休闲,1,0,27,3
2581,拉链鞋款,57,180,55,99,95,橡胶大底,潮流高街,回力经典,1,1,4706,2
1294,松紧带鞋,55,286,79,226,98,橡胶大底,工装硬朗,其他品牌,0,0,397,1
216,系带设计,47,126,94,118,99,橡胶大底,日常休闲,阿迪达斯,1,1,1364,2
7583,松紧带鞋,49,228,94,214,90,PU中底,简约百搭,斯凯奇潮,0,1,904,2
726,套脚款式,46,203,76,154,96,混合鞋底,工装硬朗,李宁休闲,1,0,784,1
431,魔术贴鞋,54,160,62,99,94,MD发泡底,日常休闲,京东京造,0,0,834,1
4607,魔术贴鞋,45,558,73,407,90,EVA轻底,户外机能,斯凯奇潮,1,0,42,3
1142,松紧带鞋,57,165,63,104,96,橡胶大底,日常休闲,斯凯奇潮,1,1,1476,2
276,魔术贴鞋,59,148,84,124,90,TPR鞋底,简约百搭,李宁休闲,0,0,874,1
2793,系带设计,36,178,76,135,92,橡胶大底,日常休闲,回力经典,1,0,676,1
5312,拉链鞋款,53,109,91,99,95,TPR鞋底,日常休闲,安踏运动,1,1,40,2
2800,松紧带鞋,50,186,85,158,97,EVA轻底,日常休闲,鸿星尔克,0,0,31,1
11404,松紧带鞋,58,119,93,111,91,EVA轻底,日常休闲,阿迪达斯,1,0,3817,0
698,套脚款式,51,275,99,272,96,PU中底,工装硬朗,阿迪达斯,1,1,685,2
705,套脚款式,56,104,95,99,96,EVA轻底,简约百搭,鸿星尔克,1,1,795,2
1091,拉链鞋款,58,165,93,153,97,EVA轻底,简约百搭,耐克潮流,1,0,1440,1
19469,魔术贴鞋,44,106,93,99,92,橡胶大底,潮流高街,鸿星尔克,0,0,1359,0
1698,套脚款式,42,160,62,99,96,MD发泡底,工装硬朗,鸿星尔克,0,1,736,2
1701,魔术贴鞋,39,269,84,226,96,PU中底,潮流高街,京东京造,1,0,31,1
1325,套脚款式,38,198,50,99,92,橡胶大底,潮流高街,鸿星尔克,1,1,1032,2
128,魔术贴鞋,36,132,75,99,90,混合鞋底,日常休闲,李宁休闲,0,0,4770,1
25667,系带设计,53,323,77,249,91,EVA轻底,复古潮鞋,耐克潮流,0,1,1296,0
2161,松紧带鞋,48,162,61,99,90,混合鞋底,运动休闲,斯凯奇潮,0,0,14,1
232,系带设计,42,138,72,99,98,MD发泡底,运动休闲,耐克潮流,0,1,242,2
1001,松紧带鞋,51,209,70,146,95,MD发泡底,潮流高街,其他品牌,1,1,2175,2
611,松紧带鞋,38,156,70,109,98,MD发泡底,日常休闲,安踏运动,1,0,1218,1
110,套脚款式,52,238,61,145,97,橡胶大底,日常休闲,其他品牌,1,0,977,1
6159,拉链鞋款,51,122,81,99,98,混合鞋底,复古潮鞋,斯凯奇潮,1,0,978,1
27,松紧带鞋,55,230,74,170,90,MD发泡底,简约百搭,耐克潮流,1,0,4339,1
2902,系带设计,40,171,58,99,86,PU中底,工装硬朗,安踏运动,1,0,967,1
743,系带设计,18,126,85,107,95,EVA轻底,潮流高街,李宁休闲,0,1,6,2
6083,系带设计,52,157,82,129,93,PU中底,运动休闲,特步男鞋,1,0,44,1
3019,拉链鞋款,52,138,80,110,94,TPR鞋底,日常休闲,鸿星尔克,0,1,1179,2
1966,松紧带鞋,49,141,70,99,90,PU中底,复古潮鞋,鸿星尔克,0,0,209,1
2384,拉链鞋款,53,114,87,99,90,混合鞋底,简约百搭,回力经典,0,0,87,1
129,魔术贴鞋,53,236,59,139,85,PU中底,简约百搭,耐克潮流,1,0,3166,1
2486,系带设计,52,396,55,218,91,橡胶大底,运动休闲,安踏运动,1,0,1071,3
784,松紧带鞋,44,177,56,99,90,TPR鞋底,潮流高街,回力经典,0,1,826,2
3220,松紧带鞋,45,222,73,162,94,TPR鞋底,运动休闲,耐克潮流,1,1,320,2
454,拉链鞋款,37,315,66,208,99,TPR鞋底,潮流高街,京东京造,0,0,181,1
503,系带设计,36,210,63,132,96,橡胶大底,简约百搭,鸿星尔克,0,0,1320,1
960,魔术贴鞋,60,142,88,125,90,EVA轻底,复古潮鞋,特步男鞋,1,0,44,1
141,松紧带鞋,48,247,58,143,100,橡胶大底,潮流高街,李宁休闲,0,1,22,2
523,系带设计,41,151,85,128,93,混合鞋底,工装硬朗,特步男鞋,1,1,31,2
1509,系带设计,53,198,62,123,99,EVA轻底,工装硬朗,斯凯奇潮,1,1,2738,2
351,套脚款式,31,105,94,99,97,TPR鞋底,运动休闲,安踏运动,1,0,490,1
461,套脚款式,39,160,92,147,94,TPR鞋底,运动休闲,回力经典,0,1,4540,2
1200,套脚款式,44,115,86,99,90,橡胶大底,潮流高街,其他品牌,1,0,1301,1
2300,套脚款式,42,157,63,99,95,混合鞋底,户外机能,鸿星尔克,0,1,3131,2
639,魔术贴鞋,50,356,61,217,98,TPR鞋底,工装硬朗,斯凯奇潮,0,0,614,1
2171,拉链鞋款,44,214,87,186,94,混合鞋底,复古潮鞋,其他品牌,1,0,96,1
96,拉链鞋款,48,180,86,155,91,MD发泡底,户外机能,耐克潮流,0,0,472,1
3171,系带设计,45,293,96,281,92,混合鞋底,潮流高街,鸿星尔克,1,1,1029,2
24598,系带设计,53,800,59,472,95,橡胶大底,户外机能,鸿星尔克,0,0,331,0
650,套脚款式,45,333,58,193,94,TPR鞋底,复古潮鞋,鸿星尔克,0,1,75,2
174,松紧带鞋,38,287,75,215,94,PU中底,简约百搭,李宁休闲,1,0,3808,1
151,魔术贴鞋,38,187,61,114,92,EVA轻底,复古潮鞋,其他品牌,0,0,1063,1
263,拉链鞋款,44,207,67,139,92,PU中底,日常休闲,安踏运动,1,1,9,2
672,拉链鞋款,46,264,66,174,95,EVA轻底,运动休闲,其他品牌,1,0,246,1
5807,魔术贴鞋,37,139,85,118,91,混合鞋底,运动休闲,鸿星尔克,1,1,9,2
899,拉链鞋款,52,479,62,297,91,EVA轻底,简约百搭,特步男鞋,1,0,210,3
2654,系带设计,54,242,86,208,99,EVA轻底,简约百搭,李宁休闲,0,0,4151,1
27757,套脚款式,49,152,88,134,90,MD发泡底,潮流高街,其他品牌,1,0,216,0
829,套脚款式,47,146,68,99,97,橡胶大底,工装硬朗,其他品牌,0,0,180,1
3145,松紧带鞋,46,171,87,149,88,PU中底,户外机能,京东京造,1,1,3143,2
114,松紧带鞋,38,106,93,99,90,混合鞋底,工装硬朗,京东京造,0,0,1272,1
1601,拉链鞋款,46,140,87,122,95,MD发泡底,日常休闲,鸿星尔克,1,1,622,2
355,套脚款式,44,279,70,195,98,MD发泡底,工装硬朗,耐克潮流,1,1,192,2
4183,魔术贴鞋,65,125,79,99,94,EVA轻底,运动休闲,京东京造,1,1,49,2
4170,拉链鞋款,44,300,94,282,91,混合鞋底,简约百搭,回力经典,1,0,11,1
6937,魔术贴鞋,40,356,99,352,86,EVA轻底,潮流高街,耐克潮流,1,0,557,3
3973,拉链鞋款,45,244,99,242,88,混合鞋底,简约百搭,特步男鞋,1,0,1463,1
4687,松紧带鞋,48,680,56,381,90,橡胶大底,潮流高街,耐克潮流,0,1,3032,3
802,套脚款式,46,192,73,140,91,橡胶大底,运动休闲,斯凯奇潮,0,1,877,2
79,套脚款式,60,115,86,99,87,MD发泡底,日常休闲,耐克潮流,1,1,1474,2
2307,松紧带鞋,45,129,77,99,93,PU中底,运动休闲,李宁休闲,1,0,46,1
2659,系带设计,40,155,95,147,91,MD发泡底,户外机能,阿迪达斯,1,1,41,2
543,系带设计,51,398,51,203,94,混合鞋底,日常休闲,耐克潮流,0,1,1380,3
249,系带设计,34,180,55,99,97,PU中底,工装硬朗,安踏运动,0,0,84,1
5865,系带设计,54,222,90,200,94,EVA轻底,日常休闲,斯凯奇潮,0,0,572,1
5084,系带设计,46,122,81,99,89,MD发泡底,运动休闲,阿迪达斯,1,1,1419,2
11647,套脚款式,42,124,80,99,93,混合鞋底,日常休闲,斯凯奇潮,0,0,1197,0
388,松紧带鞋,36,314,92,289,91,橡胶大底,运动休闲,鸿星尔克,0,1,41,3
1337,套脚款式,47,187,53,99,93,TPR鞋底,运动休闲,特步男鞋,1,0,48,1
184,魔术贴鞋,51,103,96,99,96,EVA轻底,日常休闲,斯凯奇潮,0,1,2257,2
685,魔术贴鞋,54,129,77,99,85,MD发泡底,户外机能,安踏运动,1,1,410,2
324,松紧带鞋,20,162,61,99,91,EVA轻底,潮流高街,鸿星尔克,0,1,243,2
2003,松紧带鞋,45,201,76,153,96,PU中底,运动休闲,鸿星尔克,0,1,1024,2
435,拉链鞋款,35,138,97,134,93,PU中底,户外机能,回力经典,1,1,46,2
1302,松紧带鞋,48,132,94,124,95,MD发泡底,简约百搭,特步男鞋,0,1,550,2
549,系带设计,51,268,50,134,100,TPR鞋底,复古潮鞋,其他品牌,1,1,47,2
1240,松紧带鞋,39,102,97,99,96,TPR鞋底,复古潮鞋,李宁休闲,1,1,4017,2
87,拉链鞋款,63,125,79,99,94,PU中底,潮流高街,李宁休闲,1,1,39,2
365,套脚款式,40,251,80,201,94,橡胶大底,运动休闲,其他品牌,0,1,1272,2
551,套脚款式,63,106,93,99,97,PU中底,工装硬朗,鸿星尔克,0,1,116,2
2637,套脚款式,51,160,62,99,95,MD发泡底,户外机能,京东京造,0,0,206,1
1407,拉链鞋款,52,139,71,99,99,混合鞋底,户外机能,李宁休闲,0,0,628,1
1360,系带设计,50,514,87,447,91,橡胶大底,简约百搭,鸿星尔克,0,1,793,3
1866,魔术贴鞋,45,357,87,311,95,PU中底,日常休闲,阿迪达斯,1,1,2148,3
3390,松紧带鞋,41,184,74,136,98,MD发泡底,复古潮鞋,京东京造,0,0,3,1
575,拉链鞋款,41,180,85,153,90,混合鞋底,运动休闲,特步男鞋,0,0,46,1
2196,松紧带鞋,44,254,61,155,92,混合鞋底,日常休闲,安踏运动,0,0,935,1
4492,松紧带鞋,44,402,56,225,92,MD发泡底,复古潮鞋,耐克潮流,1,0,3495,3
1360,拉链鞋款,51,152,65,99,97,PU中底,潮流高街,京东京造,1,0,366,1
1769,系带设计,55,194,51,99,91,混合鞋底,复古潮鞋,阿迪达斯,0,0,1146,1
2175,套脚款式,47,213,71,151,98,橡胶大底,简约百搭,李宁休闲,1,0,515,1
5649,拉链鞋款,42,190,52,99,99,TPR鞋底,日常休闲,耐克潮流,0,0,629,1
418,松紧带鞋,51,122,81,99,99,EVA轻底,户外机能,耐克潮流,1,1,150,2
218,套脚款式,37,127,78,99,91,EVA轻底,工装硬朗,特步男鞋,1,1,10,2
978,魔术贴鞋,43,104,95,99,97,橡胶大底,潮流高街,京东京造,0,0,41,1
2577,系带设计,46,110,90,99,91,橡胶大底,户外机能,特步男鞋,1,0,513,1
77,拉链鞋款,58,171,72,123,91,MD发泡底,运动休闲,耐克潮流,1,0,379,1
1147,拉链鞋款,39,174,69,120,99,EVA轻底,复古潮鞋,京东京造,1,1,720,2
799,松紧带鞋,42,127,78,99,93,橡胶大底,简约百搭,特步男鞋,1,0,817,1
940,拉链鞋款,41,206,71,146,95,混合鞋底,潮流高街,京东京造,1,0,14,1
1141,松紧带鞋,44,101,98,99,95,PU中底,运动休闲,京东京造,0,1,305,2
481,魔术贴鞋,55,144,85,122,85,橡胶大底,日常休闲,安踏运动,0,0,4361,1
783,松紧带鞋,45,111,89,99,91,混合鞋底,复古潮鞋,耐克潮流,0,1,183,2
2271,套脚款式,35,286,66,189,96,TPR鞋底,简约百搭,斯凯奇潮,1,1,2862,2
4676,套脚款式,37,104,99,103,96,PU中底,潮流高街,回力经典,1,0,303,1
523,拉链鞋款,58,280,51,143,93,橡胶大底,复古潮鞋,鸿星尔克,0,1,4,2
783,系带设计,57,162,61,99,92,TPR鞋底,运动休闲,其他品牌,1,0,617,1
177,系带设计,33,313,85,266,94,橡胶大底,简约百搭,回力经典,0,0,1360,1
195,魔术贴鞋,43,146,68,99,99,EVA轻底,复古潮鞋,斯凯奇潮,1,0,15,1
1587,套脚款式,49,171,58,99,96,PU中底,潮流高街,京东京造,1,0,1196,1
665,套脚款式,43,179,82,147,97,TPR鞋底,日常休闲,京东京造,0,0,37,1
1811,松紧带鞋,61,146,68,99,96,橡胶大底,运动休闲,京东京造,1,1,627,2
2318,拉链鞋款,44,206,78,161,87,MD发泡底,日常休闲,斯凯奇潮,0,0,314,1
742,魔术贴鞋,40,355,85,302,97,MD发泡底,运动休闲,阿迪达斯,0,1,3707,3
624,松紧带鞋,49,145,69,100,95,混合鞋底,简约百搭,京东京造,1,0,4791,1
332,松紧带鞋,50,279,82,229,94,EVA轻底,工装硬朗,耐克潮流,0,1,1082,2
143,松紧带鞋,44,125,97,121,95,橡胶大底,运动休闲,其他品牌,0,0,1170,1
403,松紧带鞋,48,255,51,130,91,MD发泡底,户外机能,斯凯奇潮,1,1,610,2
955,拉链鞋款,53,155,64,99,96,混合鞋底,工装硬朗,安踏运动,1,1,169,2
2010,拉链鞋款,47,181,85,154,90,TPR鞋底,简约百搭,其他品牌,1,0,424,1
402,系带设计,47,125,79,99,97,PU中底,户外机能,特步男鞋,0,0,201,1
454,拉链鞋款,51,139,71,99,95,PU中底,工装硬朗,阿迪达斯,1,0,1209,1
50000,拉链鞋款,50,162,61,99,90,MD发泡底,潮流高街,李宁休闲,1,0,681,0
7449,拉链鞋款,41,146,68,99,96,橡胶大底,复古潮鞋,阿迪达斯,0,1,275,2
1341,拉链鞋款,62,108,92,99,95,EVA轻底,复古潮鞋,安踏运动,1,1,185,2
1299,魔术贴鞋,47,129,77,99,96,TPR鞋底,运动休闲,耐克潮流,1,0,723,1
2798,系带设计,54,119,83,99,95,PU中底,户外机能,李宁休闲,1,0,2274,1
1546,拉链鞋款,41,124,80,99,95,混合鞋底,工装硬朗,回力经典,1,1,154,2
2781,套脚款式,45,248,61,151,95,橡胶大底,复古潮鞋,鸿星尔克,1,0,4064,1
783,松紧带鞋,43,190,80,152,86,橡胶大底,工装硬朗,鸿星尔克,1,1,4419,2
583,松紧带鞋,48,309,82,253,90,橡胶大底,简约百搭,京东京造,1,1,36,2
363,系带设计,63,230,73,168,85,混合鞋底,工装硬朗,阿迪达斯,0,0,3479,1
335,套脚款式,41,171,58,99,92,PU中底,工装硬朗,阿迪达斯,0,0,4814,1
3931,拉链鞋款,45,495,57,282,93,EVA轻底,复古潮鞋,特步男鞋,1,0,1436,3
256,套脚款式,54,187,53,99,92,TPR鞋底,日常休闲,特步男鞋,1,0,476,1
2355,套脚款式,49,217,52,113,90,EVA轻底,工装硬朗,阿迪达斯,1,1,514,2
1212,套脚款式,29,115,86,99,85,TPR鞋底,户外机能,回力经典,1,0,848,1
2172,套脚款式,46,275,64,176,96,EVA轻底,潮流高街,耐克潮流,0,0,359,1
763,魔术贴鞋,38,179,85,152,99,混合鞋底,复古潮鞋,安踏运动,1,1,1218,2
462,套脚款式,41,300,79,237,97,PU中底,潮流高街,京东京造,1,0,1138,1
3620,拉链鞋款,51,153,77,118,96,EVA轻底,日常休闲,鸿星尔克,1,0,17,1
1139,魔术贴鞋,45,225,63,142,91,MD发泡底,工装硬朗,回力经典,1,1,103,2
1203,拉链鞋款,52,132,75,99,98,混合鞋底,潮流高街,回力经典,1,0,3711,1
364,系带设计,49,106,93,99,91,MD发泡底,工装硬朗,特步男鞋,1,0,210,1
10753,魔术贴鞋,51,139,71,99,96,MD发泡底,简约百搭,其他品牌,1,1,477,0
971,套脚款式,46,264,66,174,95,TPR鞋底,日常休闲,其他品牌,0,0,1312,1
1064,套脚款式,41,289,53,153,94,TPR鞋底,复古潮鞋,回力经典,1,0,997,1
483,套脚款式,40,223,64,143,92,MD发泡底,复古潮鞋,其他品牌,1,0,4,1
2543,套脚款式,46,267,99,264,93,混合鞋底,复古潮鞋,斯凯奇潮,0,0,4835,1
2084,系带设计,50,340,62,211,100,橡胶大底,运动休闲,其他品牌,0,0,15,1
900,魔术贴鞋,53,359,81,291,94,橡胶大底,简约百搭,安踏运动,1,1,44,3
916,松紧带鞋,57,214,66,141,95,混合鞋底,复古潮鞋,阿迪达斯,0,0,403,1
1050,松紧带鞋,53,1271,55,699,96,混合鞋底,简约百搭,特步男鞋,0,0,215,3
5552,套脚款式,49,102,97,99,94,EVA轻底,复古潮鞋,回力经典,0,1,310,2
1485,系带设计,52,500,50,250,95,混合鞋底,工装硬朗,鸿星尔克,1,1,2433,3
13600,套脚款式,28,424,58,246,96,TPR鞋底,户外机能,特步男鞋,0,0,3613,0
943,拉链鞋款,41,223,53,118,95,EVA轻底,复古潮鞋,其他品牌,0,0,632,1
3389,魔术贴鞋,49,125,79,99,98,橡胶大底,运动休闲,耐克潮流,1,0,14,1
1943,松紧带鞋,49,122,81,99,97,PU中底,工装硬朗,耐克潮流,0,0,1455,1
690,松紧带鞋,55,182,60,109,96,EVA轻底,复古潮鞋,鸿星尔克,0,1,2849,2
167,松紧带鞋,49,130,79,103,97,EVA轻底,工装硬朗,斯凯奇潮,1,0,1122,1
388,魔术贴鞋,53,195,84,164,97,PU中底,运动休闲,李宁休闲,1,1,731,2
2088,系带设计,44,351,61,214,98,TPR鞋底,简约百搭,李宁休闲,1,1,4,2
16973,松紧带鞋,62,255,96,245,96,EVA轻底,户外机能,回力经典,0,0,3287,0
455,系带设计,58,162,61,99,99,橡胶大底,潮流高街,阿迪达斯,1,0,253,1
1259,拉链鞋款,63,157,63,99,91,混合鞋底,日常休闲,耐克潮流,0,1,40,2
594,系带设计,49,134,74,99,96,橡胶大底,户外机能,回力经典,1,0,922,1
3789,松紧带鞋,51,203,93,189,91,MD发泡底,日常休闲,安踏运动,0,1,2080,2
788,拉链鞋款,42,206,69,142,93,混合鞋底,户外机能,特步男鞋,1,1,24,2
852,拉链鞋款,53,150,66,99,90,橡胶大底,户外机能,回力经典,1,1,2626,2
2426,系带设计,45,901,77,694,92,PU中底,日常休闲,鸿星尔克,0,0,499,3
410,魔术贴鞋,51,121,85,103,90,橡胶大底,潮流高街,安踏运动,1,0,450,1
921,系带设计,45,150,66,99,95,TPR鞋底,简约百搭,耐克潮流,1,0,1198,1
279,拉链鞋款,47,219,68,149,90,EVA轻底,户外机能,斯凯奇潮,0,1,1252,2
885,系带设计,51,124,80,99,97,混合鞋底,工装硬朗,李宁休闲,1,1,2937,2
1006,系带设计,43,311,74,230,94,EVA轻底,工装硬朗,其他品牌,1,1,3125,2
2023,魔术贴鞋,43,117,90,105,95,橡胶大底,运动休闲,回力经典,0,1,47,2
2010,松紧带鞋,50,104,95,99,93,EVA轻底,复古潮鞋,安踏运动,0,0,167,1
3320,拉链鞋款,52,165,60,99,91,PU中底,日常休闲,其他品牌,0,1,165,2
96,魔术贴鞋,53,179,56,100,90,混合鞋底,潮流高街,京东京造,1,0,129,1
5634,松紧带鞋,48,248,50,124,95,TPR鞋底,复古潮鞋,鸿星尔克,1,1,1139,2
5560,魔术贴鞋,44,471,52,245,96,橡胶大底,户外机能,斯凯奇潮,0,0,1226,3
3790,拉链鞋款,54,139,71,99,96,EVA轻底,工装硬朗,李宁休闲,0,0,4203,1
2540,套脚款式,38,157,87,137,96,混合鞋底,潮流高街,其他品牌,0,0,906,1
13742,套脚款式,35,183,54,99,92,MD发泡底,潮流高街,特步男鞋,0,1,43,0
990,魔术贴鞋,51,158,69,109,97,MD发泡底,日常休闲,阿迪达斯,0,0,1103,1
14393,松紧带鞋,55,136,73,99,94,EVA轻底,户外机能,京东京造,1,0,319,0
580,系带设计,45,157,92,144,97,混合鞋底,运动休闲,回力经典,0,1,2080,2
1211,拉链鞋款,57,220,75,165,96,MD发泡底,复古潮鞋,耐克潮流,1,0,4075,1
7268,松紧带鞋,47,118,84,99,97,TPR鞋底,户外机能,李宁休闲,1,1,206,2
1209,松紧带鞋,22,228,98,223,90,MD发泡底,日常休闲,李宁休闲,0,1,50,2
1610,套脚款式,45,171,58,99,94,EVA轻底,日常休闲,斯凯奇潮,0,1,1449,2
5426,套脚款式,54,306,52,159,98,TPR鞋底,简约百搭,特步男鞋,0,0,50,1
3578,松紧带鞋,51,162,61,99,94,混合鞋底,复古潮鞋,回力经典,1,1,3020,2
4104,魔术贴鞋,57,186,78,145,90,EVA轻底,工装硬朗,特步男鞋,1,0,306,1
287,套脚款式,34,120,90,108,98,EVA轻底,日常休闲,安踏运动,0,0,671,1
1991,魔术贴鞋,42,171,96,164,97,混合鞋底,运动休闲,其他品牌,1,0,46,1
2690,套脚款式,44,219,64,140,93,EVA轻底,日常休闲,特步男鞋,1,1,110,2
393,套脚款式,45,467,55,257,96,EVA轻底,运动休闲,鸿星尔克,0,1,3825,3
860,魔术贴鞋,60,180,55,99,98,MD发泡底,复古潮鞋,安踏运动,0,1,219,2
733,拉链鞋款,52,110,93,102,94,橡胶大底,工装硬朗,回力经典,1,0,257,1
113,系带设计,38,258,53,137,96,TPR鞋底,工装硬朗,京东京造,0,1,6,2
1696,套脚款式,51,121,82,99,89,PU中底,简约百搭,斯凯奇潮,1,0,4178,1
833,松紧带鞋,52,157,63,99,86,PU中底,潮流高街,阿迪达斯,0,0,0,1
441,松紧带鞋,41,141,92,130,94,EVA轻底,潮流高街,鸿星尔克,0,1,389,2
356,魔术贴鞋,29,233,58,135,93,MD发泡底,工装硬朗,鸿星尔克,1,1,463,2
28,松紧带鞋,53,225,61,137,96,PU中底,工装硬朗,耐克潮流,0,0,4759,1
2881,系带设计,45,545,74,403,94,混合鞋底,日常休闲,其他品牌,1,1,880,3
335,松紧带鞋,38,419,89,373,91,TPR鞋底,复古潮鞋,回力经典,1,1,3888,3
527,松紧带鞋,38,118,84,99,90,MD发泡底,简约百搭,耐克潮流,0,0,1002,1
2028,魔术贴鞋,45,108,92,99,97,混合鞋底,运动休闲,阿迪达斯,1,1,5,2
420,套脚款式,60,334,91,304,96,PU中底,潮流高街,阿迪达斯,0,1,1213,3
2348,套脚款式,31,105,94,99,96,MD发泡底,户外机能,耐克潮流,1,0,279,1
848,魔术贴鞋,45,160,62,99,100,TPR鞋底,日常休闲,耐克潮流,0,0,1436,1
119,魔术贴鞋,50,134,97,130,92,TPR鞋底,户外机能,耐克潮流,1,1,28,2
155,系带设计,49,177,56,99,93,TPR鞋底,工装硬朗,耐克潮流,0,0,17,1
521,魔术贴鞋,42,180,55,99,93,TPR鞋底,复古潮鞋,其他品牌,0,1,104,2
2341,系带设计,57,140,73,102,94,EVA轻底,潮流高街,斯凯奇潮,1,0,4795,1
332,魔术贴鞋,61,628,54,339,90,EVA轻底,潮流高街,李宁休闲,1,1,1334,3
88,套脚款式,44,185,95,176,96,TPR鞋底,潮流高街,鸿星尔克,0,0,882,1
958,魔术贴鞋,49,111,89,99,92,混合鞋底,户外机能,阿迪达斯,0,0,778,1
2102,套脚款式,56,167,69,115,92,EVA轻底,简约百搭,李宁休闲,1,0,0,1
333,系带设计,38,235,77,181,96,PU中底,潮流高街,京东京造,0,0,4045,1
1227,松紧带鞋,47,249,82,204,92,EVA轻底,简约百搭,其他品牌,0,0,896,1
526,套脚款式,20,119,83,99,99,PU中底,潮流高街,鸿星尔克,1,1,4624,2
285,魔术贴鞋,55,412,68,280,90,混合鞋底,复古潮鞋,京东京造,0,0,36,3
1708,拉链鞋款,32,365,51,186,97,橡胶大底,户外机能,鸿星尔克,0,1,566,2
783,松紧带鞋,35,154,94,145,93,EVA轻底,简约百搭,耐克潮流,1,0,43,1
129,拉链鞋款,62,130,87,113,93,MD发泡底,潮流高街,鸿星尔克,0,0,43,1
273,松紧带鞋,47,475,55,261,94,TPR鞋底,工装硬朗,耐克潮流,1,1,583,3
4920,松紧带鞋,54,101,100,101,95,EVA轻底,复古潮鞋,阿迪达斯,0,1,180,2
568,魔术贴鞋,45,177,56,99,98,PU中底,工装硬朗,其他品牌,1,0,890,1
983,松紧带鞋,49,119,83,99,91,PU中底,户外机能,鸿星尔克,0,1,975,2
459,魔术贴鞋,50,231,77,178,86,MD发泡底,复古潮鞋,安踏运动,1,1,34,2
739,魔术贴鞋,45,123,84,103,95,MD发泡底,复古潮鞋,鸿星尔克,0,1,1244,2
3237,系带设计,49,108,92,99,97,混合鞋底,户外机能,阿迪达斯,1,1,576,2
1280,拉链鞋款,48,375,55,206,96,PU中底,户外机能,鸿星尔克,0,1,659,3
526,系带设计,34,119,97,115,94,MD发泡底,运动休闲,回力经典,1,1,32,2
1127,拉链鞋款,46,193,94,181,93,PU中底,日常休闲,京东京造,1,0,1243,1
356,魔术贴鞋,33,703,63,443,90,EVA轻底,日常休闲,京东京造,1,1,2418,3
162,系带设计,54,139,71,99,94,橡胶大底,潮流高街,阿迪达斯,0,0,1048,1
6395,系带设计,42,118,84,99,91,PU中底,复古潮鞋,阿迪达斯,0,1,805,2
14297,魔术贴鞋,46,215,60,129,100,EVA轻底,简约百搭,特步男鞋,0,1,450,0
9308,拉链鞋款,58,362,55,199,87,混合鞋底,工装硬朗,耐克潮流,0,0,398,0
313,系带设计,42,134,74,99,99,混合鞋底,复古潮鞋,京东京造,0,1,1463,2
239,系带设计,50,274,74,203,92,EVA轻底,复古潮鞋,李宁休闲,1,0,4763,1
2469,系带设计,57,168,74,124,94,MD发泡底,简约百搭,特步男鞋,0,1,907,2
862,魔术贴鞋,49,115,86,99,99,混合鞋底,运动休闲,李宁休闲,0,1,480,2
1022,松紧带鞋,62,235,69,162,91,混合鞋底,工装硬朗,回力经典,1,0,38,1
2469,魔术贴鞋,52,185,87,161,92,MD发泡底,潮流高街,耐克潮流,1,1,2416,2
5157,拉链鞋款,36,127,78,99,96,混合鞋底,潮流高街,特步男鞋,0,0,1465,1
1633,系带设计,34,337,59,199,95,TPR鞋底,复古潮鞋,其他品牌,0,1,312,2
14105,套脚款式,58,345,66,228,92,橡胶大底,户外机能,安踏运动,1,0,132,0
2513,套脚款式,58,131,77,101,90,MD发泡底,潮流高街,特步男鞋,1,1,3350,2
865,拉链鞋款,47,176,89,157,95,TPR鞋底,户外机能,李宁休闲,1,1,473,2
1951,松紧带鞋,42,132,84,111,92,EVA轻底,潮流高街,京东京造,0,0,0,1
535,套脚款式,54,143,75,107,87,PU中底,简约百搭,鸿星尔克,1,0,1398,1
2171,套脚款式,62,291,97,282,97,MD发泡底,复古潮鞋,安踏运动,1,0,898,1
4565,魔术贴鞋,40,151,75,113,95,PU中底,潮流高街,斯凯奇潮,1,1,310,2
3785,松紧带鞋,53,290,91,264,92,PU中底,工装硬朗,京东京造,1,1,1385,2
1014,松紧带鞋,44,430,71,305,95,TPR鞋底,运动休闲,回力经典,0,1,845,3
127,松紧带鞋,46,138,89,123,96,混合鞋底,潮流高街,京东京造,0,1,47,2
101,套脚款式,43,190,52,99,93,TPR鞋底,日常休闲,安踏运动,1,0,1354,1
2176,系带设计,48,130,76,99,93,橡胶大底,日常休闲,特步男鞋,1,1,241,2
684,拉链鞋款,41,134,88,118,93,PU中底,工装硬朗,李宁休闲,0,0,2088,1
290,套脚款式,47,173,100,173,92,TPR鞋底,潮流高街,斯凯奇潮,0,1,44,2
1328,拉链鞋款,51,155,73,113,93,EVA轻底,运动休闲,特步男鞋,0,0,1437,1
2442,魔术贴鞋,49,136,73,99,97,橡胶大底,简约百搭,鸿星尔克,0,0,14,1
231,松紧带鞋,41,647,59,382,94,PU中底,日常休闲,阿迪达斯,0,0,1096,3
1618,套脚款式,49,136,73,99,96,混合鞋底,复古潮鞋,回力经典,0,0,4033,1
344,魔术贴鞋,59,261,77,201,98,PU中底,工装硬朗,耐克潮流,0,1,47,2
224,拉链鞋款,35,455,74,337,97,EVA轻底,户外机能,回力经典,1,0,22,3
3165,魔术贴鞋,51,114,87,99,98,EVA轻底,工装硬朗,安踏运动,1,1,411,2
2295,拉链鞋款,46,227,63,143,94,MD发泡底,日常休闲,阿迪达斯,1,1,447,2
315,套脚款式,45,153,73,112,95,EVA轻底,运动休闲,斯凯奇潮,0,0,1026,1
11094,套脚款式,45,526,57,300,91,PU中底,复古潮鞋,回力经典,1,1,631,3
422,系带设计,36,141,70,99,97,橡胶大底,日常休闲,阿迪达斯,0,0,197,1
1020,魔术贴鞋,39,146,68,99,94,MD发泡底,运动休闲,鸿星尔克,1,1,1281,2
912,拉链鞋款,38,136,73,99,90,混合鞋底,运动休闲,特步男鞋,1,1,4270,2
2613,系带设计,50,245,87,213,95,混合鞋底,简约百搭,京东京造,0,0,1449,1
2932,套脚款式,56,124,80,99,94,混合鞋底,日常休闲,特步男鞋,0,1,462,2
1573,拉链鞋款,49,165,60,99,85,MD发泡底,工装硬朗,耐克潮流,0,1,902,2
246,系带设计,64,165,60,99,92,橡胶大底,运动休闲,阿迪达斯,0,0,1493,1
531,套脚款式,55,464,50,232,90,TPR鞋底,户外机能,京东京造,0,1,4439,3
1088,魔术贴鞋,49,148,84,124,96,橡胶大底,复古潮鞋,特步男鞋,1,1,313,2
1692,拉链鞋款,58,105,94,99,90,EVA轻底,运动休闲,斯凯奇潮,0,0,407,1
1341,套脚款式,57,105,100,105,91,EVA轻底,运动休闲,耐克潮流,1,0,1128,1
440,拉链鞋款,47,134,85,114,95,橡胶大底,复古潮鞋,回力经典,0,0,942,1
5469,魔术贴鞋,45,177,100,177,93,混合鞋底,简约百搭,其他品牌,1,1,3595,2
2907,魔术贴鞋,40,281,70,197,90,EVA轻底,工装硬朗,安踏运动,1,1,2170,2
658,拉链鞋款,54,179,90,161,94,MD发泡底,复古潮鞋,斯凯奇潮,0,1,4469,2
199,系带设计,55,164,89,146,91,橡胶大底,工装硬朗,阿迪达斯,1,0,742,1
240,松紧带鞋,41,158,66,104,98,MD发泡底,简约百搭,其他品牌,1,1,1039,2
384,系带设计,44,179,80,143,85,TPR鞋底,工装硬朗,鸿星尔克,0,1,1444,2
443,松紧带鞋,51,122,81,99,95,橡胶大底,日常休闲,特步男鞋,1,1,1385,2
910,松紧带鞋,51,177,56,99,90,MD发泡底,工装硬朗,李宁休闲,1,1,39,2
1899,套脚款式,45,136,73,99,100,橡胶大底,日常休闲,安踏运动,1,0,4634,1
9184,拉链鞋款,58,310,50,155,99,混合鞋底,户外机能,阿迪达斯,1,0,4657,1
1191,套脚款式,31,162,61,99,90,橡胶大底,户外机能,回力经典,1,1,991,2
3456,套脚款式,45,572,50,286,93,MD发泡底,日常休闲,安踏运动,1,1,31,3
2546,套脚款式,51,206,97,200,88,混合鞋底,复古潮鞋,其他品牌,1,1,37,2
616,套脚款式,65,198,50,99,98,PU中底,户外机能,安踏运动,1,1,1254,2
563,套脚款式,52,557,53,295,96,橡胶大底,户外机能,耐克潮流,1,0,29,3
1796,系带设计,41,99,100,99,90,EVA轻底,潮流高街,回力经典,1,0,691,1
3195,系带设计,40,273,90,246,98,EVA轻底,运动休闲,斯凯奇潮,0,0,3554,1
181,套脚款式,34,174,73,127,89,MD发泡底,工装硬朗,其他品牌,0,1,624,2
8219,松紧带鞋,45,139,71,99,91,EVA轻底,日常休闲,回力经典,1,1,50,2
4726,系带设计,45,122,81,99,90,MD发泡底,简约百搭,回力经典,0,1,1452,2
414,魔术贴鞋,47,358,57,204,97,MD发泡底,运动休闲,鸿星尔克,1,0,1410,1
194,系带设计,56,116,85,99,92,MD发泡底,日常休闲,阿迪达斯,0,1,931,2
871,系带设计,53,470,77,362,91,PU中底,简约百搭,鸿星尔克,0,1,38,3
3110,套脚款式,39,121,82,99,97,PU中底,日常休闲,其他品牌,0,1,2957,2
654,套脚款式,41,353,60,212,96,EVA轻底,复古潮鞋,回力经典,1,0,1417,1
81,拉链鞋款,51,105,94,99,98,PU中底,户外机能,耐克潮流,1,1,1370,2
428,系带设计,30,180,55,99,100,PU中底,户外机能,斯凯奇潮,0,0,38,1
3019,魔术贴鞋,36,130,76,99,98,TPR鞋底,运动休闲,鸿星尔克,0,1,353,2
474,松紧带鞋,36,273,55,150,97,MD发泡底,户外机能,耐克潮流,0,0,1364,1
564,松紧带鞋,57,153,76,116,85,PU中底,简约百搭,李宁休闲,1,0,2345,1
2998,系带设计,36,481,97,467,90,橡胶大底,日常休闲,李宁休闲,0,0,4957,3
1287,套脚款式,58,152,65,99,95,混合鞋底,复古潮鞋,李宁休闲,0,0,4618,1
177,拉链鞋款,53,105,94,99,100,混合鞋底,潮流高街,回力经典,0,0,162,1
388,套脚款式,40,253,62,157,92,MD发泡底,潮流高街,阿迪达斯,0,0,579,1
555,系带设计,46,518,65,337,97,橡胶大底,简约百搭,其他品牌,0,1,648,3
1929,魔术贴鞋,39,289,66,191,100,MD发泡底,运动休闲,耐克潮流,0,1,2014,2
1065,套脚款式,57,127,78,99,91,EVA轻底,复古潮鞋,其他品牌,0,1,867,2
844,拉链鞋款,46,132,75,99,94,MD发泡底,简约百搭,安踏运动,0,0,974,1
75,套脚款式,43,222,69,153,100,EVA轻底,简约百搭,耐克潮流,0,0,13,1
2474,系带设计,43,136,73,99,100,TPR鞋底,户外机能,阿迪达斯,0,0,1464,1
3796,拉链鞋款,61,208,63,131,86,PU中底,简约百搭,安踏运动,0,0,3718,1
2030,魔术贴鞋,54,368,53,195,90,TPR鞋底,日常休闲,耐克潮流,0,0,3116,1
3221,拉链鞋款,59,171,98,168,93,MD发泡底,日常休闲,耐克潮流,1,1,572,2
995,拉链鞋款,49,618,94,581,92,混合鞋底,复古潮鞋,李宁休闲,1,0,39,3
674,松紧带鞋,51,138,97,134,91,TPR鞋底,运动休闲,其他品牌,0,1,858,2
590,松紧带鞋,53,138,72,99,98,橡胶大底,日常休闲,安踏运动,0,0,1373,1
5546,拉链鞋款,43,324,51,165,95,橡胶大底,运动休闲,鸿星尔克,1,0,1113,1
1913,系带设计,47,141,81,114,95,EVA轻底,日常休闲,特步男鞋,1,0,12,1
1670,拉链鞋款,57,180,55,99,85,混合鞋底,运动休闲,阿迪达斯,0,1,3988,2
448,系带设计,32,145,77,112,99,橡胶大底,运动休闲,其他品牌,1,0,554,1
1991,系带设计,52,122,81,99,92,混合鞋底,日常休闲,回力经典,0,1,2750,2
2589,拉链鞋款,43,171,58,99,96,混合鞋底,潮流高街,李宁休闲,0,1,3220,2
2473,系带设计,55,236,56,132,95,混合鞋底,潮流高街,京东京造,1,0,1347,1
164,系带设计,42,196,83,163,93,PU中底,简约百搭,安踏运动,0,0,1123,1
6082,魔术贴鞋,49,251,98,246,93,TPR鞋底,复古潮鞋,回力经典,0,0,410,1
1409,系带设计,44,242,50,121,94,EVA轻底,复古潮鞋,鸿星尔克,1,0,915,1
2219,系带设计,43,268,87,233,93,橡胶大底,复古潮鞋,耐克潮流,1,1,1161,2
560,拉链鞋款,64,185,72,133,95,EVA轻底,潮流高街,鸿星尔克,1,1,47,2
513,拉链鞋款,37,152,65,99,94,混合鞋底,日常休闲,回力经典,0,1,984,2
2024,拉链鞋款,52,177,56,99,92,混合鞋底,简约百搭,耐克潮流,0,1,702,2
1250,松紧带鞋,50,305,81,247,96,MD发泡底,运动休闲,斯凯奇潮,0,0,8,1
390,松紧带鞋,56,111,89,99,90,TPR鞋底,户外机能,鸿星尔克,0,0,1163,1
92,拉链鞋款,55,198,50,99,94,PU中底,简约百搭,其他品牌,0,1,40,2
1107,套脚款式,51,183,69,126,88,MD发泡底,复古潮鞋,斯凯奇潮,0,1,539,2
33265,系带设计,52,106,93,99,95,混合鞋底,运动休闲,李宁休闲,1,0,94,0
2478,魔术贴鞋,61,158,71,112,88,EVA轻底,工装硬朗,特步男鞋,1,1,8,2
859,拉链鞋款,53,185,81,150,95,TPR鞋底,简约百搭,鸿星尔克,0,0,1119,1
1904,魔术贴鞋,50,155,64,99,97,PU中底,简约百搭,鸿星尔克,0,0,979,1
626,套脚款式,37,136,73,99,90,橡胶大底,日常休闲,斯凯奇潮,1,0,33,1
2317,拉链鞋款,49,170,61,104,95,MD发泡底,工装硬朗,其他品牌,1,1,4949,2
1240,系带设计,49,148,67,99,98,TPR鞋底,日常休闲,京东京造,1,0,3644,1
1084,松紧带鞋,42,141,79,111,85,TPR鞋底,工装硬朗,回力经典,1,1,79,2
2877,拉链鞋款,49,162,61,99,93,混合鞋底,日常休闲,回力经典,0,0,912,1
844,套脚款式,42,140,96,134,93,PU中底,复古潮鞋,其他品牌,1,0,1217,1
192,套脚款式,53,298,65,194,99,TPR鞋底,日常休闲,李宁休闲,1,0,34,1
3253,魔术贴鞋,48,271,89,241,91,橡胶大底,日常休闲,其他品牌,0,0,395,1
540,系带设计,53,144,86,124,90,MD发泡底,运动休闲,京东京造,1,1,845,2
5061,套脚款式,41,277,66,183,91,PU中底,工装硬朗,特步男鞋,1,1,649,2
75,套脚款式,62,115,86,99,89,EVA轻底,简约百搭,回力经典,0,1,1444,2
608,魔术贴鞋,43,290,52,151,92,MD发泡底,潮流高街,京东京造,1,1,888,2
762,松紧带鞋,41,155,86,133,94,PU中底,工装硬朗,京东京造,1,1,1398,2
568,魔术贴鞋,49,176,92,162,93,PU中底,日常休闲,安踏运动,1,0,8,1
2495,松紧带鞋,43,190,82,156,96,EVA轻底,运动休闲,安踏运动,0,0,595,1
959,松紧带鞋,35,134,74,99,98,TPR鞋底,户外机能,回力经典,1,1,1400,2
3155,松紧带鞋,46,99,100,99,96,TPR鞋底,潮流高街,耐克潮流,0,0,36,1
2554,拉链鞋款,47,140,86,120,90,混合鞋底,复古潮鞋,斯凯奇潮,1,1,1462,2
436,拉链鞋款,48,175,59,103,92,混合鞋底,运动休闲,京东京造,1,1,849,2
915,松紧带鞋,51,178,78,139,90,EVA轻底,潮流高街,回力经典,0,0,427,1
605,魔术贴鞋,38,175,85,149,92,EVA轻底,日常休闲,京东京造,0,1,1297,2
3769,拉链鞋款,58,324,76,246,93,混合鞋底,潮流高街,回力经典,0,0,15,1
304,松紧带鞋,56,112,88,99,100,PU中底,潮流高街,特步男鞋,1,1,7,2
3272,系带设计,33,304,81,246,92,MD发泡底,潮流高街,京东京造,0,1,97,2
322,系带设计,36,187,53,99,90,橡胶大底,户外机能,阿迪达斯,1,1,1309,2
2426,魔术贴鞋,40,127,94,119,91,EVA轻底,潮流高街,其他品牌,0,0,1166,1
2590,魔术贴鞋,56,460,50,230,94,橡胶大底,运动休闲,耐克潮流,1,1,1036,3
4210,魔术贴鞋,54,104,95,99,92,TPR鞋底,日常休闲,耐克潮流,0,0,551,1
3587,套脚款式,60,413,53,219,92,MD发泡底,复古潮鞋,阿迪达斯,0,0,35,3
76,魔术贴鞋,48,281,73,205,95,MD发泡底,日常休闲,特步男鞋,0,0,1223,1
6528,魔术贴鞋,42,238,58,138,95,混合鞋底,潮流高街,斯凯奇潮,1,0,3,1
935,套脚款式,44,183,54,99,93,橡胶大底,日常休闲,阿迪达斯,0,1,9,2
3391,松紧带鞋,44,259,59,153,93,MD发泡底,潮流高街,京东京造,0,0,459,1
8513,系带设计,46,119,83,99,87,橡胶大底,日常休闲,京东京造,1,1,435,2
906,套脚款式,47,322,67,216,95,PU中底,户外机能,京东京造,0,1,47,2
148,套脚款式,46,99,100,99,94,EVA轻底,简约百搭,特步男鞋,0,0,457,1
1492,松紧带鞋,49,233,57,133,96,混合鞋底,日常休闲,京东京造,1,1,1356,2
349,魔术贴鞋,37,155,69,107,91,混合鞋底,潮流高街,耐克潮流,1,1,175,2
689,系带设计,46,193,81,156,91,PU中底,复古潮鞋,耐克潮流,0,0,91,1
219,松紧带鞋,41,148,67,99,88,橡胶大底,复古潮鞋,京东京造,1,1,1027,2
2538,魔术贴鞋,44,340,55,187,97,TPR鞋底,简约百搭,耐克潮流,1,0,1231,1
4556,松紧带鞋,40,422,96,405,96,混合鞋底,工装硬朗,斯凯奇潮,0,0,4063,3
166,套脚款式,38,160,95,152,92,MD发泡底,潮流高街,鸿星尔克,1,1,3392,2
2077,拉链鞋款,43,104,95,99,90,PU中底,简约百搭,京东京造,0,0,536,1
310,套脚款式,51,134,74,99,90,EVA轻底,日常休闲,京东京造,1,1,1486,2
2748,拉链鞋款,56,130,76,99,90,TPR鞋底,复古潮鞋,安踏运动,1,0,831,1
1232,松紧带鞋,60,134,80,107,87,橡胶大底,日常休闲,斯凯奇潮,0,1,3601,2
20727,拉链鞋款,46,212,77,163,97,混合鞋底,日常休闲,特步男鞋,1,1,32,0
666,拉链鞋款,37,192,89,171,90,橡胶大底,复古潮鞋,耐克潮流,1,0,547,1
16536,松紧带鞋,59,124,80,99,86,EVA轻底,简约百搭,耐克潮流,0,0,20,0
2185,套脚款式,58,119,83,99,95,EVA轻底,简约百搭,京东京造,1,0,3641,1
1556,系带设计,42,99,100,99,96,EVA轻底,复古潮鞋,回力经典,0,0,848,1
1877,松紧带鞋,43,151,98,148,93,混合鞋底,运动休闲,鸿星尔克,0,0,786,1
897,拉链鞋款,45,227,89,202,93,橡胶大底,日常休闲,鸿星尔克,0,1,2858,2
738,套脚款式,60,318,98,312,92,PU中底,工装硬朗,耐克潮流,1,0,3627,3
727,魔术贴鞋,29,214,58,124,96,混合鞋底,运动休闲,李宁休闲,1,1,970,2
1905,松紧带鞋,50,155,86,133,90,混合鞋底,运动休闲,李宁休闲,0,1,35,2
5128,套脚款式,34,149,87,130,91,橡胶大底,潮流高街,特步男鞋,0,1,793,2
3920,系带设计,43,184,68,125,100,混合鞋底,复古潮鞋,李宁休闲,0,0,891,1
3512,魔术贴鞋,56,119,83,99,97,PU中底,户外机能,李宁休闲,0,0,48,1
1064,松紧带鞋,44,287,91,261,90,TPR鞋底,潮流高街,鸿星尔克,1,1,4972,2
2276,系带设计,48,152,65,99,96,EVA轻底,运动休闲,其他品牌,0,1,539,2
539,拉链鞋款,45,224,83,186,86,TPR鞋底,运动休闲,鸿星尔克,0,1,3585,2
6042,魔术贴鞋,44,226,87,197,95,混合鞋底,复古潮鞋,其他品牌,1,1,796,2
598,系带设计,54,285,88,251,96,TPR鞋底,复古潮鞋,鸿星尔克,0,0,1085,1
776,魔术贴鞋,37,124,94,117,100,PU中底,工装硬朗,鸿星尔克,0,1,862,2
60,拉链鞋款,51,174,57,99,91,PU中底,运动休闲,特步男鞋,0,0,746,1
3497,魔术贴鞋,40,187,89,166,90,EVA轻底,工装硬朗,耐克潮流,1,0,1176,1
4419,套脚款式,55,172,95,163,94,PU中底,日常休闲,鸿星尔克,1,1,763,2
1318,拉链鞋款,41,156,97,151,92,EVA轻底,运动休闲,特步男鞋,0,0,892,1
293,松紧带鞋,35,214,77,165,95,混合鞋底,日常休闲,鸿星尔克,1,0,1091,1
82,松紧带鞋,34,146,68,99,95,橡胶大底,运动休闲,其他品牌,0,1,157,2
22929,系带设计,44,252,52,131,91,EVA轻底,运动休闲,耐克潮流,1,1,0,0
846,拉链鞋款,52,118,100,118,93,EVA轻底,复古潮鞋,特步男鞋,1,1,3252,2
208,系带设计,61,102,97,99,90,混合鞋底,简约百搭,阿迪达斯,1,0,3326,1
502,魔术贴鞋,48,111,89,99,97,TPR鞋底,潮流高街,回力经典,1,0,1296,1
2202,套脚款式,42,209,86,180,98,PU中底,户外机能,其他品牌,0,1,34,2
4639,松紧带鞋,60,198,56,111,92,EVA轻底,复古潮鞋,特步男鞋,0,0,547,1
1087,套脚款式,45,256,91,233,95,PU中底,运动休闲,回力经典,0,0,385,1
5892,松紧带鞋,43,215,67,144,92,PU中底,简约百搭,李宁休闲,1,1,4563,2
1603,套脚款式,52,178,90,160,100,EVA轻底,潮流高街,回力经典,1,0,2271,1
1397,拉链鞋款,46,115,86,99,98,橡胶大底,简约百搭,耐克潮流,1,0,20,1
4481,魔术贴鞋,45,141,70,99,92,橡胶大底,运动休闲,鸿星尔克,0,0,974,1
2063,系带设计,53,124,80,99,96,TPR鞋底,复古潮鞋,京东京造,1,0,671,1
2578,系带设计,49,165,60,99,97,MD发泡底,简约百搭,斯凯奇潮,0,1,36,2
959,系带设计,30,161,95,153,99,PU中底,户外机能,其他品牌,0,0,60,1
1043,拉链鞋款,49,112,88,99,95,TPR鞋底,潮流高街,斯凯奇潮,1,1,1002,2
1714,系带设计,55,197,73,144,92,EVA轻底,运动休闲,其他品牌,1,1,363,2
831,系带设计,44,114,87,99,88,PU中底,复古潮鞋,耐克潮流,1,1,62,2
1034,拉链鞋款,23,162,61,99,96,混合鞋底,工装硬朗,回力经典,1,1,795,2
2673,拉链鞋款,40,116,85,99,91,混合鞋底,复古潮鞋,回力经典,1,1,1171,2
880,松紧带鞋,55,132,75,99,90,橡胶大底,日常休闲,回力经典,1,1,2125,2
142,魔术贴鞋,56,111,90,100,90,EVA轻底,日常休闲,京东京造,0,0,1375,1
1069,拉链鞋款,52,115,86,99,99,TPR鞋底,简约百搭,京东京造,1,1,3902,2
1956,系带设计,44,438,53,232,93,橡胶大底,日常休闲,特步男鞋,0,0,196,3
927,套脚款式,33,563,54,304,94,混合鞋底,工装硬朗,阿迪达斯,1,1,0,3
1948,套脚款式,47,448,50,224,94,EVA轻底,户外机能,安踏运动,0,1,4720,3
9191,套脚款式,34,327,51,167,94,混合鞋底,简约百搭,李宁休闲,0,0,12,1
804,系带设计,63,218,51,111,96,TPR鞋底,运动休闲,阿迪达斯,0,1,532,2
173,魔术贴鞋,56,157,81,127,93,EVA轻底,潮流高街,其他品牌,1,0,27,1
8766,松紧带鞋,30,497,63,313,99,TPR鞋底,工装硬朗,鸿星尔克,1,1,3470,3
411,拉链鞋款,36,251,78,196,91,EVA轻底,简约百搭,耐克潮流,0,0,1399,1
671,魔术贴鞋,54,201,72,145,86,TPR鞋底,简约百搭,京东京造,1,1,4912,2
992,套脚款式,54,125,79,99,94,EVA轻底,潮流高街,回力经典,1,1,25,2
291,拉链鞋款,49,172,81,139,96,MD发泡底,运动休闲,回力经典,1,1,556,2
1181,魔术贴鞋,49,157,74,116,91,EVA轻底,日常休闲,李宁休闲,0,1,680,2
554,套脚款式,40,280,65,182,94,MD发泡底,潮流高街,安踏运动,1,0,3414,1
2670,系带设计,37,404,77,311,90,EVA轻底,工装硬朗,京东京造,1,1,1210,3
1275,拉链鞋款,47,190,67,127,92,TPR鞋底,日常休闲,回力经典,0,1,49,2
1081,系带设计,43,109,91,99,95,EVA轻底,户外机能,阿迪达斯,0,0,1081,1
1283,套脚款式,64,109,91,99,91,橡胶大底,简约百搭,其他品牌,1,1,21,2
360,松紧带鞋,45,157,63,99,98,PU中底,运动休闲,鸿星尔克,0,1,991,2
2212,松紧带鞋,42,209,55,115,90,EVA轻底,复古潮鞋,鸿星尔克,1,1,33,2
754,松紧带鞋,38,236,83,196,95,橡胶大底,简约百搭,回力经典,0,1,969,2
2644,系带设计,30,164,78,128,90,TPR鞋底,日常休闲,李宁休闲,0,0,1292,1
560,魔术贴鞋,40,197,71,140,97,PU中底,工装硬朗,斯凯奇潮,0,0,16,1
1190,魔术贴鞋,50,135,91,123,94,EVA轻底,运动休闲,安踏运动,1,1,1308,2
888,松紧带鞋,57,190,60,114,97,EVA轻底,简约百搭,回力经典,0,0,24,1
1058,套脚款式,49,101,98,99,96,TPR鞋底,户外机能,李宁休闲,1,1,693,2
938,松紧带鞋,60,117,94,110,94,混合鞋底,运动休闲,回力经典,0,1,151,2
395,系带设计,55,393,74,291,92,橡胶大底,简约百搭,阿迪达斯,0,0,2627,3
585,魔术贴鞋,50,227,78,177,92,PU中底,工装硬朗,李宁休闲,1,1,42,2
3767,魔术贴鞋,52,129,85,110,94,PU中底,日常休闲,耐克潮流,1,1,547,2
1812,系带设计,56,177,56,99,90,橡胶大底,日常休闲,李宁休闲,0,1,145,2
510,系带设计,46,122,81,99,97,MD发泡底,潮流高街,鸿星尔克,1,0,623,1
1057,松紧带鞋,54,304,80,243,96,TPR鞋底,潮流高街,回力经典,0,1,1131,2
173,魔术贴鞋,47,265,81,215,85,EVA轻底,日常休闲,其他品牌,1,1,274,2
1813,松紧带鞋,40,669,74,495,97,PU中底,复古潮鞋,斯凯奇潮,0,0,99,3
1861,系带设计,45,233,55,128,94,TPR鞋底,工装硬朗,耐克潮流,0,1,3346,2
459,松紧带鞋,35,151,92,139,90,PU中底,复古潮鞋,其他品牌,0,1,876,2
4356,松紧带鞋,46,122,81,99,92,PU中底,户外机能,阿迪达斯,1,0,362,1
2040,拉链鞋款,46,125,83,104,97,MD发泡底,运动休闲,鸿星尔克,1,1,87,2
329,系带设计,46,169,86,145,94,PU中底,简约百搭,安踏运动,1,0,686,1
1476,系带设计,45,119,83,99,95,TPR鞋底,复古潮鞋,京东京造,0,1,54,2
243,松紧带鞋,44,350,50,175,98,橡胶大底,复古潮鞋,回力经典,1,0,625,1
1211,系带设计,44,182,57,104,96,MD发泡底,工装硬朗,京东京造,1,1,46,2
779,松紧带鞋,53,267,54,144,90,EVA轻底,日常休闲,安踏运动,0,0,756,1
826,拉链鞋款,50,127,78,99,85,橡胶大底,复古潮鞋,特步男鞋,0,0,1356,1
1219,套脚款式,51,148,67,99,100,MD发泡底,日常休闲,京东京造,0,1,1289,2
643,系带设计,48,301,68,205,87,EVA轻底,复古潮鞋,安踏运动,0,1,933,2
881,松紧带鞋,33,132,75,99,99,混合鞋底,复古潮鞋,回力经典,0,1,28,2
4425,拉链鞋款,50,150,66,99,93,MD发泡底,运动休闲,安踏运动,0,1,1041,2
180,松紧带鞋,36,312,99,309,93,EVA轻底,运动休闲,耐克潮流,1,0,33,3
826,魔术贴鞋,46,167,61,102,97,EVA轻底,复古潮鞋,特步男鞋,0,0,138,1
2315,松紧带鞋,40,138,72,99,95,TPR鞋底,工装硬朗,斯凯奇潮,1,0,140,1
705,魔术贴鞋,42,216,90,194,99,MD发泡底,复古潮鞋,鸿星尔克,1,0,4902,1
969,魔术贴鞋,41,114,87,99,94,TPR鞋底,日常休闲,特步男鞋,1,1,959,2
172,套脚款式,42,231,64,148,97,EVA轻底,运动休闲,耐克潮流,1,0,635,1
190,套脚款式,64,136,73,99,95,MD发泡底,潮流高街,耐克潮流,1,1,4,2
4989,套脚款式,41,222,64,142,94,混合鞋底,户外机能,回力经典,0,1,1028,2
13327,套脚款式,49,173,59,102,94,混合鞋底,日常休闲,阿迪达斯,0,0,9,0
299,魔术贴鞋,48,155,64,99,96,PU中底,复古潮鞋,京东京造,0,0,946,1
2317,拉链鞋款,41,129,77,99,93,橡胶大底,潮流高街,斯凯奇潮,0,0,39,1
1639,套脚款式,41,127,78,99,92,MD发泡底,运动休闲,特步男鞋,0,0,4240,1
35,魔术贴鞋,52,114,87,99,100,EVA轻底,工装硬朗,鸿星尔克,1,0,10,1
1022,拉链鞋款,61,108,92,99,92,PU中底,运动休闲,阿迪达斯,0,0,6,1
557,系带设计,56,637,52,331,93,MD发泡底,工装硬朗,京东京造,0,1,797,3
1351,拉链鞋款,55,198,65,129,91,TPR鞋底,运动休闲,回力经典,0,0,358,1
1889,松紧带鞋,42,136,92,125,91,MD发泡底,潮流高街,特步男鞋,1,0,858,1
5007,魔术贴鞋,61,146,68,99,92,TPR鞋底,日常休闲,回力经典,1,0,560,1
336,系带设计,48,315,67,211,99,PU中底,工装硬朗,特步男鞋,1,1,1238,2
7932,松紧带鞋,42,119,83,99,97,TPR鞋底,运动休闲,京东京造,1,1,727,2
1730,套脚款式,55,283,95,269,92,PU中底,运动休闲,安踏运动,0,0,1227,1
1452,拉链鞋款,48,146,68,99,100,TPR鞋底,户外机能,斯凯奇潮,0,1,27,2
1919,系带设计,52,309,82,253,97,橡胶大底,日常休闲,回力经典,0,0,996,1
3254,松紧带鞋,45,281,80,225,90,EVA轻底,运动休闲,斯凯奇潮,1,1,1280,2
646,魔术贴鞋,59,209,98,205,96,MD发泡底,日常休闲,鸿星尔克,0,1,339,2
607,系带设计,48,194,90,175,95,PU中底,运动休闲,耐克潮流,0,0,3534,1
937,套脚款式,36,300,67,201,94,混合鞋底,简约百搭,特步男鞋,1,0,426,1
368,系带设计,44,120,85,102,97,PU中底,潮流高街,耐克潮流,0,0,23,1
1310,套脚款式,54,100,99,99,96,EVA轻底,潮流高街,回力经典,1,0,1484,1
331,套脚款式,36,177,56,99,93,橡胶大底,运动休闲,其他品牌,1,0,1270,1
292,系带设计,39,112,88,99,92,混合鞋底,日常休闲,耐克潮流,1,1,1357,2
1368,魔术贴鞋,47,156,64,100,90,TPR鞋底,工装硬朗,鸿星尔克,0,1,1074,2
161,套脚款式,50,251,89,223,96,橡胶大底,简约百搭,斯凯奇潮,1,0,525,1
1645,套脚款式,55,137,90,123,92,橡胶大底,日常休闲,安踏运动,1,1,40,2
726,魔术贴鞋,43,157,63,99,93,MD发泡底,户外机能,李宁休闲,0,1,1317,2
2663,系带设计,36,451,70,316,92,PU中底,潮流高街,京东京造,1,0,173,3
5270,拉链鞋款,56,150,66,99,97,EVA轻底,潮流高街,鸿星尔克,0,1,573,2
743,拉链鞋款,62,122,81,99,96,PU中底,工装硬朗,耐克潮流,0,1,3128,2
1750,拉链鞋款,43,106,93,99,86,TPR鞋底,日常休闲,回力经典,0,1,492,2
2702,套脚款式,55,140,75,105,95,PU中底,复古潮鞋,阿迪达斯,0,1,997,2
1120,拉链鞋款,57,175,79,138,92,混合鞋底,简约百搭,斯凯奇潮,0,1,1164,2
68,系带设计,18,125,100,125,91,TPR鞋底,日常休闲,斯凯奇潮,0,1,968,2
8706,拉链鞋款,60,101,98,99,96,EVA轻底,运动休闲,耐克潮流,0,0,1,1
410,拉链鞋款,56,168,59,99,92,EVA轻底,工装硬朗,安踏运动,0,0,2,1
703,松紧带鞋,55,325,51,166,91,MD发泡底,潮流高街,京东京造,1,0,1058,1
4215,松紧带鞋,48,290,73,212,90,混合鞋底,日常休闲,京东京造,0,0,1051,1
386,系带设计,53,205,73,150,88,MD发泡底,户外机能,李宁休闲,1,1,4714,2
445,松紧带鞋,49,100,99,99,92,PU中底,复古潮鞋,鸿星尔克,0,1,50,2
2635,套脚款式,65,275,80,220,97,PU中底,日常休闲,斯凯奇潮,1,1,1136,2
27924,松紧带鞋,48,134,74,99,93,TPR鞋底,工装硬朗,其他品牌,0,1,2703,0
226,松紧带鞋,45,227,92,209,91,MD发泡底,运动休闲,回力经典,0,0,785,1
934,魔术贴鞋,49,200,51,102,95,EVA轻底,日常休闲,鸿星尔克,1,0,36,1
279,魔术贴鞋,47,163,86,140,99,MD发泡底,日常休闲,斯凯奇潮,1,1,1150,2
1439,松紧带鞋,56,368,65,239,91,TPR鞋底,日常休闲,其他品牌,0,1,2880,3
7828,系带设计,53,122,81,99,100,混合鞋底,工装硬朗,回力经典,0,0,888,1
1554,套脚款式,46,204,71,145,97,EVA轻底,工装硬朗,斯凯奇潮,0,0,40,1
3695,套脚款式,51,300,84,252,96,EVA轻底,复古潮鞋,回力经典,0,1,807,2
271,系带设计,49,112,88,99,96,TPR鞋底,运动休闲,鸿星尔克,1,0,32,1
848,松紧带鞋,62,135,91,123,91,橡胶大底,复古潮鞋,其他品牌,0,1,1236,2
1046,魔术贴鞋,52,440,60,264,95,EVA轻底,日常休闲,阿迪达斯,1,1,1381,3
3546,套脚款式,31,146,68,99,98,TPR鞋底,运动休闲,特步男鞋,0,1,1191,2
1461,松紧带鞋,47,426,61,260,97,MD发泡底,运动休闲,安踏运动,0,1,2387,3
56,松紧带鞋,54,565,55,311,91,混合鞋底,户外机能,阿迪达斯,0,1,808,3
980,系带设计,59,158,95,150,93,橡胶大底,日常休闲,鸿星尔克,1,1,15,2
110,魔术贴鞋,51,155,92,143,93,EVA轻底,复古潮鞋,京东京造,1,0,48,1
2053,系带设计,41,286,93,266,94,MD发泡底,工装硬朗,京东京造,1,1,8,2
962,魔术贴鞋,38,157,72,113,95,TPR鞋底,工装硬朗,李宁休闲,0,0,4993,1
161,系带设计,34,157,63,99,96,橡胶大底,潮流高街,安踏运动,1,0,198,1
786,拉链鞋款,58,146,68,99,97,PU中底,潮流高街,京东京造,1,1,16,2
405,魔术贴鞋,60,148,67,99,95,TPR鞋底,户外机能,鸿星尔克,0,0,840,1
1241,魔术贴鞋,27,153,88,135,97,混合鞋底,户外机能,特步男鞋,0,0,26,1
2549,拉链鞋款,52,123,97,119,87,MD发泡底,潮流高街,斯凯奇潮,0,1,743,2
4315,松紧带鞋,42,382,72,275,96,混合鞋底,简约百搭,京东京造,0,1,35,3
1802,拉链鞋款,50,119,83,99,91,橡胶大底,工装硬朗,斯凯奇潮,1,1,1082,2
6683,系带设计,26,264,59,156,94,TPR鞋底,户外机能,京东京造,0,1,1117,2
1854,松紧带鞋,44,139,71,99,89,MD发泡底,户外机能,特步男鞋,1,1,1143,2
5624,拉链鞋款,51,187,53,99,92,混合鞋底,日常休闲,阿迪达斯,1,0,1353,1
1294,拉链鞋款,31,144,94,135,96,橡胶大底,运动休闲,特步男鞋,0,1,788,2
762,系带设计,45,104,99,103,100,橡胶大底,潮流高街,阿迪达斯,0,0,16,1
2623,系带设计,50,282,95,268,99,EVA轻底,复古潮鞋,李宁休闲,1,1,28,2
5110,魔术贴鞋,46,345,60,207,92,PU中底,复古潮鞋,回力经典,1,1,593,2
1035,魔术贴鞋,58,213,54,115,94,TPR鞋底,工装硬朗,其他品牌,1,0,1035,1
112,松紧带鞋,52,566,97,549,100,TPR鞋底,日常休闲,阿迪达斯,1,0,6,3
2582,魔术贴鞋,32,152,65,99,91,MD发泡底,工装硬朗,阿迪达斯,1,1,1381,2
4420,系带设计,57,344,57,196,100,EVA轻底,运动休闲,鸿星尔克,0,1,1413,2
833,拉链鞋款,52,121,82,99,93,橡胶大底,简约百搭,京东京造,1,1,1404,2
2843,拉链鞋款,55,230,54,124,99,混合鞋底,运动休闲,回力经典,0,0,808,1
2031,松紧带鞋,52,131,100,131,85,橡胶大底,简约百搭,特步男鞋,0,1,50,2
381,松紧带鞋,43,377,70,264,94,MD发泡底,运动休闲,回力经典,1,1,4353,3
720,拉链鞋款,32,157,63,99,93,PU中底,运动休闲,特步男鞋,0,0,775,1
617,松紧带鞋,63,162,61,99,100,橡胶大底,工装硬朗,鸿星尔克,0,1,2195,2
1798,拉链鞋款,45,157,63,99,90,MD发泡底,户外机能,京东京造,1,0,1359,1
11868,松紧带鞋,45,174,57,99,93,TPR鞋底,工装硬朗,鸿星尔克,1,0,12,0
2756,系带设计,39,159,73,116,96,橡胶大底,复古潮鞋,斯凯奇潮,0,0,2699,1
316,系带设计,50,700,53,371,97,PU中底,户外机能,京东京造,1,1,937,3
634,拉链鞋款,52,114,88,100,90,MD发泡底,简约百搭,回力经典,1,0,26,1
150,拉链鞋款,63,155,64,99,97,橡胶大底,工装硬朗,斯凯奇潮,1,1,715,2
3308,魔术贴鞋,60,132,75,99,97,MD发泡底,复古潮鞋,耐克潮流,1,0,1230,1
5501,拉链鞋款,62,142,77,109,95,TPR鞋底,简约百搭,李宁休闲,0,0,28,1
2246,魔术贴鞋,41,190,52,99,91,MD发泡底,潮流高街,鸿星尔克,0,0,32,1
6676,拉链鞋款,61,405,75,304,88,混合鞋底,复古潮鞋,特步男鞋,0,0,13,3
1986,魔术贴鞋,52,296,82,243,91,EVA轻底,运动休闲,斯凯奇潮,0,1,22,2
3420,松紧带鞋,41,264,92,243,96,橡胶大底,复古潮鞋,斯凯奇潮,0,1,4990,2
4126,系带设计,41,136,73,99,94,EVA轻底,潮流高街,京东京造,0,1,35,2
2126,拉链鞋款,51,223,96,214,90,EVA轻底,工装硬朗,斯凯奇潮,0,0,14,1
414,套脚款式,46,927,67,621,95,EVA轻底,复古潮鞋,斯凯奇潮,0,0,383,3
2374,系带设计,42,287,62,178,97,混合鞋底,工装硬朗,鸿星尔克,1,0,345,1
3578,松紧带鞋,41,168,59,99,91,TPR鞋底,日常休闲,特步男鞋,1,1,37,2
747,系带设计,49,170,96,163,91,MD发泡底,复古潮鞋,李宁休闲,0,1,73,2
9776,魔术贴鞋,57,180,55,99,91,橡胶大底,户外机能,阿迪达斯,1,0,532,1
118,套脚款式,57,191,70,134,95,MD发泡底,复古潮鞋,李宁休闲,1,1,718,2
183,系带设计,44,174,86,150,96,橡胶大底,日常休闲,阿迪达斯,1,1,728,2
717,套脚款式,51,320,66,211,90,TPR鞋底,日常休闲,安踏运动,0,0,257,1
2027,套脚款式,55,174,72,125,90,橡胶大底,户外机能,京东京造,1,0,26,1
795,系带设计,46,155,71,110,95,混合鞋底,简约百搭,斯凯奇潮,0,1,5,2
1185,系带设计,34,395,98,387,97,混合鞋底,日常休闲,特步男鞋,1,0,997,3
971,系带设计,52,127,78,99,96,PU中底,运动休闲,斯凯奇潮,0,1,238,2
169,魔术贴鞋,44,144,88,127,96,PU中底,日常休闲,京东京造,1,1,20,2
73,魔术贴鞋,47,174,80,139,100,PU中底,运动休闲,耐克潮流,0,1,765,2
930,魔术贴鞋,45,114,87,99,96,混合鞋底,复古潮鞋,其他品牌,1,1,16,2
131,魔术贴鞋,46,111,89,99,92,PU中底,复古潮鞋,特步男鞋,0,1,1490,2
298,拉链鞋款,42,600,51,306,88,橡胶大底,工装硬朗,斯凯奇潮,0,1,569,3
90,拉链鞋款,48,257,82,211,97,混合鞋底,潮流高街,回力经典,0,1,703,2
3829,系带设计,58,118,84,99,99,橡胶大底,运动休闲,李宁休闲,1,0,225,1
824,拉链鞋款,46,377,86,324,94,橡胶大底,工装硬朗,回力经典,1,1,1197,3
363,魔术贴鞋,57,180,55,99,94,MD发泡底,户外机能,京东京造,1,1,2039,2
1262,松紧带鞋,41,185,72,133,92,EVA轻底,户外机能,安踏运动,0,1,3595,2
1768,松紧带鞋,41,238,69,164,98,混合鞋底,运动休闲,阿迪达斯,0,1,625,2
210,魔术贴鞋,51,155,64,99,90,橡胶大底,潮流高街,阿迪达斯,0,1,419,2
2405,松紧带鞋,38,184,99,182,93,MD发泡底,复古潮鞋,李宁休闲,1,1,4391,2
2895,松紧带鞋,44,198,50,99,94,TPR鞋底,运动休闲,回力经典,0,1,575,2
10416,拉链鞋款,52,186,85,158,92,TPR鞋底,潮流高街,特步男鞋,0,1,115,0
1599,套脚款式,58,451,69,311,97,MD发泡底,户外机能,京东京造,1,1,31,3
419,套脚款式,39,162,61,99,99,混合鞋底,户外机能,京东京造,1,1,1205,2
1683,魔术贴鞋,47,171,92,157,96,EVA轻底,日常休闲,斯凯奇潮,1,1,2556,2
1072,拉链鞋款,53,335,82,275,97,PU中底,日常休闲,鸿星尔克,1,0,15,3
9506,系带设计,37,612,60,367,95,EVA轻底,户外机能,京东京造,0,1,13,3
726,系带设计,63,139,71,99,85,TPR鞋底,复古潮鞋,安踏运动,1,1,476,2
11328,系带设计,54,150,66,99,92,橡胶大底,日常休闲,回力经典,1,0,1015,0
458,系带设计,50,141,70,99,96,TPR鞋底,运动休闲,阿迪达斯,1,1,755,2
916,拉链鞋款,44,129,77,99,98,EVA轻底,潮流高街,回力经典,0,0,339,1
979,拉链鞋款,49,190,52,99,97,混合鞋底,户外机能,鸿星尔克,0,0,15,1
1372,套脚款式,45,493,73,360,96,混合鞋底,户外机能,安踏运动,1,1,1045,3
449,松紧带鞋,37,174,57,99,98,MD发泡底,复古潮鞋,鸿星尔克,0,1,3556,2
306,魔术贴鞋,56,198,50,99,85,混合鞋底,复古潮鞋,安踏运动,1,0,285,1
276,系带设计,43,288,85,245,100,EVA轻底,日常休闲,京东京造,0,1,46,2
1549,拉链鞋款,55,190,52,99,93,EVA轻底,简约百搭,特步男鞋,1,0,25,1
177,套脚款式,41,493,55,271,94,PU中底,户外机能,其他品牌,0,0,3009,3
213,系带设计,45,141,74,104,90,PU中底,简约百搭,斯凯奇潮,0,0,754,1
219,魔术贴鞋,44,208,53,110,95,TPR鞋底,复古潮鞋,京东京造,1,1,964,2
1295,拉链鞋款,41,102,97,99,94,橡胶大底,工装硬朗,斯凯奇潮,0,1,1090,2
757,拉链鞋款,52,106,93,99,91,橡胶大底,工装硬朗,其他品牌,1,1,619,2
277,系带设计,44,152,65,99,91,PU中底,工装硬朗,特步男鞋,1,0,218,1
4297,套脚款式,43,160,62,99,96,混合鞋底,运动休闲,鸿星尔克,1,0,4578,1
778,魔术贴鞋,35,102,97,99,98,PU中底,运动休闲,其他品牌,0,0,674,1
619,拉链鞋款,53,571,95,542,94,MD发泡底,日常休闲,阿迪达斯,1,1,198,3
433,系带设计,39,225,52,117,96,MD发泡底,户外机能,阿迪达斯,1,1,502,2
4935,松紧带鞋,60,141,98,138,99,MD发泡底,潮流高街,京东京造,1,1,1013,2
4178,拉链鞋款,57,361,67,242,96,混合鞋底,潮流高街,回力经典,0,0,906,3
1084,松紧带鞋,47,557,60,334,96,PU中底,运动休闲,李宁休闲,0,0,84,3
30882,系带设计,47,212,68,144,97,TPR鞋底,简约百搭,斯凯奇潮,1,1,309,0
741,系带设计,43,115,88,101,95,混合鞋底,户外机能,李宁休闲,0,1,1483,2
339,拉链鞋款,38,392,84,329,97,混合鞋底,户外机能,特步男鞋,1,0,612,3
984,拉链鞋款,56,219,63,138,96,PU中底,户外机能,李宁休闲,0,1,45,2
1181,魔术贴鞋,40,632,50,316,90,PU中底,复古潮鞋,鸿星尔克,0,1,440,3
286,系带设计,47,213,78,166,94,EVA轻底,运动休闲,李宁休闲,1,0,155,1
287,系带设计,53,254,63,160,92,混合鞋底,工装硬朗,斯凯奇潮,1,1,49,2
2667,魔术贴鞋,32,157,63,99,90,PU中底,工装硬朗,特步男鞋,1,0,1031,1
836,拉链鞋款,35,196,91,178,92,TPR鞋底,简约百搭,安踏运动,1,0,413,1
3435,拉链鞋款,46,190,100,190,97,TPR鞋底,日常休闲,京东京造,0,1,1305,2
1496,松紧带鞋,56,533,60,320,91,混合鞋底,工装硬朗,李宁休闲,1,1,606,3
870,松紧带鞋,49,160,62,99,94,MD发泡底,运动休闲,安踏运动,0,1,327,2
1435,松紧带鞋,59,119,83,99,93,MD发泡底,户外机能,回力经典,1,0,1023,1
4117,魔术贴鞋,31,146,68,99,93,MD发泡底,潮流高街,阿迪达斯,1,1,13,2
731,拉链鞋款,59,147,76,112,90,EVA轻底,户外机能,特步男鞋,1,0,31,1
931,拉链鞋款,58,102,97,99,92,TPR鞋底,户外机能,安踏运动,0,1,3414,2
2693,魔术贴鞋,54,286,76,217,95,MD发泡底,户外机能,安踏运动,0,0,36,1
1356,系带设计,50,148,100,148,97,PU中底,工装硬朗,回力经典,0,0,736,1
2446,系带设计,60,136,76,103,91,混合鞋底,户外机能,耐克潮流,0,1,906,2
629,魔术贴鞋,55,198,50,99,91,PU中底,复古潮鞋,其他品牌,1,0,237,1
894,系带设计,38,202,55,111,91,MD发泡底,潮流高街,京东京造,1,1,0,2
542,松紧带鞋,55,325,85,276,100,EVA轻底,复古潮鞋,特步男鞋,0,0,1025,3
789,松紧带鞋,47,214,79,169,95,MD发泡底,户外机能,京东京造,1,1,533,2
1414,拉链鞋款,40,251,68,171,85,PU中底,潮流高街,京东京造,0,0,2413,1
2654,系带设计,42,129,99,128,93,MD发泡底,工装硬朗,耐克潮流,0,0,1365,1
141,套脚款式,57,116,85,99,94,MD发泡底,潮流高街,鸿星尔克,0,0,29,1
163,魔术贴鞋,61,290,78,226,97,EVA轻底,日常休闲,耐克潮流,1,0,2045,1
1439,魔术贴鞋,50,168,76,128,85,MD发泡底,复古潮鞋,回力经典,1,0,1455,1
2166,松紧带鞋,60,152,65,99,98,混合鞋底,运动休闲,回力经典,1,1,1081,2
412,拉链鞋款,32,427,63,269,93,TPR鞋底,日常休闲,鸿星尔克,1,1,1,3
1317,松紧带鞋,53,367,54,198,89,TPR鞋底,复古潮鞋,安踏运动,0,1,316,2
908,松紧带鞋,56,377,73,275,92,MD发泡底,复古潮鞋,特步男鞋,1,1,941,3
205,松紧带鞋,44,528,58,306,93,MD发泡底,日常休闲,京东京造,1,0,1499,3
312,魔术贴鞋,55,314,65,204,98,TPR鞋底,运动休闲,特步男鞋,1,1,47,2
710,套脚款式,58,695,55,382,96,橡胶大底,日常休闲,耐克潮流,0,1,518,3
391,系带设计,43,126,92,116,94,PU中底,运动休闲,安踏运动,1,0,683,1
1318,魔术贴鞋,31,141,70,99,91,TPR鞋底,工装硬朗,斯凯奇潮,0,0,246,1
1605,系带设计,42,756,78,590,95,MD发泡底,复古潮鞋,其他品牌,1,0,632,3
2349,系带设计,37,163,73,119,90,EVA轻底,复古潮鞋,安踏运动,0,0,0,1
641,套脚款式,47,128,98,125,91,EVA轻底,户外机能,李宁休闲,0,0,1064,1
374,魔术贴鞋,55,190,52,99,100,PU中底,工装硬朗,鸿星尔克,1,1,9,2
227,拉链鞋款,40,103,96,99,97,PU中底,户外机能,阿迪达斯,1,0,41,1
833,魔术贴鞋,37,165,60,99,92,TPR鞋底,潮流高街,回力经典,0,0,12,1
725,松紧带鞋,49,585,92,538,95,PU中底,简约百搭,回力经典,0,0,730,3
1069,魔术贴鞋,45,600,50,300,97,混合鞋底,户外机能,斯凯奇潮,1,0,9,3
296,魔术贴鞋,36,141,92,130,96,TPR鞋底,工装硬朗,阿迪达斯,0,1,814,2
6578,魔术贴鞋,51,279,91,254,94,PU中底,户外机能,阿迪达斯,1,0,740,1
220,拉链鞋款,46,335,93,312,90,PU中底,工装硬朗,斯凯奇潮,1,0,454,3
4410,松紧带鞋,28,111,89,99,91,PU中底,工装硬朗,安踏运动,1,1,1459,2
2541,松紧带鞋,40,207,56,116,92,TPR鞋底,复古潮鞋,安踏运动,1,1,2175,2
1103,系带设计,55,115,86,99,97,PU中底,简约百搭,回力经典,1,1,17,2
1746,套脚款式,22,122,81,99,99,MD发泡底,工装硬朗,李宁休闲,1,1,372,2
177,系带设计,53,165,60,99,91,MD发泡底,日常休闲,回力经典,1,0,1148,1
298,拉链鞋款,58,229,55,126,96,橡胶大底,工装硬朗,京东京造,0,0,1041,1
278,魔术贴鞋,50,198,50,99,90,橡胶大底,户外机能,李宁休闲,1,0,4825,1
2403,松紧带鞋,43,165,60,99,95,PU中底,简约百搭,京东京造,0,0,4142,1
385,拉链鞋款,55,136,81,110,94,TPR鞋底,运动休闲,其他品牌,1,0,647,1
3293,拉链鞋款,50,146,90,131,97,MD发泡底,潮流高街,回力经典,1,0,44,1
356,拉链鞋款,50,183,54,99,89,TPR鞋底,复古潮鞋,鸿星尔克,0,0,3053,1
505,魔术贴鞋,30,426,54,230,99,TPR鞋底,日常休闲,耐克潮流,0,1,1291,3
648,套脚款式,46,135,80,108,95,混合鞋底,潮流高街,京东京造,0,0,159,1
1231,系带设计,46,125,79,99,91,TPR鞋底,复古潮鞋,李宁休闲,1,1,4195,2
786,松紧带鞋,43,635,69,438,89,TPR鞋底,复古潮鞋,安踏运动,0,0,245,3
2002,魔术贴鞋,56,118,84,99,90,PU中底,运动休闲,阿迪达斯,0,1,556,2
1751,拉链鞋款,37,179,73,131,92,TPR鞋底,日常休闲,其他品牌,1,0,1356,1
719,套脚款式,40,212,65,138,97,PU中底,简约百搭,安踏运动,0,0,49,1
556,拉链鞋款,51,138,72,99,96,MD发泡底,复古潮鞋,京东京造,1,0,840,1
999,魔术贴鞋,32,165,60,99,96,PU中底,户外机能,京东京造,0,1,49,2
151,套脚款式,38,270,60,162,93,混合鞋底,日常休闲,耐克潮流,1,1,1063,2
357,套脚款式,57,156,75,117,95,EVA轻底,工装硬朗,特步男鞋,1,1,1257,2
532,拉链鞋款,41,112,88,99,98,TPR鞋底,日常休闲,回力经典,0,1,30,2
653,松紧带鞋,46,310,51,158,99,混合鞋底,简约百搭,安踏运动,1,1,115,2
4532,拉链鞋款,51,115,86,99,96,MD发泡底,简约百搭,安踏运动,0,0,15,1
576,系带设计,43,134,74,99,91,TPR鞋底,简约百搭,斯凯奇潮,1,0,18,1
328,系带设计,50,100,99,99,87,PU中底,潮流高街,回力经典,1,0,2167,1
1042,魔术贴鞋,43,143,94,134,89,MD发泡底,户外机能,李宁休闲,1,1,20,2
5514,松紧带鞋,41,305,76,232,92,PU中底,工装硬朗,斯凯奇潮,0,0,38,1
3365,套脚款式,44,119,83,99,96,橡胶大底,潮流高街,特步男鞋,1,1,3,2
281,拉链鞋款,29,285,62,177,96,橡胶大底,工装硬朗,耐克潮流,1,1,1197,2
429,松紧带鞋,53,100,99,99,97,MD发泡底,户外机能,京东京造,1,1,4067,2
62,拉链鞋款,31,253,58,147,96,橡胶大底,简约百搭,阿迪达斯,1,1,190,2
970,魔术贴鞋,36,136,73,99,95,橡胶大底,户外机能,安踏运动,0,1,1201,2
795,套脚款式,47,143,69,99,95,混合鞋底,运动休闲,其他品牌,1,1,4784,2
859,系带设计,52,271,99,268,95,橡胶大底,工装硬朗,耐克潮流,0,0,683,1
588,系带设计,54,122,81,99,90,EVA轻底,户外机能,特步男鞋,0,0,1149,1
183,系带设计,44,108,92,99,97,PU中底,简约百搭,阿迪达斯,1,1,3386,2
289,松紧带鞋,34,690,79,545,93,橡胶大底,工装硬朗,阿迪达斯,0,1,972,3
632,拉链鞋款,46,162,61,99,99,混合鞋底,潮流高街,回力经典,0,0,1172,1
19203,魔术贴鞋,48,157,63,99,96,PU中底,日常休闲,其他品牌,0,0,50,0
361,套脚款式,45,106,97,103,96,MD发泡底,工装硬朗,阿迪达斯,0,0,1451,1
1248,套脚款式,39,180,92,166,93,橡胶大底,工装硬朗,特步男鞋,1,1,4791,2
556,松紧带鞋,40,141,70,99,91,PU中底,户外机能,耐克潮流,0,1,394,2
594,拉链鞋款,35,303,62,188,92,TPR鞋底,日常休闲,鸿星尔克,1,0,4043,1
557,松紧带鞋,56,624,71,443,97,PU中底,运动休闲,阿迪达斯,1,1,34,3
597,系带设计,55,105,95,100,96,EVA轻底,户外机能,安踏运动,1,0,19,1
274,套脚款式,44,124,80,99,90,PU中底,日常休闲,安踏运动,0,0,1166,1
693,系带设计,57,1033,57,589,95,混合鞋底,日常休闲,耐克潮流,0,0,1203,3
473,拉链鞋款,41,197,62,122,94,MD发泡底,户外机能,回力经典,0,1,93,2
3231,松紧带鞋,50,129,77,99,91,混合鞋底,复古潮鞋,鸿星尔克,0,1,33,2
3783,魔术贴鞋,48,109,91,99,91,橡胶大底,工装硬朗,其他品牌,0,1,1355,2
1742,系带设计,43,195,62,121,96,橡胶大底,简约百搭,其他品牌,0,0,1312,1
6393,魔术贴鞋,55,146,68,99,90,TPR鞋底,简约百搭,阿迪达斯,1,1,49,2
932,套脚款式,38,312,51,159,96,TPR鞋底,工装硬朗,阿迪达斯,0,1,1265,2
229,拉链鞋款,59,127,78,99,96,混合鞋底,潮流高街,阿迪达斯,1,1,29,2
705,拉链鞋款,52,239,72,172,97,橡胶大底,日常休闲,阿迪达斯,1,1,1183,2
459,拉链鞋款,50,197,59,116,92,EVA轻底,工装硬朗,回力经典,1,0,893,1
3603,拉链鞋款,52,141,91,128,91,混合鞋底,复古潮鞋,安踏运动,1,0,1357,1
13650,系带设计,40,162,61,99,98,EVA轻底,工装硬朗,李宁休闲,0,1,47,0
1686,系带设计,46,124,80,99,93,混合鞋底,工装硬朗,斯凯奇潮,0,0,1278,1
7249,拉链鞋款,43,101,98,99,96,橡胶大底,日常休闲,安踏运动,1,1,37,2
3973,松紧带鞋,44,170,82,139,100,混合鞋底,工装硬朗,耐克潮流,1,0,1315,1
486,系带设计,41,323,60,194,95,MD发泡底,日常休闲,京东京造,1,1,826,2
1209,魔术贴鞋,42,466,86,401,95,TPR鞋底,日常休闲,阿迪达斯,0,1,1294,3
546,套脚款式,46,305,74,226,94,EVA轻底,复古潮鞋,李宁休闲,0,0,14,1
2339,拉链鞋款,34,174,57,99,93,MD发泡底,简约百搭,李宁休闲,1,0,4462,1
2705,松紧带鞋,49,133,78,104,98,TPR鞋底,工装硬朗,特步男鞋,1,0,723,1
3131,拉链鞋款,54,134,74,99,98,TPR鞋底,潮流高街,耐克潮流,1,1,948,2
3986,套脚款式,34,272,87,237,100,EVA轻底,潮流高街,特步男鞋,1,0,371,1
2822,松紧带鞋,49,499,82,409,95,TPR鞋底,运动休闲,安踏运动,0,0,15,3
591,套脚款式,52,115,89,102,97,EVA轻底,复古潮鞋,京东京造,0,0,994,1
2516,魔术贴鞋,37,336,56,188,88,混合鞋底,日常休闲,特步男鞋,0,1,27,2
8998,魔术贴鞋,41,276,50,138,93,PU中底,日常休闲,李宁休闲,1,0,611,1
390,系带设计,44,243,79,192,93,混合鞋底,运动休闲,阿迪达斯,0,0,2,1
1556,拉链鞋款,50,230,81,186,94,TPR鞋底,运动休闲,斯凯奇潮,1,0,44,1
1131,松紧带鞋,55,262,53,139,95,橡胶大底,简约百搭,其他品牌,0,0,3826,1
1464,松紧带鞋,57,197,61,120,90,橡胶大底,工装硬朗,特步男鞋,1,1,973,2
3532,拉链鞋款,54,300,91,273,93,EVA轻底,简约百搭,特步男鞋,1,1,2538,2
2454,魔术贴鞋,50,276,95,262,93,TPR鞋底,工装硬朗,其他品牌,0,0,886,1
1613,松紧带鞋,51,142,92,131,94,MD发泡底,简约百搭,阿迪达斯,0,0,32,1
879,拉链鞋款,45,201,70,141,90,TPR鞋底,工装硬朗,阿迪达斯,1,1,1258,2
5507,系带设计,24,303,58,176,91,TPR鞋底,日常休闲,斯凯奇潮,0,0,150,1
7002,套脚款式,48,116,85,99,96,PU中底,日常休闲,鸿星尔克,0,0,16,1
28964,松紧带鞋,48,243,69,168,99,TPR鞋底,户外机能,鸿星尔克,0,1,933,0
880,套脚款式,44,111,89,99,97,混合鞋底,潮流高街,斯凯奇潮,1,1,774,2
1949,套脚款式,59,197,76,150,97,TPR鞋底,潮流高街,回力经典,1,0,130,1
883,拉链鞋款,36,142,80,114,93,PU中底,户外机能,京东京造,1,0,2074,1
947,系带设计,54,130,76,99,96,PU中底,日常休闲,斯凯奇潮,0,1,677,2
1962,魔术贴鞋,43,241,100,241,94,TPR鞋底,运动休闲,斯凯奇潮,1,0,25,1
1819,系带设计,35,165,60,99,97,TPR鞋底,日常休闲,安踏运动,0,1,1363,2
917,魔术贴鞋,38,102,97,99,91,混合鞋底,复古潮鞋,安踏运动,1,0,20,1
464,拉链鞋款,49,194,51,99,90,EVA轻底,复古潮鞋,阿迪达斯,1,1,1255,2
1025,套脚款式,46,173,93,161,95,橡胶大底,工装硬朗,鸿星尔克,1,0,284,1
1045,魔术贴鞋,49,167,78,130,90,橡胶大底,工装硬朗,阿迪达斯,1,1,796,2
1219,魔术贴鞋,49,134,74,99,86,PU中底,工装硬朗,京东京造,1,1,257,2
1355,松紧带鞋,57,225,64,144,96,PU中底,潮流高街,鸿星尔克,0,1,2011,2
1201,松紧带鞋,44,288,68,196,97,混合鞋底,户外机能,斯凯奇潮,0,0,50,1
797,松紧带鞋,42,138,72,99,96,EVA轻底,简约百搭,安踏运动,0,0,823,1
106,拉链鞋款,52,200,72,144,98,混合鞋底,工装硬朗,阿迪达斯,0,0,1253,1
163,套脚款式,42,168,65,109,95,PU中底,工装硬朗,耐克潮流,0,0,1164,1
14155,魔术贴鞋,37,184,75,138,91,混合鞋底,户外机能,耐克潮流,0,1,11,0
8543,魔术贴鞋,43,171,66,113,85,MD发泡底,简约百搭,李宁休闲,0,1,513,2
373,松紧带鞋,50,181,96,174,94,EVA轻底,工装硬朗,阿迪达斯,1,0,949,1
2071,系带设计,41,381,85,324,96,橡胶大底,工装硬朗,京东京造,1,0,638,3
360,拉链鞋款,52,345,84,290,88,EVA轻底,日常休闲,阿迪达斯,0,0,132,3
495,魔术贴鞋,53,139,71,99,91,PU中底,简约百搭,京东京造,0,0,499,1
1625,套脚款式,38,217,54,117,92,EVA轻底,潮流高街,其他品牌,0,0,1153,1
280,套脚款式,60,204,53,108,90,EVA轻底,简约百搭,其他品牌,1,1,977,2
186,魔术贴鞋,37,148,67,99,90,MD发泡底,日常休闲,安踏运动,1,1,474,2
1065,魔术贴鞋,47,945,74,699,93,TPR鞋底,运动休闲,耐克潮流,1,1,897,3
522,套脚款式,32,161,69,111,99,PU中底,日常休闲,特步男鞋,1,0,523,1
567,系带设计,37,152,65,99,93,混合鞋底,户外机能,京东京造,1,0,1063,1
5692,松紧带鞋,53,111,89,99,97,TPR鞋底,潮流高街,安踏运动,0,0,4618,1
677,系带设计,33,133,79,105,99,橡胶大底,潮流高街,京东京造,1,1,825,2
1188,魔术贴鞋,61,222,51,113,92,PU中底,工装硬朗,安踏运动,0,1,747,2
1057,系带设计,45,217,70,152,95,橡胶大底,复古潮鞋,特步男鞋,0,0,982,1
4129,拉链鞋款,57,126,84,106,97,MD发泡底,工装硬朗,京东京造,1,0,3061,1
4392,魔术贴鞋,50,412,64,264,90,EVA轻底,工装硬朗,阿迪达斯,0,0,635,3
2926,系带设计,51,119,99,118,90,混合鞋底,工装硬朗,阿迪达斯,1,1,23,2
2970,系带设计,43,120,84,101,90,橡胶大底,简约百搭,其他品牌,0,1,1074,2
1195,套脚款式,46,157,63,99,91,TPR鞋底,潮流高街,耐克潮流,1,0,342,1
3462,拉链鞋款,58,187,75,140,100,MD发泡底,简约百搭,阿迪达斯,0,0,505,1
2151,魔术贴鞋,45,135,75,101,97,TPR鞋底,运动休闲,回力经典,0,0,961,1
5171,套脚款式,45,182,67,122,100,橡胶大底,简约百搭,阿迪达斯,0,1,260,2
680,系带设计,49,108,92,99,97,TPR鞋底,工装硬朗,其他品牌,1,0,1290,1
285,魔术贴鞋,46,143,69,99,91,MD发泡底,工装硬朗,特步男鞋,0,0,363,1
3376,拉链鞋款,45,215,65,140,97,橡胶大底,简约百搭,安踏运动,0,1,861,2
571,魔术贴鞋,49,198,50,99,92,橡胶大底,日常休闲,其他品牌,1,1,598,2
1048,系带设计,56,296,92,272,95,混合鞋底,运动休闲,阿迪达斯,1,1,473,2
933,魔术贴鞋,51,145,100,145,90,MD发泡底,简约百搭,耐克潮流,0,0,42,1
2631,系带设计,59,188,56,105,94,橡胶大底,复古潮鞋,安踏运动,0,1,309,2
3963,系带设计,50,166,95,158,92,TPR鞋底,简约百搭,其他品牌,0,0,1053,1
5317,套脚款式,40,388,67,260,98,EVA轻底,复古潮鞋,李宁休闲,0,0,1409,3
1890,魔术贴鞋,56,296,50,148,99,PU中底,潮流高街,阿迪达斯,0,0,2253,1
978,拉链鞋款,45,144,73,105,91,混合鞋底,工装硬朗,回力经典,0,0,111,1
5438,拉链鞋款,58,174,57,99,91,橡胶大底,潮流高街,安踏运动,1,0,568,1
1424,魔术贴鞋,49,105,94,99,98,TPR鞋底,日常休闲,鸿星尔克,1,0,4074,1
1835,松紧带鞋,62,191,90,172,89,EVA轻底,复古潮鞋,鸿星尔克,1,0,3401,1
1086,套脚款式,45,143,69,99,97,TPR鞋底,简约百搭,阿迪达斯,1,0,413,1
3481,松紧带鞋,49,227,60,136,98,橡胶大底,潮流高街,耐克潮流,0,1,920,2
1392,套脚款式,48,128,83,106,93,MD发泡底,运动休闲,特步男鞋,0,1,838,2
4769,魔术贴鞋,50,99,100,99,90,MD发泡底,复古潮鞋,其他品牌,1,0,55,1
2238,魔术贴鞋,42,228,61,139,85,PU中底,复古潮鞋,李宁休闲,0,1,105,2
753,松紧带鞋,39,148,67,99,98,混合鞋底,复古潮鞋,其他品牌,0,0,404,1
12459,魔术贴鞋,45,264,61,161,97,TPR鞋底,日常休闲,其他品牌,1,0,322,0
1205,松紧带鞋,55,182,56,102,92,橡胶大底,简约百搭,耐克潮流,0,1,457,2
7629,魔术贴鞋,52,148,67,99,97,MD发泡底,复古潮鞋,京东京造,1,1,13,2
5268,套脚款式,26,101,98,99,94,TPR鞋底,日常休闲,阿迪达斯,1,0,323,1
747,松紧带鞋,44,203,61,124,95,TPR鞋底,工装硬朗,耐克潮流,1,1,40,2
345,套脚款式,39,219,69,151,91,MD发泡底,潮流高街,阿迪达斯,1,0,1481,1
53,系带设计,51,173,66,114,98,MD发泡底,潮流高街,京东京造,1,0,677,1
13506,松紧带鞋,44,206,79,163,92,PU中底,简约百搭,李宁休闲,0,1,837,0
3892,拉链鞋款,34,198,50,99,90,TPR鞋底,户外机能,回力经典,0,0,4474,1
32,套脚款式,50,195,75,146,96,EVA轻底,运动休闲,耐克潮流,0,0,543,1
485,套脚款式,59,131,97,127,90,EVA轻底,日常休闲,鸿星尔克,1,1,485,2
1145,套脚款式,60,177,82,145,97,EVA轻底,复古潮鞋,耐克潮流,0,0,3420,1
487,系带设计,42,187,53,99,94,MD发泡底,潮流高街,京东京造,1,0,817,1
1815,套脚款式,47,591,56,331,95,PU中底,复古潮鞋,斯凯奇潮,1,0,272,3
2337,拉链鞋款,54,919,64,588,91,MD发泡底,复古潮鞋,回力经典,1,0,67,3
299,魔术贴鞋,52,104,95,99,90,混合鞋底,复古潮鞋,特步男鞋,1,1,539,2
4423,套脚款式,37,111,89,99,90,TPR鞋底,工装硬朗,安踏运动,1,0,192,1
200,拉链鞋款,39,108,92,99,91,MD发泡底,复古潮鞋,阿迪达斯,0,0,981,1
591,套脚款式,51,127,78,99,92,MD发泡底,工装硬朗,李宁休闲,0,1,27,2
919,拉链鞋款,51,161,90,145,98,TPR鞋底,运动休闲,耐克潮流,1,1,2450,2
3717,系带设计,56,238,50,119,93,EVA轻底,简约百搭,阿迪达斯,1,1,1439,2
372,松紧带鞋,44,124,80,99,90,MD发泡底,简约百搭,鸿星尔克,1,1,49,2
10969,拉链鞋款,56,175,57,100,93,PU中底,运动休闲,其他品牌,1,0,803,0
494,套脚款式,48,162,61,99,94,橡胶大底,运动休闲,李宁休闲,1,0,366,1
1174,套脚款式,52,138,72,99,95,混合鞋底,工装硬朗,阿迪达斯,0,0,2337,1
1225,拉链鞋款,43,155,64,99,90,PU中底,简约百搭,特步男鞋,1,0,15,1
7414,松紧带鞋,35,184,83,153,93,PU中底,简约百搭,斯凯奇潮,1,0,3571,1
407,套脚款式,41,110,90,99,93,EVA轻底,简约百搭,李宁休闲,1,0,33,1
1314,系带设计,51,130,94,122,93,EVA轻底,潮流高街,阿迪达斯,0,1,191,2
251,魔术贴鞋,48,162,86,139,96,EVA轻底,简约百搭,京东京造,0,0,584,1
1547,套脚款式,47,125,96,120,85,EVA轻底,复古潮鞋,其他品牌,0,1,834,2
961,松紧带鞋,36,194,51,99,99,EVA轻底,日常休闲,阿迪达斯,1,0,4599,1
3232,套脚款式,52,108,92,99,94,MD发泡底,运动休闲,安踏运动,0,1,3141,2
1375,松紧带鞋,46,257,58,149,95,橡胶大底,简约百搭,耐克潮流,0,1,1105,2
1310,系带设计,57,190,99,188,90,TPR鞋底,日常休闲,回力经典,0,1,902,2
1202,系带设计,39,192,64,123,94,PU中底,运动休闲,京东京造,1,0,160,1
264,套脚款式,48,300,66,198,95,PU中底,复古潮鞋,李宁休闲,1,1,1248,2
1066,套脚款式,43,152,65,99,99,MD发泡底,日常休闲,耐克潮流,0,1,1011,2
1172,套脚款式,40,100,99,99,95,EVA轻底,户外机能,阿迪达斯,0,1,1393,2
388,套脚款式,39,141,70,99,97,混合鞋底,户外机能,特步男鞋,0,1,3633,2
2054,拉链鞋款,36,255,65,166,91,EVA轻底,工装硬朗,安踏运动,1,0,669,1
2148,松紧带鞋,51,150,66,99,97,PU中底,复古潮鞋,特步男鞋,0,0,3929,1
382,套脚款式,43,103,96,99,96,混合鞋底,简约百搭,阿迪达斯,1,0,3525,1
790,松紧带鞋,47,244,89,217,97,PU中底,运动休闲,李宁休闲,0,0,1392,1
764,魔术贴鞋,48,134,92,123,91,MD发泡底,简约百搭,安踏运动,1,0,49,1
64,松紧带鞋,60,323,53,171,98,TPR鞋底,复古潮鞋,鸿星尔克,0,1,26,2
4223,魔术贴鞋,48,134,74,99,85,EVA轻底,工装硬朗,斯凯奇潮,1,1,553,2
606,系带设计,27,143,69,99,90,橡胶大底,潮流高街,京东京造,1,0,1438,1
7318,松紧带鞋,45,175,80,140,94,橡胶大底,潮流高街,回力经典,0,1,140,2
56,魔术贴鞋,64,338,53,179,98,MD发泡底,户外机能,安踏运动,0,1,609,2
353,松紧带鞋,44,148,67,99,100,PU中底,潮流高街,耐克潮流,0,0,938,1
2797,魔术贴鞋,46,188,73,137,97,PU中底,简约百搭,京东京造,0,1,0,2
1054,魔术贴鞋,37,230,87,200,85,TPR鞋底,潮流高街,李宁休闲,1,1,100,2
350,系带设计,52,539,85,458,93,TPR鞋底,户外机能,安踏运动,0,0,571,3
2529,套脚款式,58,122,81,99,95,MD发泡底,日常休闲,特步男鞋,0,0,212,1
53,系带设计,43,181,98,177,90,TPR鞋底,工装硬朗,耐克潮流,0,1,2621,2
3658,拉链鞋款,43,172,93,160,92,PU中底,简约百搭,回力经典,1,0,220,1
2716,松紧带鞋,62,296,96,284,96,橡胶大底,复古潮鞋,特步男鞋,0,0,258,1
1971,系带设计,50,109,91,99,94,EVA轻底,运动休闲,阿迪达斯,1,1,3555,2
3379,魔术贴鞋,50,240,53,127,87,EVA轻底,工装硬朗,耐克潮流,1,1,1164,2
886,系带设计,28,239,96,229,90,TPR鞋底,工装硬朗,回力经典,0,0,38,1
1345,系带设计,53,139,71,99,99,MD发泡底,简约百搭,特步男鞋,0,0,31,1
741,拉链鞋款,54,115,86,99,96,PU中底,运动休闲,特步男鞋,0,1,861,2
5893,松紧带鞋,46,195,61,119,91,TPR鞋底,复古潮鞋,其他品牌,0,0,526,1
6540,系带设计,39,100,99,99,92,橡胶大底,户外机能,特步男鞋,0,1,3796,2
999,系带设计,49,139,71,99,87,混合鞋底,简约百搭,京东京造,1,1,11,2
1002,松紧带鞋,46,134,74,99,92,PU中底,复古潮鞋,京东京造,1,1,31,2
1908,系带设计,52,300,99,297,96,橡胶大底,复古潮鞋,特步男鞋,0,1,2928,3
673,松紧带鞋,52,189,62,117,95,PU中底,日常休闲,京东京造,0,0,946,1
260,松紧带鞋,51,209,67,140,91,EVA轻底,户外机能,阿迪达斯,0,0,354,1
277,拉链鞋款,40,155,98,152,98,PU中底,户外机能,回力经典,1,0,4800,1
19822,拉链鞋款,65,150,66,99,96,EVA轻底,复古潮鞋,回力经典,0,0,4070,0
703,拉链鞋款,46,104,95,99,97,PU中底,简约百搭,斯凯奇潮,0,0,1003,1
404,系带设计,53,132,75,99,97,混合鞋底,潮流高街,特步男鞋,1,0,566,1
392,魔术贴鞋,42,114,87,99,96,橡胶大底,简约百搭,鸿星尔克,0,1,36,2
363,系带设计,54,128,88,113,87,混合鞋底,运动休闲,其他品牌,1,1,692,2
197,拉链鞋款,37,428,61,261,99,EVA轻底,日常休闲,李宁休闲,0,0,3334,3
970,系带设计,59,160,96,154,96,EVA轻底,户外机能,其他品牌,0,1,44,2
781,拉链鞋款,53,160,62,99,90,PU中底,运动休闲,鸿星尔克,0,1,428,2
3113,套脚款式,48,187,53,99,91,PU中底,简约百搭,阿迪达斯,1,0,551,1
576,系带设计,48,168,59,99,86,PU中底,简约百搭,李宁休闲,1,1,878,2
536,系带设计,58,295,98,289,93,混合鞋底,工装硬朗,鸿星尔克,1,1,28,2
318,松紧带鞋,56,148,79,117,96,橡胶大底,户外机能,鸿星尔克,1,1,22,2
1074,系带设计,50,169,71,120,93,MD发泡底,运动休闲,李宁休闲,0,0,274,1
1443,松紧带鞋,43,168,59,99,92,TPR鞋底,日常休闲,安踏运动,1,0,808,1
979,魔术贴鞋,30,143,69,99,88,橡胶大底,户外机能,京东京造,1,1,1418,2
55,拉链鞋款,42,179,68,122,87,MD发泡底,工装硬朗,安踏运动,1,1,391,2
684,松紧带鞋,61,132,75,99,93,橡胶大底,日常休闲,回力经典,1,1,42,2
706,系带设计,60,213,86,183,90,TPR鞋底,复古潮鞋,其他品牌,1,0,30,1
467,松紧带鞋,52,130,76,99,100,橡胶大底,户外机能,阿迪达斯,1,0,232,1
250,松紧带鞋,45,198,50,99,97,EVA轻底,简约百搭,京东京造,1,1,222,2
568,套脚款式,46,786,63,495,95,PU中底,户外机能,阿迪达斯,1,1,125,3
1956,系带设计,48,324,71,230,99,PU中底,运动休闲,李宁休闲,1,1,322,2
1754,拉链鞋款,52,218,85,185,91,TPR鞋底,简约百搭,阿迪达斯,0,1,26,2
278,松紧带鞋,46,177,90,159,91,EVA轻底,日常休闲,鸿星尔克,0,1,495,2
447,松紧带鞋,50,116,85,99,90,混合鞋底,工装硬朗,阿迪达斯,1,0,1,1
2030,套脚款式,48,424,87,369,97,橡胶大底,复古潮鞋,耐克潮流,1,1,1268,3
2045,松紧带鞋,64,129,83,107,90,MD发泡底,潮流高街,耐克潮流,1,1,602,2
8320,拉链鞋款,36,231,51,118,97,混合鞋底,复古潮鞋,斯凯奇潮,0,1,369,2
3627,拉链鞋款,47,149,90,134,99,MD发泡底,户外机能,安踏运动,0,1,764,2
4518,套脚款式,45,150,66,99,98,PU中底,运动休闲,回力经典,0,0,1479,1
3492,松紧带鞋,50,153,70,107,92,TPR鞋底,日常休闲,耐克潮流,0,0,23,1
4602,松紧带鞋,47,251,81,203,100,EVA轻底,户外机能,安踏运动,0,0,120,1
317,系带设计,42,136,73,99,92,混合鞋底,运动休闲,其他品牌,1,1,810,2
17781,松紧带鞋,37,310,58,180,98,橡胶大底,户外机能,京东京造,0,0,3269,0
2088,松紧带鞋,44,418,72,301,97,TPR鞋底,运动休闲,阿迪达斯,1,1,29,3
1356,系带设计,53,115,86,99,93,混合鞋底,潮流高街,特步男鞋,0,1,3149,2
516,魔术贴鞋,49,188,82,154,98,橡胶大底,简约百搭,阿迪达斯,0,0,1031,1
9392,套脚款式,49,138,72,99,96,TPR鞋底,日常休闲,阿迪达斯,1,1,570,2
2215,系带设计,44,464,61,283,98,PU中底,户外机能,京东京造,0,1,1381,3
1154,松紧带鞋,51,168,59,99,96,橡胶大底,简约百搭,京东京造,1,1,43,2
857,系带设计,35,203,60,122,95,橡胶大底,复古潮鞋,耐克潮流,1,1,1030,2
2150,魔术贴鞋,41,162,92,149,95,PU中底,运动休闲,回力经典,0,1,520,2
3560,魔术贴鞋,58,165,60,99,95,混合鞋底,工装硬朗,鸿星尔克,1,0,634,1
980,系带设计,41,177,56,99,97,橡胶大底,潮流高街,回力经典,0,0,293,1
5860,拉链鞋款,61,99,100,99,87,MD发泡底,简约百搭,李宁休闲,1,0,1050,1
7224,系带设计,39,290,69,200,92,PU中底,复古潮鞋,鸿星尔克,0,1,3542,2
719,松紧带鞋,49,217,65,141,92,PU中底,工装硬朗,耐克潮流,0,1,211,2
474,系带设计,49,132,96,127,97,PU中底,潮流高街,耐克潮流,0,0,321,1
431,拉链鞋款,40,471,66,311,92,橡胶大底,简约百搭,其他品牌,0,0,974,3
298,松紧带鞋,45,809,66,534,93,MD发泡底,运动休闲,阿迪达斯,0,1,1008,3
226,魔术贴鞋,46,378,64,242,92,EVA轻底,运动休闲,李宁休闲,1,0,32,3
627,魔术贴鞋,37,125,79,99,91,MD发泡底,日常休闲,回力经典,0,0,438,1
2058,拉链鞋款,58,116,85,99,95,MD发泡底,运动休闲,斯凯奇潮,0,0,18,1
412,魔术贴鞋,43,198,50,99,94,橡胶大底,户外机能,其他品牌,0,1,376,2
6881,系带设计,44,150,100,150,96,MD发泡底,工装硬朗,安踏运动,0,1,6,2
567,套脚款式,56,365,63,230,95,混合鞋底,户外机能,阿迪达斯,0,1,1392,3
2528,松紧带鞋,53,121,82,99,91,MD发泡底,工装硬朗,耐克潮流,0,1,799,2
4125,系带设计,54,286,96,275,97,MD发泡底,工装硬朗,安踏运动,1,1,1462,2
2190,系带设计,55,122,81,99,92,橡胶大底,工装硬朗,回力经典,0,1,3415,2
1519,拉链鞋款,55,181,74,134,86,TPR鞋底,简约百搭,李宁休闲,0,1,1003,2
2518,系带设计,40,213,83,177,97,TPR鞋底,工装硬朗,回力经典,0,0,3197,1
710,系带设计,35,253,51,129,99,EVA轻底,运动休闲,耐克潮流,0,0,712,1
221,拉链鞋款,64,214,91,195,93,混合鞋底,简约百搭,京东京造,1,1,44,2
1038,魔术贴鞋,43,187,53,99,90,橡胶大底,运动休闲,特步男鞋,1,1,1039,2
397,套脚款式,44,115,86,99,96,混合鞋底,户外机能,阿迪达斯,1,1,582,2
274,拉链鞋款,43,146,68,99,90,PU中底,工装硬朗,阿迪达斯,1,0,1064,1
731,套脚款式,58,109,91,99,87,TPR鞋底,潮流高街,回力经典,1,1,408,2
762,拉链鞋款,52,182,87,158,90,TPR鞋底,工装硬朗,回力经典,0,0,571,1
511,松紧带鞋,44,125,79,99,94,EVA轻底,潮流高街,安踏运动,0,0,489,1
190,魔术贴鞋,47,141,70,99,90,TPR鞋底,户外机能,耐克潮流,1,1,32,2
383,拉链鞋款,37,139,71,99,93,混合鞋底,工装硬朗,京东京造,1,1,1057,2
124,魔术贴鞋,50,109,91,99,90,PU中底,户外机能,斯凯奇潮,1,0,332,1
296,魔术贴鞋,59,391,74,289,93,MD发泡底,复古潮鞋,特步男鞋,0,1,32,3
966,套脚款式,33,717,53,380,96,橡胶大底,潮流高街,鸿星尔克,0,1,30,3
1031,松紧带鞋,49,209,55,115,90,EVA轻底,工装硬朗,回力经典,1,0,43,1
166,系带设计,44,134,74,99,90,混合鞋底,简约百搭,京东京造,0,0,50,1
941,魔术贴鞋,45,399,69,275,92,PU中底,运动休闲,鸿星尔克,1,0,191,3
2215,魔术贴鞋,39,146,68,99,92,混合鞋底,运动休闲,京东京造,1,0,693,1
2708,魔术贴鞋,43,500,81,405,96,混合鞋底,户外机能,其他品牌,1,1,4657,3
5348,魔术贴鞋,54,148,67,99,92,橡胶大底,简约百搭,李宁休闲,1,0,534,1
254,套脚款式,41,147,90,132,92,MD发泡底,户外机能,李宁休闲,1,1,101,2
1082,系带设计,56,234,85,199,100,橡胶大底,日常休闲,特步男鞋,0,0,2088,1
680,套脚款式,53,173,100,173,95,TPR鞋底,户外机能,回力经典,1,0,1146,1
254,系带设计,45,155,64,99,97,TPR鞋底,户外机能,安踏运动,1,0,1192,1
2771,松紧带鞋,18,111,89,99,94,EVA轻底,潮流高街,李宁休闲,0,1,497,2
457,松紧带鞋,56,199,100,199,91,PU中底,户外机能,阿迪达斯,1,1,2675,2
255,松紧带鞋,46,205,74,152,88,混合鞋底,户外机能,特步男鞋,0,1,238,2
1655,松紧带鞋,61,112,88,99,96,PU中底,简约百搭,阿迪达斯,0,1,1001,2
237,套脚款式,47,441,61,269,97,MD发泡底,工装硬朗,李宁休闲,0,1,1113,3
3625,松紧带鞋,38,109,91,99,91,EVA轻底,日常休闲,京东京造,1,1,573,2
465,系带设计,47,198,50,99,92,橡胶大底,户外机能,安踏运动,0,1,316,2
1066,拉链鞋款,43,118,84,99,94,橡胶大底,日常休闲,其他品牌,1,0,644,1
1781,拉链鞋款,55,187,53,99,100,EVA轻底,简约百搭,阿迪达斯,0,1,4,2
550,系带设计,57,108,92,99,90,PU中底,日常休闲,特步男鞋,1,1,464,2
304,松紧带鞋,35,472,60,283,99,TPR鞋底,运动休闲,鸿星尔克,0,0,1194,3
182,松紧带鞋,49,213,63,134,96,混合鞋底,工装硬朗,其他品牌,1,1,30,2
1433,拉链鞋款,41,254,89,226,94,混合鞋底,潮流高街,李宁休闲,1,0,1187,1
4971,套脚款式,26,122,81,99,92,橡胶大底,户外机能,斯凯奇潮,1,1,391,2
434,系带设计,56,287,62,178,91,TPR鞋底,户外机能,阿迪达斯,1,1,9,2
1405,系带设计,61,352,62,218,95,混合鞋底,日常休闲,特步男鞋,1,1,755,2
3659,魔术贴鞋,55,149,86,128,95,混合鞋底,日常休闲,安踏运动,0,0,990,1
1058,松紧带鞋,46,276,50,138,90,橡胶大底,户外机能,其他品牌,1,0,13,1
1341,系带设计,57,152,96,146,91,EVA轻底,复古潮鞋,耐克潮流,0,0,714,1
937,拉链鞋款,57,122,81,99,90,MD发泡底,复古潮鞋,斯凯奇潮,0,1,2983,2
455,松紧带鞋,55,219,59,129,98,TPR鞋底,潮流高街,特步男鞋,1,1,454,2
1963,魔术贴鞋,46,211,65,137,96,TPR鞋底,复古潮鞋,斯凯奇潮,0,1,747,2
2423,套脚款式,35,186,69,128,90,橡胶大底,工装硬朗,回力经典,1,1,37,2
1548,松紧带鞋,60,99,100,99,97,混合鞋底,户外机能,鸿星尔克,0,0,2148,1
558,魔术贴鞋,44,171,70,120,96,PU中底,日常休闲,耐克潮流,0,1,2574,2
1864,拉链鞋款,38,124,82,102,93,TPR鞋底,工装硬朗,安踏运动,0,1,189,2
711,套脚款式,46,124,80,99,93,MD发泡底,日常休闲,回力经典,1,1,3149,2
50,拉链鞋款,51,125,79,99,91,MD发泡底,潮流高街,特步男鞋,0,0,528,1
893,拉链鞋款,41,141,95,134,87,PU中底,简约百搭,回力经典,1,0,4554,1
1003,套脚款式,50,158,66,104,93,混合鞋底,潮流高街,特步男鞋,0,0,43,1
383,套脚款式,41,159,83,132,98,TPR鞋底,简约百搭,阿迪达斯,1,0,32,1
2198,拉链鞋款,56,380,51,194,85,橡胶大底,潮流高街,阿迪达斯,0,1,2819,2
288,系带设计,44,305,59,180,96,EVA轻底,运动休闲,斯凯奇潮,0,1,484,2
1356,拉链鞋款,40,128,82,105,88,PU中底,复古潮鞋,安踏运动,1,1,23,2
226,系带设计,50,154,80,123,97,EVA轻底,日常休闲,斯凯奇潮,1,0,285,1
523,拉链鞋款,45,139,71,99,97,EVA轻底,运动休闲,京东京造,0,0,1,1
284,套脚款式,49,235,72,169,87,PU中底,日常休闲,斯凯奇潮,0,0,44,1
380,魔术贴鞋,41,135,94,127,95,混合鞋底,简约百搭,特步男鞋,0,1,499,2
489,拉链鞋款,41,190,52,99,90,TPR鞋底,运动休闲,京东京造,0,1,73,2
6539,松紧带鞋,33,287,54,155,92,PU中底,复古潮鞋,斯凯奇潮,0,0,1147,1
387,拉链鞋款,61,484,55,266,90,MD发泡底,复古潮鞋,鸿星尔克,1,0,2031,3
297,松紧带鞋,52,180,55,99,90,MD发泡底,户外机能,其他品牌,1,1,40,2
44583,系带设计,51,136,73,99,91,MD发泡底,日常休闲,安踏运动,1,1,1188,0
879,松紧带鞋,57,110,93,102,100,混合鞋底,潮流高街,安踏运动,1,0,38,1
1783,拉链鞋款,48,341,51,174,91,橡胶大底,户外机能,回力经典,0,0,1149,1
1864,松紧带鞋,62,225,57,128,95,TPR鞋底,户外机能,安踏运动,0,1,344,2
2172,拉链鞋款,53,145,71,103,96,混合鞋底,复古潮鞋,其他品牌,0,1,1406,2
507,魔术贴鞋,30,300,73,219,96,MD发泡底,潮流高街,阿迪达斯,1,0,7,1
4957,松紧带鞋,53,118,84,99,93,TPR鞋底,工装硬朗,斯凯奇潮,0,1,1065,2
5978,魔术贴鞋,49,413,79,326,96,TPR鞋底,潮流高街,京东京造,0,0,10,3
612,魔术贴鞋,57,386,56,216,99,MD发泡底,复古潮鞋,阿迪达斯,1,1,813,3
1296,松紧带鞋,44,214,50,107,94,PU中底,简约百搭,回力经典,0,1,815,2
772,套脚款式,45,188,94,177,94,TPR鞋底,潮流高街,阿迪达斯,1,1,1142,2
858,拉链鞋款,21,267,84,224,100,TPR鞋底,户外机能,斯凯奇潮,0,0,530,1
464,松紧带鞋,48,692,65,450,95,橡胶大底,简约百搭,其他品牌,1,1,220,3
4011,松紧带鞋,46,240,50,120,93,橡胶大底,户外机能,耐克潮流,1,0,1164,1
823,松紧带鞋,56,174,65,113,93,MD发泡底,运动休闲,阿迪达斯,0,1,1226,2
246,系带设计,55,109,91,99,99,TPR鞋底,潮流高街,其他品牌,1,1,39,2
990,拉链鞋款,49,103,96,99,90,PU中底,户外机能,阿迪达斯,1,1,750,2
459,套脚款式,45,144,88,127,88,橡胶大底,复古潮鞋,其他品牌,0,1,4433,2
975,系带设计,50,238,65,155,94,橡胶大底,日常休闲,特步男鞋,0,0,1440,1
578,松紧带鞋,44,165,60,99,96,混合鞋底,日常休闲,特步男鞋,1,0,4,1
497,拉链鞋款,38,173,75,130,92,MD发泡底,户外机能,特步男鞋,0,0,1358,1
243,套脚款式,38,392,53,208,91,TPR鞋底,复古潮鞋,耐克潮流,1,0,4063,3
1369,套脚款式,34,177,56,99,91,PU中底,简约百搭,耐克潮流,1,0,2340,1
1935,套脚款式,63,435,75,326,92,EVA轻底,简约百搭,鸿星尔克,1,0,1337,3
1052,系带设计,62,313,77,241,98,橡胶大底,日常休闲,特步男鞋,1,0,1415,1
696,松紧带鞋,46,116,85,99,93,混合鞋底,简约百搭,斯凯奇潮,0,1,774,2
1220,松紧带鞋,51,110,90,99,100,橡胶大底,复古潮鞋,其他品牌,0,0,1067,1
1592,拉链鞋款,54,133,76,101,96,MD发泡底,工装硬朗,京东京造,1,1,741,2
6866,松紧带鞋,48,285,66,188,91,混合鞋底,潮流高街,鸿星尔克,0,1,1465,2
425,魔术贴鞋,40,157,63,99,95,橡胶大底,运动休闲,回力经典,1,0,34,1
386,松紧带鞋,47,104,95,99,97,MD发泡底,潮流高街,其他品牌,1,0,1336,1
345,拉链鞋款,54,234,58,136,96,EVA轻底,复古潮鞋,其他品牌,1,0,1489,1
79,系带设计,49,124,80,99,96,EVA轻底,运动休闲,特步男鞋,0,0,1227,1
638,拉链鞋款,47,187,53,99,93,MD发泡底,潮流高街,其他品牌,0,0,1,1
970,松紧带鞋,61,112,88,99,96,橡胶大底,工装硬朗,耐克潮流,0,0,996,1
148,系带设计,32,239,74,177,95,EVA轻底,复古潮鞋,回力经典,1,1,1229,2
1625,系带设计,58,115,86,99,95,PU中底,工装硬朗,李宁休闲,0,1,669,2
460,松紧带鞋,53,136,73,99,99,EVA轻底,日常休闲,李宁休闲,0,1,399,2
2832,系带设计,47,186,59,110,92,TPR鞋底,潮流高街,阿迪达斯,0,1,18,2
553,拉链鞋款,28,214,87,186,99,混合鞋底,运动休闲,李宁休闲,1,1,14,2
140,拉链鞋款,37,187,83,155,94,MD发泡底,日常休闲,斯凯奇潮,1,1,1011,2
2070,套脚款式,54,180,55,99,90,PU中底,日常休闲,李宁休闲,0,1,96,2
5320,松紧带鞋,47,335,54,181,85,TPR鞋底,户外机能,耐克潮流,1,1,1232,2
1033,松紧带鞋,51,165,60,99,98,TPR鞋底,户外机能,阿迪达斯,1,1,4956,2
101,松紧带鞋,61,99,100,99,91,混合鞋底,工装硬朗,特步男鞋,0,0,45,1
1233,松紧带鞋,47,320,70,224,95,混合鞋底,日常休闲,特步男鞋,0,0,1086,1
2347,系带设计,49,135,81,109,85,橡胶大底,工装硬朗,鸿星尔克,0,1,1083,2
1747,拉链鞋款,34,160,62,99,90,EVA轻底,复古潮鞋,李宁休闲,0,0,45,1
48,套脚款式,52,180,55,99,90,MD发泡底,工装硬朗,阿迪达斯,1,0,1065,1
213,套脚款式,52,296,76,225,98,PU中底,日常休闲,特步男鞋,0,1,41,2
1720,松紧带鞋,51,109,91,99,93,EVA轻底,运动休闲,李宁休闲,0,1,973,2
234,拉链鞋款,42,180,76,137,91,混合鞋底,潮流高街,安踏运动,1,1,528,2
4247,魔术贴鞋,59,224,55,123,93,混合鞋底,运动休闲,京东京造,0,1,714,2
1456,拉链鞋款,57,187,53,99,97,TPR鞋底,简约百搭,李宁休闲,0,1,3313,2
1717,拉链鞋款,45,311,83,258,99,PU中底,日常休闲,回力经典,1,0,1068,1
2599,松紧带鞋,42,262,71,186,95,EVA轻底,运动休闲,安踏运动,0,0,274,1
1772,套脚款式,47,177,56,99,90,橡胶大底,运动休闲,鸿星尔克,1,0,1008,1
1325,拉链鞋款,44,295,80,236,97,PU中底,户外机能,京东京造,0,1,930,2
227,魔术贴鞋,45,206,70,144,91,MD发泡底,复古潮鞋,鸿星尔克,0,0,0,1
1389,松紧带鞋,54,110,90,99,95,EVA轻底,工装硬朗,耐克潮流,0,0,36,1
66,魔术贴鞋,52,124,80,99,92,EVA轻底,复古潮鞋,特步男鞋,0,1,568,2
1641,套脚款式,55,105,94,99,93,PU中底,工装硬朗,李宁休闲,0,1,46,2
2072,魔术贴鞋,54,112,88,99,92,EVA轻底,日常休闲,李宁休闲,1,1,2984,2
4982,魔术贴鞋,47,271,59,160,93,EVA轻底,户外机能,斯凯奇潮,0,0,4618,1
213,松紧带鞋,46,178,83,148,97,MD发泡底,潮流高街,特步男鞋,1,1,4746,2
2790,套脚款式,49,300,92,276,94,TPR鞋底,潮流高街,京东京造,1,0,2,1
1133,套脚款式,57,125,79,99,99,TPR鞋底,户外机能,其他品牌,1,0,730,1
372,系带设计,57,105,94,99,95,EVA轻底,户外机能,其他品牌,1,1,44,2
620,魔术贴鞋,53,213,87,185,96,PU中底,运动休闲,耐克潮流,0,1,814,2
13418,魔术贴鞋,38,282,51,144,91,混合鞋底,户外机能,京东京造,1,0,1067,0
2696,拉链鞋款,53,215,88,189,92,MD发泡底,户外机能,耐克潮流,0,1,41,2
2094,松紧带鞋,50,121,82,99,98,TPR鞋底,潮流高街,李宁休闲,0,1,432,2
495,套脚款式,42,338,50,169,90,PU中底,简约百搭,李宁休闲,0,1,349,2
1881,套脚款式,50,143,69,99,91,橡胶大底,简约百搭,安踏运动,0,0,478,1
1148,拉链鞋款,31,131,83,109,97,EVA轻底,户外机能,鸿星尔克,0,1,26,2
4110,松紧带鞋,52,115,89,102,90,橡胶大底,运动休闲,京东京造,0,1,1318,2
1034,松紧带鞋,37,148,67,99,91,橡胶大底,简约百搭,京东京造,1,0,1285,1
1007,系带设计,50,233,60,140,94,混合鞋底,日常休闲,京东京造,0,0,327,1
1835,系带设计,36,134,74,99,91,TPR鞋底,工装硬朗,其他品牌,1,1,716,2
977,套脚款式,49,238,65,155,97,PU中底,工装硬朗,阿迪达斯,1,1,4655,2
212,套脚款式,40,132,75,99,97,PU中底,复古潮鞋,京东京造,1,1,492,2
313,松紧带鞋,51,241,75,181,94,EVA轻底,简约百搭,回力经典,1,1,1499,2
481,套脚款式,44,134,74,99,94,TPR鞋底,工装硬朗,李宁休闲,1,0,48,1
63,系带设计,55,167,92,154,96,MD发泡底,运动休闲,其他品牌,0,1,16,2
5502,拉链鞋款,50,182,67,122,90,PU中底,工装硬朗,回力经典,1,1,4299,2
9415,套脚款式,38,193,96,185,94,混合鞋底,运动休闲,回力经典,1,0,1152,1
637,魔术贴鞋,41,121,82,99,94,MD发泡底,复古潮鞋,斯凯奇潮,1,1,69,2
415,拉链鞋款,52,152,65,99,97,MD发泡底,复古潮鞋,阿迪达斯,1,1,868,2
685,拉链鞋款,42,256,73,187,93,橡胶大底,简约百搭,斯凯奇潮,0,0,703,1
720,套脚款式,52,194,90,175,97,橡胶大底,潮流高街,其他品牌,1,1,1106,2
482,魔术贴鞋,41,179,67,120,92,混合鞋底,简约百搭,李宁休闲,0,1,1171,2
1388,松紧带鞋,51,293,87,255,96,TPR鞋底,潮流高街,回力经典,0,0,46,1
7107,系带设计,36,270,50,135,100,TPR鞋底,潮流高街,特步男鞋,1,1,3790,2
860,套脚款式,19,246,56,138,100,PU中底,日常休闲,耐克潮流,0,0,1059,1
182,系带设计,45,135,85,115,86,EVA轻底,复古潮鞋,京东京造,1,0,1097,1
292,松紧带鞋,50,122,81,99,99,橡胶大底,运动休闲,耐克潮流,0,1,40,2
2293,拉链鞋款,41,251,81,203,95,橡胶大底,复古潮鞋,京东京造,0,0,4596,1
108,套脚款式,49,119,83,99,90,TPR鞋底,复古潮鞋,李宁休闲,0,0,987,1
378,系带设计,38,136,73,99,98,MD发泡底,潮流高街,阿迪达斯,0,1,4287,2
492,拉链鞋款,54,393,61,240,100,混合鞋底,简约百搭,李宁休闲,0,0,686,3
945,系带设计,38,379,63,239,88,混合鞋底,工装硬朗,其他品牌,0,0,20,3
284,套脚款式,46,137,93,127,85,橡胶大底,运动休闲,安踏运动,1,0,698,1
2957,松紧带鞋,57,711,57,405,95,EVA轻底,运动休闲,特步男鞋,0,1,291,3
1921,拉链鞋款,48,276,93,257,96,橡胶大底,户外机能,阿迪达斯,0,0,646,1
1915,松紧带鞋,45,152,65,99,93,混合鞋底,简约百搭,京东京造,0,0,173,1
873,套脚款式,50,233,85,198,94,PU中底,复古潮鞋,京东京造,1,1,4918,2
1138,系带设计,36,104,95,99,90,MD发泡底,工装硬朗,鸿星尔克,1,1,1207,2
4130,套脚款式,44,511,55,281,96,混合鞋底,简约百搭,李宁休闲,1,1,1329,3
1938,系带设计,44,247,57,141,91,PU中底,户外机能,鸿星尔克,1,1,155,2
1609,魔术贴鞋,42,244,99,242,100,PU中底,日常休闲,阿迪达斯,0,1,1162,2
1003,拉链鞋款,38,173,74,128,92,MD发泡底,工装硬朗,其他品牌,0,1,193,2
215,套脚款式,42,226,72,163,93,橡胶大底,日常休闲,回力经典,0,0,1319,1
188,魔术贴鞋,46,411,61,251,93,PU中底,复古潮鞋,李宁休闲,1,1,12,3
1419,系带设计,43,209,58,121,94,橡胶大底,复古潮鞋,李宁休闲,0,1,473,2
1058,套脚款式,51,387,75,290,94,PU中底,潮流高街,鸿星尔克,1,0,804,3
768,套脚款式,55,475,73,347,94,橡胶大底,户外机能,特步男鞋,0,1,2891,3
387,魔术贴鞋,41,413,60,248,97,PU中底,运动休闲,安踏运动,1,0,549,3
7291,拉链鞋款,42,194,96,186,97,EVA轻底,户外机能,斯凯奇潮,0,0,14,1
7233,套脚款式,58,166,98,163,97,混合鞋底,工装硬朗,其他品牌,1,0,0,1
4161,松紧带鞋,39,202,54,109,96,PU中底,简约百搭,鸿星尔克,1,0,2838,1
2197,魔术贴鞋,51,222,93,206,91,MD发泡底,工装硬朗,京东京造,1,1,19,2
3277,系带设计,57,208,90,187,97,混合鞋底,潮流高街,特步男鞋,0,1,752,2
215,魔术贴鞋,55,187,53,99,94,MD发泡底,复古潮鞋,耐克潮流,1,1,116,2
2289,系带设计,32,220,79,174,92,TPR鞋底,潮流高街,安踏运动,0,0,1478,1
151,套脚款式,45,386,51,197,97,橡胶大底,日常休闲,鸿星尔克,1,0,314,3
124,拉链鞋款,50,375,91,341,97,MD发泡底,运动休闲,耐克潮流,1,1,1092,3
1223,魔术贴鞋,43,131,80,105,90,橡胶大底,简约百搭,特步男鞋,0,1,1024,2
1721,系带设计,50,119,83,99,94,PU中底,日常休闲,京东京造,0,0,29,1
1284,拉链鞋款,58,148,67,99,100,PU中底,简约百搭,斯凯奇潮,0,0,1200,1
2684,系带设计,42,121,82,99,100,混合鞋底,复古潮鞋,特步男鞋,1,0,4288,1
2782,拉链鞋款,45,116,85,99,90,EVA轻底,简约百搭,回力经典,0,0,308,1
344,拉链鞋款,56,222,72,160,94,TPR鞋底,户外机能,李宁休闲,0,0,4565,1
5856,松紧带鞋,36,313,91,285,91,橡胶大底,户外机能,耐克潮流,1,1,11,3
1837,拉链鞋款,36,306,81,248,95,PU中底,潮流高街,李宁休闲,0,1,257,2
798,松紧带鞋,54,122,95,116,93,MD发泡底,简约百搭,耐克潮流,0,1,582,2
3965,魔术贴鞋,45,157,63,99,97,混合鞋底,日常休闲,京东京造,1,0,65,1
1859,魔术贴鞋,56,308,79,243,94,橡胶大底,潮流高街,斯凯奇潮,0,0,240,1
566,松紧带鞋,53,125,79,99,87,EVA轻底,户外机能,其他品牌,0,0,2206,1
683,套脚款式,47,588,67,394,94,TPR鞋底,运动休闲,李宁休闲,1,1,7,3
635,松紧带鞋,47,152,67,102,85,PU中底,复古潮鞋,斯凯奇潮,1,1,288,2
862,拉链鞋款,45,236,50,118,95,EVA轻底,户外机能,京东京造,0,1,1284,2
339,魔术贴鞋,43,194,98,190,98,MD发泡底,运动休闲,其他品牌,0,1,544,2
2394,拉链鞋款,60,125,79,99,97,MD发泡底,简约百搭,特步男鞋,0,0,280,1
1699,系带设计,45,220,55,121,92,EVA轻底,潮流高街,安踏运动,0,1,639,2
5617,松紧带鞋,41,212,58,123,96,PU中底,工装硬朗,京东京造,0,0,12,1
1923,系带设计,43,171,58,99,96,MD发泡底,工装硬朗,耐克潮流,0,1,91,2
2646,松紧带鞋,43,357,51,182,94,PU中底,运动休闲,李宁休闲,1,0,154,1
5932,套脚款式,57,111,89,99,85,MD发泡底,潮流高街,其他品牌,1,1,11,2
1063,松紧带鞋,62,392,52,204,100,橡胶大底,复古潮鞋,鸿星尔克,0,0,301,3
296,松紧带鞋,62,335,51,171,90,橡胶大底,工装硬朗,特步男鞋,0,0,1094,1
664,套脚款式,38,267,57,152,95,混合鞋底,潮流高街,李宁休闲,0,1,643,2
655,松紧带鞋,54,291,77,224,99,MD发泡底,简约百搭,安踏运动,0,0,906,1
3551,拉链鞋款,39,106,93,99,90,PU中底,户外机能,斯凯奇潮,0,0,36,1
2842,拉链鞋款,42,148,67,99,100,混合鞋底,潮流高街,安踏运动,0,1,305,2
1075,魔术贴鞋,44,111,100,111,90,EVA轻底,日常休闲,安踏运动,1,0,436,1
1127,套脚款式,46,225,77,173,93,PU中底,户外机能,安踏运动,1,0,3004,1
2557,拉链鞋款,35,420,54,227,97,橡胶大底,复古潮鞋,京东京造,0,1,4844,3
1068,魔术贴鞋,40,177,56,99,96,MD发泡底,日常休闲,李宁休闲,0,0,36,1
1654,拉链鞋款,37,351,63,221,96,EVA轻底,潮流高街,安踏运动,0,0,482,1
133,松紧带鞋,55,124,80,99,96,TPR鞋底,复古潮鞋,京东京造,0,0,3191,1
7875,拉链鞋款,40,112,88,99,92,TPR鞋底,户外机能,其他品牌,0,0,1075,1
4098,松紧带鞋,27,183,54,99,90,PU中底,工装硬朗,安踏运动,1,1,1029,2
986,魔术贴鞋,22,320,61,195,92,PU中底,工装硬朗,鸿星尔克,1,1,656,2
781,系带设计,38,164,64,105,92,TPR鞋底,复古潮鞋,耐克潮流,0,1,1144,2
1967,魔术贴鞋,41,150,66,99,96,PU中底,复古潮鞋,特步男鞋,1,1,230,2
240,松紧带鞋,45,150,66,99,95,TPR鞋底,日常休闲,安踏运动,0,0,5,1
1640,拉链鞋款,59,194,54,105,92,橡胶大底,复古潮鞋,鸿星尔克,0,0,137,1
1671,套脚款式,51,262,55,144,91,MD发泡底,工装硬朗,李宁休闲,1,0,475,1
1530,松紧带鞋,51,116,88,102,97,橡胶大底,工装硬朗,京东京造,1,0,454,1
377,魔术贴鞋,20,308,73,225,95,PU中底,日常休闲,回力经典,1,0,348,1
2422,系带设计,51,146,68,99,96,混合鞋底,日常休闲,阿迪达斯,0,0,20,1
1290,系带设计,43,325,84,273,92,EVA轻底,潮流高街,耐克潮流,0,1,27,3
212,系带设计,36,143,69,99,89,混合鞋底,潮流高街,其他品牌,0,1,727,2
785,系带设计,35,105,94,99,100,EVA轻底,运动休闲,安踏运动,0,0,1476,1
3085,魔术贴鞋,49,157,63,99,92,MD发泡底,运动休闲,阿迪达斯,0,0,891,1
3980,松紧带鞋,49,587,60,352,90,橡胶大底,复古潮鞋,阿迪达斯,0,1,892,3
798,套脚款式,44,193,57,110,99,橡胶大底,运动休闲,李宁休闲,0,0,1436,1
384,魔术贴鞋,35,156,97,151,94,EVA轻底,简约百搭,斯凯奇潮,1,1,1249,2
1172,拉链鞋款,43,237,93,220,90,TPR鞋底,复古潮鞋,其他品牌,0,1,29,2
3456,套脚款式,51,198,87,172,91,EVA轻底,工装硬朗,特步男鞋,0,0,2643,1
1175,拉链鞋款,60,202,55,111,90,MD发泡底,日常休闲,京东京造,1,0,3778,1
678,魔术贴鞋,46,426,84,358,96,EVA轻底,工装硬朗,李宁休闲,1,1,168,3
269,套脚款式,61,110,93,102,93,MD发泡底,工装硬朗,耐克潮流,1,1,35,2
3195,套脚款式,45,169,80,135,91,PU中底,运动休闲,鸿星尔克,0,1,26,2
2561,套脚款式,43,173,98,170,93,EVA轻底,简约百搭,阿迪达斯,1,0,684,1
945,套脚款式,46,101,98,99,94,TPR鞋底,复古潮鞋,鸿星尔克,0,0,489,1
1965,套脚款式,47,152,65,99,94,TPR鞋底,运动休闲,鸿星尔克,1,0,39,1
1877,魔术贴鞋,57,142,88,125,95,PU中底,工装硬朗,安踏运动,1,0,607,1
136,魔术贴鞋,49,184,90,166,94,MD发泡底,工装硬朗,安踏运动,0,1,2968,2
358,松紧带鞋,41,319,52,166,91,混合鞋底,复古潮鞋,京东京造,1,0,1083,1
3528,拉链鞋款,60,153,97,148,90,TPR鞋底,复古潮鞋,特步男鞋,0,0,30,1
609,松紧带鞋,29,615,91,560,91,MD发泡底,户外机能,回力经典,1,0,1455,3
393,系带设计,60,267,97,259,91,EVA轻底,潮流高街,其他品牌,0,0,2629,1
484,套脚款式,43,132,90,119,97,橡胶大底,工装硬朗,安踏运动,0,1,741,2
1532,魔术贴鞋,52,118,84,99,95,混合鞋底,复古潮鞋,李宁休闲,0,1,131,2
567,套脚款式,45,152,65,99,90,EVA轻底,工装硬朗,安踏运动,1,0,600,1
14257,魔术贴鞋,36,361,92,332,94,MD发泡底,复古潮鞋,其他品牌,0,0,4993,0
496,魔术贴鞋,40,169,88,149,86,PU中底,工装硬朗,阿迪达斯,0,1,4890,2
8219,系带设计,48,197,61,120,88,TPR鞋底,潮流高街,京东京造,1,0,552,1
732,套脚款式,55,143,69,99,96,混合鞋底,工装硬朗,阿迪达斯,1,0,1095,1
215,拉链鞋款,49,112,88,99,94,TPR鞋底,工装硬朗,回力经典,1,0,803,1
4127,拉链鞋款,36,225,55,124,92,混合鞋底,简约百搭,安踏运动,1,1,325,2
41,系带设计,30,167,97,162,94,TPR鞋底,工装硬朗,其他品牌,0,0,4457,1
1589,松紧带鞋,32,111,89,99,94,EVA轻底,复古潮鞋,阿迪达斯,0,0,941,1
2761,魔术贴鞋,58,378,87,329,90,橡胶大底,潮流高街,鸿星尔克,1,0,27,3
10201,套脚款式,52,206,51,105,95,混合鞋底,运动休闲,京东京造,1,1,1175,0
553,套脚款式,48,284,68,193,93,TPR鞋底,日常休闲,鸿星尔克,0,1,237,2
489,松紧带鞋,37,387,70,271,96,MD发泡底,潮流高街,安踏运动,0,1,2219,3
538,魔术贴鞋,54,183,54,99,99,混合鞋底,日常休闲,京东京造,1,1,4569,2
93,套脚款式,55,281,69,194,90,混合鞋底,潮流高街,阿迪达斯,1,0,552,1
1030,套脚款式,43,115,86,99,90,TPR鞋底,简约百搭,回力经典,0,0,99,1
718,拉链鞋款,52,112,88,99,97,MD发泡底,日常休闲,李宁休闲,1,1,729,2
517,拉链鞋款,61,228,54,123,91,橡胶大底,简约百搭,斯凯奇潮,1,1,1052,2
1034,魔术贴鞋,63,148,69,102,94,橡胶大底,复古潮鞋,其他品牌,1,1,687,2
17350,套脚款式,45,187,53,99,85,PU中底,工装硬朗,其他品牌,0,1,186,0
692,套脚款式,56,168,60,101,92,EVA轻底,工装硬朗,耐克潮流,0,1,530,2
2446,魔术贴鞋,33,259,51,132,88,PU中底,日常休闲,鸿星尔克,1,1,848,2
606,套脚款式,45,545,98,534,89,橡胶大底,运动休闲,李宁休闲,0,0,846,3
522,魔术贴鞋,50,218,76,166,96,TPR鞋底,工装硬朗,耐克潮流,1,0,3342,1
2905,魔术贴鞋,41,304,54,164,91,混合鞋底,复古潮鞋,李宁休闲,0,0,700,1
1204,拉链鞋款,47,184,82,151,100,橡胶大底,户外机能,特步男鞋,0,1,846,2
1673,魔术贴鞋,55,134,74,99,96,PU中底,户外机能,回力经典,0,1,468,2
2106,魔术贴鞋,61,119,83,99,95,PU中底,工装硬朗,斯凯奇潮,1,0,1395,1
1375,魔术贴鞋,18,1205,58,699,96,PU中底,潮流高街,斯凯奇潮,1,0,49,3
8568,套脚款式,41,224,93,208,90,PU中底,运动休闲,安踏运动,0,0,22,1
1210,松紧带鞋,33,342,92,315,95,橡胶大底,运动休闲,李宁休闲,1,0,4152,3
561,系带设计,36,125,79,99,94,PU中底,运动休闲,李宁休闲,0,1,11,2
1106,松紧带鞋,45,243,51,124,86,EVA轻底,运动休闲,回力经典,1,1,42,2
4261,松紧带鞋,58,184,63,116,97,EVA轻底,工装硬朗,安踏运动,1,0,4,1
223,系带设计,57,189,74,140,96,EVA轻底,运动休闲,安踏运动,1,0,1499,1
2387,魔术贴鞋,44,121,82,99,96,橡胶大底,简约百搭,安踏运动,1,1,15,2
657,拉链鞋款,55,508,84,427,97,橡胶大底,复古潮鞋,李宁休闲,0,0,2256,3
1875,松紧带鞋,59,160,88,141,93,MD发泡底,户外机能,其他品牌,0,1,2477,2
261,系带设计,52,165,60,99,99,PU中底,运动休闲,其他品牌,1,1,37,2
1189,松紧带鞋,43,192,60,115,94,橡胶大底,日常休闲,安踏运动,1,1,703,2
241,拉链鞋款,52,168,69,116,99,混合鞋底,简约百搭,特步男鞋,1,0,4610,1
1161,松紧带鞋,39,177,75,133,95,MD发泡底,复古潮鞋,京东京造,0,0,1149,1
733,松紧带鞋,43,100,99,99,98,EVA轻底,潮流高街,京东京造,0,1,47,2
861,松紧带鞋,51,243,54,131,98,混合鞋底,日常休闲,鸿星尔克,1,0,194,1
1880,拉链鞋款,59,177,64,113,94,TPR鞋底,潮流高街,其他品牌,0,0,805,1
602,魔术贴鞋,64,195,97,189,97,PU中底,复古潮鞋,京东京造,1,1,716,2
3298,系带设计,46,125,79,99,92,PU中底,简约百搭,耐克潮流,0,0,4,1
1021,拉链鞋款,34,251,76,191,93,橡胶大底,复古潮鞋,鸿星尔克,1,1,215,2
1219,魔术贴鞋,56,100,99,99,91,MD发泡底,简约百搭,其他品牌,1,1,591,2
2385,魔术贴鞋,40,139,96,133,92,EVA轻底,户外机能,安踏运动,1,0,720,1
310,套脚款式,39,401,88,353,97,混合鞋底,户外机能,耐克潮流,0,1,1081,3
5835,套脚款式,36,139,71,99,91,TPR鞋底,简约百搭,李宁休闲,1,0,13,1
4504,系带设计,51,168,59,99,99,TPR鞋底,运动休闲,特步男鞋,1,0,1437,1
20066,套脚款式,53,451,63,284,92,TPR鞋底,户外机能,斯凯奇潮,1,0,274,0
516,系带设计,60,395,78,308,92,PU中底,简约百搭,阿迪达斯,1,1,31,3
1118,魔术贴鞋,57,227,79,179,91,混合鞋底,潮流高街,特步男鞋,1,1,43,2
212,魔术贴鞋,53,160,62,99,96,PU中底,复古潮鞋,斯凯奇潮,0,1,23,2
409,魔术贴鞋,49,168,62,104,97,混合鞋底,简约百搭,其他品牌,1,0,27,1
1256,套脚款式,53,219,78,171,96,EVA轻底,户外机能,特步男鞋,1,1,609,2
1101,拉链鞋款,42,231,85,196,91,混合鞋底,户外机能,京东京造,0,0,4132,1
3230,魔术贴鞋,40,225,55,124,93,EVA轻底,工装硬朗,耐克潮流,0,0,20,1
135,松紧带鞋,62,108,92,99,96,混合鞋底,工装硬朗,安踏运动,1,0,2,1
463,松紧带鞋,52,208,88,183,90,混合鞋底,简约百搭,李宁休闲,0,0,12,1
489,系带设计,40,163,73,119,88,PU中底,复古潮鞋,耐克潮流,0,1,635,2
126,系带设计,48,108,92,99,96,PU中底,潮流高街,回力经典,0,0,788,1
741,系带设计,65,145,80,116,94,橡胶大底,工装硬朗,回力经典,0,0,1,1
3559,系带设计,48,377,64,241,96,MD发泡底,工装硬朗,回力经典,1,1,1228,3
880,松紧带鞋,46,124,94,117,91,橡胶大底,日常休闲,回力经典,0,0,31,1
1461,松紧带鞋,50,551,84,463,93,MD发泡底,运动休闲,京东京造,0,1,479,3
297,松紧带鞋,45,371,80,297,93,橡胶大底,潮流高街,斯凯奇潮,1,0,1248,3
6244,套脚款式,54,179,76,136,96,橡胶大底,复古潮鞋,回力经典,1,0,22,1
2104,魔术贴鞋,40,248,64,159,85,TPR鞋底,复古潮鞋,斯凯奇潮,1,1,62,2
160,松紧带鞋,40,164,64,105,91,橡胶大底,潮流高街,回力经典,0,1,791,2
377,松紧带鞋,62,275,60,165,97,TPR鞋底,户外机能,特步男鞋,1,1,1321,2
934,拉链鞋款,55,206,97,200,93,橡胶大底,运动休闲,斯凯奇潮,0,1,13,2
2100,系带设计,50,361,51,184,93,TPR鞋底,户外机能,耐克潮流,1,1,15,2
261,魔术贴鞋,52,116,94,109,97,TPR鞋底,运动休闲,安踏运动,0,0,1363,1
6899,松紧带鞋,48,166,80,133,91,橡胶大底,日常休闲,耐克潮流,1,1,283,2
2824,松紧带鞋,43,617,87,537,94,混合鞋底,运动休闲,斯凯奇潮,0,1,1262,3
420,套脚款式,42,139,71,99,96,混合鞋底,潮流高街,斯凯奇潮,0,1,1062,2
1811,系带设计,62,110,90,99,97,PU中底,工装硬朗,李宁休闲,0,0,4974,1
423,套脚款式,33,167,67,112,97,EVA轻底,复古潮鞋,京东京造,0,1,704,2
1518,套脚款式,56,195,55,107,99,EVA轻底,日常休闲,其他品牌,0,0,37,1
837,松紧带鞋,63,119,91,108,93,MD发泡底,运动休闲,耐克潮流,1,0,357,1
1270,拉链鞋款,58,168,59,99,96,PU中底,日常休闲,斯凯奇潮,1,0,751,1
1540,系带设计,58,117,86,101,90,TPR鞋底,户外机能,其他品牌,0,0,2669,1
2678,套脚款式,58,275,71,195,87,PU中底,简约百搭,安踏运动,0,1,19,2
3177,松紧带鞋,55,153,97,148,96,TPR鞋底,简约百搭,李宁休闲,1,0,1020,1
550,魔术贴鞋,45,180,79,142,95,EVA轻底,复古潮鞋,阿迪达斯,0,1,549,2
429,套脚款式,47,185,95,176,97,MD发泡底,复古潮鞋,其他品牌,1,0,1085,1
1061,拉链鞋款,61,155,64,99,95,TPR鞋底,运动休闲,其他品牌,1,0,144,1
3491,魔术贴鞋,52,245,89,218,96,EVA轻底,日常休闲,京东京造,0,1,714,2
10139,魔术贴鞋,36,194,51,99,96,PU中底,潮流高街,特步男鞋,1,1,101,0
139,拉链鞋款,30,352,96,338,98,TPR鞋底,潮流高街,特步男鞋,1,1,4,3
7542,魔术贴鞋,49,583,81,472,95,TPR鞋底,日常休闲,京东京造,0,1,226,3
2102,拉链鞋款,50,174,57,99,89,EVA轻底,潮流高街,鸿星尔克,0,1,2216,2
540,系带设计,53,110,90,99,90,TPR鞋底,户外机能,阿迪达斯,1,0,2842,1
7933,系带设计,47,170,80,136,96,TPR鞋底,户外机能,回力经典,1,1,102,2
568,拉链鞋款,47,117,88,103,90,PU中底,工装硬朗,鸿星尔克,1,0,419,1
1319,套脚款式,35,278,65,181,97,橡胶大底,潮流高街,回力经典,0,0,699,1
1153,套脚款式,46,174,94,164,93,TPR鞋底,复古潮鞋,特步男鞋,1,1,1385,2
1309,系带设计,54,146,68,99,95,混合鞋底,工装硬朗,京东京造,1,1,581,2
3357,拉链鞋款,56,121,82,99,93,混合鞋底,日常休闲,鸿星尔克,0,1,3104,2
5680,套脚款式,31,134,74,99,90,EVA轻底,简约百搭,回力经典,1,1,55,2
134,系带设计,36,183,54,99,96,橡胶大底,运动休闲,鸿星尔克,0,0,3780,1
1696,套脚款式,56,142,99,141,91,TPR鞋底,日常休闲,其他品牌,0,0,1332,1
337,魔术贴鞋,41,266,64,170,95,MD发泡底,运动休闲,回力经典,0,1,720,2
87,松紧带鞋,37,527,55,290,95,PU中底,潮流高街,京东京造,1,0,4670,3
402,套脚款式,52,118,84,99,97,MD发泡底,工装硬朗,斯凯奇潮,1,0,3832,1
1693,松紧带鞋,48,365,72,263,85,MD发泡底,复古潮鞋,回力经典,1,1,32,3
1397,套脚款式,47,143,69,99,94,PU中底,简约百搭,耐克潮流,0,1,312,2
765,魔术贴鞋,41,219,62,136,95,MD发泡底,简约百搭,斯凯奇潮,1,1,1044,2
196,拉链鞋款,43,183,54,99,91,橡胶大底,潮流高街,安踏运动,1,0,25,1
318,松紧带鞋,33,110,90,99,91,橡胶大底,潮流高街,斯凯奇潮,1,1,157,2
638,拉链鞋款,63,247,66,163,93,EVA轻底,户外机能,京东京造,0,0,22,1
2133,松紧带鞋,34,162,68,110,98,TPR鞋底,复古潮鞋,特步男鞋,0,1,84,2
77,拉链鞋款,52,136,73,99,95,PU中底,复古潮鞋,斯凯奇潮,1,1,868,2
3922,套脚款式,59,129,77,99,94,橡胶大底,运动休闲,李宁休闲,0,0,927,1
438,魔术贴鞋,37,211,53,112,99,EVA轻底,工装硬朗,阿迪达斯,0,1,36,2
62,系带设计,33,572,57,326,96,PU中底,日常休闲,安踏运动,0,0,181,3
3589,系带设计,38,171,58,99,96,混合鞋底,工装硬朗,李宁休闲,1,1,1420,2
507,松紧带鞋,32,132,75,99,94,TPR鞋底,户外机能,鸿星尔克,0,1,1500,2
1208,松紧带鞋,54,138,72,99,91,TPR鞋底,运动休闲,斯凯奇潮,1,0,17,1
632,魔术贴鞋,48,111,89,99,91,TPR鞋底,复古潮鞋,鸿星尔克,1,1,518,2
7596,系带设计,51,242,62,150,90,EVA轻底,潮流高街,阿迪达斯,1,0,56,1
1163,魔术贴鞋,53,162,61,99,91,混合鞋底,简约百搭,阿迪达斯,1,0,719,1
1689,系带设计,35,192,74,142,86,MD发泡底,户外机能,其他品牌,0,0,1258,1
14539,拉链鞋款,47,318,60,191,96,EVA轻底,简约百搭,特步男鞋,1,0,257,0
336,拉链鞋款,43,115,86,99,93,混合鞋底,日常休闲,安踏运动,1,1,689,2
2238,魔术贴鞋,52,171,86,147,98,MD发泡底,工装硬朗,耐克潮流,1,0,951,1
634,系带设计,48,267,99,264,97,EVA轻底,复古潮鞋,斯凯奇潮,0,0,764,1
133,套脚款式,55,335,51,171,95,混合鞋底,复古潮鞋,斯凯奇潮,0,0,14,1
936,拉链鞋款,53,115,96,110,95,EVA轻底,运动休闲,其他品牌,0,0,161,1
753,系带设计,52,148,67,99,91,EVA轻底,运动休闲,耐克潮流,1,1,87,2
5045,系带设计,49,200,100,200,100,MD发泡底,户外机能,耐克潮流,1,1,384,2
297,套脚款式,45,194,51,99,98,EVA轻底,简约百搭,李宁休闲,1,0,429,1
939,魔术贴鞋,50,180,55,99,92,EVA轻底,潮流高街,京东京造,0,0,316,1
298,魔术贴鞋,45,247,60,148,96,TPR鞋底,简约百搭,阿迪达斯,1,1,31,2
2526,松紧带鞋,59,177,56,99,94,MD发泡底,工装硬朗,斯凯奇潮,0,1,993,2
392,拉链鞋款,62,259,51,132,98,MD发泡底,运动休闲,耐克潮流,1,1,1281,2
2421,松紧带鞋,46,246,65,160,99,MD发泡底,日常休闲,耐克潮流,1,0,744,1
2339,拉链鞋款,48,224,54,121,97,TPR鞋底,运动休闲,斯凯奇潮,0,1,829,2
9844,魔术贴鞋,52,328,61,200,99,EVA轻底,潮流高街,回力经典,0,1,244,0
173,松紧带鞋,44,251,100,251,95,PU中底,潮流高街,回力经典,1,1,154,2
736,套脚款式,61,270,53,143,90,混合鞋底,复古潮鞋,安踏运动,1,0,413,1
460,系带设计,43,705,81,571,92,EVA轻底,复古潮鞋,李宁休闲,1,0,4979,3
263,松紧带鞋,54,127,78,99,90,EVA轻底,工装硬朗,安踏运动,1,1,2400,2
199,魔术贴鞋,53,102,97,99,94,TPR鞋底,工装硬朗,耐克潮流,0,0,883,1
569,魔术贴鞋,47,231,62,143,96,混合鞋底,运动休闲,京东京造,1,0,2216,1
45,松紧带鞋,30,187,53,99,91,PU中底,简约百搭,斯凯奇潮,0,1,19,2
208,魔术贴鞋,43,183,54,99,100,MD发泡底,潮流高街,安踏运动,1,1,31,2
736,拉链鞋款,43,106,93,99,93,EVA轻底,简约百搭,鸿星尔克,1,0,17,1
12319,魔术贴鞋,50,224,58,130,97,TPR鞋底,简约百搭,安踏运动,1,0,536,0
422,拉链鞋款,48,122,81,99,97,MD发泡底,日常休闲,其他品牌,0,0,1148,1
3688,拉链鞋款,50,148,67,99,85,TPR鞋底,潮流高街,安踏运动,0,1,492,2
424,拉链鞋款,37,106,93,99,99,MD发泡底,户外机能,鸿星尔克,0,1,10,2
1518,系带设计,41,248,84,208,94,混合鞋底,潮流高街,回力经典,1,1,943,2
2425,松紧带鞋,53,206,86,177,90,EVA轻底,简约百搭,阿迪达斯,0,0,413,1
286,拉链鞋款,33,228,60,137,92,混合鞋底,运动休闲,其他品牌,1,0,37,1
1106,魔术贴鞋,59,141,70,99,92,橡胶大底,运动休闲,耐克潮流,1,1,4115,2
8736,松紧带鞋,38,134,88,118,96,橡胶大底,日常休闲,阿迪达斯,0,0,7,1
1962,松紧带鞋,46,142,92,131,96,TPR鞋底,运动休闲,京东京造,0,0,2806,1
1147,拉链鞋款,44,364,67,244,98,EVA轻底,日常休闲,鸿星尔克,0,1,2777,3
615,魔术贴鞋,53,168,59,99,92,PU中底,工装硬朗,阿迪达斯,0,1,833,2
533,系带设计,33,229,66,151,97,橡胶大底,工装硬朗,其他品牌,0,0,178,1
76,松紧带鞋,49,100,99,99,91,TPR鞋底,简约百搭,阿迪达斯,0,0,3953,1
725,松紧带鞋,52,105,94,99,92,PU中底,潮流高街,鸿星尔克,1,1,2287,2
1202,魔术贴鞋,46,100,99,99,96,混合鞋底,运动休闲,鸿星尔克,0,0,897,1
262,松紧带鞋,52,137,92,126,97,EVA轻底,复古潮鞋,特步男鞋,1,1,14,2
56,松紧带鞋,50,578,63,364,100,MD发泡底,日常休闲,特步男鞋,1,1,954,3
47,系带设计,54,403,74,298,90,橡胶大底,户外机能,斯凯奇潮,1,1,828,3
7226,拉链鞋款,51,286,76,217,93,TPR鞋底,运动休闲,斯凯奇潮,0,1,343,2
1717,拉链鞋款,52,202,58,117,100,橡胶大底,复古潮鞋,其他品牌,0,1,434,2
6385,系带设计,54,258,85,219,91,PU中底,日常休闲,其他品牌,1,0,138,1
1069,松紧带鞋,53,277,77,213,96,混合鞋底,简约百搭,李宁休闲,0,1,13,2
7229,松紧带鞋,37,326,73,238,96,橡胶大底,户外机能,回力经典,0,0,2186,1
1501,套脚款式,52,306,80,245,88,PU中底,潮流高街,鸿星尔克,1,1,56,2
497,套脚款式,56,179,68,122,97,TPR鞋底,工装硬朗,阿迪达斯,1,1,366,2
488,套脚款式,53,140,88,123,94,橡胶大底,日常休闲,京东京造,0,0,512,1
855,松紧带鞋,45,162,61,99,92,MD发泡底,工装硬朗,耐克潮流,1,0,1136,1
1276,系带设计,51,131,78,102,86,TPR鞋底,户外机能,特步男鞋,0,0,2661,1
2763,拉链鞋款,53,183,54,99,85,EVA轻底,简约百搭,李宁休闲,1,0,168,1
3731,拉链鞋款,60,651,53,345,94,橡胶大底,户外机能,阿迪达斯,0,1,49,3
911,松紧带鞋,49,130,76,99,92,TPR鞋底,复古潮鞋,其他品牌,1,1,362,2
514,系带设计,48,207,98,203,87,EVA轻底,简约百搭,李宁休闲,0,0,846,1
1331,套脚款式,56,137,76,104,96,PU中底,潮流高街,斯凯奇潮,0,1,414,2
2519,魔术贴鞋,55,155,64,99,95,EVA轻底,复古潮鞋,京东京造,0,1,37,2
4136,系带设计,54,209,95,199,100,MD发泡底,潮流高街,京东京造,0,0,242,1
1240,松紧带鞋,47,157,63,99,90,MD发泡底,简约百搭,京东京造,0,0,1079,1
958,套脚款式,61,137,75,103,92,TPR鞋底,户外机能,京东京造,1,0,3179,1
2755,魔术贴鞋,53,254,63,160,97,混合鞋底,潮流高街,其他品牌,1,0,1059,1
4347,魔术贴鞋,46,115,86,99,91,PU中底,简约百搭,安踏运动,1,0,10,1
274,魔术贴鞋,33,143,69,99,91,PU中底,户外机能,阿迪达斯,0,0,659,1
3513,松紧带鞋,53,111,89,99,97,橡胶大底,运动休闲,鸿星尔克,1,0,1289,1
50,套脚款式,59,189,82,155,93,橡胶大底,工装硬朗,李宁休闲,0,0,502,1
496,魔术贴鞋,56,216,81,175,93,TPR鞋底,潮流高街,李宁休闲,1,1,893,2
3634,松紧带鞋,45,162,61,99,90,EVA轻底,工装硬朗,特步男鞋,0,0,387,1
1206,系带设计,46,115,86,99,90,橡胶大底,潮流高街,耐克潮流,0,1,5,2
1905,套脚款式,63,166,82,136,90,MD发泡底,户外机能,京东京造,1,0,4,1
1230,魔术贴鞋,47,218,65,142,99,混合鞋底,运动休闲,斯凯奇潮,0,0,16,1
2199,松紧带鞋,53,170,94,160,88,PU中底,简约百搭,鸿星尔克,0,1,1117,2
477,松紧带鞋,35,155,64,99,97,混合鞋底,日常休闲,其他品牌,1,1,305,2
3424,松紧带鞋,22,131,77,101,100,橡胶大底,工装硬朗,其他品牌,1,0,4637,1
225,拉链鞋款,47,219,80,175,92,橡胶大底,复古潮鞋,鸿星尔克,1,0,750,1
651,系带设计,45,155,64,99,91,MD发泡底,日常休闲,耐克潮流,1,1,644,2
16543,系带设计,39,404,54,218,93,PU中底,运动休闲,鸿星尔克,1,0,978,0
296,套脚款式,55,373,52,194,97,TPR鞋底,潮流高街,李宁休闲,0,1,29,2
1635,魔术贴鞋,49,404,57,230,94,MD发泡底,运动休闲,其他品牌,0,0,394,3
390,套脚款式,42,117,94,110,86,TPR鞋底,复古潮鞋,李宁休闲,1,1,712,2
496,系带设计,48,334,93,311,99,TPR鞋底,潮流高街,李宁休闲,1,0,61,3
7485,松紧带鞋,56,121,82,99,97,橡胶大底,工装硬朗,鸿星尔克,1,1,466,2
473,松紧带鞋,51,392,74,290,96,EVA轻底,户外机能,安踏运动,0,1,1190,3
2660,松紧带鞋,51,309,90,278,90,混合鞋底,简约百搭,斯凯奇潮,0,1,4285,2
1048,拉链鞋款,45,106,93,99,99,混合鞋底,工装硬朗,耐克潮流,1,0,1223,1
100,松紧带鞋,53,387,71,275,95,橡胶大底,户外机能,特步男鞋,0,1,13,3
874,魔术贴鞋,56,120,84,101,96,MD发泡底,简约百搭,斯凯奇潮,0,1,245,2
989,魔术贴鞋,48,170,66,112,100,MD发泡底,日常休闲,鸿星尔克,1,0,103,1
1434,魔术贴鞋,42,189,81,153,91,TPR鞋底,日常休闲,鸿星尔克,0,1,1004,2
3091,松紧带鞋,50,139,71,99,94,混合鞋底,潮流高街,李宁休闲,0,1,1286,2
1517,松紧带鞋,47,184,61,112,90,混合鞋底,工装硬朗,斯凯奇潮,1,1,4400,2
1901,拉链鞋款,58,141,70,99,91,PU中底,潮流高街,鸿星尔克,1,0,919,1
9701,系带设计,43,146,68,99,96,MD发泡底,工装硬朗,斯凯奇潮,1,0,24,1
2728,套脚款式,48,127,78,99,92,混合鞋底,复古潮鞋,鸿星尔克,1,1,4057,2
244,套脚款式,40,343,76,261,95,EVA轻底,日常休闲,李宁休闲,1,1,1046,3
560,套脚款式,33,155,64,99,92,MD发泡底,日常休闲,特步男鞋,0,1,1160,2
3738,系带设计,43,101,98,99,99,橡胶大底,复古潮鞋,阿迪达斯,1,0,730,1
265,拉链鞋款,38,148,67,99,96,PU中底,运动休闲,李宁休闲,0,0,1207,1
1337,套脚款式,41,118,84,99,86,PU中底,复古潮鞋,耐克潮流,1,1,1212,2
1889,松紧带鞋,54,314,71,223,90,TPR鞋底,户外机能,回力经典,0,1,555,2
170,魔术贴鞋,41,124,80,99,98,MD发泡底,复古潮鞋,其他品牌,1,1,513,2
1135,系带设计,56,246,67,165,92,橡胶大底,简约百搭,耐克潮流,0,0,3069,1
114,套脚款式,46,244,64,156,86,混合鞋底,运动休闲,回力经典,1,0,1449,1
1247,魔术贴鞋,52,313,61,191,94,TPR鞋底,工装硬朗,京东京造,0,0,572,1
2439,套脚款式,42,205,80,164,96,混合鞋底,工装硬朗,李宁休闲,0,1,1302,2
3653,松紧带鞋,47,136,73,99,96,TPR鞋底,户外机能,安踏运动,0,1,596,2
1922,套脚款式,59,298,52,155,90,橡胶大底,运动休闲,鸿星尔克,1,1,1206,2
40,魔术贴鞋,47,128,92,118,98,橡胶大底,工装硬朗,其他品牌,0,0,984,1
15218,套脚款式,43,187,53,99,94,混合鞋底,潮流高街,京东京造,1,1,1482,0
980,套脚款式,58,128,78,100,96,橡胶大底,日常休闲,回力经典,0,0,26,1
4986,魔术贴鞋,55,115,86,99,93,TPR鞋底,复古潮鞋,回力经典,0,0,1309,1
343,松紧带鞋,48,218,60,131,96,MD发泡底,运动休闲,回力经典,0,1,410,2
135,松紧带鞋,43,157,77,121,88,混合鞋底,潮流高街,回力经典,0,0,386,1
159,系带设计,52,164,61,100,91,PU中底,户外机能,耐克潮流,1,1,344,2
29,系带设计,59,130,76,99,90,PU中底,工装硬朗,安踏运动,0,1,3,2
818,魔术贴鞋,52,325,60,195,94,橡胶大底,简约百搭,京东京造,1,0,45,1
5536,松紧带鞋,38,130,87,113,95,橡胶大底,运动休闲,回力经典,0,0,813,1
1558,魔术贴鞋,30,406,50,203,92,EVA轻底,运动休闲,李宁休闲,0,1,611,3
2244,松紧带鞋,58,481,79,380,96,橡胶大底,简约百搭,特步男鞋,0,0,884,3
260,魔术贴鞋,54,148,67,99,95,TPR鞋底,运动休闲,李宁休闲,1,1,1128,2
1140,系带设计,19,182,55,100,92,TPR鞋底,户外机能,耐克潮流,1,1,828,2
418,松紧带鞋,47,265,54,143,96,PU中底,简约百搭,特步男鞋,0,0,44,1
5765,系带设计,41,119,83,99,96,MD发泡底,复古潮鞋,李宁休闲,0,0,3155,1
2736,魔术贴鞋,57,143,69,99,100,TPR鞋底,户外机能,回力经典,1,1,1238,2
548,拉链鞋款,32,115,86,99,93,TPR鞋底,潮流高街,李宁休闲,0,1,594,2
130,套脚款式,52,151,81,122,99,MD发泡底,日常休闲,斯凯奇潮,1,0,771,1
5632,魔术贴鞋,52,170,88,150,93,橡胶大底,户外机能,斯凯奇潮,0,0,38,1
789,拉链鞋款,41,321,68,218,94,混合鞋底,简约百搭,安踏运动,1,0,1407,1
4140,拉链鞋款,44,174,57,99,95,混合鞋底,简约百搭,其他品牌,1,0,5,1
1261,拉链鞋款,40,111,89,99,91,MD发泡底,日常休闲,鸿星尔克,1,0,886,1
569,魔术贴鞋,55,171,58,99,90,TPR鞋底,潮流高街,阿迪达斯,0,0,243,1
262,系带设计,48,109,94,102,99,橡胶大底,日常休闲,斯凯奇潮,0,1,984,2
2809,拉链鞋款,47,388,58,225,100,TPR鞋底,日常休闲,鸿星尔克,0,1,533,3
7506,松紧带鞋,50,243,56,136,92,PU中底,简约百搭,阿迪达斯,0,0,7,1
1105,系带设计,46,297,74,220,95,EVA轻底,日常休闲,特步男鞋,1,0,1309,1
496,拉链鞋款,35,194,97,188,92,TPR鞋底,简约百搭,鸿星尔克,1,1,957,2
3554,松紧带鞋,44,134,74,99,89,EVA轻底,日常休闲,李宁休闲,1,0,1182,1
543,松紧带鞋,51,305,74,226,95,TPR鞋底,简约百搭,回力经典,1,1,516,2
1020,拉链鞋款,50,293,72,211,97,TPR鞋底,户外机能,回力经典,1,1,1032,2
975,魔术贴鞋,51,190,52,99,95,PU中底,潮流高街,回力经典,1,1,798,2
6087,套脚款式,48,161,66,106,91,MD发泡底,户外机能,回力经典,1,1,4661,2
944,松紧带鞋,48,169,65,110,94,MD发泡底,复古潮鞋,耐克潮流,1,1,3283,2
770,松紧带鞋,58,160,62,99,91,MD发泡底,户外机能,鸿星尔克,0,0,1258,1
4709,魔术贴鞋,52,201,77,155,91,TPR鞋底,运动休闲,李宁休闲,0,1,3299,2
68,魔术贴鞋,45,168,92,155,93,PU中底,日常休闲,安踏运动,1,0,457,1
485,套脚款式,61,104,95,99,96,PU中底,简约百搭,鸿星尔克,1,0,978,1
2705,系带设计,43,145,80,116,93,TPR鞋底,运动休闲,阿迪达斯,1,1,1112,2
377,拉链鞋款,47,148,97,144,91,EVA轻底,复古潮鞋,回力经典,0,0,6,1
1395,松紧带鞋,41,222,72,160,96,EVA轻底,户外机能,耐克潮流,0,1,1033,2
363,套脚款式,44,238,100,238,90,EVA轻底,潮流高街,安踏运动,1,0,1076,1
521,魔术贴鞋,47,177,90,159,99,橡胶大底,复古潮鞋,斯凯奇潮,1,1,1139,2
1600,拉链鞋款,19,178,78,139,92,橡胶大底,户外机能,安踏运动,0,1,17,2
2941,系带设计,56,100,99,99,92,MD发泡底,潮流高街,阿迪达斯,0,1,49,2
692,系带设计,54,105,94,99,90,MD发泡底,工装硬朗,特步男鞋,0,1,2350,2
4639,系带设计,54,148,67,99,90,混合鞋底,简约百搭,耐克潮流,1,0,2586,1
881,魔术贴鞋,47,249,89,222,93,混合鞋底,运动休闲,其他品牌,1,0,9,1
4352,拉链鞋款,39,136,73,99,95,EVA轻底,复古潮鞋,鸿星尔克,1,1,1266,2
985,魔术贴鞋,44,108,95,103,89,PU中底,户外机能,阿迪达斯,1,1,984,2
4388,松紧带鞋,44,165,96,158,97,混合鞋底,户外机能,阿迪达斯,0,1,20,2
540,系带设计,52,174,91,158,92,混合鞋底,简约百搭,李宁休闲,0,0,41,1
290,魔术贴鞋,51,359,93,334,99,EVA轻底,潮流高街,鸿星尔克,1,0,640,3
774,套脚款式,30,152,77,117,94,MD发泡底,工装硬朗,斯凯奇潮,0,0,3484,1
946,系带设计,61,278,50,139,91,混合鞋底,户外机能,李宁休闲,0,0,1365,1
333,拉链鞋款,43,99,100,99,97,混合鞋底,日常休闲,耐克潮流,1,0,47,1
621,拉链鞋款,47,190,60,114,95,MD发泡底,日常休闲,安踏运动,1,1,819,2
451,松紧带鞋,55,185,85,157,96,混合鞋底,日常休闲,回力经典,0,1,769,2
5630,系带设计,43,267,60,160,99,PU中底,户外机能,回力经典,0,1,290,2
1893,魔术贴鞋,47,219,69,151,95,MD发泡底,潮流高街,阿迪达斯,1,1,1464,2
3397,套脚款式,51,177,56,99,92,TPR鞋底,运动休闲,斯凯奇潮,0,1,1372,2
152,魔术贴鞋,37,423,84,355,90,橡胶大底,工装硬朗,京东京造,1,0,12,3
780,拉链鞋款,55,108,92,99,90,MD发泡底,户外机能,阿迪达斯,1,0,1181,1
7339,松紧带鞋,42,176,62,109,87,TPR鞋底,复古潮鞋,鸿星尔克,1,1,1135,2
765,拉链鞋款,59,106,93,99,90,PU中底,复古潮鞋,耐克潮流,1,1,857,2
1992,系带设计,54,640,75,480,96,TPR鞋底,户外机能,安踏运动,0,1,323,3
1831,套脚款式,44,139,71,99,97,TPR鞋底,复古潮鞋,耐克潮流,0,0,459,1
331,套脚款式,40,173,78,135,93,EVA轻底,户外机能,回力经典,1,1,484,2
342,套脚款式,47,305,62,189,91,橡胶大底,工装硬朗,斯凯奇潮,0,0,1182,1
1227,套脚款式,56,156,80,125,96,橡胶大底,简约百搭,李宁休闲,0,0,1478,1
1058,套脚款式,55,198,50,99,92,TPR鞋底,简约百搭,回力经典,0,1,70,2
10372,套脚款式,54,111,89,99,88,橡胶大底,工装硬朗,李宁休闲,1,1,851,2
591,拉链鞋款,42,157,82,129,86,PU中底,工装硬朗,李宁休闲,1,0,3801,1
66,套脚款式,39,152,65,99,95,混合鞋底,运动休闲,安踏运动,1,0,338,1
5022,魔术贴鞋,51,122,81,99,93,MD发泡底,工装硬朗,耐克潮流,0,1,320,2
2317,松紧带鞋,54,339,92,312,97,MD发泡底,工装硬朗,安踏运动,1,0,1056,3
1533,系带设计,43,416,57,237,99,橡胶大底,简约百搭,李宁休闲,1,1,38,3
1131,魔术贴鞋,41,115,86,99,95,EVA轻底,工装硬朗,回力经典,1,0,285,1
51,套脚款式,52,157,63,99,94,橡胶大底,日常休闲,斯凯奇潮,1,1,2894,2
1637,魔术贴鞋,45,154,76,117,97,MD发泡底,工装硬朗,耐克潮流,0,1,4526,2
1916,系带设计,35,211,85,179,97,EVA轻底,运动休闲,阿迪达斯,0,0,610,1
285,松紧带鞋,42,189,55,104,91,EVA轻底,运动休闲,特步男鞋,0,1,74,2
983,拉链鞋款,51,104,95,99,92,混合鞋底,简约百搭,斯凯奇潮,1,1,1411,2
389,系带设计,40,159,87,138,90,PU中底,简约百搭,京东京造,1,0,774,1
293,系带设计,55,346,50,173,93,PU中底,简约百搭,安踏运动,0,0,151,1
4470,魔术贴鞋,50,177,56,99,92,MD发泡底,日常休闲,安踏运动,0,1,696,2
128,套脚款式,54,139,71,99,96,混合鞋底,简约百搭,其他品牌,1,1,2953,2
2780,拉链鞋款,61,211,79,167,97,混合鞋底,简约百搭,鸿星尔克,0,1,1414,2
511,系带设计,36,145,80,116,91,混合鞋底,潮流高街,其他品牌,1,0,515,1
8742,套脚款式,37,131,89,117,97,MD发泡底,运动休闲,京东京造,1,1,147,2
336,套脚款式,61,208,51,106,93,MD发泡底,户外机能,李宁休闲,1,1,3,2
1880,套脚款式,48,340,55,187,97,混合鞋底,运动休闲,京东京造,0,1,538,2
1989,套脚款式,54,552,58,320,100,MD发泡底,潮流高街,阿迪达斯,0,0,94,3
1330,套脚款式,55,104,95,99,95,MD发泡底,潮流高街,回力经典,0,0,939,1
870,系带设计,49,130,76,99,94,混合鞋底,潮流高街,京东京造,0,0,1266,1
3289,拉链鞋款,52,143,96,137,90,橡胶大底,日常休闲,斯凯奇潮,1,0,22,1
2454,系带设计,53,177,75,133,96,TPR鞋底,日常休闲,耐克潮流,0,0,30,1
180,松紧带鞋,51,228,65,148,91,TPR鞋底,日常休闲,回力经典,1,1,42,2
434,系带设计,41,218,68,148,92,MD发泡底,复古潮鞋,斯凯奇潮,0,0,19,1
1165,魔术贴鞋,39,350,74,259,94,MD发泡底,工装硬朗,特步男鞋,1,0,1397,3
524,松紧带鞋,50,311,54,168,99,MD发泡底,潮流高街,其他品牌,1,1,1085,2
647,套脚款式,58,141,70,99,94,TPR鞋底,工装硬朗,斯凯奇潮,0,1,367,2
2684,魔术贴鞋,56,145,75,109,95,PU中底,潮流高街,阿迪达斯,0,0,36,1
2578,系带设计,39,150,66,99,99,混合鞋底,复古潮鞋,其他品牌,1,1,815,2
37,魔术贴鞋,42,153,73,112,94,混合鞋底,潮流高街,阿迪达斯,1,1,1465,2
1266,松紧带鞋,47,131,84,110,95,混合鞋底,复古潮鞋,京东京造,0,1,799,2
3250,魔术贴鞋,41,197,59,116,91,MD发泡底,户外机能,耐克潮流,0,0,305,1
248,拉链鞋款,53,139,71,99,96,PU中底,简约百搭,安踏运动,1,0,1152,1
1455,套脚款式,43,127,96,122,96,EVA轻底,复古潮鞋,京东京造,1,1,1453,2
2205,套脚款式,62,162,68,110,91,混合鞋底,日常休闲,安踏运动,1,1,1,2
700,系带设计,60,176,79,139,96,PU中底,户外机能,特步男鞋,0,0,1412,1
2746,系带设计,32,172,88,151,92,橡胶大底,户外机能,京东京造,1,1,4951,2
1267,拉链鞋款,59,174,57,99,90,MD发泡底,潮流高街,鸿星尔克,0,0,33,1
52,系带设计,46,242,55,133,99,MD发泡底,复古潮鞋,安踏运动,0,0,562,1
744,松紧带鞋,48,276,87,240,95,橡胶大底,简约百搭,斯凯奇潮,0,0,1057,1
69,拉链鞋款,21,165,60,99,95,EVA轻底,工装硬朗,其他品牌,1,0,1495,1
1253,魔术贴鞋,52,299,89,266,91,EVA轻底,运动休闲,耐克潮流,1,1,1146,2
7733,系带设计,58,373,66,246,92,橡胶大底,工装硬朗,特步男鞋,0,1,4403,3
2493,松紧带鞋,65,150,66,99,93,MD发泡底,运动休闲,斯凯奇潮,1,1,33,2
737,松紧带鞋,51,188,64,120,99,MD发泡底,工装硬朗,其他品牌,1,0,1045,1
1455,松紧带鞋,51,464,67,311,90,橡胶大底,工装硬朗,其他品牌,0,0,3111,3
5662,魔术贴鞋,61,207,94,195,93,橡胶大底,复古潮鞋,鸿星尔克,0,0,195,1
763,魔术贴鞋,36,241,56,135,91,MD发泡底,潮流高街,特步男鞋,0,1,977,2
6156,套脚款式,53,257,74,190,92,橡胶大底,简约百搭,鸿星尔克,0,1,261,2
1004,拉链鞋款,40,108,92,99,100,橡胶大底,简约百搭,安踏运动,0,0,974,1
4820,系带设计,53,465,55,256,97,PU中底,日常休闲,斯凯奇潮,0,0,4447,3
336,套脚款式,46,104,95,99,91,TPR鞋底,工装硬朗,京东京造,0,0,785,1
245,松紧带鞋,51,956,64,612,90,橡胶大底,复古潮鞋,回力经典,1,1,1013,3
741,魔术贴鞋,55,205,94,193,99,混合鞋底,简约百搭,鸿星尔克,0,1,40,2
520,拉链鞋款,56,183,63,115,92,MD发泡底,日常休闲,斯凯奇潮,1,0,2592,1
1196,魔术贴鞋,53,222,68,151,96,混合鞋底,日常休闲,耐克潮流,1,1,1497,2
9195,系带设计,37,110,90,99,91,橡胶大底,复古潮鞋,斯凯奇潮,0,1,804,2
1343,魔术贴鞋,41,157,63,99,95,MD发泡底,工装硬朗,阿迪达斯,1,1,978,2
1556,拉链鞋款,35,139,71,99,93,混合鞋底,复古潮鞋,阿迪达斯,0,0,164,1
1488,松紧带鞋,47,137,75,103,96,混合鞋底,工装硬朗,安踏运动,0,0,2440,1
558,魔术贴鞋,50,150,92,138,97,橡胶大底,工装硬朗,其他品牌,1,0,1408,1
1479,松紧带鞋,41,143,69,99,93,MD发泡底,复古潮鞋,京东京造,1,0,1070,1
2695,魔术贴鞋,50,169,74,125,94,MD发泡底,户外机能,李宁休闲,0,1,114,2
896,系带设计,37,192,78,150,91,EVA轻底,运动休闲,安踏运动,1,0,859,1
377,魔术贴鞋,52,260,97,252,96,橡胶大底,简约百搭,耐克潮流,0,1,856,2
5829,套脚款式,53,124,99,123,98,橡胶大底,潮流高街,斯凯奇潮,1,0,32,1
219,套脚款式,59,103,96,99,92,混合鞋底,日常休闲,其他品牌,1,1,25,2
93,系带设计,54,261,62,162,96,MD发泡底,日常休闲,斯凯奇潮,0,1,503,2
91,套脚款式,54,219,98,215,94,EVA轻底,工装硬朗,李宁休闲,0,0,16,1
296,系带设计,28,169,74,125,96,橡胶大底,潮流高街,斯凯奇潮,0,1,1280,2
1404,魔术贴鞋,52,409,91,372,88,MD发泡底,复古潮鞋,耐克潮流,1,1,309,3
2327,拉链鞋款,56,139,71,99,93,混合鞋底,潮流高街,耐克潮流,1,0,2204,1
928,松紧带鞋,47,165,60,99,91,EVA轻底,复古潮鞋,安踏运动,0,0,972,1
789,拉链鞋款,54,132,75,99,93,MD发泡底,户外机能,斯凯奇潮,0,1,1448,2
448,松紧带鞋,22,274,68,186,95,EVA轻底,日常休闲,回力经典,0,0,586,1
5034,魔术贴鞋,39,110,90,99,100,混合鞋底,简约百搭,李宁休闲,0,0,296,1
1409,拉链鞋款,49,124,80,99,90,TPR鞋底,工装硬朗,安踏运动,0,1,10,2
1290,系带设计,40,171,59,101,92,混合鞋底,简约百搭,斯凯奇潮,1,0,646,1
246,系带设计,48,408,59,241,100,TPR鞋底,复古潮鞋,李宁休闲,1,1,1047,3
439,系带设计,50,137,90,123,91,混合鞋底,潮流高街,斯凯奇潮,0,0,1167,1
1196,松紧带鞋,39,282,76,214,96,橡胶大底,运动休闲,李宁休闲,0,0,28,1
104,拉链鞋款,58,123,81,100,96,TPR鞋底,潮流高街,其他品牌,1,1,928,2
278,套脚款式,50,146,68,99,88,PU中底,潮流高街,鸿星尔克,1,1,850,2
775,魔术贴鞋,38,379,71,269,91,MD发泡底,运动休闲,安踏运动,1,1,2571,3
4249,魔术贴鞋,50,245,67,164,95,MD发泡底,复古潮鞋,耐克潮流,0,0,1145,1
1422,拉链鞋款,49,527,51,269,89,PU中底,工装硬朗,其他品牌,0,1,889,3
630,拉链鞋款,21,112,91,102,92,TPR鞋底,潮流高街,京东京造,0,0,22,1
3862,松紧带鞋,44,198,50,99,100,橡胶大底,运动休闲,鸿星尔克,1,1,390,2
385,套脚款式,53,152,65,99,97,MD发泡底,工装硬朗,耐克潮流,0,0,3212,1
186,系带设计,18,113,94,106,95,橡胶大底,简约百搭,安踏运动,1,0,7,1
3533,松紧带鞋,45,205,80,164,92,混合鞋底,复古潮鞋,安踏运动,0,1,42,2
223,拉链鞋款,36,281,100,281,90,混合鞋底,简约百搭,安踏运动,1,1,1226,2
50,魔术贴鞋,52,148,67,99,96,EVA轻底,简约百搭,京东京造,1,1,627,2
5485,系带设计,45,168,59,99,97,MD发泡底,复古潮鞋,安踏运动,1,0,1144,1
1125,松紧带鞋,42,184,55,101,93,橡胶大底,简约百搭,李宁休闲,1,0,3229,1
1722,系带设计,32,219,53,116,99,混合鞋底,简约百搭,京东京造,1,0,1263,1
2649,魔术贴鞋,42,138,72,99,97,EVA轻底,工装硬朗,李宁休闲,0,1,31,2
7677,魔术贴鞋,46,160,62,99,91,EVA轻底,简约百搭,特步男鞋,0,0,430,1
482,系带设计,49,176,87,153,95,TPR鞋底,户外机能,鸿星尔克,1,0,597,1
785,套脚款式,56,513,54,277,87,TPR鞋底,简约百搭,鸿星尔克,0,0,984,3
7255,魔术贴鞋,52,368,69,254,95,混合鞋底,工装硬朗,阿迪达斯,1,0,31,3
2188,松紧带鞋,40,193,95,183,98,MD发泡底,工装硬朗,回力经典,1,0,15,1
1449,系带设计,43,204,98,200,91,EVA轻底,工装硬朗,特步男鞋,1,1,3322,2
19,系带设计,54,265,85,225,91,MD发泡底,潮流高街,斯凯奇潮,1,0,557,1
1865,拉链鞋款,39,163,62,101,89,PU中底,日常休闲,特步男鞋,0,0,46,1
958,套脚款式,52,125,79,99,92,橡胶大底,户外机能,其他品牌,0,0,1354,1
311,系带设计,39,110,90,99,98,MD发泡底,简约百搭,其他品牌,0,1,66,2
4315,系带设计,53,168,59,99,92,橡胶大底,简约百搭,回力经典,0,0,799,1
282,松紧带鞋,51,226,53,120,98,EVA轻底,运动休闲,耐克潮流,0,0,31,1
1180,系带设计,50,108,99,107,86,EVA轻底,工装硬朗,特步男鞋,1,0,2496,1
819,拉链鞋款,40,136,73,99,93,TPR鞋底,工装硬朗,耐克潮流,0,1,603,2
857,拉链鞋款,61,108,92,99,95,PU中底,户外机能,耐克潮流,1,0,544,1
5985,魔术贴鞋,52,127,78,99,100,TPR鞋底,户外机能,回力经典,0,0,3666,1
5846,魔术贴鞋,43,129,87,112,85,EVA轻底,工装硬朗,斯凯奇潮,1,1,145,2
67,套脚款式,37,267,81,216,91,EVA轻底,工装硬朗,鸿星尔克,0,0,3681,1
1982,魔术贴鞋,44,202,98,198,97,混合鞋底,户外机能,阿迪达斯,1,0,4663,1
730,拉链鞋款,48,203,65,132,94,混合鞋底,运动休闲,安踏运动,0,1,1190,2
564,魔术贴鞋,55,205,58,119,89,EVA轻底,户外机能,安踏运动,1,1,35,2
3166,松紧带鞋,50,130,76,99,90,PU中底,工装硬朗,安踏运动,1,1,1482,2
1847,套脚款式,44,514,50,257,93,TPR鞋底,复古潮鞋,安踏运动,1,0,274,3
1767,系带设计,36,438,50,219,92,混合鞋底,复古潮鞋,鸿星尔克,1,1,8,3
1647,系带设计,39,267,79,211,94,混合鞋底,户外机能,京东京造,1,1,4264,2
1045,魔术贴鞋,58,199,82,163,94,EVA轻底,日常休闲,其他品牌,0,0,1454,1
752,拉链鞋款,59,111,89,99,93,混合鞋底,复古潮鞋,回力经典,1,1,4423,2
590,拉链鞋款,51,157,82,129,92,混合鞋底,运动休闲,其他品牌,1,1,1305,2
6857,系带设计,45,961,59,567,97,EVA轻底,运动休闲,阿迪达斯,1,1,555,3
377,松紧带鞋,39,150,66,99,93,混合鞋底,运动休闲,阿迪达斯,1,0,365,1
3908,拉链鞋款,40,141,70,99,94,MD发泡底,运动休闲,耐克潮流,0,0,0,1
295,松紧带鞋,55,289,72,208,93,PU中底,户外机能,耐克潮流,1,0,478,1
1125,魔术贴鞋,52,258,55,142,100,TPR鞋底,潮流高街,鸿星尔克,1,1,812,2
705,系带设计,46,110,96,106,90,PU中底,潮流高街,安踏运动,1,0,1469,1
5757,套脚款式,38,195,58,113,90,混合鞋底,简约百搭,李宁休闲,1,1,41,2
5801,魔术贴鞋,44,138,92,127,94,混合鞋底,简约百搭,特步男鞋,0,1,804,2
4917,拉链鞋款,31,212,58,123,88,TPR鞋底,运动休闲,京东京造,1,0,3192,1
3025,系带设计,45,158,88,139,85,混合鞋底,潮流高街,其他品牌,0,1,607,2
369,拉链鞋款,57,247,75,185,96,橡胶大底,潮流高街,回力经典,1,0,105,1
575,魔术贴鞋,57,274,74,203,94,混合鞋底,工装硬朗,李宁休闲,0,0,1467,1
256,拉链鞋款,53,101,98,99,100,MD发泡底,运动休闲,鸿星尔克,0,0,10,1
491,魔术贴鞋,47,141,98,138,97,橡胶大底,简约百搭,鸿星尔克,0,1,3786,2
1006,系带设计,39,287,60,172,98,PU中底,工装硬朗,其他品牌,1,0,195,1
1490,套脚款式,48,99,100,99,92,混合鞋底,潮流高街,耐克潮流,0,1,1343,2
29000,套脚款式,45,115,86,99,96,橡胶大底,日常休闲,安踏运动,0,0,1145,0
1099,拉链鞋款,50,174,74,129,95,MD发泡底,工装硬朗,李宁休闲,0,1,196,2
226,拉链鞋款,51,108,92,99,99,MD发泡底,工装硬朗,李宁休闲,1,0,1427,1
1988,拉链鞋款,45,129,77,99,93,PU中底,简约百搭,鸿星尔克,1,0,101,1
1375,系带设计,38,174,57,99,91,TPR鞋底,户外机能,安踏运动,0,1,462,2
1080,拉链鞋款,44,382,65,248,89,EVA轻底,日常休闲,回力经典,1,1,672,3
221,魔术贴鞋,44,272,87,237,93,EVA轻底,日常休闲,回力经典,0,1,1012,2
1261,系带设计,51,152,65,99,96,TPR鞋底,工装硬朗,阿迪达斯,1,1,754,2
6583,系带设计,52,267,70,187,96,PU中底,运动休闲,回力经典,1,0,1355,1
287,系带设计,45,141,70,99,90,MD发泡底,复古潮鞋,安踏运动,1,0,771,1
160,系带设计,51,250,56,140,97,混合鞋底,潮流高街,鸿星尔克,0,1,1355,2
4975,套脚款式,52,171,66,113,89,橡胶大底,户外机能,李宁休闲,0,0,10,1
1100,系带设计,51,160,62,99,95,TPR鞋底,日常休闲,安踏运动,0,0,238,1
1228,套脚款式,49,102,97,99,97,TPR鞋底,工装硬朗,其他品牌,0,1,559,2
1147,松紧带鞋,51,274,62,170,91,混合鞋底,复古潮鞋,耐克潮流,1,0,6,1
121,套脚款式,38,152,73,111,86,混合鞋底,户外机能,安踏运动,1,1,355,2
1484,松紧带鞋,39,388,90,349,94,橡胶大底,运动休闲,回力经典,0,0,722,3
1134,系带设计,45,593,56,332,92,PU中底,运动休闲,斯凯奇潮,1,0,75,3
6748,系带设计,50,276,85,235,96,橡胶大底,工装硬朗,特步男鞋,0,1,902,2
1064,拉链鞋款,43,279,66,184,97,TPR鞋底,简约百搭,回力经典,0,0,8,1
1348,拉链鞋款,41,198,90,178,96,MD发泡底,潮流高街,鸿星尔克,1,0,10,1
265,松紧带鞋,45,301,88,265,93,TPR鞋底,简约百搭,耐克潮流,1,0,454,1
12670,松紧带鞋,47,138,72,99,90,PU中底,潮流高街,李宁休闲,0,0,545,0
229,魔术贴鞋,33,317,54,171,93,橡胶大底,运动休闲,耐克潮流,0,1,1316,2
140,松紧带鞋,42,218,91,198,96,MD发泡底,潮流高街,回力经典,0,1,80,2
5803,拉链鞋款,42,404,79,319,91,EVA轻底,工装硬朗,耐克潮流,1,1,667,3
191,魔术贴鞋,43,163,73,119,90,橡胶大底,潮流高街,斯凯奇潮,1,0,709,1
4126,魔术贴鞋,55,201,91,183,91,TPR鞋底,运动休闲,回力经典,1,1,716,2
187,魔术贴鞋,51,373,79,295,97,橡胶大底,复古潮鞋,京东京造,0,1,723,3
1537,松紧带鞋,47,102,97,99,97,橡胶大底,潮流高街,京东京造,0,1,577,2
515,套脚款式,34,119,93,111,91,EVA轻底,复古潮鞋,京东京造,1,0,33,1
576,松紧带鞋,43,181,98,177,98,橡胶大底,简约百搭,回力经典,0,1,3085,2
1150,松紧带鞋,38,108,92,99,88,TPR鞋底,复古潮鞋,其他品牌,1,0,1324,1
1474,松紧带鞋,62,200,78,156,94,PU中底,户外机能,阿迪达斯,0,1,495,2
399,系带设计,57,193,88,170,90,混合鞋底,工装硬朗,回力经典,1,1,50,2
3362,套脚款式,18,192,63,121,95,TPR鞋底,日常休闲,回力经典,1,1,1294,2
519,拉链鞋款,43,122,81,99,92,混合鞋底,日常休闲,阿迪达斯,1,0,665,1
16297,拉链鞋款,51,266,85,226,91,MD发泡底,复古潮鞋,安踏运动,0,0,455,0
368,套脚款式,46,125,83,104,96,PU中底,复古潮鞋,京东京造,1,0,1131,1
16525,套脚款式,51,168,59,99,94,PU中底,工装硬朗,回力经典,1,1,10,0
1959,松紧带鞋,52,122,81,99,95,TPR鞋底,户外机能,斯凯奇潮,1,0,987,1
1218,松紧带鞋,43,130,76,99,95,橡胶大底,简约百搭,鸿星尔克,0,1,1080,2
2316,拉链鞋款,53,111,89,99,91,混合鞋底,复古潮鞋,回力经典,0,0,2154,1
6158,拉链鞋款,26,223,100,223,93,橡胶大底,复古潮鞋,斯凯奇潮,0,1,1019,2
1652,拉链鞋款,56,154,70,108,90,PU中底,复古潮鞋,鸿星尔克,0,1,727,2
1129,拉链鞋款,48,228,85,194,95,TPR鞋底,复古潮鞋,斯凯奇潮,0,1,337,2
836,套脚款式,45,212,92,195,97,橡胶大底,日常休闲,安踏运动,1,0,1452,1
2410,系带设计,49,228,60,137,92,EVA轻底,简约百搭,其他品牌,1,0,8,1
819,松紧带鞋,48,103,96,99,98,EVA轻底,运动休闲,鸿星尔克,0,1,1026,2
789,套脚款式,53,190,52,99,93,橡胶大底,户外机能,回力经典,1,1,1328,2
11010,系带设计,41,187,70,131,90,橡胶大底,日常休闲,阿迪达斯,1,1,616,0
2316,松紧带鞋,52,160,95,152,94,MD发泡底,潮流高街,斯凯奇潮,1,0,837,1
1596,拉链鞋款,35,641,61,391,98,EVA轻底,运动休闲,回力经典,1,1,999,3
1560,松紧带鞋,46,203,59,120,99,PU中底,工装硬朗,斯凯奇潮,0,0,787,1
321,魔术贴鞋,45,152,65,99,100,EVA轻底,户外机能,特步男鞋,0,1,137,2
4457,松紧带鞋,44,111,89,99,94,TPR鞋底,运动休闲,鸿星尔克,1,1,529,2
6267,系带设计,48,278,50,139,90,MD发泡底,复古潮鞋,京东京造,0,0,798,1
4241,拉链鞋款,40,336,78,262,94,PU中底,运动休闲,阿迪达斯,1,0,3539,3
622,套脚款式,41,291,94,274,96,TPR鞋底,运动休闲,特步男鞋,0,1,1307,2
234,魔术贴鞋,57,178,68,121,90,橡胶大底,户外机能,京东京造,1,0,1239,1
2890,系带设计,41,474,78,370,100,PU中底,复古潮鞋,阿迪达斯,0,1,1370,3
1037,松紧带鞋,44,308,62,191,95,橡胶大底,工装硬朗,京东京造,0,0,122,1
1761,魔术贴鞋,39,151,92,139,98,PU中底,运动休闲,回力经典,0,0,206,1
253,松紧带鞋,60,179,72,129,93,TPR鞋底,运动休闲,斯凯奇潮,0,1,3497,2
7203,系带设计,50,134,74,99,95,TPR鞋底,简约百搭,耐克潮流,1,0,1420,1
958,系带设计,52,104,95,99,97,MD发泡底,潮流高街,耐克潮流,1,1,782,2
707,拉链鞋款,53,306,72,220,96,PU中底,日常休闲,回力经典,0,1,455,2
435,魔术贴鞋,47,100,99,99,97,橡胶大底,运动休闲,安踏运动,0,1,1394,2
969,套脚款式,41,151,67,101,96,PU中底,复古潮鞋,其他品牌,1,0,332,1
1065,系带设计,45,103,96,99,95,橡胶大底,运动休闲,斯凯奇潮,1,0,895,1
2343,系带设计,44,339,54,183,90,MD发泡底,运动休闲,回力经典,1,0,848,1
5643,拉链鞋款,54,101,98,99,100,混合鞋底,潮流高街,京东京造,1,1,16,2
1533,系带设计,50,125,97,121,92,混合鞋底,工装硬朗,安踏运动,0,1,225,2
1010,魔术贴鞋,53,144,72,104,91,橡胶大底,简约百搭,其他品牌,0,1,1479,2
2090,魔术贴鞋,47,186,63,117,94,PU中底,日常休闲,回力经典,1,1,93,2
577,松紧带鞋,49,126,98,123,94,混合鞋底,户外机能,特步男鞋,0,1,2031,2
598,魔术贴鞋,45,111,89,99,96,橡胶大底,复古潮鞋,特步男鞋,0,1,2445,2
371,拉链鞋款,34,235,51,120,94,TPR鞋底,日常休闲,耐克潮流,0,1,941,2
2373,魔术贴鞋,32,236,95,224,92,MD发泡底,工装硬朗,特步男鞋,1,0,856,1
972,魔术贴鞋,49,503,59,297,98,PU中底,运动休闲,斯凯奇潮,0,0,609,3
2691,松紧带鞋,48,177,77,136,97,橡胶大底,工装硬朗,耐克潮流,0,1,679,2
2341,拉链鞋款,54,223,71,158,92,PU中底,潮流高街,耐克潮流,0,1,4454,2
282,魔术贴鞋,47,237,60,142,91,MD发泡底,工装硬朗,特步男鞋,1,1,596,2
1644,系带设计,50,194,54,105,96,PU中底,运动休闲,安踏运动,1,0,1483,1
822,系带设计,41,164,73,120,90,TPR鞋底,简约百搭,其他品牌,0,0,1312,1
1140,魔术贴鞋,44,143,69,99,98,PU中底,运动休闲,京东京造,1,0,40,1
1639,系带设计,48,210,71,149,91,MD发泡底,简约百搭,其他品牌,1,0,1243,1
316,松紧带鞋,49,181,62,112,97,混合鞋底,复古潮鞋,耐克潮流,0,1,1208,2
392,系带设计,45,194,51,99,92,PU中底,复古潮鞋,其他品牌,0,0,143,1
6585,套脚款式,55,112,88,99,87,EVA轻底,工装硬朗,鸿星尔克,1,1,2073,2
823,套脚款式,46,104,95,99,92,TPR鞋底,工装硬朗,安踏运动,1,0,3573,1
450,拉链鞋款,43,111,89,99,90,橡胶大底,日常休闲,京东京造,1,0,134,1
161,拉链鞋款,37,194,51,99,96,PU中底,简约百搭,特步男鞋,0,0,11,1
1830,魔术贴鞋,39,162,61,99,91,PU中底,户外机能,回力经典,1,1,1185,2
7774,套脚款式,55,116,85,99,90,混合鞋底,户外机能,阿迪达斯,1,1,13,2
2186,系带设计,41,165,84,139,92,TPR鞋底,运动休闲,特步男鞋,0,1,379,2
922,松紧带鞋,42,214,66,141,94,TPR鞋底,复古潮鞋,李宁休闲,0,1,45,2
774,松紧带鞋,50,187,53,99,88,PU中底,工装硬朗,回力经典,0,1,34,2
811,系带设计,44,190,81,154,97,TPR鞋底,运动休闲,耐克潮流,0,0,1246,1
605,拉链鞋款,43,160,87,139,92,EVA轻底,简约百搭,李宁休闲,1,1,2306,2
1751,松紧带鞋,39,350,50,175,87,MD发泡底,工装硬朗,斯凯奇潮,1,1,82,2
1768,拉链鞋款,38,293,86,252,94,橡胶大底,日常休闲,阿迪达斯,1,1,1445,2
1332,魔术贴鞋,47,215,74,159,89,PU中底,简约百搭,其他品牌,1,1,647,2
454,拉链鞋款,50,126,100,126,96,混合鞋底,工装硬朗,其他品牌,0,1,3933,2
313,松紧带鞋,36,174,57,99,94,混合鞋底,简约百搭,京东京造,0,0,4715,1
103,拉链鞋款,54,129,92,119,91,EVA轻底,运动休闲,安踏运动,1,0,1156,1
732,魔术贴鞋,40,121,82,99,92,TPR鞋底,潮流高街,京东京造,0,1,390,2
1336,系带设计,38,530,50,265,93,PU中底,户外机能,回力经典,1,0,37,3
916,系带设计,34,105,94,99,90,EVA轻底,工装硬朗,京东京造,0,1,1095,2
555,松紧带鞋,55,123,93,114,96,橡胶大底,潮流高街,鸿星尔克,1,1,154,2
506,套脚款式,45,198,50,99,97,MD发泡底,户外机能,京东京造,0,1,1370,2
4079,拉链鞋款,52,398,60,239,94,TPR鞋底,运动休闲,鸿星尔克,0,0,454,3
3281,系带设计,62,532,84,447,93,EVA轻底,潮流高街,耐克潮流,0,0,48,3
725,魔术贴鞋,59,146,68,99,97,TPR鞋底,户外机能,京东京造,1,1,398,2
3734,松紧带鞋,54,139,82,114,91,PU中底,工装硬朗,阿迪达斯,0,0,3551,1
1819,拉链鞋款,41,130,76,99,90,混合鞋底,运动休闲,阿迪达斯,1,1,485,2
927,套脚款式,39,110,90,99,99,MD发泡底,复古潮鞋,回力经典,1,0,75,1
184,系带设计,48,157,63,99,91,橡胶大底,简约百搭,斯凯奇潮,1,0,4611,1
577,套脚款式,42,396,83,329,96,TPR鞋底,简约百搭,特步男鞋,0,0,2689,3
7474,魔术贴鞋,33,155,64,99,92,MD发泡底,户外机能,特步男鞋,0,0,8,1
2205,套脚款式,52,118,98,116,98,混合鞋底,户外机能,其他品牌,1,1,417,2
3992,套脚款式,55,190,52,99,91,TPR鞋底,户外机能,安踏运动,0,1,1438,2
1405,魔术贴鞋,40,204,56,114,93,混合鞋底,简约百搭,鸿星尔克,0,1,918,2
1607,系带设计,52,183,54,99,94,PU中底,复古潮鞋,京东京造,0,0,594,1
818,系带设计,65,268,88,236,98,EVA轻底,日常休闲,李宁休闲,0,0,77,1
197,松紧带鞋,60,100,99,99,97,MD发泡底,户外机能,阿迪达斯,1,0,289,1
1733,拉链鞋款,59,245,80,196,96,MD发泡底,复古潮鞋,回力经典,1,0,1240,1
4454,魔术贴鞋,40,129,84,108,88,EVA轻底,运动休闲,耐克潮流,0,0,1471,1
3844,套脚款式,44,180,55,99,93,TPR鞋底,日常休闲,鸿星尔克,1,0,522,1
2497,套脚款式,52,117,100,117,93,橡胶大底,简约百搭,回力经典,0,0,48,1
5328,拉链鞋款,40,316,51,161,94,MD发泡底,潮流高街,李宁休闲,1,0,3512,1
56,系带设计,43,190,52,99,93,TPR鞋底,工装硬朗,回力经典,0,0,274,1
53,系带设计,54,352,64,225,95,MD发泡底,运动休闲,其他品牌,0,1,10,2
1106,松紧带鞋,46,148,67,99,100,混合鞋底,运动休闲,京东京造,1,0,817,1
691,松紧带鞋,55,105,94,99,92,MD发泡底,潮流高街,耐克潮流,0,0,1185,1
1630,魔术贴鞋,46,202,93,188,100,EVA轻底,户外机能,特步男鞋,0,0,41,1
2595,系带设计,52,106,93,99,90,MD发泡底,运动休闲,鸿星尔克,1,0,563,1
2012,魔术贴鞋,45,194,51,99,92,TPR鞋底,潮流高街,回力经典,1,1,1442,2
1294,松紧带鞋,50,150,66,99,94,PU中底,工装硬朗,特步男鞋,0,1,37,2
239,松紧带鞋,52,152,65,99,93,TPR鞋底,户外机能,安踏运动,0,0,804,1
1511,松紧带鞋,44,293,69,202,96,MD发泡底,潮流高街,其他品牌,1,0,568,1
3619,系带设计,34,110,90,99,93,MD发泡底,复古潮鞋,回力经典,0,0,8,1
1627,松紧带鞋,50,221,53,117,94,混合鞋底,简约百搭,阿迪达斯,1,1,400,2
1215,魔术贴鞋,36,197,91,179,93,橡胶大底,复古潮鞋,斯凯奇潮,1,0,812,1
793,拉链鞋款,51,177,56,99,95,MD发泡底,日常休闲,回力经典,0,0,49,1
577,魔术贴鞋,56,144,77,111,97,TPR鞋底,运动休闲,鸿星尔克,1,1,0,2
1301,魔术贴鞋,54,176,93,164,96,混合鞋底,复古潮鞋,李宁休闲,1,1,1462,2
1474,套脚款式,48,127,96,122,91,TPR鞋底,潮流高街,耐克潮流,1,1,593,2
4467,系带设计,49,180,55,99,97,MD发泡底,潮流高街,京东京造,1,0,5,1
6156,系带设计,40,150,66,99,94,EVA轻底,日常休闲,其他品牌,0,1,1010,2
814,拉链鞋款,53,174,57,99,93,EVA轻底,工装硬朗,回力经典,0,0,1267,1
668,拉链鞋款,53,187,70,131,100,MD发泡底,工装硬朗,耐克潮流,0,0,44,1
73,魔术贴鞋,63,332,50,166,90,TPR鞋底,日常休闲,京东京造,0,0,845,1
208,松紧带鞋,23,121,82,99,99,TPR鞋底,运动休闲,京东京造,1,1,8,2
3314,松紧带鞋,56,245,53,130,93,PU中底,复古潮鞋,其他品牌,1,0,1426,1
353,松紧带鞋,37,213,55,117,91,PU中底,复古潮鞋,京东京造,0,1,767,2
1186,松紧带鞋,46,115,86,99,95,TPR鞋底,运动休闲,其他品牌,1,0,858,1
570,系带设计,36,539,62,334,96,混合鞋底,运动休闲,安踏运动,0,1,2671,3
1436,拉链鞋款,46,100,99,99,92,混合鞋底,运动休闲,回力经典,1,1,3470,2
3962,套脚款式,25,433,66,286,96,EVA轻底,简约百搭,李宁休闲,0,0,832,3
2538,拉链鞋款,40,148,67,99,95,混合鞋底,户外机能,鸿星尔克,0,0,25,1
573,套脚款式,51,114,87,99,97,橡胶大底,工装硬朗,安踏运动,0,1,553,2
4486,套脚款式,29,195,63,123,92,混合鞋底,潮流高街,安踏运动,1,0,1234,1
323,系带设计,46,212,99,210,87,橡胶大底,潮流高街,斯凯奇潮,1,0,1198,1
1823,套脚款式,44,372,83,309,97,TPR鞋底,日常休闲,阿迪达斯,1,0,551,3
1720,魔术贴鞋,42,150,66,99,93,PU中底,工装硬朗,斯凯奇潮,1,1,4093,2
112,拉链鞋款,57,113,100,113,95,混合鞋底,户外机能,阿迪达斯,1,1,906,2
627,系带设计,55,262,77,202,90,PU中底,复古潮鞋,鸿星尔克,1,1,483,2
980,松紧带鞋,55,136,73,99,95,EVA轻底,复古潮鞋,阿迪达斯,0,1,145,2
757,魔术贴鞋,45,156,90,140,91,EVA轻底,运动休闲,斯凯奇潮,0,1,1197,2
755,魔术贴鞋,48,262,82,215,91,橡胶大底,复古潮鞋,安踏运动,0,0,367,1
1160,系带设计,38,156,89,139,94,混合鞋底,潮流高街,耐克潮流,1,0,423,1
1088,系带设计,50,256,55,141,94,EVA轻底,简约百搭,耐克潮流,1,0,5,1
661,套脚款式,50,119,83,99,93,橡胶大底,复古潮鞋,回力经典,1,0,734,1
381,松紧带鞋,51,173,100,173,94,EVA轻底,潮流高街,斯凯奇潮,1,1,962,2
451,魔术贴鞋,36,339,51,173,100,TPR鞋底,简约百搭,鸿星尔克,0,0,18,1
912,拉链鞋款,58,302,84,254,96,TPR鞋底,潮流高街,特步男鞋,0,1,790,2
4623,系带设计,31,300,68,204,90,TPR鞋底,日常休闲,斯凯奇潮,0,0,60,1
1556,系带设计,49,103,96,99,91,混合鞋底,潮流高街,京东京造,1,0,738,1
325,魔术贴鞋,37,109,91,99,96,PU中底,运动休闲,特步男鞋,1,1,40,2
17208,松紧带鞋,50,157,89,140,93,MD发泡底,工装硬朗,斯凯奇潮,1,0,565,0
306,松紧带鞋,46,234,89,208,94,PU中底,工装硬朗,安踏运动,1,0,2882,1
5899,系带设计,33,148,67,99,86,TPR鞋底,潮流高街,阿迪达斯,1,1,41,2
174,系带设计,55,177,56,99,95,EVA轻底,日常休闲,其他品牌,1,0,4377,1
2289,松紧带鞋,40,194,51,99,93,MD发泡底,复古潮鞋,安踏运动,1,1,496,2
353,系带设计,49,270,61,165,98,MD发泡底,日常休闲,阿迪达斯,0,1,644,2
5043,套脚款式,53,743,51,379,92,混合鞋底,工装硬朗,鸿星尔克,0,0,65,3
1270,拉链鞋款,51,617,59,364,94,TPR鞋底,户外机能,京东京造,1,1,129,3
557,套脚款式,48,102,97,99,99,TPR鞋底,日常休闲,耐克潮流,0,0,1348,1
132,拉链鞋款,47,210,63,132,95,橡胶大底,潮流高街,阿迪达斯,0,0,9,1
361,魔术贴鞋,45,356,66,235,92,TPR鞋底,日常休闲,斯凯奇潮,0,0,23,3
1036,拉链鞋款,48,114,87,99,93,混合鞋底,户外机能,京东京造,1,0,1306,1
245,松紧带鞋,37,129,77,99,90,PU中底,复古潮鞋,耐克潮流,0,0,196,1
2432,松紧带鞋,57,266,89,237,92,TPR鞋底,户外机能,特步男鞋,0,1,151,2
506,魔术贴鞋,58,416,58,241,97,混合鞋底,简约百搭,李宁休闲,1,0,583,3
4167,松紧带鞋,51,240,70,168,98,MD发泡底,复古潮鞋,阿迪达斯,1,1,1495,2
233,套脚款式,51,104,95,99,97,橡胶大底,复古潮鞋,安踏运动,0,0,48,1
1942,魔术贴鞋,52,134,74,99,94,TPR鞋底,复古潮鞋,耐克潮流,1,1,538,2
1864,魔术贴鞋,41,194,51,99,91,MD发泡底,运动休闲,京东京造,1,0,1443,1
553,松紧带鞋,43,138,91,126,98,TPR鞋底,日常休闲,鸿星尔克,1,0,8,1
10074,套脚款式,28,194,99,192,96,橡胶大底,户外机能,其他品牌,1,0,32,0
1722,套脚款式,34,376,70,263,93,MD发泡底,户外机能,阿迪达斯,0,0,502,3
10504,套脚款式,50,248,54,134,98,MD发泡底,工装硬朗,其他品牌,0,0,412,0
7390,魔术贴鞋,42,387,94,364,91,TPR鞋底,复古潮鞋,其他品牌,0,1,3984,3
2549,松紧带鞋,28,121,82,99,94,TPR鞋底,复古潮鞋,特步男鞋,1,0,2,1
339,拉链鞋款,47,124,80,99,92,橡胶大底,潮流高街,京东京造,0,0,778,1
853,套脚款式,43,127,78,99,95,混合鞋底,简约百搭,安踏运动,0,1,991,2
7146,松紧带鞋,55,271,73,198,97,橡胶大底,日常休闲,李宁休闲,1,1,4870,2
3880,松紧带鞋,41,160,62,99,99,EVA轻底,工装硬朗,李宁休闲,0,1,1340,2
257,拉链鞋款,52,347,68,236,98,EVA轻底,简约百搭,阿迪达斯,1,1,4821,3
1012,松紧带鞋,50,190,73,139,94,EVA轻底,工装硬朗,安踏运动,1,1,424,2
1040,系带设计,54,177,56,99,91,PU中底,复古潮鞋,李宁休闲,1,0,642,1
408,系带设计,46,147,78,115,92,EVA轻底,复古潮鞋,斯凯奇潮,0,0,374,1
62,系带设计,49,183,69,126,92,混合鞋底,户外机能,京东京造,0,0,6,1
467,拉链鞋款,44,187,92,172,96,PU中底,简约百搭,李宁休闲,1,0,872,1
6884,魔术贴鞋,45,198,50,99,90,PU中底,潮流高街,阿迪达斯,1,1,4241,2
1318,魔术贴鞋,53,190,52,99,88,混合鞋底,简约百搭,李宁休闲,0,0,877,1
4304,拉链鞋款,50,209,55,115,94,PU中底,潮流高街,鸿星尔克,1,1,270,2
2937,魔术贴鞋,42,235,75,176,97,EVA轻底,潮流高街,回力经典,1,0,139,1
168,拉链鞋款,38,129,77,99,98,TPR鞋底,工装硬朗,鸿星尔克,0,0,138,1
1363,魔术贴鞋,45,138,72,99,99,MD发泡底,简约百搭,阿迪达斯,0,0,164,1
328,套脚款式,39,112,88,99,90,橡胶大底,复古潮鞋,特步男鞋,0,0,4983,1
7163,系带设计,48,119,85,101,90,橡胶大底,日常休闲,斯凯奇潮,1,1,4634,2
1169,拉链鞋款,61,138,72,99,95,EVA轻底,日常休闲,斯凯奇潮,1,0,414,1
1587,松紧带鞋,57,105,94,99,91,橡胶大底,运动休闲,京东京造,0,1,19,2
4095,拉链鞋款,49,443,58,257,88,EVA轻底,运动休闲,其他品牌,1,1,1342,3
2278,拉链鞋款,52,174,58,101,94,MD发泡底,复古潮鞋,阿迪达斯,0,1,1247,2
867,套脚款式,57,173,67,116,97,橡胶大底,工装硬朗,回力经典,0,1,4,2
3757,系带设计,30,169,95,161,92,PU中底,工装硬朗,斯凯奇潮,1,1,15,2
79,拉链鞋款,51,134,74,99,97,混合鞋底,简约百搭,李宁休闲,1,1,663,2
416,拉链鞋款,18,118,84,99,94,TPR鞋底,工装硬朗,回力经典,1,0,192,1
1109,魔术贴鞋,37,118,84,99,94,EVA轻底,户外机能,耐克潮流,0,0,19,1
271,系带设计,45,171,58,99,91,TPR鞋底,运动休闲,安踏运动,0,1,1293,2
431,拉链鞋款,48,195,77,150,97,混合鞋底,潮流高街,特步男鞋,1,1,399,2
7079,系带设计,47,773,67,518,93,混合鞋底,工装硬朗,阿迪达斯,0,1,1284,3
2534,魔术贴鞋,36,143,69,99,97,MD发泡底,日常休闲,安踏运动,1,1,649,2
1633,系带设计,39,162,61,99,91,PU中底,复古潮鞋,阿迪达斯,0,1,890,2
3561,系带设计,45,198,94,186,96,TPR鞋底,日常休闲,阿迪达斯,0,0,44,1
1863,松紧带鞋,34,153,66,101,96,EVA轻底,复古潮鞋,其他品牌,1,1,756,2
905,系带设计,40,125,79,99,94,PU中底,复古潮鞋,李宁休闲,0,1,347,2
586,套脚款式,26,224,76,170,92,混合鞋底,工装硬朗,特步男鞋,0,1,54,2
625,拉链鞋款,46,106,93,99,95,混合鞋底,潮流高街,鸿星尔克,0,1,929,2
1982,套脚款式,55,141,70,99,99,混合鞋底,运动休闲,李宁休闲,0,1,4534,2
268,魔术贴鞋,35,183,54,99,96,混合鞋底,运动休闲,阿迪达斯,0,0,167,1
1179,松紧带鞋,43,285,71,202,87,混合鞋底,运动休闲,其他品牌,1,1,1045,2
633,拉链鞋款,40,194,64,124,97,混合鞋底,运动休闲,京东京造,0,1,1477,2
13805,套脚款式,48,585,53,310,89,橡胶大底,运动休闲,京东京造,1,0,83,3
282,系带设计,60,154,89,137,91,橡胶大底,日常休闲,特步男鞋,0,0,549,1
3475,魔术贴鞋,48,194,51,99,96,混合鞋底,工装硬朗,其他品牌,1,0,38,1
1374,系带设计,45,134,74,99,97,PU中底,工装硬朗,其他品牌,0,0,2733,1
414,系带设计,45,179,77,138,95,橡胶大底,复古潮鞋,耐克潮流,1,0,948,1
7753,系带设计,43,300,58,174,97,TPR鞋底,日常休闲,李宁休闲,1,0,1429,1
1739,套脚款式,47,260,67,174,97,TPR鞋底,复古潮鞋,斯凯奇潮,1,1,1439,2
2507,套脚款式,50,127,84,107,98,EVA轻底,日常休闲,斯凯奇潮,1,1,14,2
7230,松紧带鞋,46,127,78,99,96,MD发泡底,潮流高街,特步男鞋,0,0,11,1
1429,魔术贴鞋,55,171,84,144,100,EVA轻底,潮流高街,特步男鞋,1,0,1109,1
438,拉链鞋款,54,160,70,112,99,橡胶大底,简约百搭,其他品牌,1,1,506,2
2237,松紧带鞋,51,179,77,138,98,EVA轻底,简约百搭,斯凯奇潮,0,1,1319,2
971,系带设计,58,158,77,122,94,橡胶大底,日常休闲,鸿星尔克,1,0,1314,1
708,魔术贴鞋,49,158,85,134,94,橡胶大底,运动休闲,阿迪达斯,1,1,1343,2
3314,拉链鞋款,54,177,56,99,96,MD发泡底,复古潮鞋,阿迪达斯,1,1,872,2
698,魔术贴鞋,55,124,88,109,94,PU中底,潮流高街,阿迪达斯,0,0,1354,1
144,套脚款式,41,318,56,178,86,混合鞋底,户外机能,其他品牌,0,1,682,2
4354,拉链鞋款,59,317,54,171,87,EVA轻底,简约百搭,斯凯奇潮,0,0,847,1
189,套脚款式,47,128,83,106,91,TPR鞋底,运动休闲,特步男鞋,0,1,726,2
4578,系带设计,61,214,58,124,92,EVA轻底,简约百搭,特步男鞋,0,1,2480,2
3068,系带设计,54,171,58,99,96,TPR鞋底,户外机能,斯凯奇潮,1,0,19,1
4133,套脚款式,45,139,71,99,95,PU中底,简约百搭,其他品牌,1,0,2439,1
758,套脚款式,51,130,76,99,91,EVA轻底,运动休闲,阿迪达斯,1,0,952,1
1267,魔术贴鞋,57,126,82,103,97,MD发泡底,复古潮鞋,其他品牌,1,0,37,1
624,松紧带鞋,51,301,70,211,94,混合鞋底,潮流高街,特步男鞋,0,1,58,2
798,拉链鞋款,42,277,73,202,99,橡胶大底,简约百搭,其他品牌,0,0,1026,1
5195,魔术贴鞋,47,150,66,99,98,混合鞋底,运动休闲,京东京造,1,0,314,1
386,系带设计,42,129,94,121,96,混合鞋底,运动休闲,斯凯奇潮,0,1,1454,2
211,松紧带鞋,42,255,62,158,93,MD发泡底,运动休闲,特步男鞋,0,1,261,2
1007,系带设计,49,192,65,125,97,TPR鞋底,运动休闲,李宁休闲,1,0,34,1
945,魔术贴鞋,43,208,71,148,91,混合鞋底,工装硬朗,阿迪达斯,1,1,46,2
802,套脚款式,22,248,80,198,90,PU中底,运动休闲,回力经典,0,0,84,1
377,套脚款式,53,108,92,99,88,混合鞋底,潮流高街,斯凯奇潮,1,0,42,1
457,套脚款式,32,136,84,114,91,橡胶大底,潮流高街,其他品牌,0,0,953,1
3008,套脚款式,37,527,98,516,97,TPR鞋底,潮流高街,李宁休闲,1,1,59,3
252,松紧带鞋,46,444,52,231,91,MD发泡底,潮流高街,鸿星尔克,1,1,2874,3
444,拉链鞋款,58,352,89,313,91,EVA轻底,工装硬朗,鸿星尔克,1,1,65,3
1298,拉链鞋款,42,350,72,252,91,MD发泡底,复古潮鞋,李宁休闲,1,0,667,3
5234,魔术贴鞋,59,308,86,265,92,PU中底,户外机能,安踏运动,1,0,317,1
2941,拉链鞋款,48,151,91,137,88,MD发泡底,简约百搭,阿迪达斯,1,1,239,2
1071,套脚款式,43,210,62,130,94,PU中底,潮流高街,特步男鞋,1,1,1142,2
3479,松紧带鞋,41,308,85,262,92,TPR鞋底,日常休闲,耐克潮流,1,1,486,2
1092,拉链鞋款,48,101,98,99,95,TPR鞋底,日常休闲,京东京造,1,1,849,2
119,魔术贴鞋,44,190,87,165,92,TPR鞋底,日常休闲,特步男鞋,1,0,258,1
139,套脚款式,47,141,70,99,90,TPR鞋底,运动休闲,其他品牌,1,1,24,2
27266,套脚款式,54,231,51,118,90,PU中底,运动休闲,鸿星尔克,1,1,31,0
1043,魔术贴鞋,41,197,79,156,95,EVA轻底,日常休闲,鸿星尔克,1,1,32,2
2152,拉链鞋款,50,269,58,156,94,EVA轻底,工装硬朗,其他品牌,0,0,403,1
105,魔术贴鞋,59,245,62,152,94,TPR鞋底,工装硬朗,阿迪达斯,1,1,140,2
162,系带设计,42,149,75,112,93,MD发泡底,运动休闲,安踏运动,1,1,1276,2
2666,拉链鞋款,51,110,97,107,97,TPR鞋底,复古潮鞋,斯凯奇潮,1,0,1001,1
20,松紧带鞋,41,292,72,210,92,MD发泡底,户外机能,安踏运动,0,1,2788,2
15066,拉链鞋款,36,99,100,99,91,混合鞋底,简约百搭,鸿星尔克,0,1,1419,0
434,系带设计,47,108,92,99,90,TPR鞋底,户外机能,阿迪达斯,0,1,569,2
368,系带设计,48,360,81,292,94,TPR鞋底,工装硬朗,阿迪达斯,0,1,175,3
1796,松紧带鞋,51,268,62,166,96,橡胶大底,工装硬朗,其他品牌,1,0,1104,1
2165,魔术贴鞋,59,183,54,99,97,橡胶大底,潮流高街,李宁休闲,1,1,1223,2
751,松紧带鞋,51,300,73,219,95,TPR鞋底,复古潮鞋,鸿星尔克,0,1,45,2
1114,魔术贴鞋,50,175,61,107,90,TPR鞋底,运动休闲,其他品牌,1,0,1346,1
3068,拉链鞋款,60,127,78,99,91,混合鞋底,复古潮鞋,阿迪达斯,0,1,755,2
1030,套脚款式,53,143,69,99,97,混合鞋底,潮流高街,安踏运动,0,1,50,2
984,系带设计,39,116,85,99,90,TPR鞋底,复古潮鞋,李宁休闲,0,1,348,2
5685,系带设计,42,196,75,147,94,EVA轻底,工装硬朗,耐克潮流,0,1,3802,2
773,拉链鞋款,56,165,60,99,86,MD发泡底,复古潮鞋,安踏运动,0,0,238,1
531,魔术贴鞋,46,173,90,156,95,EVA轻底,简约百搭,其他品牌,0,0,657,1
1930,套脚款式,54,158,76,120,85,MD发泡底,潮流高街,阿迪达斯,0,0,1262,1
1060,松紧带鞋,42,325,51,166,93,EVA轻底,日常休闲,耐克潮流,1,1,1222,2
1138,拉链鞋款,53,121,82,99,85,TPR鞋底,复古潮鞋,斯凯奇潮,1,0,1000,1
3068,系带设计,64,116,85,99,90,混合鞋底,日常休闲,回力经典,0,0,2707,1
592,套脚款式,54,101,98,99,94,混合鞋底,潮流高街,其他品牌,0,1,412,2
3038,拉链鞋款,39,148,67,99,93,混合鞋底,复古潮鞋,李宁休闲,0,0,2236,1
2243,拉链鞋款,40,215,55,118,94,MD发泡底,日常休闲,阿迪达斯,0,0,996,1
2163,系带设计,49,839,61,512,91,PU中底,潮流高街,斯凯奇潮,1,1,286,3
1594,松紧带鞋,54,243,65,158,92,混合鞋底,户外机能,其他品牌,0,0,68,1
321,系带设计,37,160,62,99,91,MD发泡底,户外机能,京东京造,0,0,98,1
243,拉链鞋款,47,179,71,127,100,PU中底,潮流高街,鸿星尔克,1,1,155,2
755,松紧带鞋,46,614,64,393,94,EVA轻底,工装硬朗,特步男鞋,0,1,15,3
4022,系带设计,60,112,91,102,94,MD发泡底,潮流高街,特步男鞋,1,1,983,2
99,系带设计,53,384,58,223,90,混合鞋底,潮流高街,其他品牌,0,0,2993,3
440,系带设计,55,141,70,99,90,TPR鞋底,简约百搭,其他品牌,0,0,544,1
5639,系带设计,59,288,94,271,94,MD发泡底,运动休闲,斯凯奇潮,0,1,478,2
731,魔术贴鞋,58,127,78,99,97,橡胶大底,简约百搭,其他品牌,0,0,3166,1
159,松紧带鞋,62,127,78,99,96,混合鞋底,日常休闲,京东京造,0,1,593,2
92,套脚款式,45,138,90,124,96,PU中底,潮流高街,鸿星尔克,0,1,37,2
378,魔术贴鞋,45,150,66,99,97,EVA轻底,日常休闲,阿迪达斯,0,0,1094,1
2114,松紧带鞋,46,111,89,99,93,混合鞋底,运动休闲,特步男鞋,1,0,1224,1
370,套脚款式,53,211,56,118,94,MD发泡底,工装硬朗,鸿星尔克,1,1,1246,2
1511,松紧带鞋,61,109,91,99,100,橡胶大底,简约百搭,京东京造,0,0,6,1
236,魔术贴鞋,42,139,71,99,91,PU中底,简约百搭,鸿星尔克,0,1,24,2
1653,魔术贴鞋,53,629,79,497,94,TPR鞋底,户外机能,鸿星尔克,1,0,47,3
1590,系带设计,57,138,72,99,94,PU中底,工装硬朗,李宁休闲,1,1,1388,2
687,魔术贴鞋,50,316,82,259,96,EVA轻底,户外机能,耐克潮流,0,1,1432,2
2752,松紧带鞋,53,215,62,133,90,混合鞋底,运动休闲,其他品牌,0,1,400,2
553,松紧带鞋,43,308,53,163,92,PU中底,潮流高街,回力经典,1,1,40,2
13865,松紧带鞋,60,157,79,124,96,MD发泡底,工装硬朗,回力经典,0,1,2924,0
1796,魔术贴鞋,34,106,93,99,92,橡胶大底,潮流高街,特步男鞋,0,1,914,2
7733,套脚款式,52,195,55,107,87,橡胶大底,潮流高街,耐克潮流,0,1,3372,2
1280,松紧带鞋,58,663,76,504,90,橡胶大底,日常休闲,京东京造,1,1,45,3
241,拉链鞋款,50,136,73,99,98,PU中底,工装硬朗,特步男鞋,1,1,18,2
3528,魔术贴鞋,55,362,56,203,96,橡胶大底,日常休闲,耐克潮流,0,0,23,1
201,拉链鞋款,52,233,69,161,91,MD发泡底,工装硬朗,鸿星尔克,1,1,9,2
2015,套脚款式,42,298,98,292,97,TPR鞋底,简约百搭,回力经典,1,0,650,1
749,拉链鞋款,50,470,63,296,95,EVA轻底,日常休闲,耐克潮流,0,1,2983,3
1224,套脚款式,48,199,95,189,99,橡胶大底,户外机能,阿迪达斯,0,1,1306,2
844,套脚款式,57,155,64,99,88,PU中底,潮流高街,耐克潮流,1,1,657,2
670,魔术贴鞋,62,139,71,99,93,TPR鞋底,潮流高街,其他品牌,0,0,435,1
10268,松紧带鞋,56,158,73,115,93,PU中底,工装硬朗,耐克潮流,0,1,27,0
134,拉链鞋款,53,264,55,145,88,橡胶大底,户外机能,斯凯奇潮,0,0,340,1
141,拉链鞋款,34,177,56,99,96,TPR鞋底,工装硬朗,其他品牌,1,1,674,2
2703,拉链鞋款,45,183,54,99,97,MD发泡底,工装硬朗,其他品牌,1,1,700,2
215,系带设计,53,367,64,235,96,PU中底,简约百搭,斯凯奇潮,1,0,2061,3
8843,拉链鞋款,30,102,97,99,97,EVA轻底,运动休闲,斯凯奇潮,1,0,1383,1
3022,拉链鞋款,35,514,81,416,99,橡胶大底,复古潮鞋,特步男鞋,0,1,824,3
2003,系带设计,49,138,72,99,94,混合鞋底,户外机能,安踏运动,1,0,575,1
4050,系带设计,53,301,97,292,95,橡胶大底,日常休闲,回力经典,0,1,1486,3
2080,系带设计,62,197,60,118,98,EVA轻底,日常休闲,鸿星尔克,0,1,1036,2
304,魔术贴鞋,46,135,80,108,91,混合鞋底,运动休闲,鸿星尔克,1,0,46,1
1075,拉链鞋款,42,182,60,109,100,混合鞋底,潮流高街,耐克潮流,0,1,986,2
1417,套脚款式,54,283,60,170,96,EVA轻底,户外机能,其他品牌,1,1,430,2
268,魔术贴鞋,53,198,50,99,94,TPR鞋底,运动休闲,其他品牌,0,0,4359,1
557,拉链鞋款,51,157,96,151,97,MD发泡底,运动休闲,李宁休闲,1,1,15,2
818,套脚款式,50,178,83,148,95,EVA轻底,日常休闲,安踏运动,1,0,12,1
918,套脚款式,63,132,75,99,92,MD发泡底,潮流高街,李宁休闲,0,0,1363,1
416,魔术贴鞋,42,118,84,99,100,橡胶大底,简约百搭,特步男鞋,1,1,695,2
1078,拉链鞋款,50,152,92,140,94,MD发泡底,潮流高街,京东京造,1,1,498,2
892,拉链鞋款,44,329,51,168,92,PU中底,潮流高街,其他品牌,0,1,48,2
9972,拉链鞋款,40,363,54,196,95,橡胶大底,工装硬朗,斯凯奇潮,1,0,183,0
865,套脚款式,52,122,100,122,92,PU中底,复古潮鞋,回力经典,0,1,292,2
1547,松紧带鞋,57,180,55,99,91,PU中底,简约百搭,安踏运动,0,0,2,1
34,套脚款式,50,147,89,131,91,MD发泡底,潮流高街,京东京造,1,1,306,2
5055,魔术贴鞋,46,114,87,99,93,MD发泡底,日常休闲,李宁休闲,0,1,731,2
1079,松紧带鞋,53,103,100,103,95,混合鞋底,简约百搭,回力经典,0,0,492,1
2602,拉链鞋款,56,263,52,137,91,混合鞋底,复古潮鞋,鸿星尔克,0,1,545,2
2016,松紧带鞋,45,225,61,137,98,EVA轻底,简约百搭,鸿星尔克,0,0,404,1
37,魔术贴鞋,46,118,84,99,94,EVA轻底,简约百搭,回力经典,0,0,50,1
391,拉链鞋款,30,101,98,99,95,PU中底,复古潮鞋,李宁休闲,0,0,4,1
544,拉链鞋款,48,121,82,99,90,EVA轻底,日常休闲,鸿星尔克,1,0,80,1
700,拉链鞋款,43,276,72,199,90,MD发泡底,潮流高街,特步男鞋,1,1,890,2
8762,拉链鞋款,38,186,83,154,94,MD发泡底,日常休闲,特步男鞋,0,1,1359,2
354,魔术贴鞋,58,143,76,109,91,PU中底,复古潮鞋,斯凯奇潮,1,0,1158,1
1678,拉链鞋款,34,155,64,99,94,混合鞋底,潮流高街,京东京造,0,0,735,1
1509,套脚款式,38,112,88,99,95,橡胶大底,运动休闲,耐克潮流,0,0,30,1
1166,套脚款式,56,261,54,141,91,MD发泡底,日常休闲,安踏运动,1,0,948,1
3824,系带设计,46,138,79,109,97,MD发泡底,复古潮鞋,阿迪达斯,1,1,1377,2
13680,松紧带鞋,42,325,59,192,90,混合鞋底,户外机能,其他品牌,0,0,791,0
931,魔术贴鞋,34,197,66,130,87,EVA轻底,户外机能,阿迪达斯,1,1,52,2
332,套脚款式,48,253,66,167,89,混合鞋底,日常休闲,阿迪达斯,0,0,2767,1
563,系带设计,45,218,87,190,93,橡胶大底,工装硬朗,京东京造,0,0,71,1
430,系带设计,52,127,78,99,90,TPR鞋底,户外机能,特步男鞋,0,1,163,2
575,松紧带鞋,44,129,77,99,98,橡胶大底,简约百搭,京东京造,0,1,293,2
630,系带设计,45,190,52,99,90,MD发泡底,户外机能,耐克潮流,1,1,530,2
347,松紧带鞋,55,145,76,110,95,TPR鞋底,潮流高街,特步男鞋,1,0,860,1
1005,魔术贴鞋,55,124,80,99,97,TPR鞋底,工装硬朗,李宁休闲,0,1,820,2
548,松紧带鞋,39,156,78,122,91,混合鞋底,工装硬朗,斯凯奇潮,0,0,279,1
4813,套脚款式,46,266,64,170,100,MD发泡底,潮流高街,耐克潮流,1,0,1477,1
4156,套脚款式,40,213,85,181,98,TPR鞋底,日常休闲,鸿星尔克,1,0,1269,1
1846,套脚款式,51,168,60,101,90,混合鞋底,日常休闲,安踏运动,1,1,368,2
399,系带设计,54,138,72,99,99,PU中底,复古潮鞋,李宁休闲,0,0,1317,1
465,松紧带鞋,41,202,82,166,97,混合鞋底,工装硬朗,特步男鞋,0,0,1402,1
371,魔术贴鞋,32,118,84,99,91,PU中底,简约百搭,其他品牌,1,0,1327,1
370,系带设计,44,132,75,99,97,MD发泡底,简约百搭,李宁休闲,0,0,191,1
994,拉链鞋款,59,198,56,111,90,PU中底,日常休闲,鸿星尔克,1,0,2521,1
1589,系带设计,46,798,62,495,100,PU中底,运动休闲,特步男鞋,0,0,1285,3
182,套脚款式,51,218,96,209,94,PU中底,潮流高街,京东京造,1,1,797,2
381,拉链鞋款,45,220,88,194,92,EVA轻底,工装硬朗,京东京造,0,0,1316,1
2324,拉链鞋款,47,348,50,174,92,EVA轻底,运动休闲,回力经典,0,1,1151,2
1122,套脚款式,52,165,60,99,90,EVA轻底,工装硬朗,安踏运动,1,1,1330,2
836,松紧带鞋,37,212,85,180,97,TPR鞋底,复古潮鞋,特步男鞋,0,1,3625,2
166,套脚款式,53,328,75,246,92,PU中底,户外机能,鸿星尔克,1,0,40,1
929,拉链鞋款,63,144,91,131,98,EVA轻底,简约百搭,其他品牌,1,0,1308,1
963,松紧带鞋,44,192,95,182,98,EVA轻底,复古潮鞋,李宁休闲,1,0,2024,1
292,魔术贴鞋,52,100,99,99,89,PU中底,运动休闲,斯凯奇潮,1,0,44,1
292,魔术贴鞋,50,122,81,99,89,MD发泡底,工装硬朗,回力经典,1,1,20,2
863,套脚款式,40,449,57,256,87,EVA轻底,复古潮鞋,耐克潮流,0,0,1067,3
1048,魔术贴鞋,50,253,72,182,89,PU中底,简约百搭,京东京造,1,1,33,2
62,套脚款式,60,125,84,105,92,混合鞋底,潮流高街,回力经典,1,0,960,1
1806,松紧带鞋,45,194,51,99,93,TPR鞋底,复古潮鞋,斯凯奇潮,1,1,568,2
467,魔术贴鞋,48,196,52,102,90,EVA轻底,潮流高街,安踏运动,0,0,838,1
2498,魔术贴鞋,42,233,55,128,90,混合鞋底,日常休闲,京东京造,1,0,125,1
563,拉链鞋款,43,228,85,194,96,EVA轻底,日常休闲,阿迪达斯,0,0,260,1
1069,松紧带鞋,48,171,58,99,97,EVA轻底,户外机能,特步男鞋,1,1,983,2
337,魔术贴鞋,45,196,77,151,99,橡胶大底,工装硬朗,耐克潮流,1,0,566,1
492,系带设计,42,218,55,120,85,TPR鞋底,潮流高街,斯凯奇潮,0,1,46,2
2167,松紧带鞋,52,197,100,197,85,橡胶大底,简约百搭,鸿星尔克,1,0,915,1
677,系带设计,51,106,93,99,93,EVA轻底,户外机能,耐克潮流,0,0,105,1
1093,魔术贴鞋,18,122,81,99,91,混合鞋底,复古潮鞋,鸿星尔克,1,1,809,2
370,松紧带鞋,53,108,92,99,93,MD发泡底,户外机能,阿迪达斯,0,1,2749,2
372,魔术贴鞋,44,150,66,99,99,PU中底,户外机能,安踏运动,1,0,4295,1
1590,系带设计,63,222,67,149,88,TPR鞋底,潮流高街,特步男鞋,0,0,3212,1
469,拉链鞋款,43,252,100,252,94,PU中底,复古潮鞋,斯凯奇潮,0,0,1100,1
229,拉链鞋款,48,271,78,211,92,橡胶大底,运动休闲,京东京造,1,0,298,1
1322,系带设计,42,141,70,99,94,MD发泡底,户外机能,阿迪达斯,0,1,1041,2
293,套脚款式,54,203,69,140,95,橡胶大底,潮流高街,耐克潮流,1,0,1088,1
152,魔术贴鞋,49,106,93,99,90,混合鞋底,简约百搭,阿迪达斯,1,0,1366,1
5425,套脚款式,46,154,92,142,94,橡胶大底,日常休闲,其他品牌,1,0,167,1
1228,拉链鞋款,37,171,58,99,92,MD发泡底,潮流高街,特步男鞋,0,1,258,2
4020,魔术贴鞋,43,200,51,102,99,EVA轻底,户外机能,其他品牌,0,0,749,1
1081,系带设计,49,151,69,104,90,EVA轻底,工装硬朗,斯凯奇潮,0,0,2,1
1089,套脚款式,51,382,71,271,96,PU中底,户外机能,安踏运动,1,0,427,3
331,拉链鞋款,54,101,98,99,93,MD发泡底,工装硬朗,特步男鞋,0,1,519,2
2525,系带设计,53,116,85,99,97,混合鞋底,户外机能,阿迪达斯,0,1,111,2
1004,拉链鞋款,45,265,51,135,92,MD发泡底,工装硬朗,鸿星尔克,1,1,947,2
473,松紧带鞋,59,267,52,139,98,混合鞋底,工装硬朗,鸿星尔克,1,0,1215,1
1068,松紧带鞋,49,425,52,221,96,MD发泡底,运动休闲,阿迪达斯,0,0,563,3
4842,松紧带鞋,35,324,51,165,96,EVA轻底,复古潮鞋,其他品牌,0,1,617,2
3019,套脚款式,47,159,85,135,94,MD发泡底,工装硬朗,回力经典,0,0,616,1
3447,松紧带鞋,55,199,73,145,94,TPR鞋底,运动休闲,耐克潮流,0,1,3200,2
3205,松紧带鞋,53,350,84,294,88,MD发泡底,运动休闲,李宁休闲,0,0,478,3
4118,魔术贴鞋,51,211,73,154,92,TPR鞋底,复古潮鞋,其他品牌,1,0,443,1
243,系带设计,52,205,79,162,95,混合鞋底,运动休闲,鸿星尔克,1,1,4867,2
2434,松紧带鞋,47,190,58,110,98,PU中底,简约百搭,斯凯奇潮,1,0,6,1
2654,套脚款式,39,284,55,156,96,EVA轻底,工装硬朗,鸿星尔克,1,1,1394,2
197,拉链鞋款,46,150,70,105,90,PU中底,简约百搭,李宁休闲,1,1,1400,2
2672,系带设计,48,152,65,99,90,PU中底,潮流高街,其他品牌,1,0,1068,1
78,魔术贴鞋,51,148,67,99,86,橡胶大底,工装硬朗,阿迪达斯,0,0,1103,1
477,套脚款式,45,216,56,121,90,MD发泡底,复古潮鞋,京东京造,0,1,41,2
1073,拉链鞋款,47,157,63,99,90,PU中底,工装硬朗,阿迪达斯,1,1,49,2
686,系带设计,48,163,63,103,91,EVA轻底,户外机能,特步男鞋,1,1,574,2
8055,套脚款式,63,313,70,219,92,混合鞋底,运动休闲,其他品牌,1,1,1487,2
3043,魔术贴鞋,40,177,79,140,90,EVA轻底,工装硬朗,其他品牌,0,0,3251,1
674,拉链鞋款,47,175,92,161,95,混合鞋底,工装硬朗,安踏运动,1,0,973,1
2065,拉链鞋款,47,435,81,352,96,MD发泡底,运动休闲,特步男鞋,0,1,31,3
2556,套脚款式,47,241,54,130,85,混合鞋底,简约百搭,耐克潮流,0,0,27,1
661,套脚款式,46,243,67,163,96,MD发泡底,工装硬朗,安踏运动,0,1,1291,2
1319,魔术贴鞋,39,140,80,112,85,MD发泡底,潮流高街,鸿星尔克,0,1,293,2
1220,套脚款式,39,316,67,212,93,TPR鞋底,户外机能,特步男鞋,1,0,478,1
1627,套脚款式,45,200,84,168,96,EVA轻底,简约百搭,其他品牌,0,1,745,2
680,魔术贴鞋,36,524,51,267,94,混合鞋底,工装硬朗,斯凯奇潮,1,1,4678,3
3404,松紧带鞋,63,141,98,138,97,TPR鞋底,工装硬朗,阿迪达斯,0,1,3699,2
505,系带设计,44,146,78,114,94,MD发泡底,复古潮鞋,李宁休闲,0,1,2942,2
831,套脚款式,58,174,57,99,91,橡胶大底,简约百搭,特步男鞋,0,1,808,2
445,套脚款式,50,213,86,183,97,PU中底,运动休闲,安踏运动,0,0,3208,1
397,松紧带鞋,42,130,76,99,93,EVA轻底,简约百搭,鸿星尔克,1,1,1008,2
1067,松紧带鞋,37,162,61,99,90,TPR鞋底,工装硬朗,回力经典,0,0,23,1
14064,系带设计,39,152,65,99,92,PU中底,简约百搭,鸿星尔克,0,0,6,0
3670,系带设计,57,172,92,158,97,MD发泡底,工装硬朗,李宁休闲,0,0,1172,1
1735,松紧带鞋,43,133,94,125,85,PU中底,运动休闲,京东京造,0,0,375,1
3651,松紧带鞋,46,155,64,99,96,MD发泡底,工装硬朗,回力经典,1,0,982,1
1925,拉链鞋款,47,152,65,99,91,PU中底,运动休闲,特步男鞋,1,1,3201,2
3411,拉链鞋款,40,210,50,105,99,EVA轻底,户外机能,回力经典,1,1,796,2
7530,松紧带鞋,41,131,99,130,100,MD发泡底,复古潮鞋,京东京造,1,0,613,1
2261,松紧带鞋,47,112,88,99,90,PU中底,复古潮鞋,斯凯奇潮,0,0,977,1
533,套脚款式,38,269,83,223,93,TPR鞋底,工装硬朗,其他品牌,1,0,3774,1
961,系带设计,54,171,58,99,99,PU中底,户外机能,特步男鞋,1,0,32,1
2791,魔术贴鞋,40,712,67,477,97,EVA轻底,日常休闲,斯凯奇潮,1,1,2138,3
1324,松紧带鞋,46,324,68,220,96,混合鞋底,工装硬朗,耐克潮流,1,1,21,2
1415,套脚款式,38,132,75,99,95,橡胶大底,潮流高街,特步男鞋,1,0,41,1
155,系带设计,37,284,61,173,93,TPR鞋底,运动休闲,回力经典,0,1,3632,2
3528,魔术贴鞋,53,109,91,99,97,混合鞋底,日常休闲,鸿星尔克,0,0,542,1
1099,拉链鞋款,40,494,52,257,93,PU中底,工装硬朗,特步男鞋,0,1,330,3
445,拉链鞋款,50,109,99,108,93,EVA轻底,复古潮鞋,斯凯奇潮,0,1,468,2
3719,魔术贴鞋,49,111,89,99,88,橡胶大底,工装硬朗,安踏运动,1,0,250,1
448,拉链鞋款,34,228,75,171,96,TPR鞋底,工装硬朗,耐克潮流,1,0,29,1
3532,套脚款式,19,143,69,99,97,混合鞋底,日常休闲,耐克潮流,0,1,457,2
2730,松紧带鞋,34,108,92,99,94,EVA轻底,户外机能,阿迪达斯,1,1,349,2
73,拉链鞋款,54,129,77,99,93,PU中底,潮流高街,安踏运动,0,0,4316,1
228,魔术贴鞋,36,106,94,100,90,TPR鞋底,潮流高街,斯凯奇潮,0,1,99,2
719,拉链鞋款,39,114,87,99,95,PU中底,运动休闲,耐克潮流,0,0,580,1
929,松紧带鞋,51,188,88,165,96,MD发泡底,户外机能,其他品牌,0,0,2529,1
4288,松紧带鞋,50,174,57,99,91,混合鞋底,复古潮鞋,鸿星尔克,0,1,998,2
893,拉链鞋款,54,449,67,301,96,PU中底,运动休闲,回力经典,0,0,573,3
3905,魔术贴鞋,35,229,69,158,91,橡胶大底,日常休闲,特步男鞋,0,1,2542,2
1209,魔术贴鞋,51,178,97,173,86,橡胶大底,日常休闲,特步男鞋,1,1,17,2
677,套脚款式,41,337,78,263,86,橡胶大底,户外机能,李宁休闲,1,0,3924,3
1133,拉链鞋款,50,322,85,274,90,EVA轻底,工装硬朗,斯凯奇潮,0,1,316,3
3662,系带设计,46,111,89,99,92,橡胶大底,户外机能,安踏运动,1,0,686,1
614,魔术贴鞋,46,155,64,99,98,MD发泡底,运动休闲,鸿星尔克,0,1,631,2
871,套脚款式,41,406,66,268,99,PU中底,户外机能,李宁休闲,1,1,4256,3
3000,套脚款式,46,121,82,99,96,橡胶大底,复古潮鞋,回力经典,0,1,880,2
6002,松紧带鞋,53,224,63,141,95,EVA轻底,复古潮鞋,李宁休闲,1,0,1020,1
3531,拉链鞋款,48,216,61,132,90,橡胶大底,复古潮鞋,京东京造,1,0,15,1
801,松紧带鞋,46,145,84,122,99,橡胶大底,复古潮鞋,阿迪达斯,0,0,49,1
238,松紧带鞋,48,200,99,198,95,EVA轻底,运动休闲,安踏运动,0,1,1152,2
3931,拉链鞋款,45,445,53,236,94,PU中底,工装硬朗,阿迪达斯,1,0,1165,3
269,套脚款式,49,386,85,328,97,MD发泡底,运动休闲,李宁休闲,0,0,15,3
934,松紧带鞋,37,124,80,99,96,混合鞋底,工装硬朗,安踏运动,0,0,252,1
4928,套脚款式,49,147,85,125,95,EVA轻底,运动休闲,鸿星尔克,1,0,1010,1
1171,松紧带鞋,42,130,76,99,94,MD发泡底,户外机能,耐克潮流,1,1,1224,2
629,魔术贴鞋,47,205,66,135,91,橡胶大底,日常休闲,其他品牌,1,1,4941,2
296,拉链鞋款,48,136,100,136,85,TPR鞋底,工装硬朗,京东京造,1,0,4517,1
753,拉链鞋款,57,214,70,150,100,橡胶大底,工装硬朗,安踏运动,0,1,671,2
329,套脚款式,34,166,100,166,97,PU中底,户外机能,其他品牌,0,1,2042,2
2523,拉链鞋款,57,187,53,99,100,橡胶大底,运动休闲,特步男鞋,0,0,880,1
1987,松紧带鞋,58,345,65,224,90,EVA轻底,复古潮鞋,李宁休闲,0,1,603,2
360,系带设计,35,141,85,120,91,混合鞋底,潮流高街,其他品牌,0,0,359,1
4145,拉链鞋款,36,105,94,99,94,PU中底,复古潮鞋,斯凯奇潮,0,0,46,1
10288,松紧带鞋,54,260,97,252,99,MD发泡底,潮流高街,李宁休闲,0,0,1292,0
1713,套脚款式,51,198,50,99,94,混合鞋底,复古潮鞋,特步男鞋,0,0,485,1
4617,松紧带鞋,47,152,69,105,100,MD发泡底,户外机能,特步男鞋,1,1,4024,2
427,松紧带鞋,53,212,58,123,96,橡胶大底,简约百搭,李宁休闲,0,0,44,1
1243,套脚款式,34,118,84,99,92,TPR鞋底,运动休闲,其他品牌,0,1,756,2
2042,拉链鞋款,58,99,100,99,97,MD发泡底,工装硬朗,安踏运动,0,1,3563,2
14881,拉链鞋款,33,304,69,210,93,MD发泡底,工装硬朗,耐克潮流,1,0,38,0
6407,魔术贴鞋,45,1371,51,699,96,橡胶大底,日常休闲,耐克潮流,1,0,677,3
870,松紧带鞋,52,115,86,99,86,EVA轻底,简约百搭,鸿星尔克,1,1,69,2
4829,魔术贴鞋,54,110,90,99,92,混合鞋底,复古潮鞋,京东京造,1,1,1,2
1267,系带设计,47,373,95,354,100,橡胶大底,户外机能,斯凯奇潮,1,0,1191,3
245,拉链鞋款,49,563,71,400,97,混合鞋底,潮流高街,耐克潮流,1,0,144,3
435,拉链鞋款,46,174,57,99,94,PU中底,工装硬朗,京东京造,1,0,446,1
1143,松紧带鞋,47,106,93,99,91,PU中底,复古潮鞋,鸿星尔克,0,0,3114,1
548,拉链鞋款,49,124,100,124,93,混合鞋底,潮流高街,鸿星尔克,1,1,488,2
532,系带设计,44,115,86,99,99,混合鞋底,户外机能,回力经典,0,1,517,2
2055,松紧带鞋,54,155,64,99,97,混合鞋底,简约百搭,安踏运动,1,0,416,1
665,套脚款式,33,144,75,108,96,TPR鞋底,运动休闲,斯凯奇潮,1,0,33,1
372,套脚款式,48,183,54,99,91,EVA轻底,简约百搭,李宁休闲,0,1,38,2
675,拉链鞋款,24,114,87,99,94,EVA轻底,日常休闲,特步男鞋,0,1,1397,2
9756,魔术贴鞋,32,134,74,99,95,PU中底,工装硬朗,安踏运动,1,1,1127,2
1302,松紧带鞋,55,128,93,119,91,TPR鞋底,复古潮鞋,回力经典,1,0,898,1
1076,拉链鞋款,47,198,56,111,98,PU中底,户外机能,斯凯奇潮,1,1,40,2
306,套脚款式,50,176,100,176,94,橡胶大底,简约百搭,回力经典,0,1,3909,2
1054,松紧带鞋,56,172,87,150,95,混合鞋底,简约百搭,其他品牌,0,0,1444,1
2578,拉链鞋款,41,154,97,149,99,MD发泡底,工装硬朗,鸿星尔克,0,0,313,1
688,松紧带鞋,61,313,87,272,95,EVA轻底,户外机能,其他品牌,0,1,709,2
3434,魔术贴鞋,64,139,71,99,97,EVA轻底,户外机能,安踏运动,1,0,1262,1
1019,魔术贴鞋,51,180,71,128,90,橡胶大底,运动休闲,回力经典,1,1,369,2
1015,套脚款式,44,127,78,99,93,混合鞋底,户外机能,京东京造,1,1,23,2
487,套脚款式,55,574,99,568,90,MD发泡底,日常休闲,阿迪达斯,1,0,40,3
3601,系带设计,48,154,67,103,91,PU中底,潮流高街,阿迪达斯,1,0,89,1
7479,系带设计,54,144,94,135,93,混合鞋底,简约百搭,李宁休闲,0,1,783,2
2207,拉链鞋款,49,102,97,99,100,混合鞋底,工装硬朗,特步男鞋,1,1,360,2
1856,系带设计,47,131,80,105,90,PU中底,工装硬朗,回力经典,0,0,19,1
414,魔术贴鞋,47,130,76,99,96,MD发泡底,简约百搭,回力经典,0,1,1291,2
137,松紧带鞋,39,303,73,221,92,MD发泡底,日常休闲,阿迪达斯,1,0,383,1
463,套脚款式,38,140,93,130,92,橡胶大底,简约百搭,特步男鞋,1,1,165,2
614,松紧带鞋,59,132,100,132,91,MD发泡底,工装硬朗,其他品牌,1,1,18,2
745,套脚款式,39,458,60,275,90,EVA轻底,工装硬朗,京东京造,1,0,696,3
13663,松紧带鞋,50,186,64,119,93,PU中底,日常休闲,特步男鞋,1,0,901,0
572,套脚款式,40,244,54,132,86,MD发泡底,日常休闲,安踏运动,0,0,32,1
2042,系带设计,54,114,87,99,100,MD发泡底,工装硬朗,耐克潮流,0,1,1468,2
196,套脚款式,42,157,63,99,97,TPR鞋底,户外机能,鸿星尔克,1,0,383,1
449,魔术贴鞋,42,177,88,156,98,PU中底,日常休闲,李宁休闲,1,1,438,2
4052,魔术贴鞋,45,323,57,184,95,MD发泡底,运动休闲,安踏运动,1,1,264,2
1556,拉链鞋款,50,172,68,117,96,橡胶大底,工装硬朗,回力经典,0,1,133,2
1342,系带设计,45,215,82,176,91,橡胶大底,工装硬朗,安踏运动,0,0,523,1
999,系带设计,58,170,98,167,91,橡胶大底,复古潮鞋,特步男鞋,0,1,50,2
3998,拉链鞋款,59,176,63,111,96,EVA轻底,潮流高街,特步男鞋,0,0,1009,1
335,系带设计,55,136,98,133,95,TPR鞋底,日常休闲,回力经典,0,1,601,2
1584,拉链鞋款,54,397,100,397,91,MD发泡底,复古潮鞋,鸿星尔克,0,1,2466,3
244,拉链鞋款,39,178,96,171,94,MD发泡底,户外机能,特步男鞋,0,0,4616,1
2147,魔术贴鞋,45,297,69,205,92,混合鞋底,日常休闲,其他品牌,0,1,1044,2
505,松紧带鞋,46,193,57,110,95,PU中底,简约百搭,安踏运动,1,1,1350,2
719,魔术贴鞋,42,162,61,99,94,PU中底,日常休闲,阿迪达斯,0,1,1230,2
579,套脚款式,51,723,56,405,99,TPR鞋底,复古潮鞋,鸿星尔克,0,1,882,3
1127,系带设计,52,427,52,222,85,TPR鞋底,户外机能,安踏运动,1,1,570,3
386,魔术贴鞋,40,177,56,99,92,MD发泡底,户外机能,回力经典,1,0,1337,1
3195,松紧带鞋,22,359,88,316,94,EVA轻底,复古潮鞋,李宁休闲,1,1,888,3
267,魔术贴鞋,32,348,85,296,92,混合鞋底,日常休闲,安踏运动,1,1,1182,3
1566,拉链鞋款,59,103,96,99,95,TPR鞋底,工装硬朗,回力经典,0,1,1455,2
4487,松紧带鞋,46,112,88,99,95,TPR鞋底,工装硬朗,特步男鞋,0,1,1376,2
260,松紧带鞋,38,248,67,166,93,橡胶大底,日常休闲,京东京造,0,0,12,1
1224,松紧带鞋,52,175,85,149,94,TPR鞋底,复古潮鞋,其他品牌,0,0,22,1
977,魔术贴鞋,46,115,86,99,97,TPR鞋底,日常休闲,李宁休闲,0,1,2587,2
534,套脚款式,63,168,59,99,88,MD发泡底,户外机能,鸿星尔克,1,1,392,2
427,魔术贴鞋,53,323,99,320,97,PU中底,户外机能,回力经典,0,1,1212,3
8912,系带设计,50,115,86,99,92,TPR鞋底,日常休闲,京东京造,0,1,283,2
1059,魔术贴鞋,42,366,65,238,91,PU中底,运动休闲,安踏运动,1,0,100,3
1449,套脚款式,57,310,58,180,90,TPR鞋底,简约百搭,斯凯奇潮,1,0,2141,1
2246,套脚款式,43,546,57,311,93,MD发泡底,潮流高街,特步男鞋,0,1,25,3
3296,拉链鞋款,35,101,98,99,100,PU中底,简约百搭,鸿星尔克,0,0,18,1
5637,套脚款式,43,613,67,411,91,EVA轻底,复古潮鞋,回力经典,0,1,1206,3
5553,魔术贴鞋,39,180,55,99,90,混合鞋底,运动休闲,阿迪达斯,1,1,903,2
1031,套脚款式,54,171,58,99,94,橡胶大底,简约百搭,京东京造,1,0,1464,1
8506,松紧带鞋,41,453,66,299,92,MD发泡底,户外机能,鸿星尔克,1,0,443,3
410,拉链鞋款,47,116,85,99,92,橡胶大底,简约百搭,李宁休闲,0,0,1428,1
3461,套脚款式,35,174,57,99,95,混合鞋底,潮流高街,鸿星尔克,0,0,841,1
575,系带设计,48,209,77,161,92,PU中底,日常休闲,回力经典,0,1,1385,2
476,套脚款式,57,190,58,110,88,PU中底,工装硬朗,耐克潮流,0,0,1142,1
3033,拉链鞋款,49,269,97,261,91,TPR鞋底,日常休闲,京东京造,1,0,12,1
3672,拉链鞋款,31,99,100,99,94,EVA轻底,简约百搭,京东京造,0,1,67,2
2636,系带设计,60,106,93,99,95,PU中底,潮流高街,鸿星尔克,1,0,741,1
2860,拉链鞋款,49,135,75,101,91,EVA轻底,潮流高街,京东京造,1,0,1304,1
282,松紧带鞋,47,150,66,99,90,MD发泡底,运动休闲,阿迪达斯,0,1,4209,2
863,套脚款式,46,116,85,99,85,橡胶大底,简约百搭,阿迪达斯,0,0,1479,1
342,松紧带鞋,64,307,60,184,95,TPR鞋底,复古潮鞋,阿迪达斯,1,0,3535,1
489,套脚款式,33,187,53,99,98,EVA轻底,户外机能,耐克潮流,0,1,1362,2
604,松紧带鞋,44,128,93,119,91,混合鞋底,日常休闲,耐克潮流,1,1,292,2
807,魔术贴鞋,48,308,53,163,93,橡胶大底,运动休闲,阿迪达斯,0,0,566,1
982,松紧带鞋,42,165,60,99,87,MD发泡底,户外机能,李宁休闲,0,1,866,2
1762,魔术贴鞋,46,227,64,145,100,EVA轻底,潮流高街,鸿星尔克,0,0,1344,1
812,拉链鞋款,38,109,91,99,100,TPR鞋底,复古潮鞋,李宁休闲,0,1,23,2
3245,拉链鞋款,42,199,98,195,94,橡胶大底,复古潮鞋,斯凯奇潮,1,1,28,2
16782,拉链鞋款,53,102,97,99,85,PU中底,日常休闲,耐克潮流,1,1,44,0
2265,套脚款式,39,110,90,99,92,MD发泡底,潮流高街,回力经典,1,0,265,1
626,松紧带鞋,19,137,84,115,97,MD发泡底,工装硬朗,特步男鞋,0,1,1248,2
2636,魔术贴鞋,43,158,73,115,99,MD发泡底,运动休闲,阿迪达斯,0,1,1086,2
568,松紧带鞋,46,247,95,235,96,TPR鞋底,简约百搭,安踏运动,1,1,1338,2
7305,系带设计,46,126,87,110,90,TPR鞋底,运动休闲,其他品牌,0,0,2248,1
1395,魔术贴鞋,41,212,67,142,97,PU中底,运动休闲,鸿星尔克,1,0,825,1
10476,系带设计,51,257,74,190,94,EVA轻底,复古潮鞋,安踏运动,0,0,225,0
798,松紧带鞋,48,427,60,256,97,PU中底,运动休闲,李宁休闲,1,1,1361,3
59,魔术贴鞋,42,132,75,99,97,橡胶大底,复古潮鞋,其他品牌,0,1,24,2
1059,松紧带鞋,42,168,59,99,96,MD发泡底,简约百搭,其他品牌,1,0,16,1
7881,魔术贴鞋,40,116,85,99,96,混合鞋底,复古潮鞋,特步男鞋,0,0,276,1
3279,魔术贴鞋,60,168,59,99,93,EVA轻底,日常休闲,安踏运动,0,1,1386,2
8626,拉链鞋款,49,134,74,99,94,混合鞋底,简约百搭,京东京造,1,0,57,1
7644,魔术贴鞋,62,182,93,169,92,MD发泡底,潮流高街,李宁休闲,1,0,2881,1
2614,松紧带鞋,28,168,69,116,91,MD发泡底,复古潮鞋,回力经典,1,0,42,1
169,系带设计,45,322,63,203,93,PU中底,日常休闲,京东京造,0,0,2687,1
19087,拉链鞋款,40,121,82,99,95,MD发泡底,户外机能,其他品牌,0,0,897,0
747,魔术贴鞋,58,209,57,119,95,EVA轻底,户外机能,其他品牌,0,1,2570,2
1366,系带设计,47,134,74,99,95,混合鞋底,潮流高街,特步男鞋,1,1,2551,2
2131,系带设计,49,125,88,110,99,PU中底,工装硬朗,特步男鞋,0,0,710,1
596,系带设计,48,105,94,99,93,混合鞋底,户外机能,李宁休闲,0,1,3667,2
1752,魔术贴鞋,42,168,59,99,93,MD发泡底,潮流高街,其他品牌,0,1,949,2
1865,套脚款式,45,744,68,506,95,TPR鞋底,工装硬朗,李宁休闲,1,0,1091,3
692,系带设计,41,102,97,99,91,PU中底,运动休闲,斯凯奇潮,1,1,1127,2
2732,系带设计,49,168,59,99,93,TPR鞋底,简约百搭,其他品牌,0,1,21,2
1104,系带设计,18,476,78,371,92,橡胶大底,户外机能,京东京造,1,1,21,3
6013,拉链鞋款,42,146,68,99,93,混合鞋底,工装硬朗,其他品牌,1,0,4985,1
654,魔术贴鞋,43,294,50,147,98,橡胶大底,复古潮鞋,安踏运动,0,1,815,2
263,松紧带鞋,51,284,50,142,97,PU中底,运动休闲,鸿星尔克,0,0,26,1
2598,系带设计,48,182,61,111,94,混合鞋底,运动休闲,斯凯奇潮,0,0,369,1
930,松紧带鞋,43,204,78,159,90,TPR鞋底,运动休闲,特步男鞋,0,1,8,2
18273,系带设计,56,289,79,228,96,混合鞋底,简约百搭,阿迪达斯,1,0,734,0
3608,套脚款式,41,196,81,159,92,PU中底,工装硬朗,安踏运动,0,0,471,1
118,套脚款式,65,288,72,207,95,混合鞋底,简约百搭,李宁休闲,0,0,668,1
10652,松紧带鞋,47,144,70,101,87,PU中底,复古潮鞋,京东京造,1,1,7,0
1551,系带设计,58,195,86,168,93,橡胶大底,复古潮鞋,其他品牌,1,1,1199,2
221,套脚款式,48,163,79,129,95,混合鞋底,复古潮鞋,京东京造,1,1,22,2
135,松紧带鞋,52,157,88,138,94,混合鞋底,日常休闲,安踏运动,1,0,876,1
168,魔术贴鞋,40,166,64,106,94,混合鞋底,户外机能,京东京造,1,1,2551,2
238,系带设计,41,111,89,99,94,混合鞋底,工装硬朗,其他品牌,1,0,38,1
99,系带设计,45,174,57,99,91,TPR鞋底,复古潮鞋,耐克潮流,1,1,873,2
1082,松紧带鞋,46,148,67,99,95,橡胶大底,日常休闲,李宁休闲,0,0,240,1
3375,系带设计,44,187,53,99,92,MD发泡底,日常休闲,耐克潮流,1,1,1044,2
4899,魔术贴鞋,51,300,63,189,86,EVA轻底,工装硬朗,鸿星尔克,1,0,3201,1
1079,松紧带鞋,52,127,78,99,87,橡胶大底,户外机能,阿迪达斯,1,1,42,2
2050,松紧带鞋,53,211,87,184,100,橡胶大底,日常休闲,鸿星尔克,0,1,32,2
500,系带设计,50,127,78,99,100,TPR鞋底,简约百搭,其他品牌,0,0,648,1
2520,系带设计,49,123,100,123,86,MD发泡底,户外机能,回力经典,1,1,2344,2
2465,松紧带鞋,47,171,58,99,92,混合鞋底,户外机能,安踏运动,0,0,37,1
1938,松紧带鞋,45,183,54,99,89,TPR鞋底,运动休闲,回力经典,0,1,1373,2
2743,魔术贴鞋,41,172,80,138,100,PU中底,运动休闲,回力经典,0,1,35,2
4998,魔术贴鞋,37,115,86,99,90,MD发泡底,户外机能,李宁休闲,0,1,705,2
1243,松紧带鞋,48,226,54,122,95,MD发泡底,复古潮鞋,鸿星尔克,1,0,43,1
2230,魔术贴鞋,47,125,79,99,97,混合鞋底,潮流高街,回力经典,1,1,1201,2
431,魔术贴鞋,39,388,59,229,93,PU中底,潮流高街,其他品牌,1,1,773,3
197,系带设计,53,339,67,227,100,橡胶大底,户外机能,李宁休闲,0,1,12,2
132,松紧带鞋,43,138,72,99,91,MD发泡底,工装硬朗,京东京造,0,1,1208,2
981,松紧带鞋,45,106,93,99,95,MD发泡底,户外机能,安踏运动,1,0,25,1
589,系带设计,62,139,71,99,88,PU中底,工装硬朗,特步男鞋,1,0,76,1
1049,系带设计,48,337,60,202,91,MD发泡底,简约百搭,京东京造,1,0,501,1
3888,魔术贴鞋,53,191,78,149,91,TPR鞋底,运动休闲,回力经典,1,1,373,2
203,松紧带鞋,44,171,58,99,94,橡胶大底,简约百搭,斯凯奇潮,1,1,1083,2
799,套脚款式,35,272,60,163,94,EVA轻底,户外机能,斯凯奇潮,0,1,5,2
1368,松紧带鞋,33,191,88,168,90,混合鞋底,日常休闲,耐克潮流,1,1,2219,2
982,拉链鞋款,54,187,78,146,91,PU中底,运动休闲,回力经典,0,1,491,2
691,松紧带鞋,50,141,70,99,93,混合鞋底,简约百搭,特步男鞋,1,0,1335,1
2198,魔术贴鞋,50,104,95,99,91,TPR鞋底,运动休闲,阿迪达斯,0,1,44,2
351,系带设计,40,339,84,285,94,橡胶大底,潮流高街,特步男鞋,1,0,61,3
762,拉链鞋款,52,619,96,594,97,EVA轻底,日常休闲,斯凯奇潮,1,0,1187,3
884,套脚款式,42,134,74,99,93,EVA轻底,复古潮鞋,回力经典,0,0,167,1
2365,系带设计,37,165,60,99,97,PU中底,日常休闲,特步男鞋,1,1,25,2
4789,拉链鞋款,42,144,84,121,96,MD发泡底,潮流高街,鸿星尔克,1,1,4291,2
17274,套脚款式,45,141,70,99,95,PU中底,简约百搭,斯凯奇潮,1,0,1097,0
1209,系带设计,48,208,83,173,91,橡胶大底,运动休闲,安踏运动,0,1,795,2
1971,套脚款式,61,138,72,99,93,橡胶大底,运动休闲,阿迪达斯,0,1,463,2
941,松紧带鞋,38,162,61,99,98,橡胶大底,工装硬朗,李宁休闲,0,1,381,2
746,拉链鞋款,56,462,56,259,86,MD发泡底,简约百搭,阿迪达斯,1,0,192,3
4092,套脚款式,42,307,58,178,92,MD发泡底,运动休闲,其他品牌,1,0,235,1
341,拉链鞋款,46,195,82,160,96,橡胶大底,潮流高街,回力经典,1,0,3375,1
1145,拉链鞋款,32,157,89,140,91,PU中底,日常休闲,耐克潮流,1,0,28,1
2353,套脚款式,42,193,56,108,96,EVA轻底,复古潮鞋,鸿星尔克,0,0,4772,1
536,套脚款式,52,379,89,337,95,EVA轻底,运动休闲,安踏运动,1,0,372,3
4373,魔术贴鞋,42,147,72,106,94,EVA轻底,复古潮鞋,京东京造,1,0,43,1
765,魔术贴鞋,50,304,90,274,96,橡胶大底,运动休闲,其他品牌,0,0,1420,1
3999,拉链鞋款,28,143,98,140,94,PU中底,工装硬朗,李宁休闲,1,0,25,1
3933,拉链鞋款,60,110,90,99,90,混合鞋底,户外机能,耐克潮流,1,1,41,2
198,魔术贴鞋,55,232,72,167,97,橡胶大底,简约百搭,阿迪达斯,0,0,857,1
247,拉链鞋款,39,288,56,161,88,橡胶大底,运动休闲,其他品牌,1,0,39,1
2859,松紧带鞋,62,196,57,112,92,EVA轻底,运动休闲,京东京造,0,0,695,1
3560,系带设计,54,139,92,128,91,PU中底,潮流高街,京东京造,1,1,1046,2
638,魔术贴鞋,33,129,77,99,85,混合鞋底,复古潮鞋,李宁休闲,1,0,905,1
1647,拉链鞋款,56,136,78,106,97,混合鞋底,简约百搭,京东京造,0,1,3,2
1286,系带设计,40,996,56,558,90,PU中底,工装硬朗,鸿星尔克,1,0,343,3
968,系带设计,52,301,92,277,97,混合鞋底,运动休闲,阿迪达斯,1,0,3758,1
1810,套脚款式,40,396,89,352,91,橡胶大底,户外机能,阿迪达斯,0,1,29,3
1491,拉链鞋款,57,119,83,99,94,混合鞋底,简约百搭,安踏运动,0,1,1466,2
1303,松紧带鞋,47,200,77,154,86,TPR鞋底,复古潮鞋,李宁休闲,1,1,48,2
1999,松紧带鞋,47,209,87,182,91,PU中底,日常休闲,斯凯奇潮,1,0,520,1
1724,魔术贴鞋,49,376,72,271,90,混合鞋底,户外机能,耐克潮流,0,1,2,3
101,系带设计,47,437,59,258,92,混合鞋底,日常休闲,李宁休闲,0,1,700,3
993,系带设计,53,349,55,192,96,橡胶大底,简约百搭,鸿星尔克,0,1,1438,2
325,魔术贴鞋,55,112,88,99,90,TPR鞋底,运动休闲,京东京造,0,1,544,2
43,松紧带鞋,43,327,67,219,94,EVA轻底,简约百搭,其他品牌,1,1,84,2
110,系带设计,40,202,80,162,91,MD发泡底,复古潮鞋,安踏运动,1,0,2782,1
1955,拉链鞋款,56,261,75,196,98,橡胶大底,潮流高街,安踏运动,0,0,271,1
9137,系带设计,59,190,72,137,92,EVA轻底,简约百搭,鸿星尔克,1,1,474,2
950,魔术贴鞋,42,162,61,99,98,EVA轻底,日常休闲,特步男鞋,1,1,1174,2
5059,拉链鞋款,60,269,70,188,89,TPR鞋底,运动休闲,京东京造,1,1,18,2
786,套脚款式,52,205,56,115,96,混合鞋底,潮流高街,回力经典,1,0,486,1
51,魔术贴鞋,50,137,90,123,91,EVA轻底,简约百搭,阿迪达斯,0,0,806,1
595,魔术贴鞋,58,320,50,160,97,混合鞋底,日常休闲,京东京造,0,1,35,2
2516,系带设计,41,190,52,99,93,MD发泡底,工装硬朗,阿迪达斯,1,1,918,2
5801,松紧带鞋,49,114,87,99,97,EVA轻底,复古潮鞋,特步男鞋,1,1,1037,2
304,系带设计,48,282,62,175,95,EVA轻底,复古潮鞋,回力经典,0,1,985,2
603,魔术贴鞋,42,161,98,158,93,混合鞋底,工装硬朗,特步男鞋,1,1,3402,2
738,松紧带鞋,61,465,52,242,94,TPR鞋底,简约百搭,耐克潮流,1,1,23,3
4584,套脚款式,52,138,72,99,93,TPR鞋底,潮流高街,回力经典,1,0,627,1
710,系带设计,50,171,58,99,94,橡胶大底,日常休闲,耐克潮流,1,1,1486,2
2041,拉链鞋款,53,130,76,99,95,TPR鞋底,复古潮鞋,特步男鞋,1,1,800,2
4288,拉链鞋款,57,105,94,99,90,EVA轻底,潮流高街,安踏运动,1,1,3137,2
2194,套脚款式,43,125,79,99,92,EVA轻底,日常休闲,京东京造,0,0,4951,1
5050,魔术贴鞋,58,99,100,99,91,EVA轻底,简约百搭,安踏运动,0,1,369,2
2720,松紧带鞋,53,191,54,103,93,PU中底,日常休闲,鸿星尔克,1,1,467,2
277,松紧带鞋,47,192,52,100,93,EVA轻底,工装硬朗,京东京造,0,1,2684,2
4555,拉链鞋款,42,171,58,99,90,TPR鞋底,户外机能,京东京造,1,1,33,2
85,魔术贴鞋,43,111,89,99,95,混合鞋底,户外机能,安踏运动,1,0,4176,1
18585,拉链鞋款,35,193,54,104,91,橡胶大底,复古潮鞋,耐克潮流,0,0,1161,0
5487,套脚款式,49,356,86,306,92,EVA轻底,日常休闲,鸿星尔克,0,0,1076,3
444,系带设计,53,110,90,99,91,EVA轻底,复古潮鞋,鸿星尔克,1,1,23,2
2897,套脚款式,54,247,64,158,96,橡胶大底,潮流高街,耐克潮流,0,0,1361,1
5544,魔术贴鞋,31,181,62,112,94,EVA轻底,工装硬朗,斯凯奇潮,1,0,1211,1
5465,套脚款式,48,458,67,307,91,混合鞋底,户外机能,耐克潮流,1,0,1114,3
140,套脚款式,57,106,93,99,95,橡胶大底,户外机能,斯凯奇潮,0,0,844,1
509,拉链鞋款,49,114,87,99,92,EVA轻底,户外机能,安踏运动,0,1,50,2
576,套脚款式,49,198,62,123,95,橡胶大底,简约百搭,其他品牌,1,1,771,2
5809,魔术贴鞋,27,139,71,99,94,橡胶大底,日常休闲,鸿星尔克,1,0,99,1
1086,套脚款式,18,320,83,266,95,橡胶大底,户外机能,回力经典,0,0,446,1
103,套脚款式,47,221,86,190,97,EVA轻底,运动休闲,阿迪达斯,0,1,28,2
239,魔术贴鞋,44,112,88,99,98,PU中底,运动休闲,安踏运动,0,0,2562,1
697,系带设计,58,187,53,99,93,混合鞋底,运动休闲,安踏运动,0,1,20,2
360,系带设计,60,421,87,366,95,TPR鞋底,简约百搭,京东京造,0,1,9,3
7152,拉链鞋款,53,99,100,99,94,PU中底,复古潮鞋,鸿星尔克,0,1,699,2
1112,拉链鞋款,54,139,90,125,85,混合鞋底,复古潮鞋,耐克潮流,1,1,259,2
260,魔术贴鞋,40,353,51,180,94,混合鞋底,运动休闲,其他品牌,0,0,245,1
324,套脚款式,44,521,53,276,91,EVA轻底,简约百搭,阿迪达斯,1,1,243,3
6828,魔术贴鞋,38,109,91,99,94,混合鞋底,运动休闲,其他品牌,1,0,43,1
1475,拉链鞋款,48,138,91,126,98,TPR鞋底,工装硬朗,特步男鞋,0,1,26,2
1193,套脚款式,34,300,95,285,95,混合鞋底,日常休闲,其他品牌,1,1,4365,2
646,拉链鞋款,39,122,91,111,92,混合鞋底,简约百搭,耐克潮流,0,1,29,2
525,松紧带鞋,44,250,58,145,88,EVA轻底,日常休闲,特步男鞋,0,0,444,1
1441,套脚款式,38,393,70,275,94,MD发泡底,日常休闲,其他品牌,0,1,26,3
2121,魔术贴鞋,59,210,87,183,95,橡胶大底,日常休闲,其他品牌,1,1,44,2
466,系带设计,55,112,88,99,92,橡胶大底,工装硬朗,鸿星尔克,0,0,1242,1
2545,松紧带鞋,41,132,75,99,90,混合鞋底,潮流高街,鸿星尔克,0,1,171,2
510,松紧带鞋,54,163,78,127,100,橡胶大底,户外机能,李宁休闲,0,1,727,2
3384,套脚款式,56,236,69,163,91,TPR鞋底,复古潮鞋,京东京造,1,1,684,2
27194,魔术贴鞋,58,146,82,120,98,TPR鞋底,日常休闲,阿迪达斯,0,0,1,0
797,拉链鞋款,46,652,58,378,91,TPR鞋底,工装硬朗,鸿星尔克,0,1,2338,3
1184,套脚款式,44,641,56,359,92,橡胶大底,潮流高街,安踏运动,1,0,879,3
2836,系带设计,33,174,57,99,100,EVA轻底,复古潮鞋,鸿星尔克,0,1,924,2
2948,拉链鞋款,52,143,69,99,90,MD发泡底,户外机能,李宁休闲,0,1,874,2
15251,魔术贴鞋,59,171,58,99,94,PU中底,运动休闲,李宁休闲,0,1,32,0
2431,魔术贴鞋,33,315,52,164,92,TPR鞋底,简约百搭,回力经典,1,1,1198,2
4458,套脚款式,48,798,59,471,99,MD发泡底,简约百搭,特步男鞋,0,0,14,3
571,系带设计,52,127,78,99,90,EVA轻底,潮流高街,安踏运动,0,0,43,1
2331,系带设计,39,324,63,204,90,PU中底,简约百搭,特步男鞋,0,0,2104,1
294,魔术贴鞋,64,331,70,232,94,MD发泡底,日常休闲,耐克潮流,1,1,4176,2
10079,套脚款式,46,158,67,106,99,MD发泡底,运动休闲,回力经典,1,1,1309,2
2200,松紧带鞋,43,108,92,99,100,EVA轻底,潮流高街,耐克潮流,1,0,1275,1
876,魔术贴鞋,63,260,78,203,91,MD发泡底,简约百搭,回力经典,0,1,2566,2
739,系带设计,48,103,96,99,94,PU中底,工装硬朗,鸿星尔克,0,0,1052,1
342,套脚款式,39,348,67,233,94,橡胶大底,工装硬朗,回力经典,0,1,36,3
250,拉链鞋款,52,148,67,99,97,MD发泡底,潮流高街,京东京造,1,0,355,1
1027,套脚款式,44,183,54,99,90,橡胶大底,工装硬朗,李宁休闲,1,0,984,1
2812,系带设计,50,149,80,119,98,TPR鞋底,运动休闲,耐克潮流,1,0,10,1
2937,松紧带鞋,51,296,83,246,100,EVA轻底,简约百搭,耐克潮流,0,1,48,2
6868,拉链鞋款,43,244,52,127,87,PU中底,简约百搭,回力经典,1,0,27,1
6203,拉链鞋款,45,188,67,126,89,TPR鞋底,简约百搭,斯凯奇潮,1,1,112,2
232,松紧带鞋,38,162,61,99,97,PU中底,潮流高街,其他品牌,0,1,615,2
58,套脚款式,45,258,53,137,90,混合鞋底,工装硬朗,安踏运动,0,1,2524,2
650,套脚款式,59,146,68,99,98,MD发泡底,工装硬朗,阿迪达斯,0,1,187,2
355,拉链鞋款,62,115,86,99,94,混合鞋底,工装硬朗,斯凯奇潮,0,0,46,1
734,系带设计,59,127,78,99,89,混合鞋底,简约百搭,鸿星尔克,0,1,1169,2
9567,松紧带鞋,56,180,55,99,96,混合鞋底,户外机能,安踏运动,0,0,3128,1
993,松紧带鞋,50,366,53,194,100,橡胶大底,工装硬朗,其他品牌,1,0,2626,1
1396,拉链鞋款,50,227,55,125,92,混合鞋底,工装硬朗,斯凯奇潮,0,0,470,1
201,系带设计,60,112,88,99,90,MD发泡底,户外机能,京东京造,1,0,1471,1
2844,拉链鞋款,47,147,70,103,95,混合鞋底,简约百搭,回力经典,1,0,4361,1
510,系带设计,54,174,57,99,94,PU中底,运动休闲,回力经典,0,0,26,1
563,系带设计,58,168,59,99,96,混合鞋底,简约百搭,耐克潮流,1,0,901,1
13764,松紧带鞋,57,103,96,99,98,PU中底,复古潮鞋,其他品牌,0,1,1083,0
190,系带设计,45,181,97,176,90,PU中底,潮流高街,其他品牌,1,0,701,1
463,系带设计,55,271,95,257,96,橡胶大底,户外机能,回力经典,1,1,32,2
744,拉链鞋款,50,200,52,104,97,PU中底,复古潮鞋,斯凯奇潮,0,0,803,1
1572,套脚款式,55,179,99,177,90,PU中底,工装硬朗,安踏运动,0,0,1323,1
965,套脚款式,40,350,100,350,92,混合鞋底,日常休闲,斯凯奇潮,1,1,778,3
625,套脚款式,49,215,100,215,93,混合鞋底,复古潮鞋,李宁休闲,1,1,679,2
403,松紧带鞋,59,190,93,177,91,PU中底,日常休闲,耐克潮流,1,0,571,1
1198,松紧带鞋,49,100,99,99,97,PU中底,复古潮鞋,耐克潮流,0,1,1172,2
3605,拉链鞋款,40,206,82,169,93,橡胶大底,运动休闲,耐克潮流,0,0,1207,1
187,魔术贴鞋,45,406,65,264,93,TPR鞋底,工装硬朗,京东京造,1,1,1091,3
218,系带设计,42,126,82,103,96,PU中底,运动休闲,李宁休闲,1,0,3607,1
1075,系带设计,38,102,97,99,94,混合鞋底,简约百搭,安踏运动,1,1,11,2
1664,拉链鞋款,65,124,80,99,99,橡胶大底,日常休闲,李宁休闲,0,1,611,2
124,拉链鞋款,56,825,52,429,92,PU中底,复古潮鞋,特步男鞋,1,0,1280,3
1092,套脚款式,44,218,85,185,94,PU中底,运动休闲,阿迪达斯,1,1,524,2
186,套脚款式,41,194,51,99,86,PU中底,户外机能,特步男鞋,0,0,822,1
1528,套脚款式,55,284,62,176,85,MD发泡底,户外机能,其他品牌,0,0,1112,1
22136,魔术贴鞋,42,124,80,99,97,TPR鞋底,简约百搭,李宁休闲,1,0,90,0
4259,套脚款式,54,160,62,99,86,EVA轻底,日常休闲,其他品牌,1,0,588,1
1297,拉链鞋款,46,139,71,99,96,MD发泡底,复古潮鞋,安踏运动,0,1,883,2
989,拉链鞋款,46,573,73,418,97,TPR鞋底,简约百搭,阿迪达斯,0,0,329,3
1649,拉链鞋款,40,125,83,104,91,PU中底,复古潮鞋,安踏运动,1,0,1133,1
17863,套脚款式,54,176,72,127,93,PU中底,潮流高街,其他品牌,1,0,1399,0
2248,松紧带鞋,61,334,82,274,97,MD发泡底,工装硬朗,安踏运动,0,0,1159,3
52,松紧带鞋,42,168,87,146,99,橡胶大底,简约百搭,回力经典,1,0,1265,1
1633,松紧带鞋,36,318,62,197,98,混合鞋底,日常休闲,京东京造,0,1,1224,2
1569,系带设计,51,162,61,99,91,MD发泡底,户外机能,京东京造,1,1,339,2
292,系带设计,37,179,68,122,97,EVA轻底,户外机能,耐克潮流,1,0,857,1
1457,系带设计,40,255,71,181,92,MD发泡底,工装硬朗,鸿星尔克,0,1,883,2
2330,松紧带鞋,52,324,70,227,94,MD发泡底,简约百搭,阿迪达斯,1,1,30,2
398,魔术贴鞋,48,244,62,151,92,MD发泡底,简约百搭,其他品牌,0,0,643,1
3917,系带设计,45,104,95,99,96,PU中底,运动休闲,安踏运动,0,1,58,2
6803,系带设计,41,361,85,307,90,橡胶大底,简约百搭,京东京造,0,0,28,3
285,套脚款式,43,157,75,118,97,橡胶大底,简约百搭,阿迪达斯,0,0,890,1
1407,松紧带鞋,49,112,88,99,90,橡胶大底,简约百搭,京东京造,0,1,1437,2
1390,系带设计,39,209,70,146,96,MD发泡底,户外机能,鸿星尔克,0,0,39,1
954,系带设计,49,187,53,99,96,EVA轻底,户外机能,耐克潮流,0,1,4205,2
1439,套脚款式,57,264,67,177,90,MD发泡底,日常休闲,鸿星尔克,0,0,770,1
28477,魔术贴鞋,56,141,70,99,97,MD发泡底,复古潮鞋,阿迪达斯,1,0,962,0
992,拉链鞋款,52,203,78,158,91,PU中底,运动休闲,鸿星尔克,1,1,792,2
2366,套脚款式,53,194,51,99,92,TPR鞋底,日常休闲,安踏运动,1,0,408,1
1026,松紧带鞋,48,171,94,161,95,TPR鞋底,简约百搭,阿迪达斯,0,0,1013,1
4564,魔术贴鞋,44,263,67,176,96,MD发泡底,工装硬朗,耐克潮流,1,1,36,2
426,拉链鞋款,45,258,80,206,94,PU中底,运动休闲,安踏运动,0,1,295,2
2090,魔术贴鞋,48,207,60,124,92,EVA轻底,复古潮鞋,其他品牌,1,1,3606,2
5746,套脚款式,51,161,95,153,86,EVA轻底,简约百搭,鸿星尔克,1,1,36,2
795,拉链鞋款,49,352,100,352,94,EVA轻底,日常休闲,李宁休闲,1,1,9,3
2898,魔术贴鞋,40,114,87,99,96,TPR鞋底,日常休闲,回力经典,1,0,235,1
5355,拉链鞋款,56,288,77,222,95,EVA轻底,日常休闲,李宁休闲,1,1,564,2
503,系带设计,42,198,53,105,97,橡胶大底,日常休闲,特步男鞋,1,0,804,1
544,系带设计,32,198,50,99,91,橡胶大底,户外机能,李宁休闲,0,0,451,1
1320,拉链鞋款,45,176,91,160,96,EVA轻底,工装硬朗,斯凯奇潮,0,1,4,2
155,松紧带鞋,37,118,84,99,96,TPR鞋底,工装硬朗,鸿星尔克,0,0,1310,1
2521,松紧带鞋,45,246,50,123,94,橡胶大底,潮流高街,斯凯奇潮,0,1,489,2
677,松紧带鞋,47,184,70,129,97,橡胶大底,工装硬朗,斯凯奇潮,1,1,1166,2
1936,魔术贴鞋,40,118,84,99,90,混合鞋底,简约百搭,京东京造,0,1,528,2
234,拉链鞋款,53,149,82,122,100,橡胶大底,潮流高街,京东京造,0,0,1312,1
1098,魔术贴鞋,58,254,52,132,92,PU中底,户外机能,回力经典,1,1,2051,2
5824,系带设计,45,435,60,261,92,混合鞋底,潮流高街,特步男鞋,0,1,526,3
8217,松紧带鞋,53,210,62,130,95,混合鞋底,潮流高街,安踏运动,0,1,1256,2
681,拉链鞋款,46,152,65,99,97,PU中底,复古潮鞋,其他品牌,1,1,447,2
3466,系带设计,56,117,90,105,93,橡胶大底,户外机能,鸿星尔克,0,0,1060,1
1156,松紧带鞋,49,111,93,103,91,橡胶大底,运动休闲,安踏运动,0,0,838,1
2982,拉链鞋款,47,141,70,99,96,PU中底,简约百搭,京东京造,0,1,1313,2
983,松紧带鞋,51,124,80,99,93,PU中底,工装硬朗,鸿星尔克,0,1,222,2
140,松紧带鞋,40,226,97,219,90,EVA轻底,简约百搭,其他品牌,1,0,33,1
953,松紧带鞋,39,324,58,188,91,PU中底,工装硬朗,阿迪达斯,0,1,17,2
829,套脚款式,45,191,69,132,98,橡胶大底,复古潮鞋,阿迪达斯,0,0,1300,1
294,魔术贴鞋,43,155,64,99,98,TPR鞋底,运动休闲,阿迪达斯,0,0,3499,1
2062,套脚款式,65,198,50,99,97,TPR鞋底,户外机能,李宁休闲,0,0,225,1
5841,松紧带鞋,44,118,95,112,95,混合鞋底,简约百搭,京东京造,0,1,198,2
56,魔术贴鞋,30,180,55,99,90,MD发泡底,户外机能,安踏运动,0,0,211,1
489,套脚款式,52,150,66,99,93,EVA轻底,简约百搭,京东京造,0,0,208,1
1055,松紧带鞋,46,148,67,99,94,PU中底,简约百搭,安踏运动,1,0,1447,1
467,魔术贴鞋,57,146,68,99,96,橡胶大底,简约百搭,耐克潮流,0,1,2004,2
3917,系带设计,45,344,70,241,93,混合鞋底,日常休闲,斯凯奇潮,0,0,728,1
2014,套脚款式,36,198,86,170,98,TPR鞋底,复古潮鞋,安踏运动,1,1,503,2
910,魔术贴鞋,49,216,75,162,88,MD发泡底,复古潮鞋,安踏运动,0,1,2487,2
3913,拉链鞋款,36,130,76,99,99,PU中底,工装硬朗,安踏运动,0,1,48,2
91,魔术贴鞋,57,152,65,99,92,MD发泡底,简约百搭,阿迪达斯,0,1,555,2
170,系带设计,47,129,77,99,86,PU中底,日常休闲,阿迪达斯,1,0,885,1
840,套脚款式,47,189,79,149,93,EVA轻底,户外机能,京东京造,0,1,3803,2
2398,套脚款式,50,174,57,99,90,EVA轻底,户外机能,阿迪达斯,0,0,16,1
15887,套脚款式,60,265,55,146,92,TPR鞋底,复古潮鞋,回力经典,0,1,49,0
1186,套脚款式,49,263,57,150,96,TPR鞋底,简约百搭,耐克潮流,1,0,1396,1
1131,拉链鞋款,39,165,60,99,91,PU中底,潮流高街,其他品牌,0,1,642,2
2280,套脚款式,53,971,72,699,95,EVA轻底,日常休闲,安踏运动,0,1,2407,3
146,套脚款式,40,268,84,225,85,PU中底,日常休闲,回力经典,0,0,39,1
814,套脚款式,36,130,76,99,93,EVA轻底,运动休闲,安踏运动,1,0,1182,1
2242,拉链鞋款,33,240,89,214,95,EVA轻底,简约百搭,斯凯奇潮,0,0,4846,1
3206,系带设计,54,101,98,99,99,MD发泡底,户外机能,其他品牌,0,0,1317,1
755,套脚款式,48,129,77,99,96,PU中底,简约百搭,耐克潮流,1,0,85,1
1724,松紧带鞋,64,455,51,232,92,TPR鞋底,工装硬朗,特步男鞋,0,0,1495,3
10350,魔术贴鞋,41,224,51,114,92,EVA轻底,日常休闲,特步男鞋,0,1,40,0
272,魔术贴鞋,47,559,64,358,96,EVA轻底,日常休闲,安踏运动,1,0,2588,3
1142,松紧带鞋,57,136,73,99,100,混合鞋底,户外机能,京东京造,0,1,587,2
1155,系带设计,47,108,92,99,97,MD发泡底,简约百搭,京东京造,1,0,49,1
21991,松紧带鞋,49,109,91,99,95,PU中底,工装硬朗,回力经典,1,0,16,0
586,系带设计,46,124,80,99,86,橡胶大底,运动休闲,耐克潮流,1,0,35,1
20101,魔术贴鞋,45,335,78,261,90,EVA轻底,工装硬朗,李宁休闲,0,0,22,0
740,套脚款式,56,207,61,126,93,TPR鞋底,运动休闲,安踏运动,1,1,297,2
4361,魔术贴鞋,43,342,80,274,91,TPR鞋底,运动休闲,阿迪达斯,1,0,2963,3
13794,松紧带鞋,50,214,51,109,95,混合鞋底,运动休闲,鸿星尔克,1,1,1247,0
915,魔术贴鞋,61,388,64,248,94,EVA轻底,日常休闲,阿迪达斯,1,0,1357,3
717,套脚款式,56,209,57,119,95,PU中底,户外机能,鸿星尔克,0,1,1491,2
7457,松紧带鞋,49,293,91,267,98,橡胶大底,运动休闲,回力经典,0,0,614,1
276,拉链鞋款,49,121,89,108,90,TPR鞋底,日常休闲,耐克潮流,1,0,799,1
843,松紧带鞋,38,398,83,330,97,PU中底,户外机能,李宁休闲,1,1,216,3
1533,松紧带鞋,43,160,62,99,97,橡胶大底,户外机能,京东京造,0,0,263,1
1022,系带设计,58,355,66,234,93,PU中底,运动休闲,阿迪达斯,0,1,954,3
969,魔术贴鞋,52,138,86,119,93,MD发泡底,潮流高街,阿迪达斯,1,0,28,1
1021,松紧带鞋,43,286,90,257,96,PU中底,简约百搭,阿迪达斯,1,1,264,2
241,套脚款式,39,289,53,153,93,PU中底,潮流高街,耐克潮流,1,1,121,2
698,套脚款式,47,146,71,104,95,MD发泡底,日常休闲,耐克潮流,1,0,1486,1
435,系带设计,49,161,89,143,86,EVA轻底,简约百搭,李宁休闲,1,0,525,1
3962,系带设计,51,458,50,229,93,PU中底,运动休闲,特步男鞋,1,0,498,3
615,拉链鞋款,30,129,77,99,92,橡胶大底,运动休闲,其他品牌,0,0,369,1
4082,套脚款式,48,111,89,99,92,EVA轻底,工装硬朗,耐克潮流,0,0,1062,1
1039,套脚款式,44,177,90,159,93,PU中底,简约百搭,阿迪达斯,1,1,1186,2
933,魔术贴鞋,37,178,82,146,91,TPR鞋底,运动休闲,其他品牌,0,1,35,2
388,拉链鞋款,64,500,67,335,96,混合鞋底,复古潮鞋,李宁休闲,1,0,1066,3
779,松紧带鞋,58,208,95,198,91,TPR鞋底,潮流高街,京东京造,1,1,11,2
17953,拉链鞋款,44,152,65,99,94,PU中底,潮流高街,其他品牌,0,0,364,0
2307,拉链鞋款,37,290,59,171,91,混合鞋底,复古潮鞋,回力经典,0,1,3988,2
1607,套脚款式,46,206,94,194,85,EVA轻底,户外机能,特步男鞋,1,1,838,2
386,松紧带鞋,45,143,69,99,95,MD发泡底,日常休闲,安踏运动,1,0,427,1
1300,松紧带鞋,47,244,59,144,97,EVA轻底,复古潮鞋,回力经典,1,0,27,1
1121,系带设计,51,442,86,380,95,混合鞋底,复古潮鞋,特步男鞋,0,0,1039,3
587,松紧带鞋,51,150,66,99,92,混合鞋底,日常休闲,阿迪达斯,0,0,278,1
170,系带设计,56,118,84,99,92,EVA轻底,日常休闲,京东京造,1,1,5,2
1021,松紧带鞋,45,126,87,110,86,PU中底,简约百搭,耐克潮流,0,1,37,2
136,系带设计,47,149,72,107,99,EVA轻底,潮流高街,安踏运动,1,0,162,1
459,松紧带鞋,55,645,87,561,93,MD发泡底,日常休闲,其他品牌,1,1,40,3
17354,套脚款式,52,128,97,124,94,TPR鞋底,潮流高街,安踏运动,0,1,627,0
3265,松紧带鞋,18,155,64,99,97,TPR鞋底,工装硬朗,回力经典,0,0,767,1
1354,套脚款式,51,233,87,203,98,EVA轻底,简约百搭,回力经典,0,0,43,1
359,系带设计,46,176,93,164,93,PU中底,工装硬朗,京东京造,1,0,1377,1
1673,系带设计,43,267,67,179,92,PU中底,日常休闲,鸿星尔克,1,1,1251,2
1888,魔术贴鞋,62,112,88,99,94,PU中底,复古潮鞋,斯凯奇潮,0,0,1341,1
284,套脚款式,41,106,93,99,89,混合鞋底,工装硬朗,安踏运动,1,0,4767,1
564,魔术贴鞋,44,412,73,301,92,混合鞋底,潮流高街,特步男鞋,0,1,4321,3
5515,拉链鞋款,43,131,84,110,94,EVA轻底,日常休闲,回力经典,0,0,27,1
3365,套脚款式,60,136,73,99,94,EVA轻底,复古潮鞋,鸿星尔克,1,1,583,2
350,拉链鞋款,47,115,86,99,94,橡胶大底,日常休闲,回力经典,0,0,1057,1
2074,松紧带鞋,50,140,83,116,85,橡胶大底,复古潮鞋,特步男鞋,0,0,88,1
907,系带设计,46,150,66,99,91,MD发泡底,简约百搭,李宁休闲,0,0,875,1
530,魔术贴鞋,61,278,55,153,100,MD发泡底,简约百搭,回力经典,1,1,1076,2
2379,魔术贴鞋,50,155,64,99,90,TPR鞋底,日常休闲,安踏运动,0,0,217,1
832,魔术贴鞋,41,300,50,150,98,MD发泡底,复古潮鞋,耐克潮流,1,1,1255,2
429,系带设计,33,187,53,99,88,MD发泡底,运动休闲,斯凯奇潮,0,0,319,1
1119,魔术贴鞋,38,180,71,128,100,PU中底,复古潮鞋,其他品牌,0,1,784,2
133,拉链鞋款,59,170,100,170,92,PU中底,潮流高街,斯凯奇潮,1,0,1121,1
2283,套脚款式,45,161,70,113,90,MD发泡底,复古潮鞋,特步男鞋,0,0,2416,1
679,魔术贴鞋,61,165,60,99,90,混合鞋底,户外机能,李宁休闲,0,0,596,1
357,松紧带鞋,48,174,66,115,97,PU中底,运动休闲,鸿星尔克,1,0,1087,1
858,魔术贴鞋,55,140,78,109,98,TPR鞋底,潮流高街,阿迪达斯,0,1,24,2
421,系带设计,43,106,93,99,93,TPR鞋底,运动休闲,特步男鞋,0,1,573,2
2895,套脚款式,40,172,94,162,95,PU中底,户外机能,京东京造,0,1,4389,2
874,松紧带鞋,41,111,89,99,97,EVA轻底,工装硬朗,回力经典,0,1,4984,2
3995,魔术贴鞋,49,145,85,123,99,TPR鞋底,复古潮鞋,阿迪达斯,0,1,21,2
524,系带设计,59,158,98,155,90,TPR鞋底,简约百搭,斯凯奇潮,1,0,1073,1
26513,套脚款式,44,132,75,99,95,TPR鞋底,运动休闲,耐克潮流,1,0,2457,0
304,套脚款式,54,139,71,99,90,MD发泡底,简约百搭,特步男鞋,1,1,39,2
2390,套脚款式,42,232,90,209,93,TPR鞋底,潮流高街,斯凯奇潮,0,0,75,1
194,拉链鞋款,51,273,81,221,92,TPR鞋底,日常休闲,斯凯奇潮,1,0,3901,1
1480,魔术贴鞋,44,129,87,112,94,EVA轻底,户外机能,鸿星尔克,1,0,4819,1
2881,系带设计,49,109,91,99,91,TPR鞋底,复古潮鞋,其他品牌,1,0,1410,1
854,松紧带鞋,48,127,78,99,94,PU中底,户外机能,京东京造,0,1,632,2
458,系带设计,43,203,58,118,98,PU中底,日常休闲,其他品牌,1,1,37,2
966,松紧带鞋,35,367,54,198,96,PU中底,日常休闲,鸿星尔克,1,1,14,2
815,套脚款式,50,115,96,110,95,混合鞋底,运动休闲,京东京造,0,1,294,2
4022,套脚款式,49,141,94,133,88,混合鞋底,复古潮鞋,耐克潮流,0,0,898,1
669,套脚款式,58,136,73,99,96,混合鞋底,户外机能,鸿星尔克,1,1,1289,2
5377,套脚款式,49,159,76,121,95,混合鞋底,复古潮鞋,安踏运动,1,0,570,1
3079,魔术贴鞋,57,146,68,99,86,橡胶大底,日常休闲,其他品牌,1,1,36,2
3578,套脚款式,59,246,94,231,92,PU中底,潮流高街,特步男鞋,0,1,20,2
3502,套脚款式,59,184,97,178,98,EVA轻底,日常休闲,回力经典,1,1,840,2
3995,魔术贴鞋,56,276,54,149,90,TPR鞋底,户外机能,京东京造,1,0,594,1
1411,套脚款式,46,218,74,161,88,橡胶大底,户外机能,特步男鞋,1,0,1115,1
846,魔术贴鞋,54,127,78,99,94,PU中底,简约百搭,其他品牌,1,0,1271,1
818,魔术贴鞋,43,148,92,136,88,EVA轻底,日常休闲,耐克潮流,0,0,788,1
296,松紧带鞋,48,267,92,246,93,EVA轻底,运动休闲,特步男鞋,0,1,19,2
630,魔术贴鞋,38,270,70,189,92,EVA轻底,复古潮鞋,安踏运动,1,0,1204,1
1049,拉链鞋款,49,190,52,99,99,混合鞋底,潮流高街,京东京造,0,1,4168,2
624,系带设计,58,333,67,223,91,橡胶大底,复古潮鞋,安踏运动,0,0,2182,1
21594,松紧带鞋,47,300,66,198,99,MD发泡底,复古潮鞋,回力经典,0,0,99,0
298,松紧带鞋,39,158,80,126,97,橡胶大底,户外机能,耐克潮流,0,1,24,2
512,松紧带鞋,48,416,58,241,94,TPR鞋底,潮流高街,阿迪达斯,1,0,3978,3
3075,套脚款式,41,177,56,99,96,PU中底,工装硬朗,鸿星尔克,1,1,21,2
218,系带设计,54,285,53,151,94,PU中底,户外机能,京东京造,1,1,4,2
128,魔术贴鞋,45,302,62,187,97,EVA轻底,简约百搭,鸿星尔克,1,0,559,1
5916,拉链鞋款,57,442,69,305,87,MD发泡底,简约百搭,李宁休闲,1,1,38,3
676,系带设计,43,274,66,181,91,MD发泡底,复古潮鞋,鸿星尔克,0,0,2253,1
102,套脚款式,44,275,89,245,100,MD发泡底,运动休闲,京东京造,1,0,268,1
1857,系带设计,36,124,99,123,94,PU中底,运动休闲,京东京造,0,0,1126,1
211,松紧带鞋,54,642,77,494,95,混合鞋底,工装硬朗,特步男鞋,1,0,1331,3
1427,松紧带鞋,64,187,53,99,96,TPR鞋底,户外机能,特步男鞋,0,1,1093,2
2723,松紧带鞋,53,152,65,99,96,EVA轻底,简约百搭,特步男鞋,1,1,486,2
605,魔术贴鞋,32,119,83,99,97,PU中底,运动休闲,京东京造,1,1,1140,2
953,拉链鞋款,44,174,57,99,92,MD发泡底,复古潮鞋,李宁休闲,0,0,50,1
1709,系带设计,49,162,97,157,97,混合鞋底,复古潮鞋,安踏运动,0,0,600,1
5918,系带设计,48,247,91,225,90,EVA轻底,户外机能,耐克潮流,1,0,17,1
3521,系带设计,61,146,68,99,90,PU中底,运动休闲,李宁休闲,1,0,1198,1
178,魔术贴鞋,37,157,65,102,99,橡胶大底,运动休闲,回力经典,0,0,779,1
1405,魔术贴鞋,49,242,76,184,90,EVA轻底,潮流高街,斯凯奇潮,0,0,583,1
1043,魔术贴鞋,50,262,79,207,96,MD发泡底,潮流高街,耐克潮流,0,1,1418,2
408,拉链鞋款,48,121,82,99,92,TPR鞋底,复古潮鞋,其他品牌,1,0,3583,1
1594,松紧带鞋,39,136,73,99,93,EVA轻底,日常休闲,其他品牌,0,1,46,2
125,魔术贴鞋,44,519,54,280,98,TPR鞋底,潮流高街,京东京造,0,1,477,3
257,魔术贴鞋,46,105,94,99,97,TPR鞋底,工装硬朗,李宁休闲,0,1,1335,2
317,松紧带鞋,51,183,54,99,96,PU中底,户外机能,京东京造,1,1,3788,2
3127,系带设计,33,453,59,267,93,混合鞋底,工装硬朗,安踏运动,0,1,1473,3
1317,魔术贴鞋,45,180,99,178,96,EVA轻底,日常休闲,斯凯奇潮,0,0,24,1
2676,拉链鞋款,52,144,87,125,100,橡胶大底,工装硬朗,安踏运动,0,0,704,1
2541,系带设计,59,146,69,101,94,TPR鞋底,工装硬朗,京东京造,1,1,2398,2
2066,系带设计,45,545,78,425,97,EVA轻底,运动休闲,其他品牌,1,1,613,3
17432,系带设计,23,172,68,117,100,PU中底,潮流高街,安踏运动,0,0,1251,0
4804,魔术贴鞋,49,204,57,116,91,PU中底,户外机能,特步男鞋,1,1,1298,2
2056,松紧带鞋,38,130,77,100,96,PU中底,工装硬朗,京东京造,0,0,1290,1
129,套脚款式,63,177,56,99,90,MD发泡底,户外机能,回力经典,1,0,271,1
1531,魔术贴鞋,51,279,68,190,92,橡胶大底,简约百搭,京东京造,1,0,3358,1
10575,松紧带鞋,50,300,88,264,94,TPR鞋底,复古潮鞋,斯凯奇潮,1,0,1453,0
12662,魔术贴鞋,44,103,96,99,95,橡胶大底,复古潮鞋,耐克潮流,0,0,866,0
87,套脚款式,48,100,99,99,90,EVA轻底,潮流高街,安踏运动,0,1,1195,2
998,套脚款式,61,141,70,99,95,TPR鞋底,潮流高街,耐克潮流,0,0,18,1
1512,魔术贴鞋,44,293,69,202,93,混合鞋底,复古潮鞋,特步男鞋,1,1,1149,2
647,系带设计,41,111,89,99,97,橡胶大底,工装硬朗,特步男鞋,1,1,25,2
10190,松紧带鞋,41,99,100,99,96,混合鞋底,运动休闲,京东京造,0,0,834,1
9817,松紧带鞋,33,151,84,127,92,PU中底,潮流高街,京东京造,0,1,347,2
687,系带设计,52,162,61,99,96,TPR鞋底,工装硬朗,李宁休闲,1,0,1315,1
2145,套脚款式,37,261,57,149,95,混合鞋底,复古潮鞋,京东京造,1,1,7,2
1303,拉链鞋款,34,277,61,169,89,橡胶大底,潮流高街,阿迪达斯,0,0,416,1
6118,拉链鞋款,43,267,63,168,91,TPR鞋底,工装硬朗,耐克潮流,1,1,1079,2
865,系带设计,35,255,93,237,90,EVA轻底,简约百搭,其他品牌,0,1,18,2
1215,系带设计,51,132,75,99,92,橡胶大底,简约百搭,安踏运动,1,1,571,2
2675,系带设计,52,152,80,122,97,橡胶大底,工装硬朗,其他品牌,0,1,844,2
10157,松紧带鞋,49,104,95,99,99,TPR鞋底,简约百搭,回力经典,1,0,702,1
667,系带设计,41,111,89,99,89,TPR鞋底,潮流高街,安踏运动,0,1,833,2
479,魔术贴鞋,48,185,87,161,93,EVA轻底,户外机能,鸿星尔克,1,1,1296,2
2256,松紧带鞋,38,111,89,99,94,EVA轻底,工装硬朗,其他品牌,1,1,31,2
524,系带设计,39,280,86,241,92,混合鞋底,复古潮鞋,特步男鞋,1,1,4129,2
782,拉链鞋款,56,105,94,99,95,橡胶大底,工装硬朗,鸿星尔克,1,1,38,2
1306,魔术贴鞋,44,143,69,99,95,混合鞋底,运动休闲,李宁休闲,0,0,12,1
2927,松紧带鞋,51,169,65,110,96,PU中底,日常休闲,阿迪达斯,0,1,1468,2
2417,松紧带鞋,46,145,84,122,96,混合鞋底,潮流高街,安踏运动,1,1,231,2
3380,系带设计,58,129,77,99,97,橡胶大底,户外机能,鸿星尔克,0,0,34,1
1049,拉链鞋款,40,127,78,99,97,混合鞋底,运动休闲,其他品牌,1,0,3677,1
1268,拉链鞋款,45,503,63,317,100,橡胶大底,潮流高街,回力经典,0,0,481,3
644,拉链鞋款,56,315,75,236,99,橡胶大底,复古潮鞋,京东京造,1,1,656,2
693,系带设计,55,128,98,125,96,TPR鞋底,户外机能,鸿星尔克,1,0,693,1
1827,魔术贴鞋,55,105,94,99,86,EVA轻底,运动休闲,其他品牌,1,0,682,1
511,拉链鞋款,46,216,56,121,90,橡胶大底,工装硬朗,特步男鞋,0,0,42,1
250,魔术贴鞋,42,101,98,99,90,PU中底,日常休闲,京东京造,1,1,803,2
130,松紧带鞋,55,254,56,142,94,混合鞋底,户外机能,阿迪达斯,1,0,993,1
313,拉链鞋款,37,180,55,99,97,橡胶大底,简约百搭,回力经典,0,1,42,2
438,魔术贴鞋,57,500,71,355,97,TPR鞋底,户外机能,回力经典,1,1,915,3
7401,套脚款式,52,155,64,99,96,PU中底,复古潮鞋,其他品牌,0,0,978,1
3691,系带设计,48,178,96,171,95,橡胶大底,户外机能,李宁休闲,0,0,1474,1
4913,系带设计,40,323,75,242,93,EVA轻底,户外机能,特步男鞋,0,1,3074,2
3577,魔术贴鞋,49,135,95,128,98,橡胶大底,潮流高街,其他品牌,0,1,1120,2
1439,拉链鞋款,58,153,68,104,96,PU中底,工装硬朗,耐克潮流,1,0,377,1
3185,拉链鞋款,36,191,99,189,96,TPR鞋底,日常休闲,特步男鞋,0,1,369,2
1704,系带设计,43,197,86,169,88,MD发泡底,工装硬朗,鸿星尔克,0,1,18,2
13309,套脚款式,49,266,68,181,95,TPR鞋底,复古潮鞋,安踏运动,0,0,1345,0
1412,套脚款式,47,442,97,429,96,EVA轻底,日常休闲,京东京造,1,0,261,3
1300,套脚款式,52,363,82,298,92,EVA轻底,日常休闲,特步男鞋,0,1,676,3
1502,系带设计,57,349,71,248,95,EVA轻底,日常休闲,鸿星尔克,0,1,611,3
357,系带设计,47,211,81,171,91,橡胶大底,运动休闲,其他品牌,1,0,38,1
583,魔术贴鞋,37,129,77,99,91,混合鞋底,日常休闲,鸿星尔克,0,1,20,2
2114,系带设计,38,122,81,99,95,EVA轻底,日常休闲,李宁休闲,1,0,1217,1
6658,魔术贴鞋,41,152,65,99,94,PU中底,复古潮鞋,其他品牌,1,1,45,2
1796,套脚款式,42,683,99,676,100,TPR鞋底,工装硬朗,回力经典,0,0,30,3
637,拉链鞋款,23,257,87,224,91,混合鞋底,日常休闲,鸿星尔克,1,0,26,1
2943,魔术贴鞋,30,245,60,147,90,橡胶大底,日常休闲,特步男鞋,1,1,30,2
3378,套脚款式,37,157,88,138,92,EVA轻底,日常休闲,鸿星尔克,1,1,30,2
410,松紧带鞋,50,261,76,198,95,TPR鞋底,复古潮鞋,安踏运动,0,1,719,2
99,套脚款式,46,204,56,114,97,PU中底,简约百搭,耐克潮流,1,0,3121,1
1999,拉链鞋款,36,274,66,181,91,EVA轻底,工装硬朗,李宁休闲,1,1,3103,2
268,魔术贴鞋,41,108,92,99,90,EVA轻底,户外机能,京东京造,0,0,3444,1
747,魔术贴鞋,45,175,87,152,95,MD发泡底,潮流高街,特步男鞋,1,0,9,1
1186,拉链鞋款,34,418,96,401,97,TPR鞋底,潮流高街,其他品牌,0,0,671,3
4125,松紧带鞋,55,251,76,191,98,MD发泡底,潮流高街,安踏运动,1,0,195,1
8305,套脚款式,41,134,74,99,99,PU中底,户外机能,斯凯奇潮,0,0,20,1
731,魔术贴鞋,45,198,50,99,98,EVA轻底,户外机能,京东京造,1,0,94,1
989,套脚款式,53,190,52,99,94,EVA轻底,工装硬朗,其他品牌,0,1,908,2
2075,系带设计,49,255,77,196,98,TPR鞋底,潮流高街,回力经典,0,0,46,1
1963,拉链鞋款,60,133,82,109,91,混合鞋底,户外机能,京东京造,1,1,3215,2
189,松紧带鞋,60,194,51,99,99,EVA轻底,日常休闲,特步男鞋,0,1,3511,2
4048,套脚款式,46,183,54,99,91,MD发泡底,工装硬朗,其他品牌,1,1,625,2
3012,系带设计,53,109,91,99,96,TPR鞋底,日常休闲,京东京造,1,0,354,1
388,魔术贴鞋,50,183,54,99,94,PU中底,工装硬朗,安踏运动,0,1,145,2
1912,套脚款式,52,184,67,123,92,PU中底,工装硬朗,特步男鞋,1,0,1361,1
1806,魔术贴鞋,64,215,96,206,97,混合鞋底,复古潮鞋,耐克潮流,1,1,1438,2
783,拉链鞋款,44,231,88,203,91,TPR鞋底,户外机能,特步男鞋,1,1,1271,2
738,松紧带鞋,44,165,66,109,91,橡胶大底,简约百搭,斯凯奇潮,0,0,1187,1
936,拉链鞋款,58,244,63,154,91,混合鞋底,工装硬朗,斯凯奇潮,0,1,39,2
3378,魔术贴鞋,41,262,96,252,91,橡胶大底,复古潮鞋,特步男鞋,0,0,992,1
1882,拉链鞋款,53,144,84,121,90,混合鞋底,工装硬朗,特步男鞋,0,1,1081,2
3591,拉链鞋款,50,194,51,99,92,EVA轻底,日常休闲,鸿星尔克,0,1,217,2
895,魔术贴鞋,61,129,77,99,90,橡胶大底,潮流高街,其他品牌,1,1,1396,2
677,拉链鞋款,45,195,73,142,94,混合鞋底,简约百搭,特步男鞋,1,1,970,2
1444,套脚款式,54,500,65,325,98,混合鞋底,运动休闲,安踏运动,0,1,784,3
1254,拉链鞋款,44,120,86,103,92,PU中底,户外机能,斯凯奇潮,1,0,25,1
2085,套脚款式,53,143,69,99,96,混合鞋底,简约百搭,京东京造,1,1,2541,2
731,套脚款式,49,165,77,127,90,MD发泡底,复古潮鞋,鸿星尔克,1,0,2593,1
975,松紧带鞋,40,122,81,99,95,MD发泡底,简约百搭,其他品牌,1,1,678,2
339,魔术贴鞋,49,116,85,99,90,MD发泡底,日常休闲,安踏运动,1,0,808,1
3084,松紧带鞋,39,303,77,233,92,混合鞋底,工装硬朗,阿迪达斯,1,0,1122,1
981,松紧带鞋,43,250,50,125,89,TPR鞋底,复古潮鞋,其他品牌,0,0,239,1
2293,系带设计,46,418,50,209,90,橡胶大底,简约百搭,鸿星尔克,0,1,1075,3
746,拉链鞋款,33,172,82,141,95,MD发泡底,简约百搭,阿迪达斯,0,0,1415,1
825,系带设计,38,116,85,99,99,MD发泡底,日常休闲,特步男鞋,1,1,1448,2
1137,松紧带鞋,49,198,50,99,94,混合鞋底,工装硬朗,李宁休闲,0,1,33,2
1273,拉链鞋款,48,227,74,168,92,TPR鞋底,户外机能,回力经典,1,0,12,1
12299,系带设计,45,134,74,99,91,橡胶大底,简约百搭,斯凯奇潮,0,0,933,0
1675,拉链鞋款,48,125,79,99,92,MD发泡底,运动休闲,特步男鞋,0,0,945,1
3193,松紧带鞋,41,114,87,99,95,EVA轻底,复古潮鞋,其他品牌,1,1,551,2
425,拉链鞋款,42,101,98,99,96,MD发泡底,运动休闲,李宁休闲,1,1,1256,2
6743,松紧带鞋,29,116,85,99,92,橡胶大底,户外机能,斯凯奇潮,1,0,959,1
413,套脚款式,43,129,77,99,92,PU中底,日常休闲,安踏运动,0,0,848,1
3598,系带设计,52,224,88,197,90,EVA轻底,运动休闲,特步男鞋,1,1,24,2
1858,套脚款式,45,146,68,99,95,橡胶大底,运动休闲,鸿星尔克,1,1,29,2
1967,系带设计,54,118,96,113,97,TPR鞋底,日常休闲,安踏运动,1,1,1268,2
334,系带设计,56,365,63,230,100,TPR鞋底,简约百搭,耐克潮流,1,1,38,3
626,松紧带鞋,56,119,83,99,94,MD发泡底,简约百搭,特步男鞋,0,1,1435,2
1503,拉链鞋款,47,129,77,99,97,MD发泡底,潮流高街,特步男鞋,0,0,870,1
101,松紧带鞋,56,179,87,156,91,EVA轻底,运动休闲,特步男鞋,1,1,857,2
914,魔术贴鞋,47,110,90,99,96,橡胶大底,潮流高街,耐克潮流,0,0,2833,1
8363,拉链鞋款,38,384,76,292,92,PU中底,复古潮鞋,阿迪达斯,1,0,643,3
3231,系带设计,30,362,100,362,92,EVA轻底,简约百搭,特步男鞋,1,1,28,3
4919,魔术贴鞋,39,205,87,178,97,橡胶大底,简约百搭,安踏运动,1,1,287,2
1270,系带设计,47,288,52,150,95,MD发泡底,户外机能,斯凯奇潮,0,0,66,1
750,松紧带鞋,32,236,85,201,98,橡胶大底,运动休闲,京东京造,1,1,16,2
444,系带设计,53,160,62,99,92,PU中底,日常休闲,京东京造,1,0,296,1
472,系带设计,60,186,76,141,100,PU中底,运动休闲,京东京造,0,0,5,1
285,魔术贴鞋,38,322,99,319,91,EVA轻底,日常休闲,特步男鞋,0,1,712,3
371,拉链鞋款,55,207,56,116,97,EVA轻底,工装硬朗,阿迪达斯,0,1,1087,2
545,系带设计,46,245,71,174,90,EVA轻底,日常休闲,鸿星尔克,0,1,1009,2
8057,拉链鞋款,49,111,89,99,93,EVA轻底,户外机能,特步男鞋,0,0,1008,1
90,系带设计,48,148,67,99,93,橡胶大底,潮流高街,李宁休闲,1,1,178,2
252,系带设计,44,132,75,99,95,EVA轻底,潮流高街,其他品牌,0,0,3873,1
607,系带设计,62,165,60,99,97,MD发泡底,运动休闲,阿迪达斯,0,1,1211,2
1982,套脚款式,53,214,78,167,94,TPR鞋底,潮流高街,鸿星尔克,1,0,1476,1
396,套脚款式,40,526,57,300,93,橡胶大底,潮流高街,京东京造,0,0,1382,3
20365,魔术贴鞋,43,262,58,152,95,EVA轻底,工装硬朗,耐克潮流,0,0,637,0
10227,松紧带鞋,50,219,59,129,97,橡胶大底,简约百搭,斯凯奇潮,0,1,2710,0
313,魔术贴鞋,46,274,84,230,92,MD发泡底,户外机能,李宁休闲,1,0,1408,1
352,系带设计,49,366,99,362,91,PU中底,工装硬朗,斯凯奇潮,0,0,3303,3
501,魔术贴鞋,37,139,71,99,89,EVA轻底,运动休闲,京东京造,1,0,630,1
3693,魔术贴鞋,45,350,58,203,90,混合鞋底,工装硬朗,阿迪达斯,0,1,1222,2
638,魔术贴鞋,44,243,67,163,91,TPR鞋底,运动休闲,其他品牌,0,1,189,2
283,系带设计,48,150,66,99,91,混合鞋底,户外机能,安踏运动,1,1,259,2
1968,拉链鞋款,38,106,93,99,92,橡胶大底,户外机能,其他品牌,0,1,133,2
1627,松紧带鞋,48,262,68,178,92,TPR鞋底,运动休闲,特步男鞋,0,0,8,1
401,松紧带鞋,61,235,65,153,93,MD发泡底,简约百搭,京东京造,1,1,299,2
1335,松紧带鞋,44,191,80,153,91,EVA轻底,日常休闲,耐克潮流,0,1,149,2
15898,松紧带鞋,53,206,80,165,99,橡胶大底,户外机能,其他品牌,1,1,1481,0
269,套脚款式,35,139,94,131,97,EVA轻底,复古潮鞋,其他品牌,0,1,118,2
11031,魔术贴鞋,64,168,59,99,90,橡胶大底,简约百搭,回力经典,1,1,46,0
1490,系带设计,39,255,76,194,93,PU中底,潮流高街,安踏运动,0,0,1016,1
447,套脚款式,43,112,88,99,92,TPR鞋底,简约百搭,耐克潮流,0,1,392,2
531,拉链鞋款,33,300,70,210,96,PU中底,户外机能,李宁休闲,0,1,1023,2
1838,套脚款式,49,190,52,99,96,TPR鞋底,户外机能,特步男鞋,0,1,1361,2
10012,拉链鞋款,54,148,67,99,91,PU中底,日常休闲,其他品牌,1,0,591,1
526,松紧带鞋,63,112,89,100,91,混合鞋底,潮流高街,斯凯奇潮,0,1,32,2
297,松紧带鞋,60,160,95,152,97,MD发泡底,日常休闲,其他品牌,0,0,0,1
2981,松紧带鞋,52,168,63,106,96,橡胶大底,日常休闲,阿迪达斯,1,1,876,2
4213,拉链鞋款,53,198,50,99,95,橡胶大底,运动休闲,其他品牌,0,1,3298,2
189,拉链鞋款,40,111,89,99,90,TPR鞋底,工装硬朗,李宁休闲,1,1,1458,2
506,松紧带鞋,53,190,52,99,93,MD发泡底,户外机能,斯凯奇潮,1,0,33,1
1070,拉链鞋款,57,259,75,194,92,橡胶大底,日常休闲,特步男鞋,0,0,625,1
719,套脚款式,62,133,99,132,90,MD发泡底,工装硬朗,阿迪达斯,1,1,1135,2
2653,拉链鞋款,65,234,50,117,94,PU中底,复古潮鞋,回力经典,1,1,983,2
400,魔术贴鞋,51,204,74,151,99,橡胶大底,日常休闲,其他品牌,1,0,120,1
595,拉链鞋款,51,165,60,99,93,橡胶大底,潮流高街,耐克潮流,0,1,42,2
1705,拉链鞋款,36,124,80,99,100,MD发泡底,简约百搭,鸿星尔克,1,0,637,1
1499,套脚款式,43,108,92,99,99,MD发泡底,简约百搭,鸿星尔克,0,1,3590,2
1427,魔术贴鞋,45,114,87,99,90,橡胶大底,潮流高街,阿迪达斯,0,1,789,2
94,魔术贴鞋,56,566,50,283,95,TPR鞋底,简约百搭,耐克潮流,0,0,185,3
1457,套脚款式,45,442,50,221,94,橡胶大底,复古潮鞋,回力经典,0,1,1330,3
977,松紧带鞋,44,321,53,170,96,TPR鞋底,复古潮鞋,鸿星尔克,0,1,982,2
3493,套脚款式,47,281,74,208,99,橡胶大底,复古潮鞋,鸿星尔克,0,1,173,2
801,松紧带鞋,57,231,81,187,91,橡胶大底,潮流高街,斯凯奇潮,1,0,49,1
440,松紧带鞋,44,320,74,237,97,TPR鞋底,运动休闲,京东京造,1,1,930,2
1029,魔术贴鞋,53,116,85,99,100,橡胶大底,日常休闲,京东京造,0,1,1058,2
3834,松紧带鞋,53,288,78,225,94,PU中底,简约百搭,阿迪达斯,1,0,171,1
5638,魔术贴鞋,46,199,86,171,93,MD发泡底,复古潮鞋,京东京造,1,0,761,1
2118,系带设计,63,157,63,99,93,TPR鞋底,户外机能,鸿星尔克,0,1,13,2
4383,系带设计,45,116,85,99,90,MD发泡底,复古潮鞋,京东京造,1,0,4963,1
571,魔术贴鞋,56,108,92,99,95,MD发泡底,日常休闲,阿迪达斯,0,0,3272,1
504,魔术贴鞋,48,216,69,149,95,橡胶大底,工装硬朗,阿迪达斯,1,0,987,1
441,松紧带鞋,54,146,68,99,93,PU中底,户外机能,其他品牌,0,0,27,1
1352,松紧带鞋,47,281,64,180,90,混合鞋底,复古潮鞋,安踏运动,1,0,16,1
1071,拉链鞋款,48,322,74,238,92,EVA轻底,日常休闲,安踏运动,0,0,560,1
2917,魔术贴鞋,52,187,53,99,97,橡胶大底,潮流高街,鸿星尔克,1,0,585,1
1494,松紧带鞋,41,109,91,99,92,EVA轻底,运动休闲,回力经典,1,1,16,2
743,套脚款式,41,356,88,313,90,混合鞋底,日常休闲,特步男鞋,0,1,1415,3
1574,拉链鞋款,44,294,86,253,91,TPR鞋底,工装硬朗,阿迪达斯,0,1,828,2
44,魔术贴鞋,38,126,94,118,90,橡胶大底,潮流高街,阿迪达斯,0,1,1091,2
1005,系带设计,44,99,100,99,94,EVA轻底,工装硬朗,特步男鞋,1,1,235,2
374,松紧带鞋,55,205,63,129,99,EVA轻底,潮流高街,安踏运动,0,1,19,2
7436,松紧带鞋,51,371,59,219,95,TPR鞋底,复古潮鞋,安踏运动,0,0,1435,3
354,系带设计,50,379,53,201,96,TPR鞋底,简约百搭,京东京造,0,1,3585,3
465,松紧带鞋,48,241,74,178,93,橡胶大底,户外机能,李宁休闲,1,1,465,2
928,拉链鞋款,53,114,87,99,97,混合鞋底,运动休闲,李宁休闲,1,1,2997,2
2194,系带设计,63,165,60,99,96,橡胶大底,工装硬朗,回力经典,0,0,843,1
1988,松紧带鞋,58,100,99,99,97,EVA轻底,户外机能,李宁休闲,0,0,2441,1
52,系带设计,39,180,55,99,99,PU中底,复古潮鞋,特步男鞋,0,0,4458,1
380,系带设计,49,426,76,324,94,MD发泡底,日常休闲,京东京造,1,1,46,3
915,魔术贴鞋,56,102,97,99,91,EVA轻底,日常休闲,回力经典,1,0,959,1
834,套脚款式,42,139,71,99,97,橡胶大底,潮流高街,斯凯奇潮,1,0,594,1
2569,松紧带鞋,41,248,67,166,95,混合鞋底,户外机能,斯凯奇潮,0,1,42,2
1165,系带设计,43,155,64,99,96,橡胶大底,工装硬朗,安踏运动,1,0,1257,1
13714,魔术贴鞋,40,484,51,247,95,PU中底,复古潮鞋,李宁休闲,1,0,968,0
1373,系带设计,40,483,53,256,96,TPR鞋底,工装硬朗,回力经典,1,1,76,3
18047,松紧带鞋,61,354,56,198,100,TPR鞋底,户外机能,斯凯奇潮,0,1,703,0
1257,松紧带鞋,58,405,83,336,96,PU中底,潮流高街,其他品牌,0,1,4021,3
2538,套脚款式,58,171,80,137,85,PU中底,工装硬朗,鸿星尔克,1,1,84,2
328,拉链鞋款,41,118,84,99,94,橡胶大底,运动休闲,斯凯奇潮,1,1,2634,2
1325,系带设计,36,311,56,174,90,橡胶大底,潮流高街,其他品牌,0,1,3415,2
1053,魔术贴鞋,47,236,50,118,90,混合鞋底,运动休闲,阿迪达斯,0,1,1138,2
2478,魔术贴鞋,51,142,72,102,96,橡胶大底,工装硬朗,耐克潮流,1,0,836,1
5189,套脚款式,35,138,72,99,94,EVA轻底,复古潮鞋,安踏运动,1,1,173,2
675,魔术贴鞋,47,121,98,119,94,EVA轻底,工装硬朗,回力经典,1,0,584,1
1184,系带设计,43,239,94,225,100,TPR鞋底,潮流高街,其他品牌,1,0,926,1
996,松紧带鞋,46,121,82,99,95,混合鞋底,日常休闲,安踏运动,0,1,183,2
7871,系带设计,36,610,63,384,91,EVA轻底,日常休闲,耐克潮流,0,0,1127,3
577,系带设计,32,184,98,180,94,TPR鞋底,日常休闲,斯凯奇潮,0,0,112,1
1868,系带设计,47,110,90,99,93,TPR鞋底,日常休闲,京东京造,1,0,32,1
13228,套脚款式,58,294,72,212,91,混合鞋底,工装硬朗,特步男鞋,1,1,3516,0
1494,魔术贴鞋,48,108,92,99,93,TPR鞋底,潮流高街,斯凯奇潮,0,1,1191,2
720,拉链鞋款,45,177,81,143,98,MD发泡底,户外机能,京东京造,0,0,4759,1
3941,魔术贴鞋,31,152,65,99,93,EVA轻底,户外机能,安踏运动,1,0,694,1
908,系带设计,46,381,57,217,100,TPR鞋底,复古潮鞋,京东京造,0,1,1254,3
471,松紧带鞋,36,540,67,362,94,MD发泡底,工装硬朗,阿迪达斯,0,0,412,3
319,拉链鞋款,33,136,73,99,99,MD发泡底,运动休闲,回力经典,1,1,3346,2
5127,魔术贴鞋,40,146,68,99,97,橡胶大底,潮流高街,京东京造,0,0,1422,1
1404,套脚款式,49,170,92,156,91,EVA轻底,日常休闲,李宁休闲,1,1,747,2
8734,松紧带鞋,54,163,86,140,100,PU中底,工装硬朗,京东京造,0,0,34,1
732,魔术贴鞋,43,500,57,285,97,MD发泡底,日常休闲,其他品牌,0,0,3274,3
1506,拉链鞋款,56,100,99,99,93,橡胶大底,复古潮鞋,安踏运动,0,1,508,2
147,松紧带鞋,49,149,79,118,96,EVA轻底,简约百搭,耐克潮流,1,1,51,2
3821,拉链鞋款,46,262,52,136,93,EVA轻底,潮流高街,李宁休闲,1,1,1300,2
1585,系带设计,59,100,99,99,89,混合鞋底,复古潮鞋,李宁休闲,1,1,1351,2
2380,系带设计,38,290,87,252,95,橡胶大底,简约百搭,鸿星尔克,1,0,1176,1
520,松紧带鞋,49,187,53,99,95,TPR鞋底,复古潮鞋,其他品牌,1,0,3909,1
1302,松紧带鞋,53,312,84,262,96,橡胶大底,简约百搭,鸿星尔克,0,1,1187,2
1234,松紧带鞋,46,130,79,103,93,PU中底,运动休闲,阿迪达斯,1,0,1495,1
507,松紧带鞋,44,281,73,205,93,EVA轻底,简约百搭,阿迪达斯,1,1,27,2
420,系带设计,50,183,54,99,89,MD发泡底,日常休闲,阿迪达斯,1,1,2638,2
347,套脚款式,39,176,80,141,99,MD发泡底,日常休闲,特步男鞋,1,0,598,1
1288,套脚款式,39,130,76,99,93,橡胶大底,简约百搭,安踏运动,0,0,652,1
2066,魔术贴鞋,51,168,75,126,99,EVA轻底,日常休闲,李宁休闲,0,0,16,1
1226,拉链鞋款,42,146,91,133,92,混合鞋底,运动休闲,耐克潮流,1,0,259,1
1339,系带设计,39,194,64,124,90,EVA轻底,潮流高街,鸿星尔克,0,1,1429,2
7898,拉链鞋款,51,183,88,161,95,橡胶大底,工装硬朗,耐克潮流,0,1,11,2
4120,魔术贴鞋,49,139,71,99,93,混合鞋底,潮流高街,李宁休闲,1,1,1141,2
757,套脚款式,55,203,86,175,92,TPR鞋底,户外机能,耐克潮流,0,1,1331,2
658,魔术贴鞋,27,182,77,140,95,TPR鞋底,复古潮鞋,鸿星尔克,0,0,1324,1
4078,松紧带鞋,53,498,65,324,95,MD发泡底,简约百搭,安踏运动,0,1,28,3
2777,松紧带鞋,45,125,79,99,97,TPR鞋底,运动休闲,耐克潮流,1,1,1379,2
6447,系带设计,51,309,54,167,86,PU中底,运动休闲,鸿星尔克,0,0,525,1
5409,魔术贴鞋,46,198,50,99,95,PU中底,工装硬朗,耐克潮流,0,0,26,1
2751,拉链鞋款,40,157,63,99,90,MD发泡底,运动休闲,斯凯奇潮,0,1,9,2
1800,拉链鞋款,35,125,79,99,96,混合鞋底,户外机能,鸿星尔克,1,0,13,1
187,系带设计,41,246,68,167,96,TPR鞋底,户外机能,回力经典,0,0,1409,1
4549,套脚款式,44,171,58,99,90,MD发泡底,运动休闲,斯凯奇潮,1,1,492,2
494,魔术贴鞋,53,131,77,101,92,MD发泡底,潮流高街,斯凯奇潮,1,0,520,1
26349,松紧带鞋,45,192,99,190,90,EVA轻底,日常休闲,特步男鞋,0,0,651,0
84,松紧带鞋,47,179,92,165,95,橡胶大底,复古潮鞋,鸿星尔克,0,0,1175,1
616,魔术贴鞋,33,165,62,102,90,TPR鞋底,户外机能,鸿星尔克,1,1,50,2
766,松紧带鞋,53,187,77,144,94,橡胶大底,潮流高街,耐克潮流,1,1,414,2
1900,魔术贴鞋,39,372,87,324,92,PU中底,运动休闲,鸿星尔克,0,0,189,3
1045,套脚款式,49,188,97,182,94,EVA轻底,简约百搭,其他品牌,0,0,635,1
2097,魔术贴鞋,63,108,92,99,92,混合鞋底,户外机能,鸿星尔克,1,1,1354,2
689,魔术贴鞋,44,99,100,99,96,MD发泡底,潮流高街,斯凯奇潮,1,0,19,1
691,拉链鞋款,44,124,80,99,85,EVA轻底,潮流高街,耐克潮流,0,1,2740,2
7019,松紧带鞋,44,165,60,99,96,PU中底,复古潮鞋,鸿星尔克,1,0,45,1
1604,套脚款式,44,129,77,99,97,橡胶大底,户外机能,特步男鞋,0,0,1241,1
431,魔术贴鞋,52,148,67,99,94,PU中底,复古潮鞋,鸿星尔克,0,0,3289,1
505,拉链鞋款,63,265,72,191,96,TPR鞋底,潮流高街,特步男鞋,1,0,9,1
240,系带设计,26,183,54,99,91,TPR鞋底,日常休闲,京东京造,1,0,786,1
1877,松紧带鞋,43,100,99,99,93,EVA轻底,日常休闲,安踏运动,1,0,1095,1
620,套脚款式,38,727,56,407,92,TPR鞋底,日常休闲,安踏运动,1,1,945,3
1076,套脚款式,50,150,66,99,93,PU中底,运动休闲,阿迪达斯,0,1,41,2
541,松紧带鞋,55,606,53,321,95,PU中底,潮流高街,斯凯奇潮,0,0,12,3
7267,拉链鞋款,35,148,67,99,95,橡胶大底,工装硬朗,阿迪达斯,0,0,3,1
990,松紧带鞋,42,116,85,99,97,EVA轻底,潮流高街,鸿星尔克,1,1,48,2
192,松紧带鞋,43,844,62,523,85,橡胶大底,复古潮鞋,斯凯奇潮,0,0,508,3
1087,松紧带鞋,58,376,63,237,100,EVA轻底,运动休闲,李宁休闲,0,0,1203,3
929,魔术贴鞋,43,135,77,104,92,TPR鞋底,潮流高街,李宁休闲,0,1,221,2
143,系带设计,47,150,66,99,91,混合鞋底,工装硬朗,安踏运动,0,0,1027,1
2781,拉链鞋款,53,183,54,99,94,混合鞋底,运动休闲,其他品牌,0,1,882,2
4148,套脚款式,51,323,69,223,92,MD发泡底,复古潮鞋,耐克潮流,0,1,970,2
7108,拉链鞋款,38,661,94,621,97,EVA轻底,复古潮鞋,特步男鞋,0,0,1256,3
1096,松紧带鞋,53,236,50,118,93,橡胶大底,日常休闲,其他品牌,1,1,573,2
5717,系带设计,52,101,98,99,94,混合鞋底,复古潮鞋,其他品牌,0,1,3209,2
3528,松紧带鞋,39,143,69,99,97,EVA轻底,日常休闲,李宁休闲,1,0,534,1
2155,魔术贴鞋,36,217,84,182,90,PU中底,工装硬朗,回力经典,1,0,39,1
326,魔术贴鞋,20,194,51,99,97,EVA轻底,工装硬朗,回力经典,1,1,20,2
497,系带设计,49,100,99,99,85,PU中底,复古潮鞋,回力经典,0,0,566,1
26301,松紧带鞋,43,171,58,99,97,混合鞋底,运动休闲,其他品牌,1,1,11,0
873,系带设计,44,288,52,150,95,TPR鞋底,户外机能,李宁休闲,0,0,46,1
246,套脚款式,47,162,61,99,94,MD发泡底,简约百搭,鸿星尔克,1,1,501,2
18240,套脚款式,59,217,84,182,92,混合鞋底,日常休闲,安踏运动,1,0,69,0
1914,魔术贴鞋,42,147,78,115,96,MD发泡底,户外机能,京东京造,0,1,2181,2
29,松紧带鞋,40,317,52,165,98,EVA轻底,日常休闲,鸿星尔克,0,1,1263,2
359,套脚款式,41,369,51,188,94,橡胶大底,潮流高街,斯凯奇潮,0,1,79,2
3101,魔术贴鞋,59,277,82,227,86,TPR鞋底,潮流高街,耐克潮流,0,0,1490,1
8447,拉链鞋款,52,198,91,180,91,TPR鞋底,运动休闲,安踏运动,1,1,12,2
122,套脚款式,48,306,66,202,90,混合鞋底,潮流高街,阿迪达斯,1,1,482,2
1651,拉链鞋款,48,385,88,339,88,TPR鞋底,工装硬朗,鸿星尔克,0,0,203,3
194,拉链鞋款,35,391,66,258,100,橡胶大底,复古潮鞋,鸿星尔克,0,1,13,3
312,魔术贴鞋,45,203,75,152,94,MD发泡底,复古潮鞋,耐克潮流,1,0,889,1
329,系带设计,59,146,68,99,94,EVA轻底,简约百搭,安踏运动,0,0,0,1
1488,系带设计,43,334,90,301,98,橡胶大底,户外机能,鸿星尔克,0,1,2329,3
891,松紧带鞋,43,329,89,293,90,TPR鞋底,日常休闲,其他品牌,1,0,1455,3
227,拉链鞋款,58,368,56,206,96,PU中底,日常休闲,回力经典,1,1,60,2
648,套脚款式,46,280,80,224,93,MD发泡底,简约百搭,斯凯奇潮,0,1,1230,2
12202,系带设计,41,185,94,174,94,混合鞋底,简约百搭,其他品牌,1,1,1175,0
581,拉链鞋款,53,160,62,99,87,EVA轻底,运动休闲,斯凯奇潮,1,1,3912,2
948,魔术贴鞋,43,99,100,99,90,MD发泡底,户外机能,回力经典,1,0,1136,1
1822,系带设计,37,106,93,99,93,橡胶大底,简约百搭,京东京造,0,0,27,1
366,松紧带鞋,36,129,77,99,91,EVA轻底,运动休闲,耐克潮流,0,1,3316,2
1871,松紧带鞋,33,342,60,205,98,PU中底,潮流高街,特步男鞋,1,0,1160,1
2631,魔术贴鞋,50,253,64,162,97,混合鞋底,工装硬朗,李宁休闲,1,0,1357,1
297,拉链鞋款,42,216,63,136,93,TPR鞋底,工装硬朗,京东京造,0,1,1198,2
8520,松紧带鞋,18,190,59,112,90,TPR鞋底,简约百搭,回力经典,1,1,135,2
777,拉链鞋款,55,202,55,111,96,PU中底,日常休闲,耐克潮流,1,1,1205,2
5098,松紧带鞋,53,124,92,114,99,MD发泡底,运动休闲,李宁休闲,0,0,1290,1
1119,拉链鞋款,61,105,94,99,91,EVA轻底,潮流高街,耐克潮流,1,0,1462,1
7100,魔术贴鞋,44,117,93,109,93,橡胶大底,运动休闲,李宁休闲,0,1,463,2
467,套脚款式,49,177,56,99,89,MD发泡底,复古潮鞋,特步男鞋,1,1,22,2
1210,套脚款式,46,152,89,135,95,橡胶大底,工装硬朗,安踏运动,0,1,44,2
1366,拉链鞋款,46,122,81,99,92,混合鞋底,简约百搭,安踏运动,0,1,707,2
1149,魔术贴鞋,54,551,98,540,95,PU中底,运动休闲,阿迪达斯,1,1,999,3
422,拉链鞋款,44,389,55,214,90,橡胶大底,简约百搭,其他品牌,0,1,3398,3
257,套脚款式,56,190,96,182,95,PU中底,运动休闲,阿迪达斯,0,0,12,1
1048,松紧带鞋,33,183,59,108,86,橡胶大底,工装硬朗,安踏运动,1,1,806,2
747,系带设计,49,319,53,169,93,PU中底,工装硬朗,特步男鞋,1,1,46,2
183,拉链鞋款,62,147,77,113,94,混合鞋底,户外机能,京东京造,1,0,840,1
1585,系带设计,46,307,90,276,87,EVA轻底,简约百搭,其他品牌,0,0,1209,1
1875,套脚款式,61,111,93,103,92,PU中底,日常休闲,斯凯奇潮,0,1,12,2
1803,系带设计,18,139,96,133,93,橡胶大底,运动休闲,阿迪达斯,1,1,18,2
6214,套脚款式,39,152,65,99,95,MD发泡底,工装硬朗,安踏运动,0,0,3307,1
2594,拉链鞋款,39,214,58,124,99,EVA轻底,日常休闲,安踏运动,0,0,1113,1
1746,拉链鞋款,46,475,68,323,90,TPR鞋底,复古潮鞋,斯凯奇潮,1,0,192,3
2543,魔术贴鞋,51,192,64,123,91,MD发泡底,复古潮鞋,京东京造,0,1,658,2
2958,松紧带鞋,44,130,76,99,97,TPR鞋底,日常休闲,特步男鞋,1,0,1339,1
6099,魔术贴鞋,45,157,63,99,97,混合鞋底,潮流高街,鸿星尔克,1,1,232,2
2050,松紧带鞋,48,194,63,122,93,橡胶大底,简约百搭,京东京造,1,1,648,2
837,套脚款式,48,143,69,99,92,橡胶大底,工装硬朗,其他品牌,1,1,10,2
219,系带设计,61,171,68,116,93,PU中底,日常休闲,安踏运动,1,1,2340,2
87,拉链鞋款,46,659,51,336,86,橡胶大底,户外机能,特步男鞋,0,0,1237,3
737,套脚款式,46,370,64,237,94,TPR鞋底,运动休闲,阿迪达斯,0,0,50,3
2668,拉链鞋款,40,147,89,131,90,TPR鞋底,户外机能,斯凯奇潮,1,1,687,2
694,系带设计,54,132,75,99,99,TPR鞋底,复古潮鞋,安踏运动,0,0,1051,1
257,系带设计,22,183,54,99,97,PU中底,复古潮鞋,京东京造,1,1,4722,2
645,拉链鞋款,50,99,100,99,99,橡胶大底,工装硬朗,鸿星尔克,1,0,1060,1
340,松紧带鞋,46,181,84,152,90,混合鞋底,简约百搭,回力经典,1,0,279,1
457,魔术贴鞋,50,213,82,175,94,PU中底,潮流高街,阿迪达斯,1,1,981,2
1023,系带设计,47,180,55,99,88,MD发泡底,运动休闲,李宁休闲,0,0,2801,1
1778,拉链鞋款,58,214,98,210,96,橡胶大底,户外机能,回力经典,1,1,305,2
233,套脚款式,41,168,59,99,92,EVA轻底,潮流高街,安踏运动,0,0,1074,1
1502,系带设计,58,398,90,358,91,混合鞋底,复古潮鞋,斯凯奇潮,0,1,808,3
1085,套脚款式,65,162,61,99,96,MD发泡底,复古潮鞋,李宁休闲,0,0,2930,1
201,拉链鞋款,41,103,96,99,90,MD发泡底,户外机能,回力经典,0,1,34,2
940,松紧带鞋,40,118,84,99,91,混合鞋底,工装硬朗,回力经典,1,0,3664,1
1375,魔术贴鞋,55,136,80,109,90,PU中底,运动休闲,李宁休闲,0,1,589,2
5479,套脚款式,44,130,96,125,97,MD发泡底,运动休闲,回力经典,1,0,757,1
12755,系带设计,37,124,99,123,92,橡胶大底,潮流高街,斯凯奇潮,0,1,1195,0
835,拉链鞋款,52,112,89,100,93,EVA轻底,复古潮鞋,其他品牌,1,1,1355,2
465,拉链鞋款,37,133,85,113,95,混合鞋底,户外机能,耐克潮流,0,0,2155,1
2706,松紧带鞋,54,162,61,99,92,EVA轻底,运动休闲,斯凯奇潮,1,1,819,2
1473,系带设计,42,750,74,555,95,EVA轻底,潮流高街,其他品牌,1,0,2371,3
4873,拉链鞋款,54,400,54,216,92,TPR鞋底,运动休闲,李宁休闲,1,0,4,3
1535,拉链鞋款,49,264,80,211,97,混合鞋底,日常休闲,特步男鞋,0,0,807,1
827,魔术贴鞋,49,177,62,110,90,EVA轻底,户外机能,京东京造,1,0,502,1
1873,系带设计,56,213,83,177,96,PU中底,复古潮鞋,李宁休闲,0,0,9,1
403,系带设计,55,250,58,145,88,TPR鞋底,日常休闲,特步男鞋,0,1,3978,2
816,系带设计,38,229,83,190,92,PU中底,运动休闲,特步男鞋,0,1,33,2
134,拉链鞋款,55,141,70,99,96,TPR鞋底,工装硬朗,安踏运动,0,1,4139,2
751,系带设计,49,157,63,99,94,混合鞋底,户外机能,安踏运动,1,0,117,1
3929,拉链鞋款,46,160,62,99,93,EVA轻底,潮流高街,回力经典,0,0,918,1
4475,拉链鞋款,56,130,76,99,91,橡胶大底,运动休闲,李宁休闲,0,0,282,1
762,拉链鞋款,59,272,74,201,92,TPR鞋底,简约百搭,李宁休闲,0,1,24,2
155,松紧带鞋,50,296,73,216,93,PU中底,户外机能,安踏运动,1,1,6,2
2704,松紧带鞋,40,109,91,99,100,TPR鞋底,日常休闲,其他品牌,1,0,28,1
1716,套脚款式,51,139,71,99,94,混合鞋底,潮流高街,李宁休闲,1,1,1382,2
2130,松紧带鞋,33,401,70,281,95,MD发泡底,复古潮鞋,京东京造,1,0,1151,3
328,系带设计,39,565,57,322,96,EVA轻底,工装硬朗,阿迪达斯,1,0,2358,3
367,魔术贴鞋,44,183,54,99,96,PU中底,复古潮鞋,斯凯奇潮,1,1,855,2
2233,魔术贴鞋,20,136,73,99,95,MD发泡底,运动休闲,回力经典,0,1,1276,2
1742,魔术贴鞋,48,150,66,99,91,EVA轻底,复古潮鞋,特步男鞋,1,1,40,2
216,松紧带鞋,44,160,62,99,92,混合鞋底,复古潮鞋,李宁休闲,0,0,952,1
354,系带设计,53,201,78,157,98,橡胶大底,户外机能,斯凯奇潮,0,0,24,1
24215,拉链鞋款,51,414,56,232,96,MD发泡底,潮流高街,斯凯奇潮,1,1,14,0
5784,松紧带鞋,57,104,95,99,87,PU中底,运动休闲,李宁休闲,1,1,2164,2
581,套脚款式,54,227,63,143,96,PU中底,潮流高街,回力经典,0,0,205,1
6545,套脚款式,36,141,70,99,95,混合鞋底,运动休闲,鸿星尔克,0,0,8,1
476,松紧带鞋,62,218,80,174,97,TPR鞋底,日常休闲,耐克潮流,1,0,1442,1
286,拉链鞋款,44,171,76,130,90,EVA轻底,潮流高街,李宁休闲,1,0,965,1
506,拉链鞋款,59,112,88,99,91,混合鞋底,复古潮鞋,京东京造,1,1,47,2
827,套脚款式,53,114,91,104,97,橡胶大底,运动休闲,回力经典,1,1,697,2
596,松紧带鞋,51,141,70,99,96,PU中底,工装硬朗,耐克潮流,0,0,12,1
1220,拉链鞋款,52,333,84,280,95,混合鞋底,日常休闲,安踏运动,0,1,75,3
164,拉链鞋款,56,464,59,274,90,MD发泡底,复古潮鞋,安踏运动,0,1,1388,3
3949,松紧带鞋,50,143,69,99,96,橡胶大底,潮流高街,安踏运动,0,1,1362,2
131,系带设计,45,152,65,99,97,混合鞋底,运动休闲,回力经典,0,0,16,1
781,系带设计,49,132,84,111,91,橡胶大底,潮流高街,特步男鞋,1,0,2004,1
4025,拉链鞋款,51,229,93,213,92,TPR鞋底,日常休闲,安踏运动,1,1,3111,2
1359,松紧带鞋,32,371,66,245,100,橡胶大底,运动休闲,京东京造,1,1,233,3
17673,松紧带鞋,38,171,58,99,91,MD发泡底,简约百搭,京东京造,0,0,225,0
1604,松紧带鞋,40,311,57,177,95,橡胶大底,简约百搭,特步男鞋,1,0,486,1
17362,松紧带鞋,46,497,65,323,87,MD发泡底,简约百搭,阿迪达斯,1,1,41,0
1726,拉链鞋款,42,311,55,171,94,橡胶大底,复古潮鞋,回力经典,0,0,263,1
7458,魔术贴鞋,43,171,58,99,93,PU中底,运动休闲,京东京造,1,1,1306,2
2598,系带设计,54,127,78,99,94,TPR鞋底,复古潮鞋,特步男鞋,0,0,26,1
301,松紧带鞋,45,106,93,99,95,EVA轻底,运动休闲,京东京造,1,1,1,2
7599,拉链鞋款,42,225,83,187,93,TPR鞋底,复古潮鞋,京东京造,0,1,33,2
491,魔术贴鞋,39,499,97,484,91,混合鞋底,日常休闲,回力经典,1,1,916,3
1033,松紧带鞋,49,121,87,105,100,TPR鞋底,工装硬朗,回力经典,0,0,821,1
248,魔术贴鞋,43,486,87,423,94,混合鞋底,潮流高街,特步男鞋,1,1,1197,3
4654,套脚款式,51,108,100,108,98,EVA轻底,复古潮鞋,回力经典,1,0,1250,1
448,松紧带鞋,49,142,98,139,93,EVA轻底,复古潮鞋,李宁休闲,1,0,511,1
557,拉链鞋款,52,195,61,119,96,混合鞋底,简约百搭,耐克潮流,0,0,94,1
1767,拉链鞋款,45,155,64,99,92,PU中底,户外机能,斯凯奇潮,1,0,331,1
642,套脚款式,30,143,76,109,91,PU中底,简约百搭,李宁休闲,0,0,1310,1
291,魔术贴鞋,41,220,90,198,98,PU中底,运动休闲,特步男鞋,0,1,32,2
1229,拉链鞋款,64,188,97,182,97,PU中底,工装硬朗,耐克潮流,1,1,20,2
2443,魔术贴鞋,52,203,91,185,98,混合鞋底,运动休闲,李宁休闲,1,0,26,1
313,拉链鞋款,57,174,97,169,94,TPR鞋底,潮流高街,其他品牌,1,1,1301,2
272,拉链鞋款,52,279,71,198,97,TPR鞋底,户外机能,回力经典,1,1,220,2
1188,套脚款式,51,173,86,149,96,EVA轻底,运动休闲,李宁休闲,0,0,612,1
907,套脚款式,50,250,60,150,97,混合鞋底,日常休闲,京东京造,1,0,727,1
314,松紧带鞋,55,110,90,99,89,MD发泡底,运动休闲,特步男鞋,1,0,32,1
14135,松紧带鞋,49,155,92,143,97,混合鞋底,简约百搭,鸿星尔克,1,1,924,0
1693,系带设计,53,322,58,187,100,橡胶大底,工装硬朗,京东京造,0,0,1044,1
6411,系带设计,35,330,54,178,100,MD发泡底,复古潮鞋,斯凯奇潮,1,1,36,2
625,套脚款式,48,104,95,99,93,橡胶大底,运动休闲,京东京造,0,1,1001,2
3536,拉链鞋款,56,272,58,158,91,TPR鞋底,复古潮鞋,回力经典,0,1,38,2
4985,拉链鞋款,40,136,73,99,93,TPR鞋底,日常休闲,李宁休闲,0,0,754,1
3890,系带设计,29,302,50,151,90,PU中底,运动休闲,安踏运动,0,0,37,1
2686,魔术贴鞋,49,132,75,99,98,混合鞋底,户外机能,安踏运动,1,1,3086,2
14858,魔术贴鞋,52,108,92,99,90,混合鞋底,户外机能,李宁休闲,0,1,3886,0
286,系带设计,59,111,89,99,95,橡胶大底,工装硬朗,斯凯奇潮,0,1,755,2
586,拉链鞋款,57,114,87,99,97,PU中底,复古潮鞋,李宁休闲,0,1,768,2
7172,松紧带鞋,52,217,59,128,97,橡胶大底,户外机能,阿迪达斯,1,1,946,2
1750,套脚款式,46,119,96,114,94,EVA轻底,运动休闲,回力经典,1,0,690,1
2102,套脚款式,64,452,54,244,95,EVA轻底,简约百搭,回力经典,0,0,351,3
1259,魔术贴鞋,53,359,59,212,95,MD发泡底,潮流高街,李宁休闲,1,1,451,2
197,拉链鞋款,49,112,88,99,96,橡胶大底,简约百搭,特步男鞋,1,0,66,1
164,松紧带鞋,40,253,75,190,94,混合鞋底,工装硬朗,回力经典,0,0,31,1
696,魔术贴鞋,34,221,68,150,85,橡胶大底,日常休闲,京东京造,1,1,859,2
186,魔术贴鞋,47,295,63,186,97,PU中底,简约百搭,李宁休闲,1,1,351,2
1068,魔术贴鞋,61,198,50,99,95,橡胶大底,日常休闲,鸿星尔克,0,0,43,1
478,拉链鞋款,48,165,74,122,99,MD发泡底,户外机能,斯凯奇潮,1,0,613,1
104,拉链鞋款,39,505,91,460,96,PU中底,简约百搭,耐克潮流,0,0,26,3
388,松紧带鞋,45,308,84,259,91,PU中底,复古潮鞋,李宁休闲,0,1,309,2
418,魔术贴鞋,51,310,68,211,94,TPR鞋底,工装硬朗,特步男鞋,0,1,4301,2
188,松紧带鞋,43,257,94,242,92,PU中底,工装硬朗,斯凯奇潮,0,1,202,2
1835,魔术贴鞋,57,249,96,239,92,橡胶大底,工装硬朗,其他品牌,0,0,1171,1
1366,魔术贴鞋,51,373,62,231,94,PU中底,复古潮鞋,斯凯奇潮,0,0,14,3
1361,系带设计,48,225,52,117,99,TPR鞋底,潮流高街,回力经典,0,0,5,1
239,松紧带鞋,42,174,58,101,97,EVA轻底,运动休闲,京东京造,0,1,3724,2
736,系带设计,47,146,82,120,98,TPR鞋底,复古潮鞋,回力经典,0,1,3824,2
170,系带设计,39,198,50,99,99,MD发泡底,简约百搭,阿迪达斯,0,1,75,2
372,松紧带鞋,36,115,86,99,92,MD发泡底,简约百搭,鸿星尔克,0,0,665,1
307,松紧带鞋,42,138,72,99,97,橡胶大底,潮流高街,阿迪达斯,1,1,1385,2
344,套脚款式,36,118,98,116,97,混合鞋底,复古潮鞋,其他品牌,0,0,166,1
1870,松紧带鞋,36,867,66,572,90,PU中底,工装硬朗,其他品牌,1,0,2596,3
8353,拉链鞋款,37,227,89,202,87,PU中底,日常休闲,安踏运动,0,0,1136,1
4062,拉链鞋款,51,313,70,219,93,EVA轻底,运动休闲,特步男鞋,0,0,279,1
278,套脚款式,40,139,71,99,97,混合鞋底,复古潮鞋,特步男鞋,0,1,801,2
330,套脚款式,50,157,68,107,97,混合鞋底,复古潮鞋,耐克潮流,0,0,2107,1
1082,拉链鞋款,42,162,74,120,97,橡胶大底,户外机能,京东京造,0,1,1425,2
10347,套脚款式,48,108,92,99,96,MD发泡底,日常休闲,回力经典,0,1,404,2
3159,松紧带鞋,49,211,63,133,97,MD发泡底,潮流高街,斯凯奇潮,1,1,811,2
571,系带设计,46,236,55,130,97,EVA轻底,简约百搭,李宁休闲,1,1,2983,2
2728,魔术贴鞋,34,223,73,163,93,TPR鞋底,工装硬朗,回力经典,0,1,417,2
605,套脚款式,46,148,67,99,98,EVA轻底,运动休闲,回力经典,0,1,955,2
5499,拉链鞋款,58,112,88,99,96,EVA轻底,潮流高街,鸿星尔克,1,0,71,1
605,套脚款式,39,105,94,99,93,混合鞋底,运动休闲,回力经典,1,1,2,2
1151,系带设计,49,114,87,99,99,混合鞋底,潮流高街,鸿星尔克,1,0,2436,1
535,套脚款式,45,134,74,99,87,TPR鞋底,日常休闲,其他品牌,0,1,46,2
3852,魔术贴鞋,31,132,75,99,91,EVA轻底,日常休闲,耐克潮流,1,1,44,2
2951,系带设计,47,208,52,108,93,EVA轻底,简约百搭,耐克潮流,0,0,576,1
6004,魔术贴鞋,63,147,73,107,94,橡胶大底,潮流高街,李宁休闲,1,1,82,2
386,套脚款式,45,127,92,117,98,PU中底,复古潮鞋,李宁休闲,1,0,4021,1
263,拉链鞋款,58,318,55,175,96,橡胶大底,工装硬朗,其他品牌,0,1,4105,2
1745,魔术贴鞋,45,362,82,297,95,EVA轻底,日常休闲,斯凯奇潮,0,1,1185,3
938,套脚款式,56,100,99,99,99,橡胶大底,简约百搭,耐克潮流,0,1,1482,2
25892,拉链鞋款,49,161,79,127,93,橡胶大底,工装硬朗,安踏运动,0,0,336,0
7588,系带设计,61,177,56,99,90,橡胶大底,运动休闲,耐克潮流,0,1,2309,2
450,套脚款式,46,218,93,203,85,TPR鞋底,潮流高街,阿迪达斯,0,1,3843,2
1962,松紧带鞋,41,257,60,154,93,混合鞋底,户外机能,耐克潮流,0,1,43,2
743,松紧带鞋,57,146,68,99,88,橡胶大底,潮流高街,特步男鞋,1,1,410,2
973,松紧带鞋,18,231,89,206,99,PU中底,潮流高街,回力经典,1,0,4641,1
174,松紧带鞋,44,308,73,225,96,MD发泡底,潮流高街,鸿星尔克,1,0,1009,1
147,拉链鞋款,53,138,72,99,93,混合鞋底,复古潮鞋,耐克潮流,1,0,4982,1
477,套脚款式,38,99,100,99,91,EVA轻底,复古潮鞋,斯凯奇潮,1,1,31,2
1327,魔术贴鞋,53,286,69,197,94,MD发泡底,工装硬朗,特步男鞋,0,0,28,1
196,套脚款式,44,109,96,105,90,橡胶大底,潮流高街,回力经典,1,1,890,2
1024,拉链鞋款,58,264,56,148,97,MD发泡底,运动休闲,李宁休闲,1,0,953,1
3730,系带设计,49,114,87,99,90,PU中底,复古潮鞋,斯凯奇潮,1,0,657,1
791,拉链鞋款,35,186,58,108,95,橡胶大底,工装硬朗,特步男鞋,0,0,14,1
240,系带设计,38,116,97,113,90,PU中底,户外机能,安踏运动,0,0,980,1
54,松紧带鞋,51,305,56,171,91,MD发泡底,工装硬朗,安踏运动,0,0,1295,1
109,套脚款式,45,194,51,99,95,混合鞋底,工装硬朗,阿迪达斯,0,0,959,1
7719,系带设计,41,112,89,100,95,混合鞋底,工装硬朗,回力经典,1,1,484,2
764,魔术贴鞋,37,108,92,99,90,PU中底,运动休闲,特步男鞋,0,1,286,2
5094,拉链鞋款,44,122,81,99,92,PU中底,复古潮鞋,其他品牌,1,1,24,2
294,魔术贴鞋,46,121,82,99,94,TPR鞋底,工装硬朗,斯凯奇潮,1,0,2443,1
1579,套脚款式,52,201,76,153,100,MD发泡底,简约百搭,阿迪达斯,0,1,75,2
1088,系带设计,51,144,84,121,96,橡胶大底,运动休闲,李宁休闲,0,0,3460,1
726,拉链鞋款,57,168,71,119,97,MD发泡底,户外机能,回力经典,1,1,695,2
2775,套脚款式,47,159,68,108,96,EVA轻底,潮流高街,李宁休闲,0,1,230,2
830,拉链鞋款,51,130,76,99,97,MD发泡底,日常休闲,京东京造,1,0,304,1
732,套脚款式,56,204,67,137,98,橡胶大底,日常休闲,回力经典,1,1,2694,2
488,松紧带鞋,39,364,88,320,90,PU中底,工装硬朗,耐克潮流,1,1,849,3
2428,系带设计,50,125,85,106,94,混合鞋底,户外机能,耐克潮流,1,0,321,1
800,魔术贴鞋,45,154,95,146,95,混合鞋底,潮流高街,其他品牌,0,0,387,1
119,系带设计,35,434,53,230,95,MD发泡底,日常休闲,回力经典,0,1,699,3
124,套脚款式,45,130,76,99,95,MD发泡底,户外机能,特步男鞋,0,0,900,1
734,松紧带鞋,39,114,88,100,94,EVA轻底,日常休闲,安踏运动,0,1,187,2
2093,魔术贴鞋,49,125,87,109,97,TPR鞋底,户外机能,其他品牌,1,1,1221,2
1634,系带设计,56,171,58,99,93,混合鞋底,日常休闲,回力经典,0,1,947,2
10177,魔术贴鞋,44,352,87,306,97,MD发泡底,潮流高街,斯凯奇潮,0,0,1072,3
570,系带设计,55,309,64,198,98,PU中底,潮流高街,耐克潮流,0,0,18,1
2951,魔术贴鞋,43,273,78,213,91,混合鞋底,工装硬朗,特步男鞋,1,0,293,1
9036,套脚款式,51,302,66,199,95,PU中底,户外机能,安踏运动,1,1,694,2
8972,松紧带鞋,50,215,55,118,98,混合鞋底,运动休闲,回力经典,0,1,4769,2
2849,拉链鞋款,39,249,75,187,96,混合鞋底,简约百搭,李宁休闲,0,1,832,2
6582,魔术贴鞋,40,138,90,124,98,混合鞋底,运动休闲,京东京造,1,1,23,2
1669,魔术贴鞋,45,136,73,99,94,EVA轻底,复古潮鞋,回力经典,0,1,4074,2
490,拉链鞋款,51,143,69,99,92,MD发泡底,简约百搭,特步男鞋,0,1,284,2
3161,魔术贴鞋,52,198,50,99,92,EVA轻底,简约百搭,耐克潮流,1,1,1474,2
2363,套脚款式,43,172,83,143,88,EVA轻底,复古潮鞋,特步男鞋,0,0,953,1
6503,套脚款式,48,187,71,133,99,PU中底,日常休闲,回力经典,0,0,111,1
2899,魔术贴鞋,57,1125,55,619,91,橡胶大底,简约百搭,其他品牌,0,1,1478,3
397,套脚款式,44,203,61,124,94,混合鞋底,复古潮鞋,阿迪达斯,1,1,4383,2
660,系带设计,42,350,74,259,91,混合鞋底,工装硬朗,回力经典,0,0,1323,3
1467,魔术贴鞋,44,160,62,99,87,TPR鞋底,简约百搭,特步男鞋,0,1,460,2
722,魔术贴鞋,39,142,78,111,90,TPR鞋底,潮流高街,斯凯奇潮,1,0,1360,1
1391,系带设计,45,216,58,125,95,TPR鞋底,工装硬朗,鸿星尔克,1,1,13,2
2667,套脚款式,43,202,62,125,95,PU中底,复古潮鞋,京东京造,1,0,790,1
1448,拉链鞋款,54,202,86,174,95,PU中底,简约百搭,京东京造,0,0,2871,1
5008,套脚款式,55,185,65,120,85,MD发泡底,简约百搭,斯凯奇潮,1,0,13,1
2733,魔术贴鞋,60,148,67,99,97,EVA轻底,简约百搭,京东京造,1,1,223,2
814,魔术贴鞋,52,241,59,142,92,PU中底,复古潮鞋,特步男鞋,1,0,956,1
900,松紧带鞋,48,172,79,136,93,MD发泡底,工装硬朗,耐克潮流,0,0,1433,1
251,系带设计,46,192,75,144,85,EVA轻底,复古潮鞋,阿迪达斯,0,1,32,2
1620,魔术贴鞋,35,109,91,99,96,混合鞋底,复古潮鞋,其他品牌,0,0,868,1
384,系带设计,46,192,73,140,100,橡胶大底,潮流高街,安踏运动,0,1,657,2
150,松紧带鞋,44,113,98,111,93,EVA轻底,复古潮鞋,特步男鞋,1,0,39,1
920,拉链鞋款,45,102,97,99,97,EVA轻底,运动休闲,阿迪达斯,0,1,20,2
2049,魔术贴鞋,59,183,87,159,94,EVA轻底,简约百搭,李宁休闲,0,0,483,1
1514,套脚款式,55,547,78,427,95,MD发泡底,户外机能,安踏运动,1,0,1400,3
1080,松紧带鞋,36,109,91,99,95,混合鞋底,日常休闲,耐克潮流,1,0,6,1
1628,魔术贴鞋,47,136,73,99,100,混合鞋底,复古潮鞋,京东京造,1,0,3987,1
376,系带设计,50,125,79,99,99,橡胶大底,潮流高街,其他品牌,0,1,763,2
2772,魔术贴鞋,39,100,99,99,97,PU中底,日常休闲,李宁休闲,0,0,471,1
413,拉链鞋款,54,110,90,99,95,橡胶大底,运动休闲,其他品牌,1,1,60,2
17156,系带设计,45,208,89,185,96,TPR鞋底,运动休闲,斯凯奇潮,0,1,152,0
491,松紧带鞋,34,187,77,144,97,MD发泡底,复古潮鞋,李宁休闲,1,0,2194,1
1167,松紧带鞋,52,266,62,165,94,EVA轻底,户外机能,阿迪达斯,0,1,1366,2
2443,系带设计,52,174,57,99,90,TPR鞋底,日常休闲,李宁休闲,0,1,659,2
3447,套脚款式,33,173,70,121,93,MD发泡底,运动休闲,鸿星尔克,1,1,2128,2
1075,拉链鞋款,41,371,65,241,94,橡胶大底,日常休闲,阿迪达斯,0,1,773,3
1236,套脚款式,47,132,75,99,90,混合鞋底,日常休闲,京东京造,0,0,503,1
442,魔术贴鞋,44,190,52,99,96,橡胶大底,运动休闲,李宁休闲,1,1,508,2
873,松紧带鞋,36,233,85,198,90,TPR鞋底,潮流高街,鸿星尔克,1,1,3070,2
229,套脚款式,39,141,70,99,92,混合鞋底,简约百搭,阿迪达斯,0,1,1008,2
5205,魔术贴鞋,51,130,76,99,94,PU中底,简约百搭,回力经典,1,0,190,1
754,套脚款式,34,174,57,99,99,EVA轻底,复古潮鞋,斯凯奇潮,1,0,1486,1
461,松紧带鞋,33,180,55,99,97,PU中底,简约百搭,安踏运动,0,1,1404,2
1805,套脚款式,53,181,64,116,90,混合鞋底,运动休闲,京东京造,0,0,2753,1
49,魔术贴鞋,45,148,67,99,90,橡胶大底,户外机能,安踏运动,0,1,228,2
164,套脚款式,48,124,80,99,94,橡胶大底,日常休闲,安踏运动,0,0,1109,1
30,魔术贴鞋,45,169,67,113,93,橡胶大底,复古潮鞋,李宁休闲,1,1,563,2
653,系带设计,49,136,73,99,91,混合鞋底,户外机能,其他品牌,1,0,806,1
280,套脚款式,46,293,56,164,91,MD发泡底,复古潮鞋,回力经典,0,1,48,2
158,系带设计,40,714,81,578,92,MD发泡底,复古潮鞋,特步男鞋,0,1,102,3
667,松紧带鞋,44,124,80,99,97,PU中底,复古潮鞋,鸿星尔克,0,1,1002,2
299,松紧带鞋,56,117,93,109,90,EVA轻底,日常休闲,斯凯奇潮,0,1,14,2
4299,魔术贴鞋,46,200,89,178,96,TPR鞋底,简约百搭,回力经典,0,0,903,1
2271,松紧带鞋,45,391,64,250,92,PU中底,简约百搭,阿迪达斯,1,1,512,3
1752,套脚款式,48,119,86,102,92,EVA轻底,复古潮鞋,回力经典,0,1,2892,2
883,松紧带鞋,53,165,60,99,90,混合鞋底,复古潮鞋,回力经典,0,1,29,2
2063,拉链鞋款,56,148,67,99,100,MD发泡底,运动休闲,京东京造,0,1,31,2
288,套脚款式,50,108,92,99,96,橡胶大底,户外机能,鸿星尔克,0,1,154,2
245,魔术贴鞋,19,146,68,99,89,MD发泡底,工装硬朗,李宁休闲,1,0,4607,1
795,松紧带鞋,45,114,87,99,100,MD发泡底,运动休闲,京东京造,1,0,22,1
254,拉链鞋款,43,99,100,99,85,MD发泡底,简约百搭,鸿星尔克,1,1,42,2
2314,系带设计,50,112,88,99,91,混合鞋底,复古潮鞋,京东京造,0,1,16,2
409,松紧带鞋,52,267,91,243,91,EVA轻底,复古潮鞋,安踏运动,1,1,274,2
311,系带设计,46,134,99,133,94,混合鞋底,复古潮鞋,安踏运动,0,1,6,2
715,魔术贴鞋,52,211,96,203,91,PU中底,复古潮鞋,京东京造,0,1,1421,2
1752,松紧带鞋,58,380,56,213,92,混合鞋底,工装硬朗,鸿星尔克,1,1,16,3
170,套脚款式,52,125,79,99,96,TPR鞋底,日常休闲,安踏运动,1,1,1310,2
4391,套脚款式,63,171,92,157,91,TPR鞋底,日常休闲,京东京造,0,1,3509,2
4945,松紧带鞋,46,130,76,99,93,橡胶大底,日常休闲,回力经典,0,0,783,1
180,系带设计,44,119,83,99,91,PU中底,日常休闲,李宁休闲,0,1,2879,2
833,拉链鞋款,42,125,79,99,90,混合鞋底,简约百搭,鸿星尔克,1,1,821,2
427,系带设计,49,159,81,129,90,PU中底,潮流高街,阿迪达斯,0,1,308,2
1059,拉链鞋款,48,157,63,99,96,EVA轻底,日常休闲,耐克潮流,1,1,1040,2
3089,魔术贴鞋,57,187,70,131,93,MD发泡底,日常休闲,其他品牌,0,0,700,1
441,拉链鞋款,36,150,66,99,97,TPR鞋底,潮流高街,斯凯奇潮,0,1,11,2
243,拉链鞋款,38,127,96,122,94,TPR鞋底,工装硬朗,回力经典,0,1,610,2
2297,系带设计,49,125,100,125,99,混合鞋底,日常休闲,特步男鞋,0,1,978,2
929,魔术贴鞋,45,127,99,126,98,EVA轻底,户外机能,安踏运动,1,1,2,2
965,拉链鞋款,49,171,58,99,94,MD发泡底,潮流高街,斯凯奇潮,1,1,4058,2
186,系带设计,37,284,55,156,92,混合鞋底,潮流高街,安踏运动,1,1,490,2
16079,松紧带鞋,36,220,84,185,97,TPR鞋底,日常休闲,耐克潮流,1,0,616,0
857,系带设计,51,143,69,99,100,橡胶大底,简约百搭,安踏运动,0,1,2574,2
279,松紧带鞋,55,192,90,173,96,PU中底,运动休闲,鸿星尔克,0,0,3791,1
842,系带设计,49,162,63,102,94,PU中底,运动休闲,京东京造,0,0,1355,1
753,拉链鞋款,56,385,55,212,87,TPR鞋底,工装硬朗,回力经典,1,0,302,3
1533,松紧带鞋,62,478,67,320,90,TPR鞋底,简约百搭,斯凯奇潮,1,1,4335,3
3398,系带设计,46,109,91,99,90,PU中底,复古潮鞋,阿迪达斯,0,0,0,1
342,松紧带鞋,61,106,93,99,90,EVA轻底,运动休闲,京东京造,0,1,14,2
5911,松紧带鞋,48,116,96,111,90,混合鞋底,运动休闲,安踏运动,1,1,867,2
549,松紧带鞋,46,115,86,99,99,EVA轻底,潮流高街,耐克潮流,1,1,3582,2
175,拉链鞋款,52,155,64,99,93,EVA轻底,简约百搭,特步男鞋,0,0,2671,1
27,拉链鞋款,39,183,54,99,96,PU中底,工装硬朗,耐克潮流,1,0,1491,1
2578,松紧带鞋,45,402,57,229,94,TPR鞋底,简约百搭,斯凯奇潮,0,1,10,3
2173,套脚款式,49,128,100,128,86,混合鞋底,简约百搭,特步男鞋,1,1,1083,2
7642,系带设计,42,165,77,127,95,EVA轻底,运动休闲,耐克潮流,0,0,45,1
399,系带设计,57,107,94,101,97,TPR鞋底,复古潮鞋,斯凯奇潮,1,1,1014,2
1258,套脚款式,53,177,56,99,98,TPR鞋底,简约百搭,鸿星尔克,1,0,68,1
1751,松紧带鞋,46,165,69,114,86,MD发泡底,户外机能,耐克潮流,0,0,4833,1
323,松紧带鞋,54,115,86,99,92,MD发泡底,运动休闲,特步男鞋,0,1,2036,2
537,套脚款式,46,106,93,99,91,混合鞋底,复古潮鞋,阿迪达斯,1,0,562,1
3709,松紧带鞋,34,116,85,99,97,橡胶大底,潮流高街,京东京造,1,0,30,1
687,魔术贴鞋,53,132,75,99,95,MD发泡底,简约百搭,回力经典,1,1,1333,2
15854,系带设计,51,474,50,237,90,橡胶大底,户外机能,特步男鞋,0,0,360,0
899,松紧带鞋,44,105,94,99,85,PU中底,复古潮鞋,斯凯奇潮,1,0,886,1
853,系带设计,52,229,51,117,99,EVA轻底,日常休闲,回力经典,1,1,717,2
1755,拉链鞋款,50,100,99,99,94,PU中底,复古潮鞋,阿迪达斯,1,0,1182,1
624,松紧带鞋,49,182,91,166,93,MD发泡底,日常休闲,耐克潮流,0,1,519,2
265,松紧带鞋,41,654,63,412,92,MD发泡底,运动休闲,京东京造,0,0,809,3
1139,拉链鞋款,63,146,68,99,93,混合鞋底,简约百搭,阿迪达斯,0,1,857,2
1197,系带设计,63,100,99,99,97,EVA轻底,潮流高街,京东京造,0,1,857,2
1241,套脚款式,41,253,87,220,92,TPR鞋底,户外机能,京东京造,1,1,4290,2
426,松紧带鞋,32,177,77,136,92,EVA轻底,户外机能,阿迪达斯,0,1,47,2
790,套脚款式,51,271,83,225,91,EVA轻底,日常休闲,京东京造,0,0,47,1
665,松紧带鞋,52,230,61,140,91,PU中底,潮流高街,京东京造,0,1,30,2
870,系带设计,19,151,77,116,93,PU中底,工装硬朗,回力经典,1,0,36,1
2543,拉链鞋款,36,152,71,108,90,MD发泡底,工装硬朗,回力经典,0,0,1006,1
175,松紧带鞋,52,239,51,122,99,PU中底,日常休闲,耐克潮流,1,1,1263,2
512,松紧带鞋,45,194,70,136,97,EVA轻底,复古潮鞋,京东京造,1,1,667,2
2254,松紧带鞋,32,165,60,99,94,混合鞋底,复古潮鞋,耐克潮流,1,1,279,2
979,魔术贴鞋,48,180,55,99,94,橡胶大底,日常休闲,特步男鞋,1,1,3784,2
256,拉链鞋款,31,219,54,118,99,TPR鞋底,日常休闲,李宁休闲,0,1,0,2
1426,套脚款式,44,194,52,101,97,混合鞋底,简约百搭,斯凯奇潮,1,0,1405,1
2502,系带设计,39,338,98,331,94,混合鞋底,户外机能,鸿星尔克,0,1,738,3
1508,套脚款式,46,197,93,183,98,橡胶大底,工装硬朗,其他品牌,0,1,388,2
1442,拉链鞋款,46,190,52,99,99,TPR鞋底,运动休闲,回力经典,1,0,13,1
4036,魔术贴鞋,44,137,79,108,92,橡胶大底,户外机能,京东京造,0,0,46,1
388,松紧带鞋,30,182,62,113,90,PU中底,运动休闲,回力经典,1,1,474,2
394,系带设计,41,353,62,219,97,混合鞋底,工装硬朗,斯凯奇潮,1,0,7,1
579,系带设计,49,233,91,212,97,PU中底,户外机能,李宁休闲,1,1,1176,2
95,魔术贴鞋,40,111,89,99,97,橡胶大底,简约百搭,阿迪达斯,0,1,4498,2
641,系带设计,46,194,65,126,94,橡胶大底,日常休闲,李宁休闲,0,0,1268,1
2929,拉链鞋款,33,157,63,99,86,混合鞋底,户外机能,京东京造,0,0,388,1
1272,套脚款式,38,249,86,214,93,MD发泡底,复古潮鞋,李宁休闲,1,1,474,2
2730,拉链鞋款,35,101,98,99,93,EVA轻底,户外机能,斯凯奇潮,1,0,605,1
1195,套脚款式,30,375,59,221,94,TPR鞋底,简约百搭,安踏运动,1,0,1200,3
1055,系带设计,40,136,73,99,97,MD发泡底,日常休闲,京东京造,1,1,1493,2
147,系带设计,52,318,51,162,93,EVA轻底,潮流高街,斯凯奇潮,0,1,2,2
912,拉链鞋款,46,194,51,99,92,橡胶大底,潮流高街,阿迪达斯,1,1,739,2
2304,套脚款式,52,169,89,150,99,EVA轻底,日常休闲,回力经典,1,0,4,1
1610,系带设计,45,217,71,154,97,TPR鞋底,日常休闲,京东京造,0,0,21,1
232,拉链鞋款,42,144,79,114,92,EVA轻底,工装硬朗,特步男鞋,0,0,3355,1
519,系带设计,50,174,57,99,91,TPR鞋底,复古潮鞋,安踏运动,0,1,345,2
1067,松紧带鞋,41,150,66,99,92,MD发泡底,复古潮鞋,其他品牌,1,0,1064,1
372,拉链鞋款,50,162,97,157,94,橡胶大底,简约百搭,回力经典,1,1,1457,2
2408,系带设计,50,432,98,423,90,橡胶大底,运动休闲,其他品牌,0,1,32,3
166,套脚款式,46,511,76,388,92,EVA轻底,户外机能,回力经典,1,1,957,3
8255,拉链鞋款,51,397,66,262,94,混合鞋底,运动休闲,回力经典,0,0,3303,3
1793,套脚款式,50,104,95,99,97,橡胶大底,运动休闲,安踏运动,1,0,2755,1
1611,拉链鞋款,51,139,71,99,90,MD发泡底,运动休闲,鸿星尔克,0,1,539,2
580,套脚款式,50,167,95,159,91,混合鞋底,工装硬朗,斯凯奇潮,0,0,430,1
433,套脚款式,46,137,86,118,90,MD发泡底,户外机能,耐克潮流,1,0,160,1
439,套脚款式,56,136,81,110,97,橡胶大底,复古潮鞋,阿迪达斯,0,1,1057,2
2835,系带设计,40,108,92,99,91,MD发泡底,日常休闲,京东京造,0,0,1238,1
797,松紧带鞋,32,109,91,99,97,混合鞋底,潮流高街,回力经典,0,0,4175,1
4090,套脚款式,38,175,83,145,93,橡胶大底,潮流高街,鸿星尔克,1,1,894,2
758,松紧带鞋,55,132,75,99,95,MD发泡底,户外机能,鸿星尔克,0,0,2094,1
233,套脚款式,49,116,85,99,91,MD发泡底,工装硬朗,其他品牌,1,1,989,2
362,魔术贴鞋,42,150,66,99,97,EVA轻底,简约百搭,其他品牌,0,0,32,1
378,魔术贴鞋,62,261,75,196,94,橡胶大底,户外机能,阿迪达斯,1,1,2,2
570,松紧带鞋,36,295,84,248,90,橡胶大底,日常休闲,特步男鞋,0,1,49,2
997,魔术贴鞋,45,274,89,244,96,混合鞋底,户外机能,安踏运动,1,0,158,1
235,拉链鞋款,57,258,52,134,98,EVA轻底,日常休闲,其他品牌,1,0,307,1
1996,松紧带鞋,48,227,84,191,92,EVA轻底,工装硬朗,鸿星尔克,1,1,5,2
2697,系带设计,50,104,95,99,87,混合鞋底,潮流高街,阿迪达斯,1,1,3364,2
105,松紧带鞋,55,174,57,99,94,混合鞋底,简约百搭,回力经典,1,1,4731,2
1803,系带设计,45,158,84,133,98,PU中底,简约百搭,耐克潮流,0,1,179,2
1113,套脚款式,43,122,81,99,90,EVA轻底,工装硬朗,斯凯奇潮,1,1,12,2
1450,套脚款式,44,118,84,99,98,MD发泡底,简约百搭,安踏运动,0,0,919,1
790,松紧带鞋,63,102,97,99,94,PU中底,户外机能,特步男鞋,1,0,1032,1
1002,魔术贴鞋,50,135,85,115,92,EVA轻底,运动休闲,阿迪达斯,1,0,1111,1
2990,系带设计,51,99,100,99,96,EVA轻底,运动休闲,鸿星尔克,1,1,47,2
3765,魔术贴鞋,53,203,60,122,98,EVA轻底,复古潮鞋,特步男鞋,0,1,37,2
1429,松紧带鞋,54,230,77,177,90,MD发泡底,运动休闲,安踏运动,0,1,949,2
2051,套脚款式,41,202,81,164,90,混合鞋底,工装硬朗,特步男鞋,1,1,306,2
1359,魔术贴鞋,59,173,89,154,100,混合鞋底,复古潮鞋,耐克潮流,1,0,870,1
474,松紧带鞋,61,138,84,116,97,TPR鞋底,户外机能,鸿星尔克,1,0,1178,1
466,拉链鞋款,50,659,54,356,91,MD发泡底,运动休闲,李宁休闲,1,1,796,3
399,松紧带鞋,42,125,79,99,90,EVA轻底,日常休闲,阿迪达斯,0,1,9,2
571,拉链鞋款,41,193,85,164,92,混合鞋底,工装硬朗,特步男鞋,1,0,808,1
5251,拉链鞋款,53,174,96,167,98,TPR鞋底,潮流高街,斯凯奇潮,0,0,1418,1
2333,拉链鞋款,47,389,65,253,85,TPR鞋底,运动休闲,其他品牌,1,1,229,3
386,套脚款式,47,194,51,99,96,MD发泡底,潮流高街,耐克潮流,0,0,3889,1
5098,系带设计,49,473,59,279,90,MD发泡底,简约百搭,安踏运动,0,0,94,3
2055,套脚款式,57,143,69,99,96,橡胶大底,日常休闲,特步男鞋,1,1,740,2
3161,套脚款式,42,216,94,203,93,MD发泡底,复古潮鞋,回力经典,1,0,1075,1
118,套脚款式,46,168,59,99,96,EVA轻底,运动休闲,阿迪达斯,0,0,3462,1
1140,魔术贴鞋,54,270,83,224,85,PU中底,简约百搭,李宁休闲,1,0,2290,1
1822,套脚款式,42,282,78,220,99,MD发泡底,简约百搭,特步男鞋,0,1,259,2
250,套脚款式,53,174,57,99,98,EVA轻底,复古潮鞋,回力经典,0,0,1328,1
554,套脚款式,42,267,66,176,91,MD发泡底,潮流高街,阿迪达斯,0,1,36,2
338,魔术贴鞋,55,103,96,99,95,MD发泡底,户外机能,京东京造,0,1,31,2
1348,魔术贴鞋,46,408,99,404,100,橡胶大底,潮流高街,耐克潮流,0,1,17,3
6381,拉链鞋款,45,162,61,99,93,MD发泡底,户外机能,安踏运动,1,1,1454,2
862,松紧带鞋,41,348,54,188,94,橡胶大底,复古潮鞋,特步男鞋,1,0,60,1
16284,拉链鞋款,37,145,83,120,97,EVA轻底,日常休闲,斯凯奇潮,1,1,1104,0
2770,魔术贴鞋,44,196,85,167,97,EVA轻底,日常休闲,特步男鞋,1,0,4977,1
1065,系带设计,53,134,74,99,95,TPR鞋底,工装硬朗,鸿星尔克,1,1,153,2
358,松紧带鞋,51,224,83,186,94,EVA轻底,简约百搭,李宁休闲,1,1,44,2
3644,拉链鞋款,43,193,89,172,95,MD发泡底,日常休闲,鸿星尔克,1,1,113,2
306,拉链鞋款,38,114,87,99,95,TPR鞋底,工装硬朗,京东京造,0,1,869,2
906,套脚款式,55,152,65,99,100,TPR鞋底,简约百搭,耐克潮流,1,1,8,2
790,系带设计,60,105,94,99,98,TPR鞋底,潮流高街,特步男鞋,0,1,1483,2
1313,套脚款式,39,155,99,153,98,混合鞋底,复古潮鞋,李宁休闲,1,0,2326,1
5142,魔术贴鞋,47,218,100,218,100,EVA轻底,工装硬朗,安踏运动,1,1,98,2
220,魔术贴鞋,46,111,89,99,87,MD发泡底,日常休闲,鸿星尔克,1,1,617,2
10279,系带设计,41,259,74,192,97,MD发泡底,潮流高街,鸿星尔克,0,1,532,0
4280,拉链鞋款,42,148,67,99,95,EVA轻底,日常休闲,特步男鞋,1,1,2658,2
1232,魔术贴鞋,18,181,79,143,97,混合鞋底,简约百搭,李宁休闲,0,1,34,2
965,魔术贴鞋,51,177,56,99,95,TPR鞋底,工装硬朗,斯凯奇潮,0,1,333,2
1235,拉链鞋款,43,469,99,464,91,PU中底,潮流高街,特步男鞋,1,0,1078,3
1794,松紧带鞋,43,535,63,337,97,EVA轻底,日常休闲,回力经典,1,1,116,3
7050,拉链鞋款,48,215,67,144,96,PU中底,简约百搭,回力经典,0,1,1299,2
650,拉链鞋款,39,138,72,99,91,橡胶大底,复古潮鞋,鸿星尔克,0,0,861,1
2088,魔术贴鞋,44,104,95,99,92,EVA轻底,潮流高街,鸿星尔克,1,0,416,1
2763,系带设计,39,146,68,99,92,MD发泡底,工装硬朗,安踏运动,1,1,1102,2
234,魔术贴鞋,53,138,72,99,91,PU中底,复古潮鞋,李宁休闲,0,1,1200,2
1417,松紧带鞋,40,314,81,254,95,混合鞋底,简约百搭,鸿星尔克,0,0,502,1
817,魔术贴鞋,42,170,87,148,97,EVA轻底,复古潮鞋,阿迪达斯,0,0,39,1
602,套脚款式,42,195,94,183,94,混合鞋底,日常休闲,回力经典,1,0,208,1
1097,魔术贴鞋,48,139,71,99,95,PU中底,复古潮鞋,耐克潮流,1,1,1133,2
8157,系带设计,54,200,61,122,86,EVA轻底,运动休闲,斯凯奇潮,1,1,288,2
1150,系带设计,35,237,99,235,96,EVA轻底,复古潮鞋,回力经典,1,0,1462,1
4656,魔术贴鞋,49,198,50,99,97,混合鞋底,潮流高街,鸿星尔克,0,0,39,1
1491,系带设计,35,145,77,112,99,EVA轻底,户外机能,特步男鞋,0,0,973,1
420,系带设计,57,187,53,99,96,橡胶大底,简约百搭,李宁休闲,0,0,10,1
1489,系带设计,46,171,58,99,97,MD发泡底,复古潮鞋,耐克潮流,1,0,33,1
156,松紧带鞋,47,236,77,182,97,TPR鞋底,简约百搭,阿迪达斯,0,1,3049,2
150,松紧带鞋,46,101,98,99,96,混合鞋底,潮流高街,其他品牌,0,0,39,1
1687,拉链鞋款,46,162,64,104,94,PU中底,日常休闲,斯凯奇潮,1,1,1161,2
4245,魔术贴鞋,53,103,100,103,93,混合鞋底,简约百搭,鸿星尔克,1,0,1462,1
3853,套脚款式,59,256,94,241,86,橡胶大底,潮流高街,李宁休闲,0,1,10,2
504,魔术贴鞋,37,100,99,99,94,EVA轻底,户外机能,安踏运动,1,0,606,1
909,系带设计,34,101,98,99,92,MD发泡底,工装硬朗,安踏运动,0,1,25,2
47,松紧带鞋,41,335,85,285,98,橡胶大底,潮流高街,京东京造,1,0,1400,3
1150,魔术贴鞋,44,160,62,99,90,PU中底,日常休闲,回力经典,1,1,12,2
132,魔术贴鞋,54,120,86,103,92,TPR鞋底,复古潮鞋,斯凯奇潮,0,1,3404,2
1043,拉链鞋款,56,311,65,202,96,混合鞋底,日常休闲,其他品牌,0,1,38,2
299,系带设计,42,101,98,99,93,MD发泡底,户外机能,安踏运动,1,1,72,2
3463,魔术贴鞋,48,132,75,99,97,MD发泡底,潮流高街,特步男鞋,1,1,944,2
3090,松紧带鞋,49,152,65,99,97,EVA轻底,户外机能,回力经典,1,1,5,2
2593,魔术贴鞋,41,182,65,118,90,MD发泡底,简约百搭,鸿星尔克,0,0,910,1
345,松紧带鞋,37,956,54,516,95,橡胶大底,运动休闲,鸿星尔克,1,0,994,3
133,拉链鞋款,55,101,100,101,90,MD发泡底,简约百搭,特步男鞋,1,1,1314,2
1665,套脚款式,60,219,79,173,96,橡胶大底,户外机能,斯凯奇潮,1,1,3193,2
514,套脚款式,37,300,62,186,94,MD发泡底,简约百搭,京东京造,1,0,690,1
979,套脚款式,61,144,91,131,95,TPR鞋底,复古潮鞋,斯凯奇潮,0,0,617,1
965,松紧带鞋,54,262,72,189,93,EVA轻底,户外机能,李宁休闲,1,1,1473,2
173,魔术贴鞋,58,549,51,280,92,TPR鞋底,潮流高街,耐克潮流,0,1,2311,3
626,拉链鞋款,50,201,75,151,92,橡胶大底,工装硬朗,京东京造,1,0,1496,1
592,系带设计,43,280,60,168,92,TPR鞋底,复古潮鞋,安踏运动,0,1,508,2
1733,套脚款式,55,112,88,99,88,EVA轻底,日常休闲,安踏运动,0,1,1159,2
742,系带设计,54,377,92,347,96,橡胶大底,户外机能,其他品牌,0,0,1314,3
498,套脚款式,50,318,57,181,100,混合鞋底,日常休闲,安踏运动,1,0,17,1
1796,套脚款式,48,226,97,219,94,EVA轻底,运动休闲,特步男鞋,1,1,4453,2
1233,魔术贴鞋,40,105,94,99,91,PU中底,运动休闲,耐克潮流,1,1,779,2
2190,松紧带鞋,53,104,95,99,92,橡胶大底,日常休闲,安踏运动,0,0,683,1
539,系带设计,61,165,85,140,99,混合鞋底,潮流高街,鸿星尔克,1,1,664,2
2154,系带设计,40,598,53,317,91,EVA轻底,复古潮鞋,回力经典,0,1,385,3
83,松紧带鞋,32,225,71,160,94,EVA轻底,日常休闲,其他品牌,0,1,4126,2
416,拉链鞋款,55,220,65,143,95,MD发泡底,日常休闲,鸿星尔克,0,0,10,1
268,套脚款式,43,112,88,99,94,MD发泡底,复古潮鞋,回力经典,1,0,1441,1
1757,魔术贴鞋,65,155,64,99,94,EVA轻底,运动休闲,其他品牌,0,1,991,2
398,拉链鞋款,36,122,81,99,97,PU中底,工装硬朗,李宁休闲,0,0,994,1
2093,松紧带鞋,39,147,72,106,85,PU中底,户外机能,耐克潮流,0,1,4382,2
1571,松紧带鞋,46,275,64,176,96,PU中底,潮流高街,鸿星尔克,0,0,1197,1
121,拉链鞋款,46,130,76,99,93,混合鞋底,户外机能,回力经典,1,0,880,1
2016,套脚款式,36,190,58,110,95,EVA轻底,潮流高街,其他品牌,1,1,297,2
3240,魔术贴鞋,44,197,70,138,96,EVA轻底,工装硬朗,京东京造,1,1,40,2
2688,系带设计,39,168,88,148,92,EVA轻底,运动休闲,其他品牌,0,0,736,1
2502,拉链鞋款,55,547,58,317,94,MD发泡底,日常休闲,鸿星尔克,1,1,323,3
2901,松紧带鞋,55,136,73,99,86,TPR鞋底,日常休闲,京东京造,1,0,31,1
863,魔术贴鞋,19,614,80,491,95,EVA轻底,运动休闲,耐克潮流,1,1,17,3
221,系带设计,47,136,73,99,87,EVA轻底,日常休闲,斯凯奇潮,0,1,523,2
1439,系带设计,41,152,80,122,94,橡胶大底,潮流高街,其他品牌,0,0,692,1
345,拉链鞋款,40,99,100,99,98,EVA轻底,潮流高街,阿迪达斯,1,1,61,2
415,松紧带鞋,41,129,77,99,95,橡胶大底,运动休闲,京东京造,1,0,3171,1
909,拉链鞋款,43,354,67,237,89,橡胶大底,复古潮鞋,斯凯奇潮,0,0,627,3
4922,套脚款式,49,234,89,208,100,MD发泡底,运动休闲,其他品牌,0,0,49,1
1117,拉链鞋款,23,314,91,286,93,TPR鞋底,日常休闲,阿迪达斯,1,1,665,3
1555,魔术贴鞋,54,308,93,286,95,EVA轻底,复古潮鞋,特步男鞋,1,1,1305,3
1323,魔术贴鞋,36,139,71,99,92,PU中底,户外机能,安踏运动,1,0,15,1
11283,套脚款式,38,539,57,307,90,EVA轻底,潮流高街,阿迪达斯,1,1,751,3
541,拉链鞋款,48,227,60,136,91,MD发泡底,潮流高街,鸿星尔克,0,1,4690,2
780,松紧带鞋,42,520,76,395,90,橡胶大底,运动休闲,鸿星尔克,1,0,631,3
434,魔术贴鞋,50,151,91,137,94,混合鞋底,复古潮鞋,耐克潮流,0,0,2290,1
337,系带设计,39,156,91,142,97,混合鞋底,户外机能,阿迪达斯,1,0,371,1
8641,魔术贴鞋,44,155,64,99,90,PU中底,户外机能,回力经典,0,1,2850,2
2161,松紧带鞋,40,199,69,137,96,橡胶大底,工装硬朗,耐克潮流,1,0,1376,1
795,拉链鞋款,37,218,96,209,92,PU中底,运动休闲,李宁休闲,0,1,1492,2
1659,魔术贴鞋,39,174,99,172,94,MD发泡底,运动休闲,回力经典,0,1,1164,2
280,系带设计,46,152,65,99,100,混合鞋底,日常休闲,阿迪达斯,1,0,33,1
789,拉链鞋款,51,289,55,159,100,橡胶大底,运动休闲,李宁休闲,1,0,3679,1
762,松紧带鞋,59,155,64,99,95,PU中底,简约百搭,斯凯奇潮,1,1,40,2
1326,松紧带鞋,55,114,87,99,91,EVA轻底,户外机能,其他品牌,0,0,2349,1
419,魔术贴鞋,53,133,81,108,94,PU中底,复古潮鞋,阿迪达斯,1,0,1235,1
3136,松紧带鞋,38,112,88,99,97,TPR鞋底,户外机能,其他品牌,1,1,1269,2
16803,套脚款式,44,185,82,152,100,PU中底,潮流高街,回力经典,0,1,327,0
5570,系带设计,38,200,87,174,98,TPR鞋底,简约百搭,回力经典,0,0,1453,1
638,拉链鞋款,46,209,77,161,95,橡胶大底,潮流高街,京东京造,0,1,1404,2
267,魔术贴鞋,49,197,91,179,95,MD发泡底,简约百搭,京东京造,1,0,1223,1
596,套脚款式,61,175,57,100,86,MD发泡底,简约百搭,其他品牌,0,1,597,2
1153,松紧带鞋,45,188,76,143,98,EVA轻底,运动休闲,阿迪达斯,0,1,21,2
1679,松紧带鞋,46,514,51,262,87,EVA轻底,简约百搭,阿迪达斯,1,1,1044,3
2056,魔术贴鞋,45,329,51,168,91,橡胶大底,工装硬朗,斯凯奇潮,1,0,41,1
2601,系带设计,39,293,86,252,92,混合鞋底,运动休闲,斯凯奇潮,1,0,42,1
277,魔术贴鞋,30,173,100,173,97,橡胶大底,运动休闲,斯凯奇潮,1,0,50,1
8239,松紧带鞋,43,133,83,110,95,混合鞋底,潮流高街,李宁休闲,1,0,169,1
539,魔术贴鞋,43,143,69,99,98,橡胶大底,运动休闲,斯凯奇潮,1,0,24,1
765,松紧带鞋,34,180,55,99,96,TPR鞋底,潮流高街,阿迪达斯,1,1,1380,2
939,套脚款式,52,130,99,129,92,橡胶大底,户外机能,京东京造,0,1,2192,2
371,松紧带鞋,53,643,68,437,86,MD发泡底,复古潮鞋,鸿星尔克,0,0,1025,3
5078,套脚款式,46,194,51,99,94,橡胶大底,潮流高街,阿迪达斯,0,1,15,2
1611,魔术贴鞋,47,141,70,99,93,MD发泡底,简约百搭,京东京造,0,1,122,2
125,魔术贴鞋,52,190,52,99,96,TPR鞋底,复古潮鞋,回力经典,0,0,1444,1
1133,套脚款式,62,254,84,213,97,混合鞋底,运动休闲,京东京造,0,1,773,2
11343,拉链鞋款,45,104,95,99,93,PU中底,简约百搭,其他品牌,1,0,1275,0
4108,系带设计,52,486,59,287,97,MD发泡底,简约百搭,特步男鞋,0,1,19,3
1411,拉链鞋款,45,139,71,99,95,TPR鞋底,简约百搭,特步男鞋,0,0,1135,1
343,松紧带鞋,40,127,78,99,100,PU中底,复古潮鞋,安踏运动,0,0,1056,1
2272,松紧带鞋,55,247,55,136,95,MD发泡底,户外机能,鸿星尔克,1,0,1216,1
1160,拉链鞋款,41,171,59,101,91,EVA轻底,复古潮鞋,安踏运动,1,0,839,1
1160,套脚款式,42,111,89,99,92,MD发泡底,简约百搭,耐克潮流,1,0,547,1
753,魔术贴鞋,48,112,88,99,96,混合鞋底,潮流高街,其他品牌,1,0,1230,1
664,魔术贴鞋,38,109,97,106,97,EVA轻底,工装硬朗,特步男鞋,0,0,244,1
240,套脚款式,44,267,52,139,92,混合鞋底,运动休闲,京东京造,1,0,1103,1
3556,套脚款式,55,171,99,169,94,PU中底,户外机能,鸿星尔克,0,1,857,2
921,系带设计,55,289,74,214,90,橡胶大底,潮流高街,阿迪达斯,1,1,1339,2
395,松紧带鞋,42,115,86,99,99,橡胶大底,日常休闲,斯凯奇潮,1,1,1010,2
138,拉链鞋款,44,773,51,394,90,TPR鞋底,运动休闲,鸿星尔克,0,1,951,3
1533,套脚款式,48,576,62,357,100,PU中底,户外机能,安踏运动,0,1,53,3
835,拉链鞋款,44,114,87,99,90,混合鞋底,运动休闲,安踏运动,1,0,4249,1
1037,系带设计,38,278,64,178,93,MD发泡底,复古潮鞋,李宁休闲,0,0,1022,1
1501,套脚款式,55,351,51,179,85,MD发泡底,日常休闲,其他品牌,1,1,2051,2
18620,套脚款式,33,181,73,132,94,MD发泡底,工装硬朗,阿迪达斯,1,1,1104,0
2951,松紧带鞋,51,145,84,122,89,MD发泡底,日常休闲,李宁休闲,1,1,178,2
2865,套脚款式,49,160,62,99,86,PU中底,户外机能,安踏运动,1,1,782,2
789,系带设计,50,183,54,99,93,MD发泡底,复古潮鞋,特步男鞋,0,0,1286,1
769,套脚款式,60,105,94,99,95,混合鞋底,户外机能,李宁休闲,1,0,2652,1
176,魔术贴鞋,42,265,98,260,92,MD发泡底,简约百搭,特步男鞋,1,1,3678,2
1792,系带设计,47,180,70,126,90,PU中底,运动休闲,京东京造,1,0,236,1
182,松紧带鞋,37,190,52,99,96,PU中底,日常休闲,回力经典,0,0,1150,1
834,套脚款式,46,162,61,99,93,混合鞋底,潮流高街,特步男鞋,0,0,338,1
2065,拉链鞋款,56,183,63,115,91,TPR鞋底,运动休闲,其他品牌,1,0,286,1
1398,魔术贴鞋,51,102,100,102,100,混合鞋底,潮流高街,鸿星尔克,0,0,924,1
1512,系带设计,41,175,85,149,92,TPR鞋底,日常休闲,阿迪达斯,1,0,1272,1
1636,魔术贴鞋,51,177,56,99,96,橡胶大底,日常休闲,阿迪达斯,1,0,195,1
195,系带设计,42,118,84,99,100,TPR鞋底,潮流高街,阿迪达斯,0,1,1370,2
3884,系带设计,50,146,68,99,97,PU中底,日常休闲,鸿星尔克,0,0,37,1
1441,套脚款式,41,307,76,233,91,MD发泡底,日常休闲,其他品牌,1,1,43,2
805,松紧带鞋,57,418,73,305,90,橡胶大底,工装硬朗,回力经典,1,0,362,3
3273,拉链鞋款,61,448,63,282,94,PU中底,工装硬朗,李宁休闲,0,0,22,3
185,套脚款式,62,265,68,180,94,TPR鞋底,运动休闲,斯凯奇潮,1,0,481,1
644,松紧带鞋,59,136,73,99,94,MD发泡底,工装硬朗,阿迪达斯,1,0,47,1
679,魔术贴鞋,48,543,53,288,94,PU中底,潮流高街,特步男鞋,1,1,251,3
139,松紧带鞋,55,259,87,225,92,橡胶大底,工装硬朗,斯凯奇潮,1,1,335,2
698,套脚款式,48,320,84,269,93,PU中底,户外机能,其他品牌,1,0,1077,1
6741,魔术贴鞋,47,121,82,99,97,橡胶大底,简约百搭,阿迪达斯,1,0,1383,1
854,松紧带鞋,47,207,54,112,92,PU中底,运动休闲,李宁休闲,1,1,3776,2
462,系带设计,41,186,87,162,97,EVA轻底,潮流高街,阿迪达斯,1,1,759,2
1650,系带设计,53,414,51,211,92,TPR鞋底,复古潮鞋,特步男鞋,1,1,130,3
3013,魔术贴鞋,38,174,57,99,86,橡胶大底,户外机能,鸿星尔克,0,0,4702,1
947,拉链鞋款,53,187,75,140,94,MD发泡底,复古潮鞋,京东京造,1,1,1115,2
155,魔术贴鞋,59,183,88,161,97,MD发泡底,日常休闲,其他品牌,0,0,1062,1
623,系带设计,52,240,52,125,93,TPR鞋底,简约百搭,李宁休闲,0,1,4479,2
6279,套脚款式,56,160,62,99,99,混合鞋底,潮流高街,安踏运动,0,1,993,2
2014,魔术贴鞋,57,135,89,120,99,PU中底,工装硬朗,特步男鞋,0,1,806,2
1032,魔术贴鞋,48,165,60,99,92,MD发泡底,工装硬朗,其他品牌,0,1,26,2
2173,拉链鞋款,39,242,66,160,91,TPR鞋底,运动休闲,鸿星尔克,1,1,739,2
4631,魔术贴鞋,50,310,71,220,100,橡胶大底,简约百搭,安踏运动,1,1,27,2
11532,松紧带鞋,49,162,61,99,91,橡胶大底,日常休闲,回力经典,0,1,22,0
708,系带设计,47,282,57,161,90,TPR鞋底,日常休闲,阿迪达斯,0,0,909,1
567,魔术贴鞋,59,159,75,119,93,EVA轻底,复古潮鞋,京东京造,0,1,19,2
1162,套脚款式,45,228,92,210,97,PU中底,户外机能,其他品牌,0,1,891,2
362,系带设计,42,254,59,150,96,EVA轻底,运动休闲,鸿星尔克,0,1,742,2
2004,松紧带鞋,59,133,88,117,94,橡胶大底,工装硬朗,安踏运动,1,0,10,1
372,系带设计,46,146,68,99,94,MD发泡底,运动休闲,斯凯奇潮,0,1,1149,2
196,松紧带鞋,40,254,61,155,91,TPR鞋底,复古潮鞋,安踏运动,1,0,667,1
1517,套脚款式,58,452,67,303,94,PU中底,工装硬朗,特步男鞋,0,1,964,3
475,拉链鞋款,53,160,62,99,93,PU中底,潮流高街,李宁休闲,1,0,120,1
2066,松紧带鞋,39,157,63,99,92,橡胶大底,复古潮鞋,鸿星尔克,0,0,1391,1
3718,松紧带鞋,61,162,84,136,90,混合鞋底,运动休闲,鸿星尔克,0,1,327,2
1835,系带设计,44,132,75,99,92,TPR鞋底,户外机能,特步男鞋,0,1,4566,2
601,套脚款式,65,395,61,241,92,橡胶大底,简约百搭,鸿星尔克,0,1,581,3
179,拉链鞋款,51,291,78,227,91,TPR鞋底,户外机能,耐克潮流,1,1,27,2
404,松紧带鞋,64,135,85,115,99,混合鞋底,简约百搭,阿迪达斯,0,1,1488,2
8983,系带设计,61,186,96,179,91,TPR鞋底,户外机能,京东京造,1,1,175,2
4370,魔术贴鞋,40,165,81,134,90,MD发泡底,潮流高街,耐克潮流,0,1,4289,2
1711,松紧带鞋,44,403,62,250,88,EVA轻底,日常休闲,李宁休闲,1,0,806,3
177,松紧带鞋,63,204,84,171,94,PU中底,潮流高街,特步男鞋,0,0,1186,1
1051,套脚款式,33,112,88,99,96,TPR鞋底,潮流高街,回力经典,0,0,4760,1
1921,松紧带鞋,55,332,94,312,98,EVA轻底,复古潮鞋,京东京造,0,0,222,3
5134,松紧带鞋,46,146,68,99,96,橡胶大底,复古潮鞋,耐克潮流,0,0,4542,1
529,拉链鞋款,23,112,88,99,92,EVA轻底,日常休闲,斯凯奇潮,1,1,816,2
185,松紧带鞋,46,161,89,143,97,PU中底,日常休闲,其他品牌,1,1,4251,2
2818,拉链鞋款,45,124,80,99,92,MD发泡底,潮流高街,回力经典,1,0,718,1
1320,系带设计,36,274,57,156,93,橡胶大底,运动休闲,李宁休闲,1,0,41,1
694,松紧带鞋,61,198,50,99,98,混合鞋底,日常休闲,鸿星尔克,0,0,805,1
252,松紧带鞋,41,252,54,136,97,橡胶大底,工装硬朗,回力经典,0,0,1252,1
121,魔术贴鞋,42,128,92,118,93,橡胶大底,复古潮鞋,京东京造,0,0,382,1
1508,拉链鞋款,44,256,63,161,91,EVA轻底,工装硬朗,阿迪达斯,0,1,1030,2
1179,套脚款式,38,474,93,441,94,橡胶大底,工装硬朗,其他品牌,1,1,30,3
1702,魔术贴鞋,50,116,85,99,95,MD发泡底,复古潮鞋,安踏运动,0,0,4627,1
7003,松紧带鞋,38,130,76,99,91,EVA轻底,工装硬朗,李宁休闲,1,1,463,2
1985,魔术贴鞋,55,100,99,99,100,EVA轻底,复古潮鞋,耐克潮流,0,0,1087,1
10324,魔术贴鞋,18,162,61,99,89,混合鞋底,复古潮鞋,其他品牌,0,1,414,0
940,魔术贴鞋,43,99,100,99,92,TPR鞋底,日常休闲,斯凯奇潮,0,0,3503,1
504,魔术贴鞋,48,596,50,298,92,EVA轻底,户外机能,阿迪达斯,1,1,465,3
156,套脚款式,47,308,63,194,90,混合鞋底,户外机能,特步男鞋,1,1,3535,2
541,系带设计,45,119,83,99,100,橡胶大底,潮流高街,特步男鞋,1,0,6,1
410,拉链鞋款,46,125,79,99,90,TPR鞋底,运动休闲,李宁休闲,1,0,835,1
189,系带设计,51,157,82,129,90,橡胶大底,潮流高街,李宁休闲,1,1,895,2
2214,松紧带鞋,54,120,97,116,95,橡胶大底,日常休闲,特步男鞋,0,1,7,2
499,魔术贴鞋,54,138,82,113,86,橡胶大底,工装硬朗,耐克潮流,1,1,4343,2
963,套脚款式,40,103,96,99,96,MD发泡底,复古潮鞋,安踏运动,1,0,4191,1
1036,松紧带鞋,50,150,66,99,89,橡胶大底,潮流高街,安踏运动,0,0,1298,1
1740,套脚款式,55,115,86,99,96,TPR鞋底,工装硬朗,安踏运动,0,0,236,1
683,套脚款式,52,124,80,99,98,EVA轻底,工装硬朗,鸿星尔克,0,0,21,1
1250,套脚款式,38,134,74,99,90,橡胶大底,日常休闲,其他品牌,0,0,2684,1
954,拉链鞋款,42,252,54,136,85,混合鞋底,复古潮鞋,特步男鞋,0,0,4045,1
3116,拉链鞋款,45,194,64,124,94,橡胶大底,复古潮鞋,特步男鞋,0,0,1016,1
1278,魔术贴鞋,50,183,54,99,90,混合鞋底,潮流高街,安踏运动,1,0,34,1
3024,松紧带鞋,43,571,86,491,94,混合鞋底,户外机能,李宁休闲,1,1,4300,3
6547,套脚款式,62,177,56,99,96,TPR鞋底,简约百搭,李宁休闲,1,1,282,2
230,拉链鞋款,46,152,65,99,90,MD发泡底,运动休闲,耐克潮流,0,1,3,2
38888,魔术贴鞋,37,458,57,261,100,TPR鞋底,工装硬朗,鸿星尔克,0,1,38,0
5398,套脚款式,48,324,55,178,94,橡胶大底,潮流高街,京东京造,1,0,12,1
269,魔术贴鞋,61,193,58,112,99,EVA轻底,运动休闲,斯凯奇潮,1,0,7,1
1479,拉链鞋款,49,175,73,128,93,MD发泡底,工装硬朗,特步男鞋,1,0,56,1
232,松紧带鞋,53,757,89,674,93,TPR鞋底,复古潮鞋,安踏运动,1,1,192,3
7358,系带设计,54,101,98,99,85,橡胶大底,简约百搭,李宁休闲,0,1,126,2
245,系带设计,49,536,77,413,96,EVA轻底,运动休闲,其他品牌,1,1,4714,3
503,套脚款式,37,122,81,99,95,MD发泡底,工装硬朗,耐克潮流,0,0,889,1
3858,松紧带鞋,63,205,91,187,97,EVA轻底,潮流高街,鸿星尔克,0,0,840,1
292,拉链鞋款,54,141,83,117,99,PU中底,简约百搭,京东京造,1,1,757,2
646,松紧带鞋,45,102,97,99,92,混合鞋底,运动休闲,鸿星尔克,1,1,538,2
1364,松紧带鞋,53,185,54,100,92,TPR鞋底,潮流高街,阿迪达斯,0,0,1490,1
800,套脚款式,42,134,97,130,91,EVA轻底,日常休闲,斯凯奇潮,1,1,1310,2
3017,套脚款式,61,251,84,211,91,TPR鞋底,工装硬朗,斯凯奇潮,0,0,1476,1
1469,系带设计,56,122,81,99,92,PU中底,运动休闲,李宁休闲,1,0,668,1
682,拉链鞋款,53,111,100,111,91,橡胶大底,户外机能,耐克潮流,0,1,3673,2
1414,拉链鞋款,49,202,89,180,87,PU中底,日常休闲,安踏运动,0,0,1105,1
3388,套脚款式,43,103,96,99,96,MD发泡底,简约百搭,回力经典,1,0,755,1
1226,套脚款式,30,105,94,99,97,TPR鞋底,简约百搭,京东京造,1,0,890,1
502,魔术贴鞋,55,333,90,300,90,MD发泡底,户外机能,鸿星尔克,0,0,23,3
3677,拉链鞋款,52,148,67,99,93,橡胶大底,户外机能,京东京造,0,0,276,1
669,套脚款式,35,276,51,141,100,TPR鞋底,复古潮鞋,回力经典,1,1,4127,2
8369,系带设计,58,362,61,221,88,TPR鞋底,潮流高街,鸿星尔克,1,1,325,3
6408,魔术贴鞋,55,165,60,99,91,混合鞋底,工装硬朗,斯凯奇潮,0,1,18,2
1950,拉链鞋款,47,382,60,229,94,混合鞋底,运动休闲,其他品牌,1,1,825,3
1617,拉链鞋款,53,229,87,199,92,橡胶大底,户外机能,耐克潮流,1,0,2185,1
606,套脚款式,52,341,66,225,93,MD发泡底,工装硬朗,耐克潮流,1,1,3077,2
8053,套脚款式,49,257,54,139,97,EVA轻底,潮流高街,李宁休闲,1,1,62,2
242,拉链鞋款,50,183,54,99,93,EVA轻底,复古潮鞋,耐克潮流,0,1,1345,2
290,系带设计,36,110,90,99,96,MD发泡底,工装硬朗,特步男鞋,0,0,3807,1
323,松紧带鞋,53,180,55,99,94,EVA轻底,日常休闲,回力经典,1,0,531,1
555,松紧带鞋,54,112,88,99,95,MD发泡底,日常休闲,鸿星尔克,0,0,46,1
2333,系带设计,41,111,89,99,91,PU中底,复古潮鞋,特步男鞋,0,1,1482,2
2538,松紧带鞋,50,143,69,99,92,TPR鞋底,运动休闲,回力经典,1,0,274,1
5187,松紧带鞋,58,188,57,107,93,MD发泡底,复古潮鞋,斯凯奇潮,1,0,600,1
51,魔术贴鞋,28,222,64,142,100,MD发泡底,潮流高街,阿迪达斯,0,1,656,2
126,系带设计,45,155,64,99,91,混合鞋底,日常休闲,鸿星尔克,0,0,1337,1
551,套脚款式,50,242,79,191,86,橡胶大底,运动休闲,其他品牌,0,0,621,1
3084,拉链鞋款,44,246,69,170,97,TPR鞋底,日常休闲,斯凯奇潮,0,0,837,1
5706,松紧带鞋,38,177,56,99,86,橡胶大底,复古潮鞋,回力经典,0,0,10,1
27738,魔术贴鞋,41,211,85,179,96,混合鞋底,简约百搭,耐克潮流,0,0,1079,0
3905,魔术贴鞋,41,184,82,151,97,MD发泡底,简约百搭,京东京造,1,0,355,1
1125,套脚款式,44,168,59,99,92,混合鞋底,复古潮鞋,安踏运动,0,1,20,2
387,系带设计,36,157,89,140,91,PU中底,工装硬朗,特步男鞋,1,1,4655,2
702,套脚款式,46,101,98,99,97,PU中底,潮流高街,李宁休闲,1,1,1490,2
947,拉链鞋款,32,162,92,149,94,TPR鞋底,工装硬朗,特步男鞋,1,1,10,2
502,套脚款式,41,170,70,119,96,混合鞋底,潮流高街,耐克潮流,0,0,1258,1
4201,魔术贴鞋,37,166,70,116,93,TPR鞋底,潮流高街,京东京造,1,0,704,1
348,松紧带鞋,48,122,81,99,99,混合鞋底,日常休闲,阿迪达斯,0,0,798,1
1155,松紧带鞋,29,116,85,99,93,橡胶大底,潮流高街,鸿星尔克,1,1,267,2
1433,松紧带鞋,44,176,59,104,100,TPR鞋底,日常休闲,鸿星尔克,1,0,4723,1
770,系带设计,43,148,89,132,92,MD发泡底,日常休闲,阿迪达斯,0,0,31,1
1456,松紧带鞋,44,156,84,131,93,MD发泡底,户外机能,耐克潮流,1,0,1382,1
1801,套脚款式,48,125,79,99,93,TPR鞋底,工装硬朗,李宁休闲,0,1,4318,2
133,松紧带鞋,43,214,97,208,91,TPR鞋底,日常休闲,其他品牌,0,0,359,1
1963,魔术贴鞋,55,232,71,165,93,TPR鞋底,工装硬朗,安踏运动,1,1,2386,2
4192,系带设计,53,162,61,99,91,TPR鞋底,日常休闲,耐克潮流,1,0,31,1
370,拉链鞋款,34,118,84,99,95,TPR鞋底,运动休闲,特步男鞋,0,1,3898,2
394,魔术贴鞋,41,349,96,335,100,EVA轻底,简约百搭,李宁休闲,0,0,2347,3
891,套脚款式,37,343,68,233,97,TPR鞋底,日常休闲,安踏运动,0,1,786,2
360,系带设计,35,400,57,228,95,混合鞋底,工装硬朗,斯凯奇潮,0,1,90,3
339,魔术贴鞋,45,160,62,99,89,混合鞋底,简约百搭,其他品牌,1,0,575,1
8526,魔术贴鞋,47,269,95,256,86,橡胶大底,户外机能,京东京造,1,0,1265,1
3152,拉链鞋款,53,155,65,101,91,PU中底,简约百搭,京东京造,1,1,100,2
5855,系带设计,55,119,83,99,86,TPR鞋底,运动休闲,斯凯奇潮,1,1,21,2
224,系带设计,37,216,94,203,96,MD发泡底,户外机能,其他品牌,0,1,1,2
1282,系带设计,35,236,73,172,92,橡胶大底,户外机能,阿迪达斯,0,0,304,1
72,拉链鞋款,45,442,81,358,96,MD发泡底,复古潮鞋,其他品牌,1,1,201,3
1070,系带设计,37,169,87,147,90,混合鞋底,运动休闲,李宁休闲,0,1,0,2
1664,套脚款式,58,113,98,111,87,混合鞋底,户外机能,李宁休闲,0,0,401,1
2073,拉链鞋款,39,800,51,408,86,EVA轻底,日常休闲,安踏运动,1,1,318,3
109,拉链鞋款,48,141,79,111,98,PU中底,潮流高街,耐克潮流,1,1,274,2
1253,魔术贴鞋,59,337,100,337,97,TPR鞋底,运动休闲,斯凯奇潮,0,1,28,3
292,松紧带鞋,54,253,51,129,88,EVA轻底,日常休闲,李宁休闲,1,1,932,2
58,松紧带鞋,58,119,83,99,95,MD发泡底,日常休闲,阿迪达斯,1,0,1009,1
678,拉链鞋款,44,163,76,124,100,PU中底,简约百搭,安踏运动,0,1,1329,2
2243,系带设计,52,109,91,99,94,PU中底,日常休闲,特步男鞋,1,0,235,1
686,松紧带鞋,50,99,100,99,91,混合鞋底,运动休闲,李宁休闲,0,0,1430,1
1321,系带设计,61,132,75,99,90,MD发泡底,简约百搭,李宁休闲,0,0,205,1
4468,套脚款式,49,111,89,99,85,TPR鞋底,简约百搭,京东京造,1,0,486,1
951,套脚款式,52,100,99,99,97,橡胶大底,运动休闲,耐克潮流,1,1,1255,2
1409,松紧带鞋,51,173,92,159,90,EVA轻底,潮流高街,鸿星尔克,0,1,798,2
5384,系带设计,50,279,89,248,90,混合鞋底,潮流高街,阿迪达斯,0,1,1147,2
1339,魔术贴鞋,38,143,88,126,90,TPR鞋底,日常休闲,耐克潮流,1,0,124,1
931,魔术贴鞋,44,504,67,338,98,MD发泡底,简约百搭,耐克潮流,1,1,665,3
257,拉链鞋款,56,127,78,99,97,PU中底,潮流高街,斯凯奇潮,0,0,1430,1
1991,魔术贴鞋,52,369,52,192,93,混合鞋底,复古潮鞋,李宁休闲,1,0,13,1
2828,套脚款式,42,167,63,105,96,EVA轻底,日常休闲,阿迪达斯,1,0,1213,1
1149,魔术贴鞋,51,332,93,309,97,TPR鞋底,工装硬朗,李宁休闲,0,1,3141,3
16766,拉链鞋款,57,145,97,141,96,混合鞋底,户外机能,耐克潮流,1,1,1400,0
3206,拉链鞋款,45,152,65,99,98,TPR鞋底,日常休闲,特步男鞋,0,0,3580,1
920,拉链鞋款,60,151,75,113,96,TPR鞋底,户外机能,斯凯奇潮,0,1,20,2
1365,拉链鞋款,57,111,89,99,97,混合鞋底,潮流高街,阿迪达斯,0,1,36,2
2058,松紧带鞋,51,357,79,282,97,PU中底,日常休闲,李宁休闲,1,0,10,3
145,松紧带鞋,39,242,52,126,100,EVA轻底,日常休闲,特步男鞋,1,0,34,1
1532,魔术贴鞋,41,112,88,99,93,EVA轻底,运动休闲,阿迪达斯,1,1,724,2
5049,系带设计,58,258,53,137,91,混合鞋底,工装硬朗,特步男鞋,0,0,576,1
5145,套脚款式,61,144,73,105,98,MD发泡底,日常休闲,京东京造,1,0,475,1
1558,套脚款式,46,195,59,115,90,TPR鞋底,复古潮鞋,其他品牌,0,0,584,1
1227,套脚款式,40,194,52,101,90,混合鞋底,潮流高街,李宁休闲,1,0,3141,1
3112,松紧带鞋,42,101,98,99,91,EVA轻底,简约百搭,斯凯奇潮,1,1,1,2
66,松紧带鞋,53,271,95,257,94,TPR鞋底,日常休闲,特步男鞋,0,1,24,2
1845,拉链鞋款,56,148,67,99,95,MD发泡底,工装硬朗,耐克潮流,0,1,13,2
1053,拉链鞋款,60,242,55,133,96,TPR鞋底,潮流高街,鸿星尔克,1,0,503,1
3486,系带设计,46,182,90,164,92,橡胶大底,潮流高街,斯凯奇潮,1,0,440,1
2025,系带设计,55,173,86,149,98,MD发泡底,简约百搭,斯凯奇潮,1,0,14,1
587,松紧带鞋,40,127,78,99,86,橡胶大底,户外机能,其他品牌,0,1,156,2
2235,松紧带鞋,63,121,82,99,92,TPR鞋底,运动休闲,阿迪达斯,1,1,36,2
194,系带设计,65,299,68,203,94,橡胶大底,复古潮鞋,京东京造,0,0,465,1
375,松紧带鞋,35,148,67,99,95,TPR鞋底,工装硬朗,鸿星尔克,1,0,4759,1
438,魔术贴鞋,45,182,72,131,96,混合鞋底,复古潮鞋,特步男鞋,0,0,439,1
245,魔术贴鞋,53,148,67,99,97,PU中底,运动休闲,李宁休闲,1,0,29,1
2238,魔术贴鞋,48,204,73,149,91,TPR鞋底,复古潮鞋,其他品牌,1,0,1335,1
1613,魔术贴鞋,43,191,79,151,90,MD发泡底,简约百搭,安踏运动,0,0,976,1
524,系带设计,43,102,99,101,93,MD发泡底,复古潮鞋,耐克潮流,0,1,65,2
7206,魔术贴鞋,55,252,75,189,97,EVA轻底,户外机能,斯凯奇潮,1,0,4069,1
7724,套脚款式,50,103,99,102,91,橡胶大底,简约百搭,鸿星尔克,0,0,749,1
3817,拉链鞋款,41,124,80,99,91,PU中底,日常休闲,李宁休闲,0,0,141,1
2298,套脚款式,37,420,50,210,91,MD发泡底,日常休闲,其他品牌,0,0,27,3
1024,拉链鞋款,42,269,75,202,87,混合鞋底,户外机能,鸿星尔克,0,0,3034,1
1738,松紧带鞋,47,214,65,139,90,橡胶大底,复古潮鞋,斯凯奇潮,1,1,990,2
851,松紧带鞋,49,254,97,246,89,混合鞋底,户外机能,斯凯奇潮,1,0,1470,1
878,魔术贴鞋,46,187,87,163,90,PU中底,运动休闲,斯凯奇潮,1,0,27,1
1588,松紧带鞋,52,108,92,99,97,混合鞋底,工装硬朗,京东京造,0,0,46,1
128,松紧带鞋,56,108,92,99,95,EVA轻底,日常休闲,阿迪达斯,0,0,2276,1
2269,松紧带鞋,50,150,66,99,92,EVA轻底,简约百搭,其他品牌,0,0,49,1
2380,套脚款式,32,200,63,126,91,橡胶大底,日常休闲,耐克潮流,0,0,285,1
702,松紧带鞋,18,599,74,443,91,混合鞋底,简约百搭,阿迪达斯,1,1,1266,3
4078,魔术贴鞋,42,127,78,99,100,EVA轻底,简约百搭,安踏运动,0,1,12,2
3525,套脚款式,44,214,58,124,100,橡胶大底,日常休闲,阿迪达斯,0,0,1250,1
1585,系带设计,56,184,83,153,93,MD发泡底,潮流高街,李宁休闲,1,0,451,1
9124,松紧带鞋,39,176,92,162,95,TPR鞋底,潮流高街,李宁休闲,1,0,344,1
82,松紧带鞋,41,122,81,99,94,混合鞋底,潮流高街,阿迪达斯,0,0,1185,1
1161,松紧带鞋,27,171,87,149,91,EVA轻底,户外机能,阿迪达斯,1,0,1087,1
772,拉链鞋款,40,147,73,107,96,MD发泡底,潮流高街,其他品牌,0,1,368,2
4366,松紧带鞋,49,115,86,99,91,橡胶大底,工装硬朗,其他品牌,1,0,366,1
1825,系带设计,50,954,61,582,95,MD发泡底,工装硬朗,斯凯奇潮,1,1,1500,3
1125,松紧带鞋,42,223,65,145,96,混合鞋底,简约百搭,阿迪达斯,0,0,1328,1
265,套脚款式,51,111,89,99,97,MD发泡底,复古潮鞋,回力经典,1,1,671,2
1066,拉链鞋款,52,402,56,225,96,混合鞋底,复古潮鞋,斯凯奇潮,0,1,1350,3
918,拉链鞋款,45,124,80,99,96,EVA轻底,潮流高街,李宁休闲,0,1,322,2
643,魔术贴鞋,43,121,82,99,95,混合鞋底,日常休闲,耐克潮流,1,1,4683,2
624,魔术贴鞋,46,341,54,184,85,TPR鞋底,复古潮鞋,耐克潮流,0,1,1422,2
5636,魔术贴鞋,41,103,96,99,97,MD发泡底,运动休闲,其他品牌,1,0,10,1
287,套脚款式,49,198,50,99,96,TPR鞋底,潮流高街,鸿星尔克,0,0,1218,1
2807,套脚款式,59,105,94,99,87,EVA轻底,日常休闲,耐克潮流,0,1,1130,2
465,拉链鞋款,60,132,99,131,98,EVA轻底,复古潮鞋,鸿星尔克,0,0,1100,1
3150,拉链鞋款,54,180,55,99,91,PU中底,简约百搭,回力经典,0,0,417,1
103,拉链鞋款,52,113,99,112,91,PU中底,潮流高街,鸿星尔克,0,1,2009,2
2410,松紧带鞋,65,347,86,298,90,EVA轻底,简约百搭,其他品牌,1,0,56,3
407,松紧带鞋,49,177,56,99,93,MD发泡底,运动休闲,安踏运动,1,0,1341,1
638,魔术贴鞋,51,148,99,147,95,混合鞋底,潮流高街,特步男鞋,0,1,3611,2
1024,套脚款式,51,195,88,172,90,EVA轻底,日常休闲,斯凯奇潮,0,0,14,1
2470,套脚款式,48,100,99,99,94,混合鞋底,简约百搭,鸿星尔克,1,1,1275,2
330,系带设计,56,134,74,99,85,TPR鞋底,日常休闲,特步男鞋,1,0,4,1
884,拉链鞋款,55,116,85,99,97,PU中底,户外机能,耐克潮流,0,0,26,1
1883,魔术贴鞋,38,204,73,149,93,PU中底,户外机能,李宁休闲,0,0,26,1
288,拉链鞋款,33,128,100,128,97,TPR鞋底,潮流高街,京东京造,1,0,23,1
1328,松紧带鞋,33,182,55,100,97,MD发泡底,户外机能,其他品牌,1,0,1236,1
4085,套脚款式,46,279,68,190,99,TPR鞋底,简约百搭,安踏运动,0,0,1018,1
883,套脚款式,58,385,52,200,90,MD发泡底,潮流高街,鸿星尔克,0,1,686,3
378,拉链鞋款,45,498,54,269,95,EVA轻底,运动休闲,回力经典,1,0,7,3
1070,套脚款式,45,141,76,107,98,MD发泡底,潮流高街,京东京造,0,1,1205,2
939,松紧带鞋,41,177,56,99,96,MD发泡底,简约百搭,回力经典,0,1,102,2
307,松紧带鞋,43,104,95,99,91,PU中底,户外机能,京东京造,0,0,14,1
186,松紧带鞋,49,462,87,402,96,EVA轻底,运动休闲,其他品牌,1,1,1187,3
7764,拉链鞋款,49,155,64,99,91,MD发泡底,工装硬朗,斯凯奇潮,1,1,592,2
330,拉链鞋款,49,203,66,134,94,橡胶大底,简约百搭,安踏运动,1,1,1445,2
8889,魔术贴鞋,44,372,65,242,99,EVA轻底,运动休闲,斯凯奇潮,1,0,7,3
1596,套脚款式,43,134,74,99,95,橡胶大底,复古潮鞋,其他品牌,1,1,1147,2
1681,松紧带鞋,37,108,92,99,96,橡胶大底,运动休闲,鸿星尔克,0,1,44,2
1421,魔术贴鞋,51,299,79,236,91,PU中底,复古潮鞋,安踏运动,1,0,733,1
1267,系带设计,48,210,61,128,99,混合鞋底,复古潮鞋,耐克潮流,0,1,930,2
1831,系带设计,53,228,64,146,92,EVA轻底,复古潮鞋,京东京造,0,0,1241,1
2694,拉链鞋款,60,114,87,99,89,EVA轻底,运动休闲,安踏运动,0,0,10,1
2338,松紧带鞋,48,129,77,99,89,MD发泡底,潮流高街,回力经典,1,1,467,2
802,系带设计,42,146,68,99,93,TPR鞋底,户外机能,安踏运动,0,1,428,2
344,拉链鞋款,53,141,98,138,96,EVA轻底,日常休闲,斯凯奇潮,0,1,1432,2
1462,套脚款式,58,110,90,99,89,EVA轻底,运动休闲,鸿星尔克,1,0,4237,1
2054,拉链鞋款,48,218,77,168,91,EVA轻底,运动休闲,李宁休闲,0,1,1111,2
9119,拉链鞋款,56,405,56,227,95,MD发泡底,工装硬朗,李宁休闲,0,0,37,3
2257,拉链鞋款,65,123,86,106,99,混合鞋底,简约百搭,鸿星尔克,0,0,934,1
111,松紧带鞋,37,305,55,168,94,混合鞋底,潮流高街,李宁休闲,1,1,1359,2
789,魔术贴鞋,49,271,73,198,90,橡胶大底,工装硬朗,特步男鞋,0,0,1449,1
379,套脚款式,50,359,51,183,92,橡胶大底,户外机能,回力经典,1,0,2207,1
2794,套脚款式,40,109,91,99,96,MD发泡底,简约百搭,其他品牌,0,0,4912,1
2969,魔术贴鞋,55,111,89,99,92,TPR鞋底,复古潮鞋,安踏运动,1,0,50,1
1250,松紧带鞋,43,316,56,177,90,MD发泡底,户外机能,李宁休闲,1,0,2,1
487,拉链鞋款,43,99,100,99,94,TPR鞋底,工装硬朗,鸿星尔克,0,1,595,2
5204,套脚款式,58,229,62,142,91,TPR鞋底,日常休闲,回力经典,1,1,870,2
733,套脚款式,57,134,74,99,96,混合鞋底,工装硬朗,阿迪达斯,1,0,732,1
1398,魔术贴鞋,59,203,66,134,100,混合鞋底,日常休闲,特步男鞋,0,1,854,2
335,魔术贴鞋,43,162,61,99,90,EVA轻底,户外机能,特步男鞋,1,0,381,1
880,系带设计,37,116,85,99,94,TPR鞋底,工装硬朗,京东京造,0,1,873,2
1373,松紧带鞋,42,244,71,173,95,EVA轻底,运动休闲,斯凯奇潮,1,0,21,1
322,拉链鞋款,48,393,67,263,93,PU中底,日常休闲,耐克潮流,1,1,1368,3
1999,松紧带鞋,46,105,94,99,92,混合鞋底,简约百搭,回力经典,0,0,509,1
363,套脚款式,48,239,93,222,94,混合鞋底,工装硬朗,李宁休闲,0,0,4101,1
3179,松紧带鞋,60,217,53,115,94,橡胶大底,复古潮鞋,京东京造,1,0,31,1
497,系带设计,50,180,55,99,96,橡胶大底,日常休闲,特步男鞋,1,1,721,2
634,系带设计,49,177,56,99,92,TPR鞋底,户外机能,耐克潮流,0,1,1114,2
762,套脚款式,46,388,50,194,95,EVA轻底,简约百搭,阿迪达斯,1,0,22,3
9388,套脚款式,38,244,62,151,97,PU中底,复古潮鞋,阿迪达斯,1,1,378,2
160,松紧带鞋,42,319,53,169,91,MD发泡底,日常休闲,斯凯奇潮,1,0,50,1
264,套脚款式,38,368,65,239,93,PU中底,工装硬朗,阿迪达斯,0,0,0,3
809,系带设计,32,274,78,214,97,混合鞋底,户外机能,耐克潮流,1,1,854,2
613,拉链鞋款,38,173,62,107,94,TPR鞋底,工装硬朗,阿迪达斯,0,0,448,1
776,松紧带鞋,46,179,75,134,97,EVA轻底,工装硬朗,回力经典,1,1,14,2
1129,拉链鞋款,48,343,89,305,87,PU中底,运动休闲,回力经典,1,0,450,3
744,套脚款式,44,132,77,102,90,EVA轻底,日常休闲,李宁休闲,1,0,12,1
1112,套脚款式,48,134,74,99,92,EVA轻底,户外机能,其他品牌,1,0,43,1
3128,拉链鞋款,63,135,89,120,94,EVA轻底,复古潮鞋,京东京造,0,0,1210,1
684,套脚款式,40,165,60,99,93,EVA轻底,潮流高街,李宁休闲,1,1,461,2
3041,拉链鞋款,42,155,84,130,98,TPR鞋底,复古潮鞋,其他品牌,0,0,652,1
1007,拉链鞋款,47,198,50,99,90,TPR鞋底,日常休闲,特步男鞋,0,0,2,1
3043,魔术贴鞋,47,182,99,180,93,EVA轻底,简约百搭,回力经典,0,0,1299,1
8036,套脚款式,56,162,61,99,95,MD发泡底,工装硬朗,安踏运动,0,1,16,2
720,套脚款式,54,223,91,203,89,混合鞋底,复古潮鞋,其他品牌,1,0,3690,1
502,拉链鞋款,57,198,50,99,90,混合鞋底,复古潮鞋,安踏运动,0,0,382,1
1183,套脚款式,36,592,83,491,88,MD发泡底,日常休闲,其他品牌,1,0,3801,3
4115,拉链鞋款,40,383,94,360,91,混合鞋底,户外机能,特步男鞋,1,0,824,3
3389,套脚款式,39,174,57,99,92,橡胶大底,工装硬朗,李宁休闲,0,0,24,1
185,拉链鞋款,43,160,62,99,95,混合鞋底,潮流高街,斯凯奇潮,0,1,1411,2
1746,套脚款式,36,193,82,158,93,橡胶大底,运动休闲,其他品牌,1,0,113,1
509,魔术贴鞋,45,500,56,280,99,混合鞋底,简约百搭,鸿星尔克,1,1,4542,3
87,套脚款式,51,381,57,217,88,EVA轻底,简约百搭,京东京造,1,0,26,3
307,松紧带鞋,42,241,96,231,93,EVA轻底,复古潮鞋,李宁休闲,0,0,3200,1
7904,系带设计,59,162,61,99,97,PU中底,潮流高街,阿迪达斯,0,1,122,2
89,松紧带鞋,38,458,53,243,90,混合鞋底,复古潮鞋,阿迪达斯,1,0,3300,3
2071,魔术贴鞋,40,278,67,186,97,PU中底,日常休闲,鸿星尔克,0,0,18,1
1105,系带设计,47,259,64,166,96,TPR鞋底,潮流高街,安踏运动,0,1,43,2
2061,系带设计,63,1198,52,623,93,橡胶大底,日常休闲,京东京造,0,0,2699,3
228,松紧带鞋,55,118,84,99,90,TPR鞋底,简约百搭,特步男鞋,1,0,1237,1
64,系带设计,42,183,54,99,91,混合鞋底,运动休闲,耐克潮流,1,1,10,2
838,拉链鞋款,60,175,84,147,90,MD发泡底,潮流高街,阿迪达斯,0,0,1228,1
1565,拉链鞋款,47,185,99,183,92,MD发泡底,户外机能,京东京造,0,1,676,2
253,拉链鞋款,42,116,85,99,91,TPR鞋底,简约百搭,特步男鞋,1,0,3,1
795,拉链鞋款,40,484,50,242,98,TPR鞋底,运动休闲,耐克潮流,1,0,4924,3
1182,松紧带鞋,61,180,55,99,96,橡胶大底,复古潮鞋,安踏运动,1,0,3115,1
1117,魔术贴鞋,60,266,53,141,96,EVA轻底,复古潮鞋,特步男鞋,1,0,983,1
3879,套脚款式,57,159,90,143,88,PU中底,运动休闲,其他品牌,1,0,1464,1
5182,套脚款式,48,119,83,99,94,橡胶大底,工装硬朗,阿迪达斯,0,0,808,1
242,魔术贴鞋,42,143,69,99,92,TPR鞋底,复古潮鞋,安踏运动,1,1,2598,2
2070,拉链鞋款,44,241,69,166,97,橡胶大底,简约百搭,京东京造,0,1,585,2
10627,魔术贴鞋,51,110,90,99,100,PU中底,运动休闲,安踏运动,1,1,2728,0
1892,魔术贴鞋,39,332,74,246,97,橡胶大底,复古潮鞋,特步男鞋,0,0,56,1
2087,套脚款式,55,210,86,181,93,混合鞋底,潮流高街,耐克潮流,1,0,33,1
284,魔术贴鞋,57,264,87,230,97,EVA轻底,复古潮鞋,阿迪达斯,1,0,4780,1
611,魔术贴鞋,64,283,58,164,86,TPR鞋底,简约百搭,安踏运动,1,1,256,2
466,拉链鞋款,45,190,52,99,93,EVA轻底,日常休闲,阿迪达斯,0,1,2900,2
3708,系带设计,52,167,98,164,97,橡胶大底,工装硬朗,安踏运动,0,0,2607,1
2983,魔术贴鞋,47,150,66,99,90,混合鞋底,运动休闲,李宁休闲,1,0,1233,1
2367,系带设计,35,119,83,99,93,橡胶大底,潮流高街,鸿星尔克,1,0,1034,1
2089,松紧带鞋,37,220,56,123,96,TPR鞋底,工装硬朗,安踏运动,0,1,2564,2
4458,套脚款式,49,150,66,99,95,PU中底,运动休闲,安踏运动,0,1,538,2
2786,松紧带鞋,41,166,97,161,97,PU中底,潮流高街,回力经典,1,0,556,1
4470,松紧带鞋,53,155,64,99,92,橡胶大底,简约百搭,京东京造,1,1,322,2
496,魔术贴鞋,55,418,55,230,93,混合鞋底,复古潮鞋,斯凯奇潮,0,1,4537,3
2349,拉链鞋款,42,177,69,122,94,TPR鞋底,潮流高街,阿迪达斯,1,1,15,2
1077,魔术贴鞋,46,636,74,471,94,MD发泡底,户外机能,安踏运动,1,1,1194,3
6734,拉链鞋款,41,194,51,99,95,TPR鞋底,日常休闲,其他品牌,1,1,32,2
2953,拉链鞋款,60,110,90,99,98,MD发泡底,户外机能,李宁休闲,0,1,779,2
650,魔术贴鞋,29,132,75,99,88,橡胶大底,简约百搭,特步男鞋,0,0,26,1
822,拉链鞋款,41,181,59,107,95,PU中底,运动休闲,鸿星尔克,0,0,491,1
7150,魔术贴鞋,59,132,75,99,97,EVA轻底,运动休闲,特步男鞋,1,0,40,1
649,套脚款式,53,248,65,161,96,混合鞋底,运动休闲,耐克潮流,0,1,4463,2
2283,系带设计,48,148,95,141,87,EVA轻底,户外机能,鸿星尔克,0,0,304,1
1239,魔术贴鞋,38,312,57,178,95,混合鞋底,运动休闲,鸿星尔克,0,0,233,1
830,套脚款式,43,109,91,99,90,MD发泡底,日常休闲,耐克潮流,0,0,1093,1
1479,套脚款式,44,129,77,99,92,橡胶大底,日常休闲,回力经典,1,1,983,2
716,系带设计,46,317,82,260,95,TPR鞋底,工装硬朗,李宁休闲,0,0,3746,1
82,松紧带鞋,53,198,84,166,96,橡胶大底,工装硬朗,特步男鞋,0,1,831,2
198,松紧带鞋,49,385,53,204,94,混合鞋底,潮流高街,李宁休闲,0,1,68,3
316,套脚款式,43,310,77,239,91,橡胶大底,潮流高街,耐克潮流,1,0,628,1
2846,松紧带鞋,48,182,62,113,91,TPR鞋底,潮流高街,李宁休闲,0,1,739,2
1782,松紧带鞋,51,219,77,169,95,MD发泡底,日常休闲,特步男鞋,0,0,1030,1
3886,松紧带鞋,55,112,88,99,94,橡胶大底,运动休闲,阿迪达斯,1,0,1053,1
303,系带设计,59,187,53,99,95,EVA轻底,日常休闲,阿迪达斯,1,0,1254,1
1611,拉链鞋款,40,213,55,117,96,TPR鞋底,工装硬朗,回力经典,1,1,872,2
1121,系带设计,53,261,80,209,93,PU中底,潮流高街,鸿星尔克,0,1,1441,2
753,魔术贴鞋,49,126,86,108,92,橡胶大底,复古潮鞋,鸿星尔克,1,1,1066,2
2132,套脚款式,55,112,88,99,89,PU中底,运动休闲,京东京造,0,1,910,2
3419,套脚款式,38,156,70,109,93,EVA轻底,复古潮鞋,耐克潮流,0,0,970,1
487,套脚款式,52,225,67,151,90,TPR鞋底,运动休闲,安踏运动,0,1,1247,2
141,套脚款式,50,129,93,120,92,混合鞋底,潮流高街,京东京造,0,1,1267,2
799,套脚款式,49,136,73,99,86,混合鞋底,复古潮鞋,阿迪达斯,0,1,122,2
1297,魔术贴鞋,46,148,88,130,100,混合鞋底,工装硬朗,鸿星尔克,0,0,608,1
3931,魔术贴鞋,46,162,98,159,95,MD发泡底,工装硬朗,阿迪达斯,0,1,3101,2
4239,魔术贴鞋,33,226,53,120,99,EVA轻底,简约百搭,李宁休闲,0,0,1156,1
1205,魔术贴鞋,46,160,62,99,91,橡胶大底,简约百搭,特步男鞋,0,0,1063,1
1306,系带设计,36,257,76,195,97,PU中底,日常休闲,阿迪达斯,1,1,520,2
2171,魔术贴鞋,36,157,63,99,89,MD发泡底,复古潮鞋,斯凯奇潮,0,1,25,2
1805,拉链鞋款,45,486,76,369,92,TPR鞋底,运动休闲,斯凯奇潮,1,0,1315,3
111,系带设计,58,115,86,99,91,MD发泡底,复古潮鞋,特步男鞋,0,1,816,2
153,拉链鞋款,55,214,81,173,99,PU中底,简约百搭,阿迪达斯,0,1,1460,2
693,套脚款式,41,335,66,221,90,TPR鞋底,运动休闲,耐克潮流,1,0,50,1
1478,拉链鞋款,45,108,92,99,96,TPR鞋底,日常休闲,斯凯奇潮,1,1,414,2
704,系带设计,20,143,99,142,96,TPR鞋底,潮流高街,安踏运动,0,0,122,1
2005,魔术贴鞋,40,284,82,233,94,混合鞋底,简约百搭,李宁休闲,0,0,342,1
2187,魔术贴鞋,48,362,50,181,94,橡胶大底,复古潮鞋,京东京造,1,0,243,1
3522,套脚款式,39,325,92,299,91,EVA轻底,户外机能,斯凯奇潮,0,0,956,3
226,系带设计,48,224,62,139,98,EVA轻底,户外机能,回力经典,0,0,399,1
7234,松紧带鞋,35,103,96,99,96,PU中底,复古潮鞋,鸿星尔克,0,1,1211,2
3052,系带设计,55,309,91,281,91,TPR鞋底,运动休闲,斯凯奇潮,0,0,575,1
371,松紧带鞋,44,160,78,125,92,混合鞋底,复古潮鞋,特步男鞋,1,0,767,1
3180,魔术贴鞋,41,314,69,217,99,TPR鞋底,简约百搭,李宁休闲,1,1,32,2
18119,松紧带鞋,62,410,62,254,85,MD发泡底,户外机能,安踏运动,0,0,10,0
128,系带设计,43,146,97,142,86,橡胶大底,简约百搭,特步男鞋,1,0,111,1
315,系带设计,53,201,70,141,97,PU中底,简约百搭,特步男鞋,1,1,14,2
431,套脚款式,46,359,94,337,91,EVA轻底,工装硬朗,阿迪达斯,0,1,4065,3
5336,系带设计,37,185,61,113,100,橡胶大底,工装硬朗,回力经典,1,0,3514,1
209,松紧带鞋,41,260,57,148,91,EVA轻底,复古潮鞋,回力经典,1,1,1094,2
1265,魔术贴鞋,65,652,62,404,96,橡胶大底,潮流高街,安踏运动,0,1,190,3
2736,松紧带鞋,35,136,90,122,96,橡胶大底,简约百搭,阿迪达斯,0,1,4441,2
514,拉链鞋款,48,168,59,99,92,混合鞋底,复古潮鞋,其他品牌,1,0,1334,1
1880,系带设计,48,110,90,99,98,混合鞋底,复古潮鞋,特步男鞋,1,0,450,1
5087,套脚款式,47,180,55,99,91,橡胶大底,日常休闲,安踏运动,0,0,25,1
1002,魔术贴鞋,55,115,86,99,96,混合鞋底,工装硬朗,其他品牌,1,1,1172,2
2348,套脚款式,36,110,90,99,91,PU中底,简约百搭,阿迪达斯,0,0,599,1
254,系带设计,50,200,100,200,96,TPR鞋底,潮流高街,特步男鞋,1,0,1100,1
3996,套脚款式,51,177,56,99,91,MD发泡底,复古潮鞋,京东京造,0,1,4583,2
783,套脚款式,41,110,90,99,91,MD发泡底,潮流高街,京东京造,1,0,4977,1
971,魔术贴鞋,31,305,76,232,99,MD发泡底,日常休闲,其他品牌,0,1,25,2
1780,套脚款式,56,108,92,99,95,PU中底,工装硬朗,京东京造,0,0,1418,1
1589,系带设计,59,127,94,119,96,EVA轻底,运动休闲,阿迪达斯,0,0,1222,1
4607,拉链鞋款,50,109,91,99,98,混合鞋底,户外机能,耐克潮流,0,1,3383,2
2267,拉链鞋款,55,103,96,99,91,EVA轻底,复古潮鞋,回力经典,0,0,12,1
339,套脚款式,55,275,65,179,92,混合鞋底,工装硬朗,京东京造,0,0,146,1
789,松紧带鞋,50,198,50,99,94,PU中底,复古潮鞋,京东京造,0,0,822,1
293,松紧带鞋,48,138,72,99,96,MD发泡底,简约百搭,斯凯奇潮,1,0,1148,1
347,套脚款式,31,365,91,332,91,EVA轻底,工装硬朗,阿迪达斯,1,1,785,3
3163,松紧带鞋,55,105,94,99,94,橡胶大底,工装硬朗,安踏运动,1,0,965,1
7415,魔术贴鞋,59,194,83,161,93,TPR鞋底,简约百搭,其他品牌,1,1,34,2
541,系带设计,55,157,88,138,97,橡胶大底,日常休闲,安踏运动,0,0,1360,1
675,拉链鞋款,48,234,76,178,99,混合鞋底,复古潮鞋,京东京造,0,1,317,2
595,松紧带鞋,45,245,84,206,96,橡胶大底,简约百搭,鸿星尔克,0,1,87,2
2268,套脚款式,48,150,66,99,92,混合鞋底,户外机能,特步男鞋,0,1,420,2
2301,松紧带鞋,47,239,92,220,93,橡胶大底,简约百搭,安踏运动,1,1,1141,2
1487,松紧带鞋,50,114,87,99,93,TPR鞋底,工装硬朗,李宁休闲,1,1,414,2
2949,松紧带鞋,50,243,67,163,91,EVA轻底,工装硬朗,回力经典,1,1,2207,2
7847,松紧带鞋,34,157,63,99,97,EVA轻底,潮流高街,回力经典,1,0,11,1
100,拉链鞋款,53,484,57,276,100,PU中底,户外机能,回力经典,1,1,0,3
579,魔术贴鞋,46,436,94,410,92,橡胶大底,运动休闲,鸿星尔克,1,1,30,3
494,套脚款式,54,109,93,101,90,橡胶大底,潮流高街,回力经典,1,1,67,2
299,拉链鞋款,47,273,99,270,96,PU中底,潮流高街,京东京造,1,0,1127,1
999,系带设计,48,143,69,99,94,EVA轻底,简约百搭,京东京造,1,0,7,1
5289,魔术贴鞋,47,198,50,99,90,MD发泡底,运动休闲,耐克潮流,0,1,50,2
3346,系带设计,35,111,89,99,91,EVA轻底,复古潮鞋,斯凯奇潮,1,0,807,1
206,系带设计,47,122,81,99,95,MD发泡底,简约百搭,斯凯奇潮,1,0,724,1
2841,魔术贴鞋,46,258,93,240,99,EVA轻底,简约百搭,鸿星尔克,0,0,243,1
391,拉链鞋款,58,134,74,99,90,PU中底,简约百搭,斯凯奇潮,0,0,14,1
480,魔术贴鞋,50,165,60,99,93,MD发泡底,潮流高街,阿迪达斯,1,1,3995,2
1670,套脚款式,28,151,72,109,93,PU中底,运动休闲,京东京造,1,0,1405,1
1362,拉链鞋款,47,260,73,190,91,EVA轻底,复古潮鞋,安踏运动,0,0,845,1
335,系带设计,57,271,52,141,96,TPR鞋底,运动休闲,安踏运动,0,0,21,1
90,松紧带鞋,56,173,79,137,95,PU中底,户外机能,鸿星尔克,1,0,633,1
4969,系带设计,57,186,99,184,98,橡胶大底,日常休闲,特步男鞋,0,1,16,2
2476,魔术贴鞋,42,119,83,99,90,EVA轻底,运动休闲,安踏运动,0,0,1286,1
1453,松紧带鞋,40,99,100,99,86,TPR鞋底,复古潮鞋,特步男鞋,0,1,4199,2
1108,拉链鞋款,61,341,73,249,93,橡胶大底,户外机能,京东京造,0,1,49,3
253,松紧带鞋,53,193,85,164,97,橡胶大底,运动休闲,京东京造,1,1,1039,2
708,魔术贴鞋,47,124,80,99,95,EVA轻底,简约百搭,李宁休闲,1,0,613,1
1064,拉链鞋款,39,188,84,158,92,橡胶大底,潮流高街,特步男鞋,0,0,635,1
366,魔术贴鞋,44,174,76,132,87,EVA轻底,工装硬朗,其他品牌,1,1,1280,2
574,松紧带鞋,60,106,93,99,99,EVA轻底,运动休闲,回力经典,0,0,714,1
1120,魔术贴鞋,35,168,93,156,91,混合鞋底,运动休闲,鸿星尔克,1,1,2,2
1809,拉链鞋款,49,635,52,330,92,橡胶大底,户外机能,安踏运动,1,1,924,3
817,套脚款式,43,124,96,119,96,橡胶大底,户外机能,斯凯奇潮,0,0,87,1
2155,魔术贴鞋,49,102,97,99,97,橡胶大底,复古潮鞋,阿迪达斯,0,1,160,2
3734,拉链鞋款,43,298,80,238,85,EVA轻底,运动休闲,李宁休闲,1,0,467,1
585,拉链鞋款,41,120,87,104,100,MD发泡底,简约百搭,阿迪达斯,1,1,1492,2
3353,松紧带鞋,44,268,53,142,95,混合鞋底,潮流高街,耐克潮流,1,1,2919,2
3891,松紧带鞋,33,153,66,101,85,混合鞋底,工装硬朗,特步男鞋,1,0,39,1
1614,系带设计,61,108,92,99,98,MD发泡底,日常休闲,京东京造,0,0,1176,1
3131,套脚款式,48,195,63,123,94,EVA轻底,户外机能,特步男鞋,1,1,788,2
516,套脚款式,36,253,68,172,95,橡胶大底,工装硬朗,耐克潮流,1,1,1391,2
1143,魔术贴鞋,52,150,100,150,94,TPR鞋底,日常休闲,鸿星尔克,0,0,1130,1
2558,系带设计,48,544,82,446,95,TPR鞋底,日常休闲,耐克潮流,0,0,4091,3
694,松紧带鞋,61,121,82,99,92,EVA轻底,运动休闲,特步男鞋,0,0,4693,1
521,拉链鞋款,49,142,100,142,93,橡胶大底,运动休闲,斯凯奇潮,1,0,4751,1
308,套脚款式,44,108,96,104,92,橡胶大底,户外机能,斯凯奇潮,1,0,609,1
100,拉链鞋款,44,126,96,121,93,橡胶大底,复古潮鞋,回力经典,0,0,1498,1
246,系带设计,34,134,76,102,100,混合鞋底,简约百搭,其他品牌,0,0,218,1
1604,魔术贴鞋,40,168,59,99,92,橡胶大底,工装硬朗,其他品牌,1,1,3977,2
57,魔术贴鞋,31,160,62,99,97,PU中底,复古潮鞋,安踏运动,0,0,33,1
1275,魔术贴鞋,51,153,86,132,94,PU中底,工装硬朗,安踏运动,0,0,29,1
1801,系带设计,35,152,93,141,92,PU中底,复古潮鞋,耐克潮流,0,1,467,2
3138,松紧带鞋,56,620,86,533,92,橡胶大底,简约百搭,安踏运动,1,1,3551,3
11649,系带设计,36,125,79,99,97,PU中底,日常休闲,李宁休闲,1,0,779,0
149,系带设计,43,122,81,99,98,MD发泡底,工装硬朗,京东京造,1,1,4658,2
2785,魔术贴鞋,40,132,75,99,94,TPR鞋底,简约百搭,耐克潮流,1,1,1037,2
1047,魔术贴鞋,45,189,93,176,93,EVA轻底,简约百搭,阿迪达斯,0,0,504,1
600,系带设计,49,151,80,121,98,MD发泡底,运动休闲,安踏运动,0,1,1372,2
81,拉链鞋款,56,191,82,157,100,橡胶大底,潮流高街,阿迪达斯,0,1,259,2
880,拉链鞋款,57,121,82,99,96,混合鞋底,运动休闲,回力经典,0,1,1174,2
232,魔术贴鞋,55,190,81,154,92,混合鞋底,潮流高街,鸿星尔克,0,1,4618,2
1834,松紧带鞋,42,194,87,169,90,EVA轻底,简约百搭,回力经典,1,1,1420,2
1165,魔术贴鞋,52,179,68,122,92,PU中底,潮流高街,京东京造,0,1,3908,2
2590,魔术贴鞋,45,153,83,127,96,PU中底,日常休闲,阿迪达斯,0,1,1014,2
289,魔术贴鞋,60,121,82,99,92,EVA轻底,潮流高街,鸿星尔克,1,1,67,2
3815,松紧带鞋,36,140,75,105,96,橡胶大底,工装硬朗,鸿星尔克,1,1,324,2
2943,松紧带鞋,32,249,67,167,97,橡胶大底,简约百搭,阿迪达斯,0,0,19,1
2862,系带设计,44,167,72,120,91,橡胶大底,工装硬朗,鸿星尔克,1,0,10,1
411,系带设计,45,161,76,122,96,EVA轻底,日常休闲,耐克潮流,1,1,29,2
1057,松紧带鞋,49,357,90,321,99,橡胶大底,日常休闲,耐克潮流,0,0,1425,3
381,魔术贴鞋,53,243,53,129,94,混合鞋底,简约百搭,其他品牌,0,0,1135,1
802,魔术贴鞋,47,308,51,157,93,TPR鞋底,简约百搭,京东京造,0,1,432,2
1248,套脚款式,60,162,77,125,96,橡胶大底,潮流高街,李宁休闲,0,0,2574,1
2811,系带设计,44,127,100,127,90,MD发泡底,运动休闲,京东京造,0,1,800,2
885,系带设计,59,201,87,175,91,橡胶大底,运动休闲,李宁休闲,1,0,36,1
4510,魔术贴鞋,43,562,50,281,95,EVA轻底,潮流高街,回力经典,1,1,1069,3
2368,魔术贴鞋,60,770,63,485,93,橡胶大底,简约百搭,安踏运动,0,0,4735,3
93,系带设计,39,360,77,277,99,EVA轻底,潮流高街,回力经典,0,0,4551,3
3454,松紧带鞋,55,148,77,114,93,MD发泡底,复古潮鞋,耐克潮流,0,1,5,2
699,拉链鞋款,61,141,70,99,90,PU中底,复古潮鞋,特步男鞋,0,1,750,2
2207,系带设计,20,377,56,211,96,橡胶大底,潮流高街,耐克潮流,1,0,174,3
243,系带设计,44,108,92,99,95,TPR鞋底,日常休闲,回力经典,0,0,48,1
645,套脚款式,51,214,81,173,100,橡胶大底,运动休闲,安踏运动,0,1,487,2
855,拉链鞋款,50,134,74,99,93,混合鞋底,简约百搭,京东京造,0,0,34,1
1142,系带设计,35,207,56,116,90,TPR鞋底,复古潮鞋,鸿星尔克,0,1,8,2
1560,拉链鞋款,61,109,91,99,98,EVA轻底,潮流高街,鸿星尔克,0,1,924,2
415,套脚款式,38,400,63,252,99,PU中底,潮流高街,斯凯奇潮,1,1,46,3
1839,套脚款式,48,127,86,109,99,PU中底,运动休闲,李宁休闲,1,0,17,1
1062,松紧带鞋,51,162,61,99,94,EVA轻底,简约百搭,特步男鞋,1,1,46,2
5014,系带设计,61,229,62,142,86,橡胶大底,复古潮鞋,阿迪达斯,1,0,1393,1
1324,套脚款式,29,110,90,99,88,EVA轻底,日常休闲,斯凯奇潮,0,1,218,2
1854,套脚款式,56,146,68,99,94,EVA轻底,运动休闲,斯凯奇潮,1,1,1024,2
2871,魔术贴鞋,45,152,65,99,91,MD发泡底,简约百搭,安踏运动,1,0,48,1
828,套脚款式,48,116,85,99,99,EVA轻底,复古潮鞋,耐克潮流,1,1,40,2
600,魔术贴鞋,48,191,57,109,96,TPR鞋底,户外机能,京东京造,0,1,1272,2
2212,魔术贴鞋,39,236,67,158,91,MD发泡底,工装硬朗,鸿星尔克,1,0,16,1
38000,魔术贴鞋,52,123,100,123,96,MD发泡底,运动休闲,其他品牌,1,0,1342,0
1983,套脚款式,45,178,81,144,95,橡胶大底,简约百搭,京东京造,0,0,832,1
160,套脚款式,48,183,72,132,97,PU中底,工装硬朗,阿迪达斯,0,1,1416,2
11985,拉链鞋款,46,313,97,304,97,MD发泡底,简约百搭,特步男鞋,0,0,41,0
372,套脚款式,40,195,98,191,86,MD发泡底,工装硬朗,阿迪达斯,0,0,684,1
2884,松紧带鞋,39,589,85,501,98,混合鞋底,户外机能,回力经典,0,0,2984,3
3669,拉链鞋款,38,108,92,99,90,橡胶大底,工装硬朗,耐克潮流,1,1,503,2
425,系带设计,44,187,53,99,96,PU中底,工装硬朗,鸿星尔克,0,1,28,2
2254,拉链鞋款,49,121,82,99,93,TPR鞋底,运动休闲,回力经典,0,0,1429,1
1945,套脚款式,56,346,63,218,99,混合鞋底,运动休闲,安踏运动,0,1,832,2
403,魔术贴鞋,45,247,55,136,92,PU中底,日常休闲,耐克潮流,1,0,1401,1
492,套脚款式,62,183,63,115,90,TPR鞋底,简约百搭,李宁休闲,0,0,1315,1
248,拉链鞋款,48,100,99,99,94,TPR鞋底,工装硬朗,其他品牌,0,1,420,2
593,松紧带鞋,36,155,64,99,90,PU中底,潮流高街,其他品牌,0,1,1113,2
599,系带设计,54,165,60,99,94,TPR鞋底,复古潮鞋,阿迪达斯,0,0,1426,1
8457,松紧带鞋,51,143,95,136,92,混合鞋底,复古潮鞋,斯凯奇潮,1,0,732,1
654,系带设计,23,129,77,99,96,TPR鞋底,简约百搭,其他品牌,1,1,41,2
411,系带设计,39,248,52,129,92,混合鞋底,工装硬朗,其他品牌,1,0,1033,1
1682,拉链鞋款,58,157,63,99,93,EVA轻底,简约百搭,李宁休闲,0,1,3846,2
1634,拉链鞋款,52,355,83,295,94,EVA轻底,日常休闲,安踏运动,1,0,17,3
1362,套脚款式,51,183,98,179,98,混合鞋底,工装硬朗,阿迪达斯,0,0,1003,1
538,系带设计,37,146,68,99,89,MD发泡底,工装硬朗,特步男鞋,0,1,1066,2
304,松紧带鞋,51,149,84,125,93,EVA轻底,运动休闲,阿迪达斯,1,1,1437,2
2693,套脚款式,50,186,94,175,91,TPR鞋底,运动休闲,京东京造,1,0,1057,1
4875,系带设计,47,163,89,145,93,混合鞋底,简约百搭,京东京造,0,1,408,2
3015,拉链鞋款,36,505,60,303,91,混合鞋底,潮流高街,回力经典,1,1,730,3
2347,套脚款式,46,287,69,198,97,PU中底,复古潮鞋,鸿星尔克,0,1,283,2
2288,套脚款式,55,143,69,99,95,PU中底,运动休闲,其他品牌,0,0,41,1
5362,拉链鞋款,35,175,79,138,97,TPR鞋底,潮流高街,安踏运动,0,0,905,1
167,套脚款式,34,264,83,219,96,橡胶大底,户外机能,阿迪达斯,0,1,79,2
1713,套脚款式,30,136,88,120,90,PU中底,户外机能,李宁休闲,0,0,212,1
86,系带设计,47,330,66,218,94,混合鞋底,复古潮鞋,阿迪达斯,1,1,36,2
189,系带设计,50,146,71,104,90,MD发泡底,潮流高街,耐克潮流,1,1,10,2
3016,魔术贴鞋,50,213,69,147,93,TPR鞋底,运动休闲,斯凯奇潮,0,1,712,2
747,拉链鞋款,54,204,52,106,91,PU中底,户外机能,阿迪达斯,1,1,9,2
547,魔术贴鞋,47,230,98,225,92,EVA轻底,潮流高街,回力经典,1,0,1342,1
2703,魔术贴鞋,42,155,95,147,90,橡胶大底,简约百搭,阿迪达斯,0,0,542,1
555,套脚款式,54,119,83,99,99,PU中底,运动休闲,其他品牌,1,1,907,2
844,拉链鞋款,47,213,70,149,97,TPR鞋底,复古潮鞋,特步男鞋,0,0,0,1
764,拉链鞋款,40,124,80,99,93,橡胶大底,日常休闲,耐克潮流,1,0,387,1
378,松紧带鞋,49,145,69,100,93,TPR鞋底,日常休闲,特步男鞋,1,0,1208,1
106,魔术贴鞋,48,125,79,99,92,PU中底,日常休闲,李宁休闲,0,1,18,2
1992,套脚款式,53,361,79,285,95,混合鞋底,工装硬朗,李宁休闲,0,0,629,3
707,系带设计,43,352,98,345,91,PU中底,户外机能,特步男鞋,1,0,47,3
785,套脚款式,48,156,99,154,98,MD发泡底,潮流高街,特步男鞋,1,0,2225,1
5964,系带设计,44,139,71,99,91,TPR鞋底,工装硬朗,斯凯奇潮,1,1,3971,2
1708,系带设计,53,235,86,202,90,MD发泡底,潮流高街,安踏运动,0,1,821,2
517,系带设计,55,148,67,99,93,MD发泡底,工装硬朗,京东京造,1,1,1003,2
547,拉链鞋款,58,118,84,99,99,PU中底,简约百搭,耐克潮流,1,1,1081,2
647,套脚款式,51,280,97,272,90,橡胶大底,复古潮鞋,阿迪达斯,0,0,2806,1
162,魔术贴鞋,59,174,57,99,96,混合鞋底,复古潮鞋,京东京造,1,1,1287,2
1354,松紧带鞋,50,232,63,146,96,混合鞋底,运动休闲,李宁休闲,0,0,1483,1
12066,套脚款式,34,291,67,195,93,PU中底,复古潮鞋,特步男鞋,0,1,7,0
1320,魔术贴鞋,45,191,88,168,94,橡胶大底,简约百搭,京东京造,0,0,303,1
265,魔术贴鞋,56,786,51,401,99,EVA轻底,复古潮鞋,特步男鞋,0,1,1020,3
963,拉链鞋款,42,245,97,238,93,混合鞋底,潮流高街,阿迪达斯,0,1,33,2
135,拉链鞋款,56,124,80,99,95,PU中底,工装硬朗,阿迪达斯,0,1,1120,2
1896,魔术贴鞋,59,430,82,353,90,PU中底,潮流高街,阿迪达斯,0,0,161,3
531,系带设计,43,269,70,188,95,PU中底,户外机能,李宁休闲,1,1,40,2
1034,套脚款式,47,108,92,99,99,MD发泡底,工装硬朗,其他品牌,1,0,1088,1
365,松紧带鞋,44,408,74,302,100,橡胶大底,运动休闲,阿迪达斯,0,0,480,3
2428,松紧带鞋,41,177,56,99,90,TPR鞋底,工装硬朗,其他品牌,0,0,118,1
2164,系带设计,48,143,69,99,97,混合鞋底,潮流高街,耐克潮流,1,1,1289,2
148,松紧带鞋,41,160,62,99,94,TPR鞋底,简约百搭,安踏运动,0,1,1491,2
2593,拉链鞋款,48,218,65,142,97,PU中底,户外机能,安踏运动,0,0,1334,1
2075,套脚款式,48,162,61,99,92,EVA轻底,工装硬朗,特步男鞋,0,1,24,2
898,套脚款式,49,176,71,125,96,PU中底,户外机能,回力经典,0,1,894,2
3608,松紧带鞋,49,173,93,161,93,EVA轻底,运动休闲,特步男鞋,1,1,360,2
840,拉链鞋款,48,193,69,133,90,MD发泡底,日常休闲,京东京造,0,0,906,1
215,松紧带鞋,51,307,76,233,92,TPR鞋底,潮流高街,特步男鞋,0,0,750,1
1411,系带设计,55,225,55,124,91,EVA轻底,潮流高街,李宁休闲,0,1,413,2
13230,系带设计,54,194,82,159,93,TPR鞋底,潮流高街,耐克潮流,1,0,477,0
533,套脚款式,30,149,89,133,94,橡胶大底,简约百搭,斯凯奇潮,1,0,2,1
1331,系带设计,49,246,74,182,93,PU中底,工装硬朗,鸿星尔克,0,0,906,1
1747,松紧带鞋,60,379,61,231,93,橡胶大底,工装硬朗,特步男鞋,0,1,974,3
5006,拉链鞋款,61,138,72,99,92,PU中底,运动休闲,特步男鞋,0,0,523,1
604,系带设计,61,157,63,99,96,PU中底,户外机能,李宁休闲,1,1,39,2
1701,松紧带鞋,59,102,97,99,99,橡胶大底,运动休闲,阿迪达斯,0,0,555,1
1344,拉链鞋款,44,302,64,193,85,橡胶大底,户外机能,阿迪达斯,0,0,2728,1
374,拉链鞋款,35,188,68,128,93,混合鞋底,工装硬朗,安踏运动,0,1,50,2
77,松紧带鞋,47,146,68,99,100,PU中底,简约百搭,京东京造,1,1,386,2
883,拉链鞋款,39,187,53,99,100,TPR鞋底,简约百搭,阿迪达斯,0,0,274,1
850,系带设计,48,203,65,132,96,EVA轻底,复古潮鞋,京东京造,0,0,975,1
2247,系带设计,48,127,92,117,99,PU中底,日常休闲,鸿星尔克,0,0,215,1
301,拉链鞋款,45,132,75,99,89,EVA轻底,运动休闲,李宁休闲,1,1,17,2
3841,拉链鞋款,53,143,69,99,93,PU中底,工装硬朗,其他品牌,1,1,103,2
5845,魔术贴鞋,40,141,70,99,97,EVA轻底,简约百搭,鸿星尔克,1,1,1312,2
3221,魔术贴鞋,49,282,88,248,97,EVA轻底,日常休闲,李宁休闲,0,0,69,1
279,魔术贴鞋,46,127,78,99,95,混合鞋底,潮流高街,安踏运动,0,1,1253,2
2912,系带设计,46,138,72,99,92,橡胶大底,潮流高街,其他品牌,0,1,1222,2
1889,松紧带鞋,47,183,54,99,88,橡胶大底,工装硬朗,回力经典,1,1,1398,2
1291,魔术贴鞋,27,110,90,99,92,TPR鞋底,户外机能,回力经典,0,1,3459,2
1385,松紧带鞋,60,198,50,99,99,EVA轻底,潮流高街,斯凯奇潮,0,0,1358,1
5169,套脚款式,38,203,73,148,90,PU中底,工装硬朗,其他品牌,0,1,507,2
2653,系带设计,47,241,58,140,93,混合鞋底,运动休闲,斯凯奇潮,1,1,3681,2
14266,松紧带鞋,39,136,73,99,91,橡胶大底,工装硬朗,阿迪达斯,1,0,655,0
235,松紧带鞋,57,180,55,99,89,EVA轻底,运动休闲,特步男鞋,0,1,122,2
187,松紧带鞋,36,267,85,227,100,TPR鞋底,户外机能,京东京造,1,1,550,2
249,松紧带鞋,47,106,93,99,93,MD发泡底,复古潮鞋,李宁休闲,1,0,10,1
769,拉链鞋款,49,310,80,248,93,橡胶大底,潮流高街,安踏运动,0,0,123,1
2848,套脚款式,45,184,86,158,96,橡胶大底,户外机能,斯凯奇潮,0,0,869,1
3508,魔术贴鞋,46,244,62,151,91,EVA轻底,复古潮鞋,回力经典,0,0,4634,1
1844,系带设计,40,152,77,117,97,橡胶大底,户外机能,京东京造,1,1,624,2
330,拉链鞋款,48,174,57,99,93,橡胶大底,复古潮鞋,耐克潮流,0,0,20,1
7874,拉链鞋款,51,101,98,99,94,橡胶大底,简约百搭,斯凯奇潮,0,1,868,2
2735,系带设计,43,116,86,100,86,PU中底,简约百搭,斯凯奇潮,1,0,2591,1
491,拉链鞋款,42,124,80,99,96,橡胶大底,潮流高街,京东京造,1,0,1093,1
727,拉链鞋款,53,242,96,232,97,MD发泡底,运动休闲,其他品牌,1,0,2541,1
478,魔术贴鞋,49,448,61,273,85,MD发泡底,运动休闲,耐克潮流,1,1,1085,3
717,松紧带鞋,18,217,58,126,92,橡胶大底,简约百搭,耐克潮流,1,0,3519,1
98,系带设计,55,147,83,122,97,混合鞋底,运动休闲,鸿星尔克,1,0,2659,1
18512,拉链鞋款,47,121,82,99,95,MD发泡底,日常休闲,阿迪达斯,0,0,23,0
231,套脚款式,53,245,51,125,95,TPR鞋底,简约百搭,阿迪达斯,1,0,470,1
2654,魔术贴鞋,59,158,96,152,87,EVA轻底,潮流高街,回力经典,1,0,36,1
1262,松紧带鞋,40,125,79,99,88,橡胶大底,简约百搭,阿迪达斯,1,1,36,2
3338,拉链鞋款,35,141,70,99,92,PU中底,户外机能,阿迪达斯,0,1,127,2
1995,套脚款式,40,162,61,99,98,TPR鞋底,潮流高街,京东京造,1,0,491,1
3346,松紧带鞋,54,146,70,102,96,橡胶大底,日常休闲,安踏运动,0,0,885,1
1191,松紧带鞋,35,109,91,99,96,混合鞋底,户外机能,李宁休闲,0,1,38,2
754,松紧带鞋,34,127,78,99,93,PU中底,工装硬朗,阿迪达斯,1,1,3506,2
220,拉链鞋款,39,233,52,121,90,EVA轻底,简约百搭,李宁休闲,1,1,1286,2
370,系带设计,52,146,68,99,97,EVA轻底,日常休闲,特步男鞋,1,0,30,1
433,系带设计,47,182,67,122,91,橡胶大底,简约百搭,斯凯奇潮,1,1,1001,2
202,拉链鞋款,50,138,72,99,99,EVA轻底,运动休闲,鸿星尔克,0,0,16,1
222,拉链鞋款,45,148,67,99,87,PU中底,户外机能,特步男鞋,1,1,1079,2
71,拉链鞋款,53,143,69,99,88,橡胶大底,工装硬朗,特步男鞋,1,0,3190,1
420,拉链鞋款,50,253,55,139,98,PU中底,简约百搭,阿迪达斯,1,1,118,2
6527,松紧带鞋,38,252,73,184,94,混合鞋底,简约百搭,回力经典,0,0,1131,1
751,松紧带鞋,63,130,89,116,88,EVA轻底,复古潮鞋,安踏运动,0,1,39,2
658,套脚款式,57,433,72,312,95,PU中底,工装硬朗,特步男鞋,1,1,37,3
19773,魔术贴鞋,50,380,54,205,95,橡胶大底,户外机能,京东京造,0,0,421,0
150,套脚款式,57,121,82,99,98,混合鞋底,日常休闲,斯凯奇潮,1,1,1204,2
2576,松紧带鞋,49,143,92,132,94,混合鞋底,户外机能,鸿星尔克,1,1,3,2
3790,套脚款式,46,272,87,237,90,橡胶大底,复古潮鞋,阿迪达斯,1,0,38,1
358,魔术贴鞋,46,143,98,140,93,PU中底,运动休闲,其他品牌,1,1,159,2
649,松紧带鞋,46,177,97,172,95,TPR鞋底,复古潮鞋,斯凯奇潮,1,1,658,2
31935,松紧带鞋,44,146,87,127,94,TPR鞋底,日常休闲,耐克潮流,1,1,809,0
862,魔术贴鞋,49,165,60,99,95,EVA轻底,运动休闲,斯凯奇潮,0,1,7,2
681,魔术贴鞋,46,198,50,99,92,混合鞋底,户外机能,安踏运动,0,0,1189,1
4037,魔术贴鞋,55,99,100,99,90,EVA轻底,工装硬朗,安踏运动,1,1,25,2
1173,套脚款式,42,170,94,160,90,PU中底,潮流高街,特步男鞋,0,0,1389,1
270,系带设计,46,119,95,113,93,橡胶大底,简约百搭,特步男鞋,1,0,1052,1
418,套脚款式,50,589,57,336,92,橡胶大底,复古潮鞋,耐克潮流,1,1,16,3
3264,拉链鞋款,47,200,60,120,93,混合鞋底,简约百搭,李宁休闲,0,1,3922,2
757,套脚款式,32,226,87,197,91,MD发泡底,日常休闲,特步男鞋,0,1,181,2
468,魔术贴鞋,46,157,96,151,92,TPR鞋底,工装硬朗,鸿星尔克,0,1,1369,2
634,松紧带鞋,54,131,95,124,95,MD发泡底,工装硬朗,耐克潮流,1,0,2489,1
1507,魔术贴鞋,49,370,87,322,93,EVA轻底,复古潮鞋,其他品牌,0,0,854,3
1451,系带设计,58,129,80,103,90,混合鞋底,简约百搭,李宁休闲,0,1,265,2
938,拉链鞋款,48,122,81,99,93,MD发泡底,工装硬朗,安踏运动,1,1,10,2
274,魔术贴鞋,53,168,59,99,93,EVA轻底,简约百搭,李宁休闲,0,0,27,1
6553,魔术贴鞋,60,109,91,99,96,橡胶大底,工装硬朗,安踏运动,0,0,1176,1
913,拉链鞋款,53,238,53,126,100,MD发泡底,潮流高街,其他品牌,1,1,924,2
147,魔术贴鞋,54,100,99,99,95,EVA轻底,日常休闲,安踏运动,1,0,4390,1
1016,松紧带鞋,63,168,59,99,96,TPR鞋底,户外机能,回力经典,0,1,1377,2
1418,拉链鞋款,40,123,96,118,94,PU中底,简约百搭,安踏运动,0,1,409,2
940,松紧带鞋,59,312,64,200,98,PU中底,日常休闲,回力经典,1,1,1406,2
2514,拉链鞋款,51,262,61,160,97,PU中底,日常休闲,其他品牌,0,0,50,1
6788,套脚款式,52,177,56,99,95,EVA轻底,简约百搭,阿迪达斯,0,1,618,2
594,魔术贴鞋,42,152,65,99,90,混合鞋底,运动休闲,回力经典,1,1,1129,2
3037,松紧带鞋,44,194,51,99,92,EVA轻底,运动休闲,京东京造,0,1,96,2
766,拉链鞋款,45,255,71,181,92,EVA轻底,户外机能,其他品牌,0,1,1274,2
19681,套脚款式,59,133,83,110,100,EVA轻底,潮流高街,斯凯奇潮,0,1,1320,0
1136,系带设计,46,102,97,99,93,EVA轻底,运动休闲,斯凯奇潮,1,1,13,2
156,魔术贴鞋,44,162,61,99,98,PU中底,日常休闲,京东京造,1,1,14,2
7825,套脚款式,41,148,81,120,92,橡胶大底,工装硬朗,京东京造,1,0,3325,1
1306,魔术贴鞋,51,371,80,297,95,MD发泡底,日常休闲,鸿星尔克,1,0,985,3
965,套脚款式,52,378,96,363,90,PU中底,复古潮鞋,其他品牌,0,1,0,3
1924,松紧带鞋,35,220,66,145,90,EVA轻底,工装硬朗,安踏运动,1,1,258,2
378,套脚款式,48,102,97,99,96,EVA轻底,户外机能,安踏运动,1,0,29,1
17176,系带设计,48,194,51,99,98,TPR鞋底,工装硬朗,安踏运动,1,1,649,0
10493,系带设计,60,187,87,163,90,PU中底,简约百搭,回力经典,0,1,1221,0
456,系带设计,60,124,80,99,92,PU中底,日常休闲,特步男鞋,0,0,279,1
1066,套脚款式,58,390,52,203,97,EVA轻底,复古潮鞋,其他品牌,1,1,376,3
3726,系带设计,59,118,93,110,98,PU中底,日常休闲,安踏运动,0,1,528,2
1524,系带设计,50,155,64,99,94,MD发泡底,复古潮鞋,鸿星尔克,1,0,593,1
1040,系带设计,52,201,91,183,92,EVA轻底,工装硬朗,鸿星尔克,1,1,31,2
546,套脚款式,39,197,62,122,91,混合鞋底,复古潮鞋,阿迪达斯,1,0,82,1
1413,魔术贴鞋,40,114,87,99,95,PU中底,潮流高街,阿迪达斯,0,0,3732,1
64,系带设计,53,405,65,263,91,MD发泡底,复古潮鞋,李宁休闲,0,0,829,3
541,系带设计,45,155,64,99,100,TPR鞋底,日常休闲,其他品牌,0,1,892,2
1173,拉链鞋款,33,377,52,196,91,PU中底,简约百搭,特步男鞋,0,0,1449,1
453,松紧带鞋,53,121,82,99,98,混合鞋底,复古潮鞋,耐克潮流,0,1,4410,2
1530,松紧带鞋,46,287,52,149,94,MD发泡底,日常休闲,斯凯奇潮,0,1,979,2
307,魔术贴鞋,54,660,55,363,100,橡胶大底,潮流高街,斯凯奇潮,1,0,46,3
463,拉链鞋款,55,208,73,152,95,PU中底,复古潮鞋,鸿星尔克,1,0,514,1
760,松紧带鞋,46,141,99,140,86,MD发泡底,工装硬朗,安踏运动,1,1,223,2
1443,拉链鞋款,45,165,60,99,89,EVA轻底,工装硬朗,鸿星尔克,0,1,3038,2
1047,拉链鞋款,31,146,72,105,93,橡胶大底,日常休闲,斯凯奇潮,1,0,692,1
2350,套脚款式,53,209,54,113,93,橡胶大底,户外机能,斯凯奇潮,1,1,783,2
1896,松紧带鞋,54,518,82,425,95,PU中底,复古潮鞋,鸿星尔克,0,1,75,3
1775,套脚款式,52,400,92,368,93,橡胶大底,潮流高街,特步男鞋,0,0,2395,3
6383,拉链鞋款,46,301,80,241,96,EVA轻底,工装硬朗,耐克潮流,1,1,38,2
1165,拉链鞋款,47,168,82,138,95,MD发泡底,日常休闲,李宁休闲,0,1,2631,2
5011,系带设计,59,696,73,508,96,混合鞋底,运动休闲,阿迪达斯,1,1,826,3
2769,拉链鞋款,30,138,72,99,96,TPR鞋底,复古潮鞋,特步男鞋,1,0,460,1
2794,魔术贴鞋,59,473,63,298,91,PU中底,日常休闲,耐克潮流,0,1,1073,3
315,套脚款式,48,160,65,104,93,MD发泡底,运动休闲,其他品牌,0,0,841,1
1236,拉链鞋款,45,116,85,99,100,EVA轻底,工装硬朗,鸿星尔克,0,1,401,2
179,拉链鞋款,41,180,61,110,96,EVA轻底,运动休闲,阿迪达斯,0,0,1173,1
459,松紧带鞋,45,121,82,99,94,TPR鞋底,日常休闲,斯凯奇潮,1,0,1326,1
289,松紧带鞋,50,255,94,240,96,橡胶大底,潮流高街,斯凯奇潮,1,1,768,2
6171,拉链鞋款,55,294,65,191,88,橡胶大底,户外机能,鸿星尔克,0,1,638,2
446,套脚款式,49,350,82,287,92,EVA轻底,户外机能,回力经典,0,0,1155,3
1306,魔术贴鞋,51,180,61,110,85,MD发泡底,复古潮鞋,鸿星尔克,0,1,473,2
1405,松紧带鞋,45,246,52,128,98,橡胶大底,潮流高街,斯凯奇潮,0,0,3509,1
164,魔术贴鞋,63,146,81,118,96,MD发泡底,工装硬朗,阿迪达斯,0,1,1460,2
1753,魔术贴鞋,46,201,98,197,88,MD发泡底,潮流高街,安踏运动,0,0,4861,1
5075,拉链鞋款,61,111,97,108,99,混合鞋底,复古潮鞋,其他品牌,1,1,454,2
4400,系带设计,39,155,83,129,99,TPR鞋底,户外机能,回力经典,1,0,781,1
1519,拉链鞋款,40,240,75,180,99,EVA轻底,户外机能,其他品牌,0,0,964,1
2313,魔术贴鞋,51,221,57,126,97,MD发泡底,日常休闲,李宁休闲,0,1,28,2
51,拉链鞋款,50,204,90,184,89,混合鞋底,复古潮鞋,鸿星尔克,0,1,440,2
267,套脚款式,57,146,68,99,95,混合鞋底,简约百搭,斯凯奇潮,1,0,1332,1
688,魔术贴鞋,52,140,73,102,100,混合鞋底,简约百搭,耐克潮流,0,0,8,1
925,系带设计,65,228,54,123,92,EVA轻底,运动休闲,斯凯奇潮,1,1,3997,2
1420,松紧带鞋,35,266,74,197,95,TPR鞋底,户外机能,斯凯奇潮,1,1,7,2
656,套脚款式,39,615,67,412,88,PU中底,潮流高街,京东京造,0,1,1297,3
523,松紧带鞋,46,174,57,99,94,PU中底,日常休闲,京东京造,0,1,480,2
5309,松紧带鞋,55,212,94,199,91,TPR鞋底,日常休闲,阿迪达斯,0,0,876,1
6860,套脚款式,44,138,72,99,93,MD发泡底,日常休闲,京东京造,1,1,1298,2
3863,松紧带鞋,54,119,83,99,98,MD发泡底,简约百搭,耐克潮流,0,0,93,1
1953,魔术贴鞋,40,155,64,99,97,MD发泡底,运动休闲,斯凯奇潮,1,0,3292,1
3343,松紧带鞋,45,198,50,99,100,橡胶大底,日常休闲,回力经典,1,0,1155,1
820,系带设计,19,214,57,122,94,MD发泡底,工装硬朗,鸿星尔克,0,0,1328,1
3491,系带设计,42,99,100,99,94,混合鞋底,复古潮鞋,京东京造,0,0,732,1
469,松紧带鞋,46,132,75,99,93,橡胶大底,日常休闲,京东京造,1,1,4998,2
506,魔术贴鞋,48,417,53,221,87,混合鞋底,复古潮鞋,特步男鞋,1,1,106,3
773,拉链鞋款,58,255,67,171,98,TPR鞋底,日常休闲,京东京造,0,0,3344,1
214,拉链鞋款,54,199,99,197,97,EVA轻底,运动休闲,京东京造,1,1,2497,2
1380,魔术贴鞋,46,314,63,198,95,PU中底,潮流高街,耐克潮流,1,0,954,1
830,套脚款式,36,216,80,173,95,PU中底,日常休闲,京东京造,1,1,20,2
1152,松紧带鞋,51,209,54,113,96,混合鞋底,复古潮鞋,回力经典,1,0,891,1
1547,魔术贴鞋,38,534,71,379,96,EVA轻底,运动休闲,特步男鞋,0,1,925,3
933,套脚款式,42,236,80,189,97,EVA轻底,复古潮鞋,阿迪达斯,0,1,825,2
1048,系带设计,45,249,53,132,99,橡胶大底,简约百搭,鸿星尔克,1,0,1242,1
364,魔术贴鞋,59,252,73,184,90,混合鞋底,复古潮鞋,特步男鞋,0,0,999,1
4000,系带设计,38,148,83,123,94,MD发泡底,日常休闲,李宁休闲,0,0,45,1
124,套脚款式,53,230,64,147,95,EVA轻底,潮流高街,李宁休闲,1,1,10,2
503,套脚款式,52,187,68,127,93,TPR鞋底,简约百搭,其他品牌,1,1,8,2
459,拉链鞋款,45,486,65,316,95,PU中底,日常休闲,其他品牌,0,1,303,3
1927,松紧带鞋,41,172,83,143,89,混合鞋底,潮流高街,特步男鞋,0,0,1204,1
7284,松紧带鞋,49,448,52,233,91,PU中底,日常休闲,李宁休闲,0,0,536,3
964,套脚款式,52,162,61,99,92,EVA轻底,简约百搭,安踏运动,1,0,26,1
314,套脚款式,44,507,55,279,97,橡胶大底,简约百搭,其他品牌,1,1,737,3
781,系带设计,39,1110,52,577,96,MD发泡底,潮流高街,斯凯奇潮,1,0,847,3
836,魔术贴鞋,39,150,100,150,91,MD发泡底,复古潮鞋,京东京造,1,1,18,2
85,系带设计,62,388,81,314,96,TPR鞋底,日常休闲,鸿星尔克,1,1,501,3
4214,魔术贴鞋,61,134,90,121,97,PU中底,日常休闲,其他品牌,1,0,12,1
12565,魔术贴鞋,61,211,96,203,90,EVA轻底,潮流高街,耐克潮流,0,0,21,0
188,松紧带鞋,48,677,71,481,95,PU中底,户外机能,回力经典,1,1,18,3
4670,系带设计,28,312,68,212,91,TPR鞋底,工装硬朗,斯凯奇潮,0,1,1384,2
1585,魔术贴鞋,51,469,62,291,91,MD发泡底,工装硬朗,其他品牌,1,1,1176,3
9303,拉链鞋款,60,146,68,99,100,EVA轻底,简约百搭,阿迪达斯,0,0,3139,1
687,松紧带鞋,35,251,73,183,93,混合鞋底,工装硬朗,斯凯奇潮,0,0,604,1
3998,松紧带鞋,49,116,85,99,92,混合鞋底,户外机能,李宁休闲,1,0,1138,1
3676,套脚款式,50,132,75,99,90,TPR鞋底,复古潮鞋,特步男鞋,0,0,1444,1
579,套脚款式,45,239,61,146,100,MD发泡底,日常休闲,回力经典,1,0,979,1
2417,松紧带鞋,49,172,67,115,97,混合鞋底,日常休闲,其他品牌,1,0,2344,1
13217,系带设计,43,205,59,121,95,混合鞋底,工装硬朗,回力经典,1,1,552,0
402,魔术贴鞋,58,165,60,99,91,TPR鞋底,户外机能,回力经典,0,0,2495,1
1739,套脚款式,64,122,83,101,92,混合鞋底,运动休闲,其他品牌,0,1,1120,2
2456,魔术贴鞋,38,141,70,99,90,TPR鞋底,运动休闲,安踏运动,1,0,662,1
580,套脚款式,45,114,87,99,100,TPR鞋底,复古潮鞋,其他品牌,1,1,3379,2
960,系带设计,55,130,92,120,97,TPR鞋底,日常休闲,京东京造,1,0,1071,1
759,套脚款式,49,168,94,158,91,TPR鞋底,日常休闲,京东京造,0,0,2599,1
970,松紧带鞋,56,132,75,99,94,PU中底,简约百搭,耐克潮流,1,1,472,2
423,松紧带鞋,51,136,73,99,97,橡胶大底,日常休闲,李宁休闲,0,1,2317,2
4772,魔术贴鞋,38,392,91,357,92,混合鞋底,户外机能,回力经典,1,0,673,3
280,魔术贴鞋,38,125,79,99,93,橡胶大底,运动休闲,鸿星尔克,1,1,1368,2
842,套脚款式,44,180,99,178,91,MD发泡底,复古潮鞋,回力经典,1,0,96,1
388,拉链鞋款,49,408,63,257,94,PU中底,日常休闲,京东京造,1,0,282,3
113,系带设计,42,139,71,99,95,混合鞋底,复古潮鞋,阿迪达斯,0,1,813,2
1914,松紧带鞋,53,171,58,99,94,混合鞋底,运动休闲,阿迪达斯,0,1,533,2
2666,系带设计,38,181,95,172,96,混合鞋底,简约百搭,回力经典,1,0,560,1
450,拉链鞋款,47,184,76,140,96,EVA轻底,复古潮鞋,特步男鞋,0,1,1411,2
629,拉链鞋款,43,147,73,107,92,TPR鞋底,户外机能,耐克潮流,1,1,430,2
430,系带设计,63,259,69,179,95,橡胶大底,运动休闲,阿迪达斯,1,0,2242,1
1501,拉链鞋款,55,121,82,99,97,EVA轻底,简约百搭,京东京造,0,1,2293,2
976,魔术贴鞋,54,194,51,99,93,EVA轻底,潮流高街,耐克潮流,0,0,1319,1
265,系带设计,61,162,61,99,100,PU中底,简约百搭,其他品牌,0,0,882,1
456,系带设计,51,270,50,135,87,PU中底,简约百搭,安踏运动,1,1,7,2
2984,松紧带鞋,35,307,74,227,98,MD发泡底,日常休闲,阿迪达斯,1,1,1230,2
429,系带设计,46,168,59,99,95,TPR鞋底,潮流高街,鸿星尔克,1,1,113,2
699,松紧带鞋,35,127,78,99,91,MD发泡底,工装硬朗,安踏运动,0,0,250,1
683,拉链鞋款,41,150,66,99,96,PU中底,工装硬朗,安踏运动,1,0,225,1
1735,魔术贴鞋,43,821,56,460,97,橡胶大底,工装硬朗,斯凯奇潮,1,0,81,3
3503,套脚款式,43,413,95,392,97,MD发泡底,日常休闲,安踏运动,0,0,2635,3
482,拉链鞋款,24,208,100,208,86,混合鞋底,潮流高街,耐克潮流,0,0,623,1
599,拉链鞋款,49,155,94,146,96,PU中底,运动休闲,安踏运动,0,0,15,1
272,套脚款式,51,259,63,163,96,PU中底,潮流高街,回力经典,0,0,1465,1
1127,拉链鞋款,20,104,95,99,96,MD发泡底,复古潮鞋,其他品牌,1,1,4227,2
455,系带设计,57,193,76,147,94,橡胶大底,户外机能,李宁休闲,0,1,666,2
479,魔术贴鞋,43,165,60,99,94,EVA轻底,潮流高街,回力经典,1,0,3270,1
237,套脚款式,54,192,86,165,95,TPR鞋底,简约百搭,李宁休闲,1,1,2,2
510,系带设计,61,205,87,178,96,混合鞋底,户外机能,特步男鞋,0,0,4051,1
362,拉链鞋款,45,160,62,99,96,EVA轻底,潮流高街,鸿星尔克,0,0,2988,1
1818,系带设计,47,138,87,120,97,橡胶大底,复古潮鞋,李宁休闲,1,0,1088,1
1163,套脚款式,46,215,75,161,100,TPR鞋底,工装硬朗,斯凯奇潮,1,0,26,1
13008,拉链鞋款,49,369,74,273,91,混合鞋底,日常休闲,特步男鞋,0,0,1438,0
1746,松紧带鞋,58,353,77,272,99,PU中底,复古潮鞋,耐克潮流,0,0,896,3
1230,魔术贴鞋,49,134,97,130,100,MD发泡底,复古潮鞋,鸿星尔克,0,1,1376,2
1629,松紧带鞋,46,307,75,230,97,EVA轻底,户外机能,回力经典,1,0,807,1
182,系带设计,50,481,88,423,94,混合鞋底,简约百搭,斯凯奇潮,1,0,1014,3
760,系带设计,19,258,52,134,91,PU中底,简约百搭,特步男鞋,1,0,88,1
1264,魔术贴鞋,54,177,56,99,93,PU中底,潮流高街,京东京造,1,1,45,2
3511,套脚款式,42,109,91,99,91,EVA轻底,运动休闲,李宁休闲,1,1,2839,2
1241,魔术贴鞋,57,151,67,101,92,MD发泡底,日常休闲,特步男鞋,0,1,1355,2
135,魔术贴鞋,49,124,80,99,90,PU中底,运动休闲,耐克潮流,1,1,163,2
2231,系带设计,58,275,63,173,94,TPR鞋底,工装硬朗,特步男鞋,0,1,546,2
1427,魔术贴鞋,50,106,93,99,99,PU中底,日常休闲,李宁休闲,1,0,3450,1
1194,系带设计,38,146,68,99,91,橡胶大底,户外机能,其他品牌,0,1,1499,2
10620,套脚款式,42,203,70,142,97,MD发泡底,户外机能,其他品牌,1,1,21,0
825,系带设计,60,285,59,168,93,PU中底,复古潮鞋,斯凯奇潮,1,1,6,2
307,魔术贴鞋,40,190,52,99,92,PU中底,运动休闲,安踏运动,0,1,3513,2
1241,松紧带鞋,48,121,85,103,93,TPR鞋底,日常休闲,鸿星尔克,1,1,15,2
239,魔术贴鞋,60,370,80,296,89,橡胶大底,工装硬朗,斯凯奇潮,1,1,1233,3
10963,松紧带鞋,34,248,63,156,92,橡胶大底,运动休闲,耐克潮流,1,0,1224,0
411,松紧带鞋,52,110,90,99,97,PU中底,工装硬朗,鸿星尔克,0,0,36,1
448,套脚款式,43,125,92,115,96,EVA轻底,复古潮鞋,阿迪达斯,0,1,346,2
989,套脚款式,44,177,56,99,99,混合鞋底,工装硬朗,阿迪达斯,1,0,1345,1
931,魔术贴鞋,42,357,72,257,90,MD发泡底,潮流高街,京东京造,1,1,446,3
1288,系带设计,45,289,98,283,89,PU中底,工装硬朗,斯凯奇潮,1,0,421,1
13631,拉链鞋款,57,152,80,122,91,橡胶大底,户外机能,特步男鞋,0,0,136,0
756,魔术贴鞋,47,351,77,270,93,EVA轻底,潮流高街,安踏运动,0,1,1309,3
844,拉链鞋款,55,126,99,125,93,EVA轻底,日常休闲,京东京造,1,0,55,1
57,魔术贴鞋,48,130,76,99,92,EVA轻底,运动休闲,鸿星尔克,1,1,3339,2
3153,系带设计,51,242,60,145,98,EVA轻底,户外机能,鸿星尔克,0,1,513,2
4658,魔术贴鞋,44,150,66,99,96,TPR鞋底,户外机能,耐克潮流,0,0,200,1
602,拉链鞋款,39,115,86,99,96,PU中底,运动休闲,李宁休闲,0,0,1472,1
450,系带设计,33,122,81,99,96,混合鞋底,日常休闲,耐克潮流,1,0,998,1
87,拉链鞋款,60,148,67,99,89,EVA轻底,工装硬朗,特步男鞋,0,0,8,1
403,拉链鞋款,50,190,52,99,96,混合鞋底,户外机能,回力经典,1,1,1013,2
5273,套脚款式,58,870,50,435,91,TPR鞋底,运动休闲,鸿星尔克,0,0,3554,3
1058,松紧带鞋,48,147,98,144,98,混合鞋底,日常休闲,李宁休闲,0,0,912,1
513,系带设计,57,324,94,305,89,橡胶大底,简约百搭,安踏运动,1,1,10,3
1304,松紧带鞋,45,325,73,237,100,橡胶大底,复古潮鞋,回力经典,0,1,364,2
1233,松紧带鞋,52,199,75,149,96,PU中底,工装硬朗,李宁休闲,1,1,46,2
91,松紧带鞋,52,118,84,99,95,MD发泡底,户外机能,安踏运动,1,0,1275,1
4912,系带设计,62,130,76,99,94,橡胶大底,潮流高街,鸿星尔克,1,1,10,2
2206,魔术贴鞋,55,213,55,117,98,TPR鞋底,户外机能,李宁休闲,0,1,993,2
2305,拉链鞋款,42,269,54,145,90,TPR鞋底,运动休闲,阿迪达斯,1,0,1427,1
233,松紧带鞋,52,147,88,129,87,PU中底,简约百搭,耐克潮流,0,0,1494,1
584,套脚款式,44,289,62,179,93,EVA轻底,工装硬朗,京东京造,0,0,3369,1
518,套脚款式,59,315,80,252,94,TPR鞋底,运动休闲,其他品牌,1,1,802,2
9954,系带设计,40,130,94,122,87,TPR鞋底,简约百搭,其他品牌,1,1,93,2
210,套脚款式,37,182,61,111,89,橡胶大底,复古潮鞋,京东京造,0,1,294,2
675,松紧带鞋,44,404,55,222,98,橡胶大底,复古潮鞋,京东京造,1,0,1034,3
259,魔术贴鞋,55,738,77,568,95,MD发泡底,潮流高街,特步男鞋,1,0,33,3
531,拉链鞋款,48,204,99,202,94,MD发泡底,日常休闲,其他品牌,0,0,2510,1
920,拉链鞋款,37,281,95,267,95,EVA轻底,简约百搭,回力经典,0,0,13,1
1492,松紧带鞋,59,109,91,99,91,橡胶大底,运动休闲,阿迪达斯,1,1,1127,2
772,拉链鞋款,45,132,75,99,100,EVA轻底,日常休闲,京东京造,1,0,327,1
709,系带设计,37,261,71,185,93,橡胶大底,户外机能,耐克潮流,1,1,838,2
143,系带设计,47,133,79,105,97,EVA轻底,潮流高街,回力经典,1,1,226,2
901,系带设计,40,274,50,137,91,MD发泡底,工装硬朗,回力经典,1,1,5,2
209,松紧带鞋,52,102,99,101,93,橡胶大底,简约百搭,其他品牌,0,1,270,2
5793,套脚款式,35,168,59,99,93,混合鞋底,运动休闲,其他品牌,1,0,171,1
1466,拉链鞋款,49,240,100,240,99,混合鞋底,户外机能,阿迪达斯,0,0,1197,1
656,松紧带鞋,42,152,85,129,88,TPR鞋底,简约百搭,其他品牌,0,1,836,2
2179,松紧带鞋,42,108,92,99,91,TPR鞋底,日常休闲,阿迪达斯,1,0,190,1
414,松紧带鞋,42,110,92,101,94,MD发泡底,潮流高街,京东京造,0,0,710,1
100,松紧带鞋,40,156,90,140,90,MD发泡底,潮流高街,其他品牌,1,1,861,2
2194,松紧带鞋,56,194,51,99,92,橡胶大底,工装硬朗,鸿星尔克,0,1,7,2
637,拉链鞋款,43,253,66,167,97,TPR鞋底,复古潮鞋,特步男鞋,1,1,1236,2
2120,套脚款式,52,305,97,296,98,EVA轻底,运动休闲,回力经典,0,0,39,3
2525,拉链鞋款,45,214,78,167,93,混合鞋底,简约百搭,京东京造,0,0,763,1
2248,松紧带鞋,45,188,67,126,91,EVA轻底,工装硬朗,特步男鞋,1,0,397,1
1150,套脚款式,18,183,54,99,90,TPR鞋底,日常休闲,鸿星尔克,0,1,182,2
1708,拉链鞋款,50,167,88,147,91,PU中底,简约百搭,斯凯奇潮,0,1,636,2
6336,魔术贴鞋,42,198,50,99,94,MD发泡底,运动休闲,京东京造,1,1,2623,2
661,拉链鞋款,35,211,90,190,96,TPR鞋底,简约百搭,李宁休闲,1,1,46,2
1472,拉链鞋款,53,317,66,209,92,橡胶大底,日常休闲,斯凯奇潮,0,1,4147,2
2984,系带设计,37,278,74,206,96,MD发泡底,复古潮鞋,安踏运动,1,0,92,1
363,拉链鞋款,52,109,91,99,95,混合鞋底,日常休闲,回力经典,1,0,2736,1
918,拉链鞋款,42,228,54,123,94,混合鞋底,潮流高街,耐克潮流,1,1,2,2
1221,系带设计,58,167,91,152,99,MD发泡底,户外机能,回力经典,0,1,658,2
570,拉链鞋款,60,225,99,223,93,EVA轻底,潮流高街,鸿星尔克,1,1,1153,2
330,松紧带鞋,28,178,76,135,96,EVA轻底,户外机能,回力经典,0,0,2638,1
804,魔术贴鞋,40,204,80,163,90,混合鞋底,潮流高街,安踏运动,1,0,456,1
608,系带设计,42,130,76,99,93,EVA轻底,户外机能,鸿星尔克,1,0,783,1
268,套脚款式,43,613,89,546,95,EVA轻底,工装硬朗,其他品牌,1,0,775,3
351,魔术贴鞋,46,196,70,137,99,橡胶大底,户外机能,安踏运动,1,0,41,1
4051,拉链鞋款,58,471,75,353,92,TPR鞋底,户外机能,李宁休闲,0,0,25,3
46,松紧带鞋,47,111,89,99,96,混合鞋底,工装硬朗,阿迪达斯,1,1,4028,2
780,套脚款式,46,429,55,236,97,TPR鞋底,运动休闲,耐克潮流,1,0,1104,3
496,套脚款式,61,177,56,99,98,EVA轻底,户外机能,耐克潮流,1,1,842,2
7442,套脚款式,61,353,62,219,100,EVA轻底,简约百搭,特步男鞋,0,1,682,2
5235,松紧带鞋,38,278,77,214,99,MD发泡底,复古潮鞋,安踏运动,0,1,46,2
817,系带设计,20,177,56,99,97,PU中底,日常休闲,京东京造,1,1,17,2
623,拉链鞋款,63,121,82,99,94,TPR鞋底,日常休闲,安踏运动,1,0,22,1
751,套脚款式,46,118,85,100,90,TPR鞋底,运动休闲,回力经典,0,1,640,2
1006,松紧带鞋,51,103,96,99,92,TPR鞋底,简约百搭,回力经典,1,1,50,2
1297,松紧带鞋,48,362,89,322,95,橡胶大底,户外机能,其他品牌,1,0,14,3
2673,拉链鞋款,56,119,83,99,88,PU中底,日常休闲,回力经典,0,0,286,1
4119,系带设计,57,165,60,99,96,EVA轻底,运动休闲,斯凯奇潮,0,0,21,1
208,魔术贴鞋,48,148,87,129,89,PU中底,运动休闲,特步男鞋,0,1,612,2
1965,套脚款式,40,340,65,221,87,混合鞋底,复古潮鞋,阿迪达斯,1,0,1400,1
3866,松紧带鞋,45,160,62,99,97,TPR鞋底,日常休闲,阿迪达斯,1,1,31,2
698,魔术贴鞋,41,127,97,123,93,MD发泡底,运动休闲,耐克潮流,1,1,915,2
5267,松紧带鞋,51,173,67,116,88,混合鞋底,潮流高街,其他品牌,1,1,1158,2
5200,魔术贴鞋,42,134,74,99,90,混合鞋底,户外机能,特步男鞋,1,0,892,1
321,魔术贴鞋,50,187,53,99,95,TPR鞋底,潮流高街,安踏运动,1,1,495,2
2064,套脚款式,42,141,70,99,94,混合鞋底,运动休闲,李宁休闲,1,0,520,1
496,套脚款式,33,139,71,99,96,TPR鞋底,复古潮鞋,斯凯奇潮,1,0,1225,1
1173,套脚款式,47,139,71,99,94,MD发泡底,工装硬朗,回力经典,1,1,741,2
11781,套脚款式,43,251,53,133,90,混合鞋底,复古潮鞋,阿迪达斯,1,1,4253,0
4396,系带设计,39,343,61,209,87,TPR鞋底,简约百搭,鸿星尔克,0,1,44,2
2884,套脚款式,51,174,74,129,94,PU中底,日常休闲,安踏运动,1,0,9,1
2470,系带设计,39,136,84,114,100,MD发泡底,复古潮鞋,斯凯奇潮,1,0,130,1
89,套脚款式,39,118,84,99,97,PU中底,潮流高街,其他品牌,0,0,930,1
1295,魔术贴鞋,49,365,52,190,94,TPR鞋底,户外机能,斯凯奇潮,1,0,742,1
953,拉链鞋款,39,1043,67,699,90,MD发泡底,工装硬朗,斯凯奇潮,0,0,1021,3
1568,魔术贴鞋,64,165,65,107,95,EVA轻底,潮流高街,特步男鞋,1,0,793,1
2165,松紧带鞋,33,198,50,99,94,橡胶大底,简约百搭,回力经典,1,0,129,1
971,系带设计,46,339,57,193,93,混合鞋底,复古潮鞋,阿迪达斯,0,0,495,1
1246,系带设计,56,155,64,99,94,橡胶大底,运动休闲,回力经典,0,0,895,1
2168,系带设计,46,195,66,129,93,混合鞋底,潮流高街,京东京造,1,0,4076,1
1257,魔术贴鞋,57,139,71,99,92,TPR鞋底,潮流高街,斯凯奇潮,1,1,501,2
1264,套脚款式,51,129,77,99,92,MD发泡底,运动休闲,鸿星尔克,0,1,3183,2
405,系带设计,55,198,50,99,98,MD发泡底,运动休闲,阿迪达斯,0,0,3040,1
3284,拉链鞋款,58,138,72,99,98,PU中底,运动休闲,其他品牌,1,0,45,1
131,松紧带鞋,51,252,91,229,97,MD发泡底,复古潮鞋,安踏运动,1,1,4651,2
223,拉链鞋款,59,106,93,99,94,混合鞋底,简约百搭,鸿星尔克,1,1,3142,2
5605,系带设计,41,261,70,183,95,TPR鞋底,潮流高街,特步男鞋,0,1,1249,2
369,魔术贴鞋,54,400,73,292,97,橡胶大底,潮流高街,安踏运动,0,0,390,3
678,套脚款式,54,317,94,298,91,橡胶大底,简约百搭,特步男鞋,1,1,291,3
925,魔术贴鞋,43,228,65,148,99,橡胶大底,日常休闲,京东京造,0,1,12,2
1791,套脚款式,47,222,86,191,99,橡胶大底,简约百搭,其他品牌,0,1,1365,2
958,系带设计,48,238,77,183,97,EVA轻底,户外机能,耐克潮流,0,0,1132,1
2653,系带设计,32,216,58,125,85,EVA轻底,日常休闲,安踏运动,0,0,1411,1
1348,系带设计,47,174,57,99,91,混合鞋底,复古潮鞋,回力经典,1,1,1292,2
712,拉链鞋款,47,335,55,184,91,混合鞋底,户外机能,鸿星尔克,1,0,4517,1
427,拉链鞋款,28,300,65,195,99,TPR鞋底,简约百搭,回力经典,1,1,1404,2
3104,系带设计,49,103,96,99,94,橡胶大底,日常休闲,鸿星尔克,1,0,1230,1
1124,系带设计,37,212,83,176,88,TPR鞋底,户外机能,阿迪达斯,0,0,12,1
1482,魔术贴鞋,55,181,67,121,91,EVA轻底,户外机能,鸿星尔克,0,0,4515,1
280,套脚款式,46,167,96,160,96,TPR鞋底,简约百搭,斯凯奇潮,0,1,1366,2
1062,套脚款式,44,216,81,175,90,MD发泡底,工装硬朗,京东京造,0,0,1276,1
335,系带设计,54,180,55,99,91,PU中底,工装硬朗,阿迪达斯,1,0,1136,1
3977,魔术贴鞋,57,125,80,100,88,橡胶大底,工装硬朗,特步男鞋,1,1,466,2
8613,松紧带鞋,45,180,55,99,97,混合鞋底,日常休闲,京东京造,1,0,973,1
764,松紧带鞋,43,222,73,162,90,混合鞋底,户外机能,阿迪达斯,0,1,1476,2
797,套脚款式,48,220,97,213,90,EVA轻底,运动休闲,特步男鞋,0,1,176,2
350,套脚款式,47,110,94,103,87,PU中底,复古潮鞋,斯凯奇潮,0,1,2745,2
1230,拉链鞋款,45,259,69,179,94,MD发泡底,日常休闲,京东京造,0,0,1315,1
1979,拉链鞋款,60,103,96,99,91,EVA轻底,复古潮鞋,其他品牌,1,1,31,2
141,拉链鞋款,48,191,68,130,96,橡胶大底,潮流高街,阿迪达斯,1,0,386,1
1325,拉链鞋款,53,190,77,146,98,混合鞋底,复古潮鞋,京东京造,1,1,2823,2
854,拉链鞋款,43,106,93,99,96,MD发泡底,户外机能,安踏运动,0,0,982,1
590,松紧带鞋,43,440,50,220,98,混合鞋底,户外机能,斯凯奇潮,0,0,4831,3
4737,拉链鞋款,47,146,68,99,95,PU中底,日常休闲,安踏运动,1,0,48,1
2035,拉链鞋款,42,119,83,99,100,PU中底,复古潮鞋,斯凯奇潮,1,0,23,1
2799,松紧带鞋,52,150,66,99,96,TPR鞋底,户外机能,京东京造,1,0,2285,1
271,系带设计,37,189,71,134,94,TPR鞋底,日常休闲,其他品牌,0,0,1180,1
255,魔术贴鞋,47,215,55,118,91,PU中底,工装硬朗,回力经典,1,0,0,1
1363,套脚款式,55,199,77,153,100,PU中底,户外机能,京东京造,1,0,574,1
1599,系带设计,52,280,54,151,100,EVA轻底,运动休闲,京东京造,0,0,928,1
138,松紧带鞋,47,119,89,106,100,MD发泡底,简约百搭,斯凯奇潮,0,0,2704,1
2305,拉链鞋款,48,181,94,170,95,混合鞋底,潮流高街,特步男鞋,0,1,986,2
383,魔术贴鞋,40,100,99,99,88,EVA轻底,户外机能,安踏运动,0,0,1066,1
251,系带设计,52,180,74,133,95,混合鞋底,户外机能,回力经典,0,0,31,1
7591,魔术贴鞋,49,168,59,99,97,橡胶大底,运动休闲,阿迪达斯,1,0,274,1
9240,系带设计,48,356,64,228,90,混合鞋底,户外机能,回力经典,1,1,1022,3
927,魔术贴鞋,39,273,52,142,94,PU中底,日常休闲,斯凯奇潮,1,0,245,1
5677,系带设计,27,110,90,99,96,MD发泡底,日常休闲,李宁休闲,1,1,130,2
251,系带设计,53,205,61,125,90,橡胶大底,运动休闲,李宁休闲,0,0,20,1
398,魔术贴鞋,42,187,78,146,91,橡胶大底,户外机能,其他品牌,1,1,615,2
1085,套脚款式,36,174,90,157,96,橡胶大底,日常休闲,特步男鞋,0,0,598,1
129,魔术贴鞋,51,157,81,127,96,TPR鞋底,简约百搭,其他品牌,0,0,542,1
1089,系带设计,35,112,88,99,96,橡胶大底,户外机能,其他品牌,0,1,136,2
2029,系带设计,37,452,56,253,96,橡胶大底,工装硬朗,安踏运动,0,0,2066,3
35,松紧带鞋,42,104,95,99,98,TPR鞋底,户外机能,李宁休闲,0,0,1044,1
95,套脚款式,49,162,61,99,92,橡胶大底,简约百搭,阿迪达斯,0,1,3458,2
9115,松紧带鞋,58,114,87,99,97,橡胶大底,简约百搭,回力经典,0,1,34,2
5831,松紧带鞋,53,143,69,99,91,橡胶大底,复古潮鞋,阿迪达斯,1,1,46,2
1165,魔术贴鞋,60,122,81,99,88,橡胶大底,户外机能,斯凯奇潮,1,1,4047,2
226,魔术贴鞋,59,114,87,99,99,混合鞋底,运动休闲,斯凯奇潮,1,1,192,2
2715,拉链鞋款,44,148,67,99,96,MD发泡底,复古潮鞋,李宁休闲,1,0,1019,1
4547,松紧带鞋,39,280,86,241,94,TPR鞋底,简约百搭,阿迪达斯,1,0,168,1
693,松紧带鞋,53,104,96,100,98,EVA轻底,运动休闲,耐克潮流,1,0,802,1
308,魔术贴鞋,53,168,59,99,96,EVA轻底,工装硬朗,安踏运动,1,1,611,2
1481,魔术贴鞋,49,165,89,147,94,橡胶大底,潮流高街,特步男鞋,1,0,3924,1
112,拉链鞋款,59,167,76,127,93,EVA轻底,简约百搭,其他品牌,1,1,1307,2
1712,魔术贴鞋,50,204,99,202,94,MD发泡底,简约百搭,阿迪达斯,0,0,2812,1
426,魔术贴鞋,59,150,66,99,94,混合鞋底,工装硬朗,鸿星尔克,1,0,1075,1
5003,套脚款式,53,851,69,587,99,EVA轻底,潮流高街,李宁休闲,1,0,416,3
442,松紧带鞋,52,145,85,123,99,PU中底,户外机能,耐克潮流,1,0,971,1
686,魔术贴鞋,65,159,90,143,91,MD发泡底,复古潮鞋,京东京造,0,0,836,1
563,松紧带鞋,46,187,53,99,99,MD发泡底,简约百搭,其他品牌,0,0,713,1
963,拉链鞋款,52,103,96,99,91,TPR鞋底,工装硬朗,耐克潮流,0,1,538,2
801,系带设计,63,118,84,99,92,EVA轻底,简约百搭,京东京造,1,1,426,2
136,魔术贴鞋,47,109,91,99,95,TPR鞋底,复古潮鞋,鸿星尔克,1,0,1088,1
1451,系带设计,43,174,57,99,93,TPR鞋底,潮流高街,耐克潮流,0,0,3290,1
1532,拉链鞋款,64,169,80,135,91,TPR鞋底,简约百搭,斯凯奇潮,0,0,1492,1
1069,拉链鞋款,46,157,63,99,95,MD发泡底,简约百搭,京东京造,1,1,777,2
1425,系带设计,51,194,90,175,96,MD发泡底,潮流高街,鸿星尔克,0,1,158,2
712,魔术贴鞋,42,135,95,128,99,混合鞋底,简约百搭,特步男鞋,1,0,404,1
998,魔术贴鞋,48,140,85,119,94,TPR鞋底,工装硬朗,李宁休闲,0,0,509,1
793,套脚款式,64,155,64,99,90,TPR鞋底,户外机能,阿迪达斯,0,1,610,2
2568,拉链鞋款,50,213,75,160,92,PU中底,日常休闲,特步男鞋,0,0,944,1
647,套脚款式,41,431,72,310,93,EVA轻底,日常休闲,安踏运动,0,0,2888,3
2243,套脚款式,59,259,93,241,96,混合鞋底,运动休闲,其他品牌,1,0,472,1
1532,系带设计,52,528,80,422,94,MD发泡底,户外机能,李宁休闲,0,1,784,3
1272,系带设计,53,380,69,262,92,MD发泡底,运动休闲,安踏运动,0,1,77,3
739,套脚款式,54,155,83,129,90,EVA轻底,复古潮鞋,耐克潮流,1,1,370,2
1056,魔术贴鞋,28,258,90,232,100,混合鞋底,日常休闲,斯凯奇潮,0,0,1187,1
82,系带设计,50,112,89,100,92,EVA轻底,简约百搭,阿迪达斯,1,0,4431,1
692,系带设计,43,155,67,104,91,EVA轻底,工装硬朗,回力经典,1,1,782,2
7526,套脚款式,49,164,87,143,96,TPR鞋底,复古潮鞋,李宁休闲,1,0,1266,1
190,套脚款式,42,181,86,156,94,MD发泡底,简约百搭,阿迪达斯,0,0,2557,1
634,拉链鞋款,62,191,99,189,96,TPR鞋底,复古潮鞋,李宁休闲,1,1,4859,2
523,魔术贴鞋,54,349,76,265,86,EVA轻底,日常休闲,耐克潮流,1,0,4633,3
280,魔术贴鞋,40,183,54,99,93,橡胶大底,简约百搭,耐克潮流,0,1,45,2
523,拉链鞋款,41,141,70,99,96,PU中底,日常休闲,安踏运动,1,0,3224,1
479,拉链鞋款,35,218,77,168,93,PU中底,户外机能,耐克潮流,1,1,311,2
4070,魔术贴鞋,37,275,55,151,93,EVA轻底,日常休闲,斯凯奇潮,0,0,1152,1
3220,魔术贴鞋,49,289,95,275,98,TPR鞋底,工装硬朗,耐克潮流,0,0,1184,1
2099,系带设计,29,114,87,99,88,橡胶大底,简约百搭,特步男鞋,1,0,273,1
59,魔术贴鞋,54,103,96,99,91,MD发泡底,工装硬朗,鸿星尔克,0,1,406,2
2032,系带设计,44,124,97,120,92,MD发泡底,复古潮鞋,安踏运动,0,0,1176,1
360,套脚款式,55,118,84,99,95,MD发泡底,复古潮鞋,京东京造,0,1,275,2
3527,魔术贴鞋,54,781,59,461,93,EVA轻底,工装硬朗,京东京造,0,1,599,3
1395,套脚款式,35,162,63,102,92,MD发泡底,运动休闲,鸿星尔克,1,1,48,2
1489,拉链鞋款,47,180,100,180,96,MD发泡底,潮流高街,京东京造,1,1,775,2
898,系带设计,47,256,80,205,96,混合鞋底,简约百搭,特步男鞋,0,0,1136,1
1808,系带设计,40,364,85,309,93,橡胶大底,工装硬朗,鸿星尔克,1,1,3723,3
177,套脚款式,46,277,100,277,91,混合鞋底,简约百搭,安踏运动,1,0,967,1
153,松紧带鞋,59,186,97,180,90,橡胶大底,潮流高街,特步男鞋,1,1,769,2
214,系带设计,37,108,92,99,94,混合鞋底,户外机能,斯凯奇潮,0,1,918,2
3044,系带设计,50,401,71,285,100,EVA轻底,工装硬朗,京东京造,0,0,272,3
139,魔术贴鞋,45,168,97,163,93,橡胶大底,潮流高街,耐克潮流,0,0,487,1
11851,松紧带鞋,51,114,87,99,94,MD发泡底,日常休闲,耐克潮流,1,1,1032,0
1120,套脚款式,33,108,92,99,91,混合鞋底,简约百搭,京东京造,0,0,537,1
6648,系带设计,45,116,85,99,97,混合鞋底,日常休闲,鸿星尔克,1,0,12,1
419,松紧带鞋,53,197,75,148,88,橡胶大底,简约百搭,鸿星尔克,0,1,1162,2
111,系带设计,59,309,78,241,96,橡胶大底,简约百搭,鸿星尔克,0,1,1111,2
896,系带设计,54,162,61,99,93,混合鞋底,日常休闲,特步男鞋,0,1,4225,2
220,拉链鞋款,43,179,56,100,93,MD发泡底,户外机能,京东京造,1,1,2953,2
9563,松紧带鞋,40,146,87,127,90,MD发泡底,日常休闲,其他品牌,0,1,896,2
1470,系带设计,37,429,79,339,91,EVA轻底,简约百搭,京东京造,0,1,4901,3
824,系带设计,49,104,95,99,95,TPR鞋底,运动休闲,李宁休闲,1,0,47,1
6114,魔术贴鞋,51,280,60,168,92,EVA轻底,工装硬朗,京东京造,1,0,3689,1
2782,拉链鞋款,40,118,84,99,92,TPR鞋底,简约百搭,安踏运动,1,1,1479,2
19577,魔术贴鞋,37,335,62,208,95,混合鞋底,户外机能,李宁休闲,1,0,4,0
3191,拉链鞋款,42,254,54,137,95,EVA轻底,日常休闲,斯凯奇潮,1,1,772,2
1271,套脚款式,64,101,98,99,97,MD发泡底,简约百搭,回力经典,0,0,1041,1
1484,拉链鞋款,48,217,59,128,87,混合鞋底,复古潮鞋,京东京造,0,0,2330,1
53,系带设计,30,546,52,284,96,混合鞋底,户外机能,耐克潮流,1,0,4,3
3187,套脚款式,46,190,52,99,95,TPR鞋底,工装硬朗,回力经典,1,1,1252,2
2228,系带设计,38,188,77,145,96,TPR鞋底,工装硬朗,鸿星尔克,0,0,3509,1
917,系带设计,48,207,87,180,94,EVA轻底,复古潮鞋,耐克潮流,1,1,3790,2
851,魔术贴鞋,26,435,98,426,88,MD发泡底,工装硬朗,回力经典,0,0,3263,3
477,套脚款式,34,108,92,99,99,橡胶大底,简约百搭,李宁休闲,0,1,20,2
511,松紧带鞋,43,744,52,387,99,混合鞋底,复古潮鞋,阿迪达斯,0,0,2761,3
6635,拉链鞋款,51,243,60,146,94,EVA轻底,运动休闲,回力经典,1,1,330,2
19905,魔术贴鞋,58,239,56,134,96,MD发泡底,工装硬朗,耐克潮流,0,0,1483,0
1594,魔术贴鞋,50,463,71,329,93,混合鞋底,运动休闲,鸿星尔克,0,0,7,3
542,套脚款式,35,103,96,99,91,TPR鞋底,简约百搭,其他品牌,0,0,230,1
179,套脚款式,55,150,66,99,94,混合鞋底,日常休闲,京东京造,0,0,1165,1
62,拉链鞋款,52,149,95,142,92,MD发泡底,日常休闲,鸿星尔克,1,1,1061,2
278,魔术贴鞋,44,130,76,99,92,PU中底,日常休闲,回力经典,1,1,4,2
2894,套脚款式,43,101,98,99,91,MD发泡底,户外机能,斯凯奇潮,1,0,36,1
3795,魔术贴鞋,34,106,93,99,99,PU中底,潮流高街,耐克潮流,1,0,39,1
2450,系带设计,40,171,58,99,93,EVA轻底,潮流高街,阿迪达斯,0,1,423,2
912,拉链鞋款,45,331,54,179,100,TPR鞋底,工装硬朗,特步男鞋,0,1,75,2
5902,套脚款式,46,195,100,195,97,橡胶大底,运动休闲,斯凯奇潮,0,1,431,2
6668,套脚款式,50,194,67,130,93,混合鞋底,工装硬朗,鸿星尔克,1,1,338,2
1685,系带设计,32,165,60,99,100,PU中底,复古潮鞋,阿迪达斯,0,1,119,2
1485,拉链鞋款,42,214,70,150,100,橡胶大底,工装硬朗,回力经典,1,1,1370,2
3792,拉链鞋款,30,99,100,99,99,PU中底,复古潮鞋,安踏运动,1,0,131,1
1599,松紧带鞋,57,231,67,155,99,橡胶大底,日常休闲,回力经典,0,0,417,1
628,系带设计,38,436,58,253,96,EVA轻底,运动休闲,安踏运动,0,0,105,3
1814,系带设计,39,148,67,99,95,TPR鞋底,工装硬朗,京东京造,1,0,147,1
6647,松紧带鞋,38,186,97,180,95,TPR鞋底,复古潮鞋,回力经典,0,1,404,2
1933,套脚款式,33,208,78,162,98,PU中底,复古潮鞋,京东京造,0,1,27,2
33,系带设计,52,225,67,151,92,橡胶大底,运动休闲,耐克潮流,1,0,111,1
368,套脚款式,42,233,58,135,98,混合鞋底,户外机能,特步男鞋,1,0,952,1
1511,松紧带鞋,49,177,56,99,95,PU中底,日常休闲,特步男鞋,0,1,783,2
510,松紧带鞋,61,103,99,102,92,EVA轻底,简约百搭,其他品牌,1,0,319,1
1931,套脚款式,32,157,69,108,95,橡胶大底,运动休闲,鸿星尔克,1,0,843,1
559,魔术贴鞋,60,104,95,99,93,EVA轻底,户外机能,李宁休闲,0,1,958,2
331,松紧带鞋,44,136,90,122,93,混合鞋底,日常休闲,阿迪达斯,1,1,723,2
1697,系带设计,51,114,87,99,98,MD发泡底,简约百搭,京东京造,0,1,24,2
824,系带设计,45,152,65,99,97,橡胶大底,简约百搭,其他品牌,1,0,3964,1
17186,系带设计,55,168,59,99,90,EVA轻底,复古潮鞋,李宁休闲,0,1,857,0
234,松紧带鞋,56,216,83,179,96,EVA轻底,户外机能,特步男鞋,0,0,527,1
210,魔术贴鞋,54,232,87,202,94,TPR鞋底,复古潮鞋,斯凯奇潮,0,0,25,1
1225,拉链鞋款,46,163,67,109,95,TPR鞋底,潮流高街,斯凯奇潮,0,1,3481,2
1100,系带设计,41,134,74,99,97,PU中底,户外机能,耐克潮流,1,1,717,2
2324,系带设计,43,400,54,216,90,TPR鞋底,复古潮鞋,耐克潮流,1,1,26,3
325,套脚款式,51,233,89,207,90,混合鞋底,日常休闲,特步男鞋,1,0,47,1
753,拉链鞋款,60,219,86,188,99,TPR鞋底,户外机能,特步男鞋,0,0,23,1
2090,套脚款式,54,109,91,99,90,EVA轻底,简约百搭,其他品牌,0,0,203,1
1874,魔术贴鞋,44,114,87,99,89,MD发泡底,简约百搭,耐克潮流,1,1,699,2
135,系带设计,61,191,99,189,94,PU中底,户外机能,阿迪达斯,1,0,2340,1
540,套脚款式,33,209,76,159,97,MD发泡底,复古潮鞋,安踏运动,0,0,583,1
2260,松紧带鞋,45,209,99,207,93,橡胶大底,运动休闲,京东京造,0,1,953,2
399,松紧带鞋,44,382,50,191,92,EVA轻底,潮流高街,安踏运动,0,0,27,1
4766,套脚款式,41,282,50,141,91,混合鞋底,日常休闲,耐克潮流,0,1,1128,2
1208,魔术贴鞋,18,195,61,119,90,EVA轻底,简约百搭,回力经典,0,1,47,2
2681,拉链鞋款,46,181,74,134,94,EVA轻底,潮流高街,斯凯奇潮,1,1,796,2
1466,松紧带鞋,42,284,55,156,91,MD发泡底,运动休闲,安踏运动,1,1,808,2
704,拉链鞋款,46,131,80,105,97,MD发泡底,简约百搭,特步男鞋,0,0,856,1
3914,魔术贴鞋,26,155,64,99,97,EVA轻底,简约百搭,斯凯奇潮,0,1,653,2
2619,套脚款式,45,107,96,103,94,TPR鞋底,简约百搭,回力经典,0,1,3255,2
1238,系带设计,55,160,62,99,94,PU中底,日常休闲,鸿星尔克,1,0,12,1
1404,拉链鞋款,40,430,67,288,92,TPR鞋底,潮流高街,安踏运动,0,1,2,3
132,系带设计,61,111,89,99,100,混合鞋底,潮流高街,阿迪达斯,0,0,698,1
207,套脚款式,46,165,63,104,92,PU中底,户外机能,耐克潮流,0,0,744,1
1194,套脚款式,42,222,54,120,91,MD发泡底,复古潮鞋,斯凯奇潮,1,1,1371,2
245,魔术贴鞋,60,105,94,99,95,PU中底,工装硬朗,斯凯奇潮,0,0,799,1
55,套脚款式,49,1075,56,602,97,混合鞋底,户外机能,鸿星尔克,1,0,25,3
526,魔术贴鞋,61,406,96,390,88,EVA轻底,日常休闲,京东京造,1,1,453,3
1140,松紧带鞋,43,210,63,132,96,MD发泡底,复古潮鞋,耐克潮流,1,1,1193,2
507,系带设计,62,156,87,136,92,TPR鞋底,简约百搭,阿迪达斯,0,0,9,1
2934,套脚款式,60,150,66,99,87,MD发泡底,工装硬朗,阿迪达斯,1,1,892,2
10088,魔术贴鞋,50,114,87,99,91,MD发泡底,日常休闲,斯凯奇潮,1,0,571,1
554,魔术贴鞋,52,118,92,109,90,TPR鞋底,运动休闲,斯凯奇潮,0,1,413,2
690,系带设计,45,128,96,123,90,橡胶大底,潮流高街,京东京造,1,0,1192,1
1596,套脚款式,51,145,99,144,93,混合鞋底,日常休闲,其他品牌,0,1,4268,2
1051,拉链鞋款,58,265,68,180,95,混合鞋底,运动休闲,其他品牌,0,0,1260,1
3244,拉链鞋款,41,120,87,104,95,TPR鞋底,工装硬朗,耐克潮流,1,0,1098,1
1263,松紧带鞋,60,198,50,99,96,TPR鞋底,日常休闲,斯凯奇潮,0,0,717,1
7842,系带设计,64,202,54,109,95,TPR鞋底,日常休闲,特步男鞋,1,0,1442,1
3051,魔术贴鞋,56,127,78,99,98,PU中底,工装硬朗,鸿星尔克,1,1,1276,2
5364,套脚款式,44,209,53,111,98,混合鞋底,简约百搭,安踏运动,1,0,475,1
1351,松紧带鞋,48,111,89,99,90,TPR鞋底,运动休闲,回力经典,0,0,297,1
4604,松紧带鞋,45,204,75,153,96,EVA轻底,复古潮鞋,李宁休闲,1,0,59,1
2293,松紧带鞋,45,148,67,99,86,橡胶大底,运动休闲,李宁休闲,0,1,847,2
498,松紧带鞋,51,108,92,99,90,EVA轻底,工装硬朗,李宁休闲,0,0,2951,1
466,套脚款式,49,492,64,315,92,EVA轻底,运动休闲,回力经典,0,0,43,3
105,拉链鞋款,53,244,61,149,99,橡胶大底,工装硬朗,阿迪达斯,1,0,1088,1
3237,套脚款式,46,223,74,165,93,TPR鞋底,简约百搭,鸿星尔克,1,1,699,2
885,拉链鞋款,49,170,84,143,92,TPR鞋底,运动休闲,斯凯奇潮,0,0,1169,1
685,套脚款式,54,230,63,145,95,混合鞋底,户外机能,其他品牌,1,0,773,1
2181,系带设计,56,310,50,155,90,混合鞋底,运动休闲,阿迪达斯,1,0,496,1
1817,套脚款式,31,162,61,99,91,PU中底,日常休闲,安踏运动,1,0,3445,1
5296,魔术贴鞋,45,185,78,144,97,混合鞋底,工装硬朗,安踏运动,0,1,4828,2
13975,魔术贴鞋,44,431,88,379,90,MD发泡底,潮流高街,特步男鞋,1,1,234,0
14256,系带设计,41,100,99,99,92,MD发泡底,复古潮鞋,特步男鞋,0,1,1160,0
2785,拉链鞋款,44,163,93,152,93,TPR鞋底,运动休闲,安踏运动,0,1,237,2
442,拉链鞋款,52,231,87,201,97,混合鞋底,日常休闲,李宁休闲,0,0,801,1
401,套脚款式,45,127,84,107,93,EVA轻底,复古潮鞋,特步男鞋,0,0,830,1
3324,松紧带鞋,46,118,93,110,87,PU中底,运动休闲,斯凯奇潮,1,0,166,1
269,拉链鞋款,40,310,52,161,97,EVA轻底,运动休闲,回力经典,0,1,1051,2
796,套脚款式,40,279,62,173,94,PU中底,运动休闲,安踏运动,1,0,691,1
909,魔术贴鞋,54,233,93,217,91,MD发泡底,工装硬朗,其他品牌,0,0,952,1
2246,松紧带鞋,40,312,68,212,96,MD发泡底,复古潮鞋,阿迪达斯,1,0,177,1
1885,魔术贴鞋,44,241,78,188,94,TPR鞋底,日常休闲,回力经典,1,1,694,2
8516,套脚款式,53,249,69,172,96,橡胶大底,户外机能,鸿星尔克,1,1,4303,2
4248,魔术贴鞋,35,704,57,401,98,混合鞋底,户外机能,回力经典,1,1,1435,3
2962,魔术贴鞋,51,315,61,192,94,EVA轻底,工装硬朗,回力经典,1,0,37,1
1676,系带设计,39,106,93,99,95,EVA轻底,潮流高街,其他品牌,0,0,1285,1
266,松紧带鞋,53,168,59,99,85,MD发泡底,户外机能,耐克潮流,1,1,844,2
2321,魔术贴鞋,49,109,91,99,95,MD发泡底,潮流高街,鸿星尔克,1,1,46,2
413,套脚款式,64,277,53,147,95,TPR鞋底,潮流高街,斯凯奇潮,0,0,663,1
112,松紧带鞋,50,134,74,99,92,混合鞋底,简约百搭,斯凯奇潮,1,0,1125,1
346,系带设计,55,150,92,138,94,MD发泡底,运动休闲,阿迪达斯,0,0,3620,1
812,系带设计,49,185,65,120,96,橡胶大底,简约百搭,安踏运动,1,1,769,2
1455,松紧带鞋,31,373,94,351,91,橡胶大底,日常休闲,阿迪达斯,0,0,221,3
1636,松紧带鞋,47,269,77,207,90,EVA轻底,复古潮鞋,斯凯奇潮,0,1,1209,2
1084,套脚款式,21,252,64,161,94,混合鞋底,日常休闲,京东京造,0,0,1258,1
5014,套脚款式,54,377,86,324,97,TPR鞋底,运动休闲,阿迪达斯,1,0,34,3
3126,拉链鞋款,46,112,89,100,85,MD发泡底,运动休闲,特步男鞋,0,1,1112,2
2637,系带设计,56,115,86,99,87,EVA轻底,日常休闲,其他品牌,1,1,703,2
230,松紧带鞋,43,185,98,181,95,混合鞋底,工装硬朗,李宁休闲,1,1,33,2
252,套脚款式,45,108,92,99,96,PU中底,日常休闲,阿迪达斯,0,0,989,1
513,套脚款式,47,108,92,99,91,TPR鞋底,简约百搭,安踏运动,0,1,4147,2
1373,套脚款式,45,194,51,99,91,橡胶大底,日常休闲,回力经典,0,0,214,1
1036,松紧带鞋,48,187,53,99,92,混合鞋底,户外机能,其他品牌,0,1,2786,2
151,套脚款式,58,121,82,99,100,PU中底,复古潮鞋,阿迪达斯,0,0,50,1
1199,系带设计,47,480,50,240,93,MD发泡底,复古潮鞋,李宁休闲,0,0,795,3
3203,魔术贴鞋,38,105,94,99,98,PU中底,潮流高街,京东京造,0,1,3154,2
1994,拉链鞋款,52,228,71,162,92,PU中底,潮流高街,阿迪达斯,1,0,463,1
4420,系带设计,51,208,65,135,95,橡胶大底,运动休闲,特步男鞋,1,1,46,2
204,魔术贴鞋,43,151,100,151,91,TPR鞋底,户外机能,斯凯奇潮,1,1,19,2
1313,魔术贴鞋,64,178,63,112,97,PU中底,工装硬朗,京东京造,0,1,648,2
257,魔术贴鞋,60,192,97,186,98,MD发泡底,日常休闲,回力经典,0,0,481,1
5503,松紧带鞋,46,187,53,99,93,MD发泡底,潮流高街,回力经典,0,0,884,1
373,魔术贴鞋,44,420,51,214,94,混合鞋底,工装硬朗,京东京造,0,0,1023,3
2413,魔术贴鞋,40,308,91,280,97,PU中底,户外机能,特步男鞋,0,0,769,1
398,魔术贴鞋,27,232,68,158,96,EVA轻底,潮流高街,安踏运动,1,1,1134,2
1706,拉链鞋款,55,148,67,99,97,TPR鞋底,日常休闲,安踏运动,0,1,968,2
5557,系带设计,61,295,79,233,92,MD发泡底,潮流高街,其他品牌,1,1,455,2
293,松紧带鞋,55,313,53,166,94,EVA轻底,复古潮鞋,阿迪达斯,0,1,967,2
1791,系带设计,53,347,55,191,90,PU中底,运动休闲,鸿星尔克,1,1,1211,2
146,魔术贴鞋,40,125,79,99,93,PU中底,户外机能,李宁休闲,0,1,29,2
397,魔术贴鞋,53,217,75,163,95,混合鞋底,工装硬朗,其他品牌,0,1,2829,2
500,套脚款式,57,193,61,118,90,EVA轻底,运动休闲,京东京造,0,1,537,2
3621,系带设计,51,121,82,99,95,PU中底,日常休闲,特步男鞋,1,0,972,1
1459,系带设计,39,150,66,99,92,橡胶大底,潮流高街,李宁休闲,0,1,339,2
3414,松紧带鞋,49,135,89,120,85,PU中底,日常休闲,耐克潮流,0,1,18,2
1438,魔术贴鞋,44,127,78,99,91,EVA轻底,工装硬朗,斯凯奇潮,0,0,1348,1
3155,拉链鞋款,47,116,85,99,95,橡胶大底,简约百搭,京东京造,0,1,38,2
3981,拉链鞋款,55,183,54,99,93,混合鞋底,复古潮鞋,其他品牌,1,1,611,2
529,魔术贴鞋,40,220,79,174,98,MD发泡底,运动休闲,鸿星尔克,1,0,36,1
469,拉链鞋款,45,154,67,103,91,橡胶大底,潮流高街,阿迪达斯,0,0,39,1
2623,拉链鞋款,40,545,77,420,92,TPR鞋底,简约百搭,耐克潮流,0,0,579,3
11803,拉链鞋款,59,103,96,99,91,橡胶大底,工装硬朗,特步男鞋,1,1,1110,0
149,套脚款式,40,121,82,99,95,橡胶大底,简约百搭,回力经典,1,1,116,2
426,松紧带鞋,46,152,65,99,93,EVA轻底,日常休闲,鸿星尔克,0,1,1500,2
31,拉链鞋款,48,122,81,99,93,EVA轻底,复古潮鞋,斯凯奇潮,0,1,496,2
1692,拉链鞋款,50,162,61,99,93,混合鞋底,简约百搭,李宁休闲,1,0,0,1
287,松紧带鞋,35,409,78,319,95,TPR鞋底,简约百搭,斯凯奇潮,0,0,166,3
9838,松紧带鞋,40,333,52,173,98,PU中底,户外机能,京东京造,0,1,3185,0
6812,系带设计,58,484,58,281,92,MD发泡底,日常休闲,耐克潮流,0,1,1095,3
2471,拉链鞋款,38,157,63,99,97,EVA轻底,户外机能,李宁休闲,1,0,15,1
986,系带设计,56,134,74,99,95,TPR鞋底,简约百搭,回力经典,0,1,33,2
1143,系带设计,51,376,75,282,94,MD发泡底,复古潮鞋,李宁休闲,1,1,490,3
5108,拉链鞋款,37,198,50,99,96,EVA轻底,简约百搭,鸿星尔克,1,0,1089,1
143,拉链鞋款,64,198,50,99,98,EVA轻底,日常休闲,李宁休闲,0,1,583,2
8077,松紧带鞋,48,146,68,99,86,PU中底,简约百搭,鸿星尔克,0,1,16,2
514,拉链鞋款,46,108,92,99,94,PU中底,日常休闲,京东京造,0,0,36,1
2415,套脚款式,47,117,99,116,91,EVA轻底,运动休闲,阿迪达斯,1,1,32,2
283,拉链鞋款,61,122,95,116,94,MD发泡底,日常休闲,京东京造,0,0,755,1
219,松紧带鞋,48,351,55,193,98,混合鞋底,潮流高街,鸿星尔克,1,0,2349,1
1346,系带设计,48,227,74,168,91,MD发泡底,户外机能,特步男鞋,1,0,583,1
1477,套脚款式,44,409,88,360,90,橡胶大底,工装硬朗,阿迪达斯,1,1,516,3
453,拉链鞋款,47,115,86,99,92,PU中底,潮流高街,回力经典,1,0,278,1
5271,魔术贴鞋,51,492,75,369,99,橡胶大底,工装硬朗,京东京造,0,0,2379,3
2832,松紧带鞋,41,114,87,99,91,MD发泡底,复古潮鞋,特步男鞋,0,1,1496,2
887,套脚款式,51,272,57,155,93,TPR鞋底,复古潮鞋,其他品牌,0,0,585,1
2513,系带设计,47,157,63,99,92,MD发泡底,日常休闲,京东京造,0,0,99,1
3931,魔术贴鞋,38,100,99,99,93,EVA轻底,运动休闲,阿迪达斯,1,1,747,2
8466,松紧带鞋,46,246,52,128,97,MD发泡底,潮流高街,鸿星尔克,0,1,3892,2
682,拉链鞋款,27,761,51,388,94,MD发泡底,简约百搭,李宁休闲,0,0,204,3
745,系带设计,43,159,71,113,100,橡胶大底,工装硬朗,耐克潮流,1,0,349,1
273,套脚款式,46,141,98,138,92,EVA轻底,复古潮鞋,鸿星尔克,0,1,1064,2
209,系带设计,36,112,99,111,91,TPR鞋底,户外机能,鸿星尔克,0,1,3862,2
311,拉链鞋款,43,149,87,130,93,EVA轻底,工装硬朗,斯凯奇潮,1,1,362,2
82,松紧带鞋,29,205,77,158,92,EVA轻底,简约百搭,特步男鞋,1,1,4130,2
1788,系带设计,42,197,71,140,93,混合鞋底,日常休闲,李宁休闲,0,1,945,2
1125,拉链鞋款,58,356,59,210,93,TPR鞋底,简约百搭,耐克潮流,1,0,3059,1
6108,套脚款式,40,104,95,99,94,EVA轻底,日常休闲,安踏运动,0,0,757,1
77,拉链鞋款,41,111,99,110,93,EVA轻底,工装硬朗,鸿星尔克,0,0,1024,1
1163,套脚款式,40,177,56,99,93,TPR鞋底,运动休闲,斯凯奇潮,1,0,1120,1
1216,魔术贴鞋,62,155,64,99,96,PU中底,简约百搭,回力经典,0,1,127,2
834,松紧带鞋,64,323,60,194,97,MD发泡底,复古潮鞋,特步男鞋,0,0,32,1
4068,松紧带鞋,65,843,69,582,90,橡胶大底,工装硬朗,回力经典,1,1,1389,3
5692,魔术贴鞋,41,180,55,99,91,混合鞋底,简约百搭,斯凯奇潮,0,1,830,2
805,魔术贴鞋,55,194,51,99,97,EVA轻底,简约百搭,鸿星尔克,0,0,22,1
1729,拉链鞋款,44,315,75,236,97,PU中底,潮流高街,京东京造,0,1,511,2
414,魔术贴鞋,35,126,95,120,94,PU中底,简约百搭,其他品牌,0,0,588,1
6886,系带设计,59,127,93,118,91,混合鞋底,工装硬朗,鸿星尔克,0,1,4115,2
1762,松紧带鞋,55,515,55,283,91,混合鞋底,户外机能,京东京造,1,1,2520,3
7170,松紧带鞋,42,295,62,183,95,EVA轻底,日常休闲,回力经典,1,0,535,1
615,松紧带鞋,43,187,53,99,93,混合鞋底,户外机能,李宁休闲,0,1,837,2
378,系带设计,50,215,94,202,100,橡胶大底,日常休闲,特步男鞋,1,0,4,1
2764,松紧带鞋,18,111,89,99,90,橡胶大底,日常休闲,回力经典,1,0,451,1
136,魔术贴鞋,53,171,58,99,92,MD发泡底,日常休闲,安踏运动,0,0,2663,1
1231,套脚款式,41,171,58,99,92,PU中底,运动休闲,京东京造,0,0,4656,1
259,魔术贴鞋,58,106,93,99,92,EVA轻底,运动休闲,特步男鞋,1,1,43,2
250,魔术贴鞋,48,310,52,161,90,EVA轻底,运动休闲,安踏运动,0,0,1008,1
1023,套脚款式,43,101,98,99,96,混合鞋底,日常休闲,京东京造,0,1,3795,2
1381,松紧带鞋,57,231,87,201,91,橡胶大底,工装硬朗,其他品牌,1,1,1154,2
6440,拉链鞋款,48,293,88,258,93,TPR鞋底,日常休闲,李宁休闲,0,0,272,1
3764,系带设计,47,148,67,99,89,混合鞋底,潮流高街,耐克潮流,0,0,102,1
153,套脚款式,48,141,99,140,90,TPR鞋底,工装硬朗,京东京造,1,0,3303,1
249,套脚款式,45,106,93,99,97,EVA轻底,简约百搭,斯凯奇潮,1,0,766,1
2419,魔术贴鞋,42,167,81,135,99,PU中底,潮流高街,耐克潮流,1,0,1301,1
395,套脚款式,44,310,77,239,99,TPR鞋底,户外机能,李宁休闲,1,0,3138,1
1027,松紧带鞋,49,338,68,230,91,PU中底,潮流高街,阿迪达斯,0,0,3781,1
133,系带设计,54,330,69,228,92,MD发泡底,日常休闲,回力经典,0,0,3512,1
190,系带设计,58,172,69,119,94,EVA轻底,潮流高街,耐克潮流,0,1,4,2
256,松紧带鞋,43,138,72,99,95,PU中底,简约百搭,耐克潮流,0,1,528,2
4547,系带设计,54,432,63,272,97,混合鞋底,潮流高街,阿迪达斯,0,1,18,3
52,套脚款式,41,214,77,165,92,PU中底,工装硬朗,鸿星尔克,0,0,17,1
606,松紧带鞋,44,115,86,99,94,橡胶大底,潮流高街,阿迪达斯,0,1,4752,2
838,套脚款式,47,231,64,148,100,混合鞋底,日常休闲,耐克潮流,1,0,4765,1
827,系带设计,44,181,94,170,100,EVA轻底,日常休闲,斯凯奇潮,0,0,21,1
4837,松紧带鞋,44,208,79,164,91,橡胶大底,复古潮鞋,特步男鞋,1,0,36,1
1260,套脚款式,51,281,64,180,96,橡胶大底,运动休闲,耐克潮流,0,0,377,1
494,拉链鞋款,52,181,98,177,99,TPR鞋底,工装硬朗,特步男鞋,1,1,37,2
2913,系带设计,40,174,93,162,90,PU中底,日常休闲,其他品牌,1,1,103,2
333,魔术贴鞋,46,320,75,240,95,混合鞋底,潮流高街,回力经典,0,1,535,2
1205,松紧带鞋,39,108,92,99,96,TPR鞋底,日常休闲,特步男鞋,0,1,1295,2
1254,松紧带鞋,36,102,97,99,98,MD发泡底,复古潮鞋,耐克潮流,1,0,4531,1
1451,套脚款式,39,240,95,228,90,PU中底,潮流高街,安踏运动,1,1,62,2
4485,魔术贴鞋,57,139,71,99,98,MD发泡底,简约百搭,京东京造,0,1,25,2
1596,拉链鞋款,50,270,56,151,89,PU中底,工装硬朗,鸿星尔克,0,0,1406,1
2557,魔术贴鞋,47,287,52,149,93,MD发泡底,日常休闲,其他品牌,0,0,669,1
3341,拉链鞋款,43,194,51,99,90,MD发泡底,简约百搭,回力经典,0,1,2249,2
214,魔术贴鞋,64,160,72,115,95,橡胶大底,运动休闲,京东京造,0,0,12,1
3020,套脚款式,46,238,58,138,95,PU中底,户外机能,斯凯奇潮,1,0,4286,1
2100,拉链鞋款,42,149,79,118,90,TPR鞋底,潮流高街,李宁休闲,1,0,1386,1
2604,套脚款式,46,171,58,99,100,EVA轻底,复古潮鞋,斯凯奇潮,1,0,2559,1
567,拉链鞋款,39,149,92,137,99,EVA轻底,日常休闲,其他品牌,1,0,3,1
454,魔术贴鞋,57,143,99,142,93,EVA轻底,日常休闲,耐克潮流,1,0,9,1
2157,魔术贴鞋,50,176,94,165,87,MD发泡底,日常休闲,耐克潮流,1,1,21,2
1011,魔术贴鞋,44,200,79,158,99,混合鞋底,简约百搭,李宁休闲,1,0,911,1
789,套脚款式,53,318,50,159,96,EVA轻底,潮流高街,耐克潮流,1,0,11,1
427,拉链鞋款,36,181,96,174,93,橡胶大底,工装硬朗,特步男鞋,0,0,55,1
2017,套脚款式,29,136,73,99,95,橡胶大底,运动休闲,京东京造,0,0,2484,1
351,系带设计,58,404,90,364,93,橡胶大底,户外机能,斯凯奇潮,0,1,466,3
1019,魔术贴鞋,51,139,71,99,94,PU中底,潮流高街,特步男鞋,1,0,1027,1
127,松紧带鞋,30,295,96,283,91,TPR鞋底,工装硬朗,特步男鞋,0,0,349,1
2068,套脚款式,57,143,69,99,92,TPR鞋底,户外机能,李宁休闲,0,1,239,2
2281,系带设计,54,229,62,142,99,橡胶大底,简约百搭,李宁休闲,0,1,26,2
846,拉链鞋款,49,138,84,116,95,EVA轻底,潮流高街,耐克潮流,0,0,47,1
1871,套脚款式,52,538,63,339,90,EVA轻底,简约百搭,其他品牌,1,0,22,3
1460,魔术贴鞋,54,131,88,115,95,混合鞋底,简约百搭,阿迪达斯,1,1,1327,2
22240,拉链鞋款,41,248,79,196,94,PU中底,潮流高街,斯凯奇潮,0,1,562,0
3240,系带设计,33,921,52,479,93,MD发泡底,工装硬朗,京东京造,1,0,961,3
602,系带设计,51,168,59,99,87,混合鞋底,潮流高街,回力经典,0,1,1129,2
3955,套脚款式,48,123,93,114,99,混合鞋底,户外机能,斯凯奇潮,0,0,818,1
259,套脚款式,46,252,61,154,97,混合鞋底,复古潮鞋,鸿星尔克,0,0,721,1
935,魔术贴鞋,46,105,94,99,92,PU中底,简约百搭,李宁休闲,1,0,31,1
1197,魔术贴鞋,35,161,75,121,97,MD发泡底,潮流高街,斯凯奇潮,0,1,548,2
3327,魔术贴鞋,61,212,83,176,95,TPR鞋底,潮流高街,安踏运动,0,0,824,1
2080,拉链鞋款,52,110,90,99,95,混合鞋底,日常休闲,安踏运动,1,0,3778,1
4040,魔术贴鞋,46,244,89,217,96,MD发泡底,工装硬朗,鸿星尔克,1,0,4334,1
433,拉链鞋款,43,281,98,275,95,混合鞋底,潮流高街,特步男鞋,1,1,49,2
1036,套脚款式,63,165,99,163,90,混合鞋底,工装硬朗,回力经典,0,0,38,1
74,魔术贴鞋,47,106,93,99,90,混合鞋底,潮流高街,李宁休闲,0,0,162,1
3288,松紧带鞋,48,134,74,99,91,混合鞋底,日常休闲,耐克潮流,0,1,430,2
490,系带设计,49,168,96,161,93,MD发泡底,复古潮鞋,鸿星尔克,1,1,111,2
782,系带设计,49,183,54,99,90,橡胶大底,潮流高街,李宁休闲,0,1,661,2
558,套脚款式,59,179,67,120,94,MD发泡底,潮流高街,斯凯奇潮,1,0,16,1
9469,魔术贴鞋,49,279,58,162,91,橡胶大底,复古潮鞋,安踏运动,1,1,1106,2
5016,松紧带鞋,54,103,96,99,96,混合鞋底,日常休闲,鸿星尔克,1,1,4759,2
24279,系带设计,38,168,74,124,97,混合鞋底,工装硬朗,京东京造,1,1,962,0
145,松紧带鞋,59,118,95,112,94,MD发泡底,简约百搭,李宁休闲,1,0,563,1
1361,套脚款式,37,140,72,101,90,EVA轻底,复古潮鞋,斯凯奇潮,0,0,1039,1
2762,松紧带鞋,25,262,56,147,98,EVA轻底,日常休闲,斯凯奇潮,1,0,21,1
229,套脚款式,53,167,81,135,97,MD发泡底,工装硬朗,京东京造,0,0,1399,1
2878,拉链鞋款,47,167,67,112,91,橡胶大底,潮流高街,京东京造,1,1,1329,2
615,套脚款式,56,115,86,99,97,MD发泡底,户外机能,耐克潮流,0,0,1202,1
917,系带设计,50,287,93,267,94,EVA轻底,潮流高街,鸿星尔克,1,1,689,2
1220,魔术贴鞋,50,300,50,150,97,PU中底,工装硬朗,李宁休闲,0,1,640,2
1050,套脚款式,50,285,61,174,92,TPR鞋底,运动休闲,耐克潮流,1,0,864,1
153,套脚款式,50,203,66,134,94,混合鞋底,日常休闲,鸿星尔克,1,1,50,2
1174,魔术贴鞋,36,134,85,114,97,PU中底,日常休闲,耐克潮流,0,1,48,2
838,魔术贴鞋,49,168,59,99,97,混合鞋底,复古潮鞋,回力经典,0,0,1283,1
4120,魔术贴鞋,42,127,96,122,91,PU中底,潮流高街,其他品牌,0,0,2667,1
834,拉链鞋款,45,314,59,185,90,橡胶大底,运动休闲,李宁休闲,1,0,337,1
1397,系带设计,37,99,100,99,92,EVA轻底,简约百搭,斯凯奇潮,0,0,1293,1
768,拉链鞋款,43,121,82,99,95,TPR鞋底,日常休闲,阿迪达斯,1,0,38,1
426,拉链鞋款,36,164,67,110,99,EVA轻底,运动休闲,鸿星尔克,1,0,743,1
600,系带设计,63,103,96,99,96,橡胶大底,复古潮鞋,特步男鞋,0,1,39,2
1205,松紧带鞋,45,159,90,143,97,混合鞋底,运动休闲,斯凯奇潮,1,0,3,1
504,魔术贴鞋,53,188,89,167,88,TPR鞋底,户外机能,安踏运动,0,0,4716,1
895,魔术贴鞋,47,316,55,174,86,混合鞋底,简约百搭,李宁休闲,1,0,34,1
1977,松紧带鞋,42,158,71,112,99,EVA轻底,日常休闲,特步男鞋,0,0,273,1
138,魔术贴鞋,45,247,59,146,90,橡胶大底,工装硬朗,京东京造,1,0,92,1
8707,拉链鞋款,56,141,70,99,86,橡胶大底,潮流高街,其他品牌,0,0,8,1
581,系带设计,49,283,52,147,91,PU中底,日常休闲,其他品牌,0,0,5,1
3721,松紧带鞋,57,157,63,99,96,混合鞋底,日常休闲,耐克潮流,0,1,16,2
711,魔术贴鞋,43,171,95,162,89,PU中底,潮流高街,阿迪达斯,1,1,1242,2
1919,松紧带鞋,52,102,97,99,98,PU中底,日常休闲,鸿星尔克,0,1,2033,2
3483,松紧带鞋,49,206,62,128,95,混合鞋底,工装硬朗,京东京造,0,0,431,1
1434,松紧带鞋,21,255,55,140,92,MD发泡底,工装硬朗,阿迪达斯,1,1,1000,2
482,拉链鞋款,52,138,72,99,94,混合鞋底,复古潮鞋,鸿星尔克,0,0,880,1
418,系带设计,57,107,95,102,95,MD发泡底,潮流高街,安踏运动,0,1,198,2
1512,拉链鞋款,55,165,60,99,87,EVA轻底,复古潮鞋,阿迪达斯,1,1,524,2
2505,魔术贴鞋,38,251,70,176,90,混合鞋底,工装硬朗,斯凯奇潮,1,0,192,1
15869,拉链鞋款,51,702,58,407,90,MD发泡底,潮流高街,耐克潮流,1,0,11,3
426,拉链鞋款,38,115,97,112,90,PU中底,日常休闲,斯凯奇潮,1,0,1151,1
5539,松紧带鞋,45,118,84,99,93,混合鞋底,日常休闲,其他品牌,1,1,162,2
856,系带设计,41,139,71,99,98,橡胶大底,工装硬朗,鸿星尔克,0,0,664,1
358,松紧带鞋,29,239,70,167,96,TPR鞋底,户外机能,安踏运动,0,1,1062,2
10025,系带设计,50,109,91,99,90,PU中底,运动休闲,李宁休闲,0,1,466,2
8498,松紧带鞋,32,324,94,305,94,MD发泡底,运动休闲,安踏运动,0,0,1195,3
416,套脚款式,51,388,80,310,92,混合鞋底,运动休闲,安踏运动,1,1,1228,3
1258,松紧带鞋,57,198,50,99,93,PU中底,户外机能,斯凯奇潮,1,0,832,1
839,系带设计,54,200,100,200,93,混合鞋底,户外机能,斯凯奇潮,1,1,134,2
17423,拉链鞋款,52,101,98,99,91,EVA轻底,复古潮鞋,京东京造,0,0,27,0
921,套脚款式,48,214,65,139,94,MD发泡底,工装硬朗,斯凯奇潮,1,0,1134,1
318,套脚款式,50,275,64,176,97,EVA轻底,复古潮鞋,阿迪达斯,0,1,1117,2
315,松紧带鞋,39,141,70,99,99,TPR鞋底,运动休闲,京东京造,0,0,180,1
310,拉链鞋款,47,288,50,144,96,混合鞋底,日常休闲,回力经典,0,1,16,2
4685,魔术贴鞋,35,165,77,127,92,MD发泡底,日常休闲,回力经典,1,1,140,2
2379,松紧带鞋,52,157,63,99,95,TPR鞋底,复古潮鞋,鸿星尔克,0,0,2308,1
90,拉链鞋款,61,140,90,126,97,橡胶大底,复古潮鞋,鸿星尔克,0,1,1048,2
301,拉链鞋款,47,143,86,123,97,EVA轻底,日常休闲,阿迪达斯,1,1,908,2
640,拉链鞋款,46,115,86,99,88,橡胶大底,运动休闲,李宁休闲,0,0,1404,1
47,松紧带鞋,32,164,100,164,94,TPR鞋底,复古潮鞋,阿迪达斯,1,1,5,2
1187,松紧带鞋,61,337,52,175,85,EVA轻底,简约百搭,李宁休闲,1,1,4523,2
437,松紧带鞋,50,191,75,143,92,TPR鞋底,户外机能,阿迪达斯,0,1,3716,2
2385,套脚款式,42,103,96,99,92,混合鞋底,简约百搭,耐克潮流,0,0,207,1
2450,魔术贴鞋,63,118,84,99,94,橡胶大底,复古潮鞋,斯凯奇潮,1,1,28,2
1154,系带设计,53,662,60,397,91,MD发泡底,复古潮鞋,安踏运动,0,1,1285,3
420,套脚款式,46,204,69,141,100,EVA轻底,复古潮鞋,李宁休闲,1,0,48,1
2742,拉链鞋款,56,261,83,217,96,TPR鞋底,户外机能,耐克潮流,1,0,665,1
1900,套脚款式,36,119,83,99,90,PU中底,复古潮鞋,其他品牌,0,1,1121,2
16173,魔术贴鞋,47,202,91,184,97,EVA轻底,日常休闲,其他品牌,1,1,26,0
724,魔术贴鞋,48,104,95,99,96,MD发泡底,户外机能,鸿星尔克,1,1,1405,2
1848,套脚款式,55,132,96,127,90,TPR鞋底,简约百搭,特步男鞋,0,1,16,2
463,魔术贴鞋,35,408,60,245,96,MD发泡底,日常休闲,回力经典,0,1,613,3
711,拉链鞋款,50,272,93,253,95,混合鞋底,简约百搭,京东京造,0,0,39,1
776,魔术贴鞋,48,156,77,120,97,PU中底,工装硬朗,特步男鞋,1,0,450,1
150,拉链鞋款,46,146,90,131,98,橡胶大底,潮流高街,京东京造,1,0,1351,1
2079,松紧带鞋,41,116,85,99,93,MD发泡底,简约百搭,李宁休闲,1,0,11,1
591,松紧带鞋,41,168,59,99,90,橡胶大底,运动休闲,李宁休闲,0,0,2535,1
264,拉链鞋款,53,138,72,99,91,EVA轻底,工装硬朗,阿迪达斯,0,1,379,2
1519,松紧带鞋,46,152,82,125,95,PU中底,户外机能,京东京造,0,0,1,1
511,系带设计,36,139,71,99,91,TPR鞋底,日常休闲,耐克潮流,1,0,637,1
2677,拉链鞋款,41,162,61,99,94,橡胶大底,日常休闲,安踏运动,1,0,177,1
169,魔术贴鞋,31,157,63,99,88,MD发泡底,户外机能,其他品牌,1,1,19,2
1502,魔术贴鞋,34,427,73,312,94,TPR鞋底,运动休闲,耐克潮流,0,1,23,3
771,松紧带鞋,44,187,53,99,94,PU中底,简约百搭,京东京造,1,1,989,2
3319,拉链鞋款,46,456,63,287,90,PU中底,运动休闲,安踏运动,1,0,1374,3
4093,拉链鞋款,48,234,67,157,93,MD发泡底,户外机能,安踏运动,0,0,768,1
416,拉链鞋款,56,522,65,339,90,EVA轻底,潮流高街,阿迪达斯,1,0,814,3
9126,拉链鞋款,47,166,70,116,94,TPR鞋底,潮流高街,鸿星尔克,1,1,740,2
3516,套脚款式,53,173,63,109,93,MD发泡底,潮流高街,京东京造,1,1,21,2
573,系带设计,52,106,93,99,95,EVA轻底,工装硬朗,回力经典,1,0,9,1
29344,魔术贴鞋,47,482,100,482,96,橡胶大底,日常休闲,其他品牌,0,1,828,0
2604,套脚款式,39,155,94,146,99,EVA轻底,简约百搭,其他品牌,0,1,781,2
159,套脚款式,58,616,61,376,91,PU中底,复古潮鞋,特步男鞋,1,1,34,3
824,魔术贴鞋,46,188,96,180,92,TPR鞋底,户外机能,李宁休闲,1,0,1213,1
7225,魔术贴鞋,47,302,64,193,95,混合鞋底,日常休闲,回力经典,1,1,1094,2
701,拉链鞋款,37,148,67,99,98,混合鞋底,日常休闲,特步男鞋,0,1,778,2
1319,套脚款式,57,583,66,385,90,TPR鞋底,工装硬朗,其他品牌,1,0,926,3
110,系带设计,57,368,69,254,92,EVA轻底,工装硬朗,特步男鞋,0,1,1211,3
1179,套脚款式,51,118,89,105,90,橡胶大底,复古潮鞋,李宁休闲,1,0,754,1
590,魔术贴鞋,41,330,54,178,89,TPR鞋底,日常休闲,斯凯奇潮,1,1,88,2
608,松紧带鞋,40,138,72,99,100,混合鞋底,简约百搭,李宁休闲,1,1,1452,2
502,套脚款式,52,132,75,99,93,MD发泡底,户外机能,斯凯奇潮,0,0,953,1
902,系带设计,51,378,78,295,91,EVA轻底,户外机能,阿迪达斯,0,1,26,3
1468,套脚款式,61,215,72,155,96,MD发泡底,日常休闲,其他品牌,1,0,875,1
459,魔术贴鞋,46,171,58,99,100,混合鞋底,日常休闲,鸿星尔克,0,1,19,2
395,系带设计,29,134,74,99,90,混合鞋底,复古潮鞋,鸿星尔克,0,1,1269,2
187,拉链鞋款,50,161,64,103,96,橡胶大底,简约百搭,斯凯奇潮,1,0,164,1
944,松紧带鞋,50,253,62,157,97,混合鞋底,简约百搭,其他品牌,1,0,1180,1
94,魔术贴鞋,60,324,55,178,93,EVA轻底,日常休闲,鸿星尔克,0,1,484,2
363,系带设计,52,132,75,99,96,TPR鞋底,工装硬朗,安踏运动,0,1,237,2
5897,松紧带鞋,45,108,92,99,93,MD发泡底,简约百搭,安踏运动,0,1,781,2
710,系带设计,46,293,68,199,95,EVA轻底,复古潮鞋,阿迪达斯,1,0,42,1
309,松紧带鞋,52,162,61,99,93,TPR鞋底,简约百搭,斯凯奇潮,0,1,972,2
3860,拉链鞋款,49,329,94,309,98,PU中底,潮流高街,特步男鞋,0,0,24,3
936,拉链鞋款,46,149,84,125,93,EVA轻底,日常休闲,鸿星尔克,1,0,869,1
1318,松紧带鞋,42,101,98,99,87,橡胶大底,运动休闲,鸿星尔克,0,0,3624,1
1711,拉链鞋款,56,227,59,134,93,EVA轻底,工装硬朗,阿迪达斯,1,1,134,2
617,系带设计,56,105,94,99,91,橡胶大底,潮流高街,鸿星尔克,1,1,4961,2
10875,松紧带鞋,35,152,65,99,97,混合鞋底,复古潮鞋,回力经典,0,1,2000,0
727,魔术贴鞋,39,194,66,128,96,橡胶大底,简约百搭,安踏运动,0,1,1069,2
4578,松紧带鞋,61,127,79,100,96,PU中底,户外机能,京东京造,0,0,819,1
2185,松紧带鞋,54,124,80,99,87,橡胶大底,日常休闲,京东京造,1,0,149,1
26,系带设计,40,319,52,166,85,混合鞋底,运动休闲,李宁休闲,1,0,174,1
2002,拉链鞋款,50,106,97,103,96,PU中底,潮流高街,特步男鞋,1,1,8,2
823,套脚款式,45,245,86,211,94,橡胶大底,户外机能,其他品牌,1,0,495,1
591,系带设计,41,189,82,155,94,橡胶大底,工装硬朗,耐克潮流,0,1,134,2
1951,套脚款式,52,168,59,99,91,橡胶大底,复古潮鞋,回力经典,1,0,27,1
170,魔术贴鞋,58,115,86,99,91,TPR鞋底,工装硬朗,京东京造,1,0,4566,1
2611,松紧带鞋,62,99,100,99,89,MD发泡底,工装硬朗,京东京造,1,1,514,2
265,魔术贴鞋,43,130,79,103,96,MD发泡底,户外机能,阿迪达斯,1,0,540,1
1381,松紧带鞋,32,125,97,121,90,PU中底,工装硬朗,李宁休闲,1,0,486,1
765,魔术贴鞋,62,282,65,183,92,TPR鞋底,复古潮鞋,回力经典,1,0,1391,1
5130,套脚款式,49,210,82,172,94,PU中底,运动休闲,李宁休闲,1,1,309,2
4856,松紧带鞋,48,124,80,99,100,PU中底,复古潮鞋,阿迪达斯,1,1,1282,2
230,拉链鞋款,65,116,85,99,96,EVA轻底,复古潮鞋,其他品牌,0,0,603,1
505,套脚款式,40,100,99,99,94,橡胶大底,运动休闲,耐克潮流,1,1,233,2
1861,系带设计,52,161,71,114,99,EVA轻底,日常休闲,特步男鞋,0,0,798,1
897,系带设计,35,157,77,121,92,EVA轻底,潮流高街,阿迪达斯,0,0,816,1
10952,松紧带鞋,42,134,74,99,95,MD发泡底,潮流高街,特步男鞋,0,1,2530,0
523,松紧带鞋,58,403,58,234,92,EVA轻底,简约百搭,斯凯奇潮,1,0,1004,3
391,套脚款式,34,162,61,99,88,MD发泡底,户外机能,斯凯奇潮,1,0,990,1
6715,系带设计,48,172,78,134,94,MD发泡底,简约百搭,其他品牌,0,0,1125,1
1203,魔术贴鞋,48,148,67,99,91,橡胶大底,运动休闲,京东京造,1,0,443,1
1639,拉链鞋款,51,105,94,99,92,混合鞋底,简约百搭,京东京造,0,0,1251,1
2586,魔术贴鞋,32,279,75,209,96,混合鞋底,简约百搭,耐克潮流,1,1,2110,2
1117,松紧带鞋,60,103,96,99,93,EVA轻底,工装硬朗,安踏运动,1,1,1198,2
3561,套脚款式,52,121,82,99,96,MD发泡底,简约百搭,李宁休闲,1,0,4478,1
466,魔术贴鞋,44,176,79,139,92,混合鞋底,工装硬朗,京东京造,1,0,472,1
3994,魔术贴鞋,48,121,91,110,99,PU中底,工装硬朗,鸿星尔克,1,0,1159,1
174,拉链鞋款,49,210,89,187,96,TPR鞋底,简约百搭,耐克潮流,0,1,45,2
839,拉链鞋款,52,112,88,99,94,PU中底,复古潮鞋,鸿星尔克,0,1,3968,2
967,套脚款式,49,208,62,129,87,TPR鞋底,潮流高街,鸿星尔克,0,1,6,2
112,系带设计,57,221,86,190,96,EVA轻底,户外机能,斯凯奇潮,0,0,508,1
1051,松紧带鞋,33,110,90,99,93,橡胶大底,日常休闲,其他品牌,1,1,1184,2
169,魔术贴鞋,55,130,76,99,90,MD发泡底,潮流高街,回力经典,1,1,551,2
943,拉链鞋款,45,373,56,209,98,EVA轻底,运动休闲,京东京造,1,0,7,1
538,套脚款式,41,369,72,266,97,PU中底,户外机能,安踏运动,1,0,3579,3
485,魔术贴鞋,46,136,73,99,87,混合鞋底,户外机能,其他品牌,0,0,342,1
10298,拉链鞋款,43,371,58,215,91,MD发泡底,复古潮鞋,其他品牌,0,0,818,0
291,魔术贴鞋,52,150,66,99,94,混合鞋底,简约百搭,斯凯奇潮,0,1,667,2
127,拉链鞋款,43,118,84,99,94,PU中底,简约百搭,鸿星尔克,0,0,4453,1
1641,系带设计,42,179,68,122,91,混合鞋底,复古潮鞋,回力经典,0,0,32,1
1625,拉链鞋款,43,174,65,113,98,TPR鞋底,简约百搭,耐克潮流,0,1,9,2
273,魔术贴鞋,45,132,82,108,91,EVA轻底,工装硬朗,斯凯奇潮,1,1,14,2
425,拉链鞋款,43,160,62,99,92,MD发泡底,潮流高街,特步男鞋,0,0,30,1
421,拉链鞋款,47,152,65,99,94,TPR鞋底,户外机能,鸿星尔克,0,0,2921,1
1162,系带设计,53,370,61,226,93,MD发泡底,日常休闲,安踏运动,0,1,211,3
324,套脚款式,51,129,77,99,96,TPR鞋底,简约百搭,特步男鞋,1,1,910,2
889,魔术贴鞋,53,247,58,143,98,橡胶大底,日常休闲,李宁休闲,1,0,215,1
182,松紧带鞋,58,113,97,110,96,混合鞋底,复古潮鞋,回力经典,1,0,5,1
2433,拉链鞋款,45,322,64,206,94,EVA轻底,复古潮鞋,斯凯奇潮,0,0,756,1
112,系带设计,60,114,87,99,94,PU中底,潮流高街,其他品牌,0,0,31,1
890,系带设计,51,295,78,230,89,EVA轻底,复古潮鞋,回力经典,0,0,4142,1
988,松紧带鞋,48,194,51,99,100,PU中底,简约百搭,斯凯奇潮,1,1,931,2
196,套脚款式,58,129,95,123,91,MD发泡底,日常休闲,回力经典,0,0,359,1
851,拉链鞋款,42,189,53,100,97,TPR鞋底,日常休闲,耐克潮流,1,1,32,2
3574,拉链鞋款,50,269,70,188,98,EVA轻底,复古潮鞋,斯凯奇潮,0,1,57,2
859,松紧带鞋,43,146,68,99,97,混合鞋底,运动休闲,斯凯奇潮,0,0,359,1
1057,魔术贴鞋,36,129,77,99,90,混合鞋底,日常休闲,斯凯奇潮,0,1,327,2
809,拉链鞋款,50,251,76,191,85,橡胶大底,简约百搭,回力经典,1,0,85,1
1532,套脚款式,57,114,93,106,92,橡胶大底,户外机能,阿迪达斯,0,1,4584,2
5524,套脚款式,38,187,53,99,93,橡胶大底,工装硬朗,京东京造,0,1,617,2
7663,系带设计,48,222,76,169,88,EVA轻底,工装硬朗,耐克潮流,0,1,483,2
2595,松紧带鞋,49,125,79,99,91,MD发泡底,复古潮鞋,斯凯奇潮,0,0,841,1
4012,魔术贴鞋,46,158,79,125,93,PU中底,户外机能,特步男鞋,1,0,645,1
234,魔术贴鞋,50,156,99,154,89,TPR鞋底,简约百搭,鸿星尔克,0,1,1117,2
7995,魔术贴鞋,38,115,86,99,95,TPR鞋底,工装硬朗,其他品牌,1,1,842,2
1863,套脚款式,50,150,92,138,100,混合鞋底,复古潮鞋,特步男鞋,1,1,20,2
1619,魔术贴鞋,50,170,66,112,91,混合鞋底,简约百搭,京东京造,1,1,0,2
9746,系带设计,60,139,71,99,91,PU中底,户外机能,特步男鞋,0,0,21,1
497,拉链鞋款,43,273,52,142,94,EVA轻底,复古潮鞋,耐克潮流,1,0,25,1
28815,魔术贴鞋,41,804,55,442,94,橡胶大底,日常休闲,其他品牌,1,0,4398,0
529,套脚款式,50,183,87,159,91,混合鞋底,复古潮鞋,李宁休闲,1,0,36,1
253,拉链鞋款,45,159,88,140,95,PU中底,户外机能,耐克潮流,1,0,816,1
345,松紧带鞋,53,313,67,210,92,混合鞋底,工装硬朗,阿迪达斯,1,0,850,1
5397,系带设计,56,194,90,175,99,MD发泡底,复古潮鞋,鸿星尔克,1,1,2858,2
656,魔术贴鞋,54,267,52,139,95,橡胶大底,工装硬朗,耐克潮流,1,1,736,2
3098,系带设计,43,161,87,140,99,橡胶大底,运动休闲,特步男鞋,0,1,524,2
302,系带设计,45,150,66,99,91,混合鞋底,运动休闲,京东京造,0,0,315,1
1525,魔术贴鞋,51,321,61,196,94,PU中底,日常休闲,其他品牌,0,1,42,2
568,系带设计,51,167,79,132,95,EVA轻底,简约百搭,特步男鞋,1,0,943,1
603,松紧带鞋,54,190,52,99,90,橡胶大底,复古潮鞋,阿迪达斯,0,0,49,1
1662,魔术贴鞋,52,122,81,99,93,TPR鞋底,户外机能,回力经典,1,1,889,2
1778,系带设计,43,387,76,294,90,橡胶大底,工装硬朗,李宁休闲,0,1,546,3
4863,拉链鞋款,50,204,91,186,95,MD发泡底,日常休闲,京东京造,1,0,17,1
123,套脚款式,41,236,56,132,96,MD发泡底,工装硬朗,特步男鞋,0,0,658,1
2044,魔术贴鞋,42,146,68,99,96,混合鞋底,户外机能,安踏运动,0,1,636,2
284,松紧带鞋,48,375,77,289,99,PU中底,工装硬朗,鸿星尔克,1,1,3494,3
848,拉链鞋款,52,198,88,174,90,TPR鞋底,日常休闲,安踏运动,1,1,1179,2
362,魔术贴鞋,42,177,56,99,90,混合鞋底,日常休闲,回力经典,1,1,48,2
12178,松紧带鞋,38,120,95,114,97,橡胶大底,简约百搭,其他品牌,1,0,21,0
382,系带设计,46,152,65,99,97,TPR鞋底,简约百搭,安踏运动,1,1,209,2
300,套脚款式,53,116,85,99,92,MD发泡底,运动休闲,斯凯奇潮,0,0,1304,1
320,松紧带鞋,44,161,99,159,93,EVA轻底,复古潮鞋,京东京造,1,0,1319,1
249,魔术贴鞋,52,173,99,171,95,橡胶大底,简约百搭,回力经典,1,1,692,2
1029,魔术贴鞋,54,102,97,99,95,PU中底,潮流高街,李宁休闲,1,1,4598,2
178,系带设计,42,115,94,108,95,MD发泡底,运动休闲,其他品牌,1,0,1273,1
1302,拉链鞋款,48,121,82,99,97,橡胶大底,复古潮鞋,其他品牌,1,0,14,1
87,系带设计,58,180,95,171,95,混合鞋底,日常休闲,其他品牌,0,1,808,2
5359,魔术贴鞋,55,428,90,385,93,混合鞋底,潮流高街,斯凯奇潮,1,0,927,3
315,套脚款式,48,726,68,494,95,EVA轻底,户外机能,鸿星尔克,0,1,94,3
56,拉链鞋款,47,229,89,204,98,混合鞋底,工装硬朗,京东京造,1,1,342,2
571,套脚款式,54,101,98,99,96,橡胶大底,复古潮鞋,李宁休闲,0,0,390,1
1252,魔术贴鞋,54,138,72,99,91,PU中底,简约百搭,斯凯奇潮,1,0,448,1
3138,松紧带鞋,36,110,90,99,85,PU中底,运动休闲,安踏运动,1,0,720,1
1942,拉链鞋款,43,108,92,99,91,PU中底,简约百搭,斯凯奇潮,0,1,654,2
4796,松紧带鞋,48,570,57,325,95,MD发泡底,复古潮鞋,阿迪达斯,1,1,1191,3
850,系带设计,48,143,74,106,98,混合鞋底,工装硬朗,耐克潮流,0,1,46,2
507,拉链鞋款,54,257,89,229,91,MD发泡底,运动休闲,安踏运动,1,0,1432,1
81,拉链鞋款,56,183,87,159,94,MD发泡底,户外机能,斯凯奇潮,1,1,1165,2
237,系带设计,39,443,54,239,97,PU中底,户外机能,回力经典,0,0,591,3
1948,系带设计,55,177,77,136,92,混合鞋底,运动休闲,特步男鞋,1,1,596,2
476,拉链鞋款,39,105,94,99,95,混合鞋底,运动休闲,安踏运动,0,1,43,2
954,拉链鞋款,50,167,73,122,90,混合鞋底,运动休闲,鸿星尔克,0,1,1344,2
2106,套脚款式,49,239,64,153,100,MD发泡底,复古潮鞋,特步男鞋,1,1,1084,2
305,拉链鞋款,49,156,68,106,86,EVA轻底,复古潮鞋,阿迪达斯,0,0,3264,1
4621,系带设计,20,234,62,145,95,TPR鞋底,户外机能,安踏运动,1,1,878,2
2709,系带设计,46,114,95,108,100,橡胶大底,潮流高街,回力经典,0,1,1104,2
760,魔术贴鞋,54,150,66,99,95,MD发泡底,工装硬朗,李宁休闲,0,1,3237,2
156,松紧带鞋,51,302,54,163,94,EVA轻底,简约百搭,特步男鞋,1,0,600,1
227,系带设计,45,105,96,101,94,TPR鞋底,工装硬朗,李宁休闲,0,1,21,2
562,魔术贴鞋,41,226,94,212,96,橡胶大底,简约百搭,京东京造,1,1,883,2
2546,松紧带鞋,42,152,65,99,96,MD发泡底,复古潮鞋,斯凯奇潮,1,0,1430,1
671,拉链鞋款,40,277,61,169,95,MD发泡底,运动休闲,耐克潮流,1,0,870,1
363,松紧带鞋,50,131,81,106,94,MD发泡底,复古潮鞋,阿迪达斯,0,1,438,2
185,松紧带鞋,45,274,66,181,91,TPR鞋底,复古潮鞋,耐克潮流,0,0,831,1
481,系带设计,45,196,71,139,91,PU中底,运动休闲,斯凯奇潮,1,0,57,1
610,拉链鞋款,48,125,81,101,94,PU中底,复古潮鞋,安踏运动,1,1,567,2
1596,拉链鞋款,45,513,52,267,96,PU中底,运动休闲,李宁休闲,1,1,722,3
2242,魔术贴鞋,48,272,67,182,90,MD发泡底,运动休闲,特步男鞋,1,1,6,2
2575,松紧带鞋,40,483,59,285,90,MD发泡底,潮流高街,李宁休闲,1,0,456,3
397,松紧带鞋,58,178,64,114,91,混合鞋底,日常休闲,回力经典,1,0,1320,1
1784,拉链鞋款,51,124,80,99,100,混合鞋底,工装硬朗,京东京造,1,0,396,1
989,松紧带鞋,49,146,68,99,91,TPR鞋底,潮流高街,斯凯奇潮,1,0,589,1
3425,松紧带鞋,44,132,75,99,91,MD发泡底,户外机能,安踏运动,1,1,4711,2
964,魔术贴鞋,51,187,53,99,92,MD发泡底,运动休闲,耐克潮流,1,0,45,1
1218,套脚款式,48,426,57,243,95,混合鞋底,工装硬朗,鸿星尔克,1,1,34,3
589,魔术贴鞋,54,142,83,118,93,TPR鞋底,简约百搭,回力经典,1,0,3009,1
82,松紧带鞋,38,294,68,200,99,MD发泡底,日常休闲,鸿星尔克,1,0,606,1
1582,拉链鞋款,60,162,82,133,95,TPR鞋底,工装硬朗,耐克潮流,0,1,446,2
240,系带设计,29,216,67,145,92,EVA轻底,简约百搭,其他品牌,0,0,36,1
988,系带设计,55,129,87,112,96,EVA轻底,复古潮鞋,京东京造,0,1,4625,2
830,拉链鞋款,64,145,89,129,95,PU中底,运动休闲,鸿星尔克,0,0,187,1
1461,套脚款式,41,132,75,99,95,PU中底,简约百搭,回力经典,1,0,781,1
499,魔术贴鞋,49,229,69,158,85,MD发泡底,户外机能,耐克潮流,1,0,4,1
1281,套脚款式,54,143,69,99,94,PU中底,工装硬朗,特步男鞋,1,0,23,1
2537,套脚款式,51,193,74,143,88,橡胶大底,工装硬朗,阿迪达斯,1,1,1072,2
998,魔术贴鞋,49,224,59,132,95,MD发泡底,运动休闲,阿迪达斯,1,1,629,2
1831,套脚款式,46,189,97,183,92,混合鞋底,工装硬朗,特步男鞋,0,1,618,2
3294,系带设计,57,424,59,250,95,混合鞋底,潮流高街,安踏运动,0,1,325,3
6971,系带设计,44,174,57,99,90,MD发泡底,运动休闲,回力经典,0,0,502,1
1164,拉链鞋款,41,228,99,226,90,混合鞋底,户外机能,斯凯奇潮,0,0,369,1
307,套脚款式,55,320,61,195,85,TPR鞋底,户外机能,特步男鞋,1,0,3802,1
928,套脚款式,48,165,60,99,87,EVA轻底,工装硬朗,鸿星尔克,0,0,1219,1
10739,套脚款式,46,185,84,155,91,EVA轻底,复古潮鞋,李宁休闲,0,0,16,0
829,魔术贴鞋,42,112,88,99,89,PU中底,户外机能,特步男鞋,1,0,1196,1
1529,拉链鞋款,57,146,72,105,94,混合鞋底,简约百搭,阿迪达斯,1,0,1242,1
3766,拉链鞋款,41,141,70,99,95,TPR鞋底,复古潮鞋,斯凯奇潮,0,1,7,2
522,松紧带鞋,49,232,79,183,92,橡胶大底,潮流高街,李宁休闲,0,1,2019,2
7444,套脚款式,48,116,85,99,91,PU中底,运动休闲,斯凯奇潮,1,1,10,2
7296,拉链鞋款,43,121,82,99,99,PU中底,日常休闲,京东京造,1,0,9,1
256,拉链鞋款,49,148,67,99,94,混合鞋底,日常休闲,鸿星尔克,0,0,778,1
1366,拉链鞋款,50,168,59,99,97,TPR鞋底,复古潮鞋,特步男鞋,1,1,18,2
528,套脚款式,53,386,51,197,100,TPR鞋底,日常休闲,回力经典,1,1,1426,3
4020,松紧带鞋,42,353,77,272,90,混合鞋底,潮流高街,京东京造,0,0,1379,3
707,拉链鞋款,53,127,78,99,92,混合鞋底,复古潮鞋,特步男鞋,0,0,2854,1
1998,拉链鞋款,58,223,79,176,91,MD发泡底,日常休闲,鸿星尔克,0,0,332,1
6467,套脚款式,50,121,82,99,97,EVA轻底,运动休闲,其他品牌,1,0,1031,1
1129,拉链鞋款,59,136,73,99,85,橡胶大底,简约百搭,回力经典,0,0,49,1
909,松紧带鞋,52,152,65,99,91,EVA轻底,潮流高街,特步男鞋,1,1,2538,2
1712,拉链鞋款,64,109,91,99,93,MD发泡底,户外机能,阿迪达斯,1,1,1500,2
1590,魔术贴鞋,42,333,54,180,96,混合鞋底,复古潮鞋,安踏运动,1,1,537,2
707,系带设计,40,157,63,99,85,PU中底,简约百搭,斯凯奇潮,0,0,1419,1
1986,松紧带鞋,37,146,68,99,90,TPR鞋底,复古潮鞋,特步男鞋,1,0,655,1
638,魔术贴鞋,52,177,56,99,95,PU中底,户外机能,斯凯奇潮,0,1,3887,2
1415,魔术贴鞋,46,232,68,158,90,PU中底,日常休闲,斯凯奇潮,1,1,999,2
328,拉链鞋款,36,156,75,117,91,混合鞋底,简约百搭,阿迪达斯,0,1,26,2
835,魔术贴鞋,49,239,70,167,100,橡胶大底,运动休闲,李宁休闲,1,1,726,2
487,魔术贴鞋,58,187,53,99,97,PU中底,复古潮鞋,回力经典,0,0,700,1
23677,套脚款式,62,516,55,284,95,混合鞋底,复古潮鞋,鸿星尔克,1,0,3229,0
472,魔术贴鞋,42,194,51,99,100,TPR鞋底,日常休闲,回力经典,0,1,501,2
7486,魔术贴鞋,41,512,56,287,90,混合鞋底,复古潮鞋,安踏运动,0,1,849,3
3910,松紧带鞋,39,169,64,108,96,橡胶大底,户外机能,阿迪达斯,0,0,1348,1
675,套脚款式,40,138,72,99,93,橡胶大底,复古潮鞋,阿迪达斯,1,1,696,2
521,松紧带鞋,40,190,52,99,91,MD发泡底,简约百搭,特步男鞋,0,0,7,1
902,系带设计,58,156,88,137,94,EVA轻底,户外机能,李宁休闲,0,1,1329,2
600,系带设计,56,174,57,99,90,PU中底,日常休闲,李宁休闲,1,0,3299,1
2579,魔术贴鞋,49,405,64,259,91,TPR鞋底,运动休闲,鸿星尔克,0,1,3093,3
1846,拉链鞋款,47,148,67,99,90,TPR鞋底,简约百搭,京东京造,1,1,979,2
897,拉链鞋款,44,129,77,99,100,TPR鞋底,简约百搭,斯凯奇潮,1,0,1337,1
277,套脚款式,33,198,58,115,99,混合鞋底,户外机能,阿迪达斯,0,1,862,2
650,套脚款式,47,148,86,127,96,TPR鞋底,复古潮鞋,耐克潮流,1,1,386,2
2300,松紧带鞋,47,116,85,99,93,PU中底,工装硬朗,耐克潮流,0,1,313,2
89,套脚款式,41,321,78,250,99,混合鞋底,复古潮鞋,李宁休闲,0,1,3487,2
432,拉链鞋款,53,141,71,100,94,TPR鞋底,运动休闲,鸿星尔克,0,0,1425,1
1233,拉链鞋款,50,165,65,107,97,混合鞋底,简约百搭,其他品牌,1,0,1462,1
1233,系带设计,43,100,99,99,97,MD发泡底,简约百搭,安踏运动,1,1,321,2
336,套脚款式,54,299,75,224,88,混合鞋底,运动休闲,鸿星尔克,1,1,28,2
6095,系带设计,56,150,66,99,91,MD发泡底,工装硬朗,阿迪达斯,1,0,38,1
1992,系带设计,52,371,51,189,97,混合鞋底,日常休闲,鸿星尔克,0,0,1405,1
2026,拉链鞋款,46,157,63,99,90,混合鞋底,潮流高街,耐克潮流,0,0,814,1
366,拉链鞋款,51,455,76,346,94,MD发泡底,户外机能,李宁休闲,1,1,4994,3
993,套脚款式,40,177,56,99,90,MD发泡底,复古潮鞋,李宁休闲,0,1,4179,2
728,魔术贴鞋,44,383,75,287,100,TPR鞋底,日常休闲,李宁休闲,1,1,4,3
11428,拉链鞋款,34,152,65,99,93,MD发泡底,运动休闲,其他品牌,0,1,536,0
7660,套脚款式,57,214,50,107,92,PU中底,工装硬朗,特步男鞋,0,1,48,2
300,魔术贴鞋,50,123,97,119,93,MD发泡底,工装硬朗,斯凯奇潮,0,1,1039,2
590,魔术贴鞋,45,229,59,135,90,PU中底,潮流高街,其他品牌,1,0,777,1
3143,拉链鞋款,56,313,97,304,93,混合鞋底,户外机能,安踏运动,0,0,740,3
3143,系带设计,50,108,92,99,85,橡胶大底,运动休闲,其他品牌,0,1,3260,2
2047,拉链鞋款,41,553,64,354,92,混合鞋底,简约百搭,安踏运动,0,1,3207,3
841,魔术贴鞋,56,110,99,109,99,EVA轻底,潮流高街,回力经典,0,1,707,2
4630,魔术贴鞋,42,186,74,138,95,MD发泡底,复古潮鞋,耐克潮流,1,0,4086,1
10828,拉链鞋款,45,196,77,151,96,PU中底,户外机能,耐克潮流,0,0,24,0
395,拉链鞋款,43,744,61,454,96,混合鞋底,简约百搭,回力经典,1,0,914,3
5292,魔术贴鞋,48,262,64,168,94,橡胶大底,工装硬朗,回力经典,0,0,885,1
414,魔术贴鞋,43,138,90,124,92,橡胶大底,运动休闲,其他品牌,1,1,4598,2
806,套脚款式,40,213,67,143,90,混合鞋底,潮流高街,京东京造,1,0,8,1
1719,系带设计,49,251,83,208,96,PU中底,简约百搭,鸿星尔克,0,1,435,2
2503,拉链鞋款,46,187,53,99,95,TPR鞋底,工装硬朗,鸿星尔克,1,0,1283,1
104,拉链鞋款,56,392,66,259,98,EVA轻底,工装硬朗,斯凯奇潮,0,0,454,3
1870,套脚款式,57,114,87,99,92,混合鞋底,日常休闲,耐克潮流,1,0,3318,1
3250,松紧带鞋,48,163,91,148,90,PU中底,工装硬朗,其他品牌,1,1,2,2
1937,套脚款式,46,129,77,99,85,MD发泡底,简约百搭,鸿星尔克,1,0,26,1
4345,拉链鞋款,39,305,63,192,85,TPR鞋底,户外机能,其他品牌,1,1,829,2
284,松紧带鞋,40,628,54,339,90,橡胶大底,潮流高街,特步男鞋,1,0,3767,3
2705,系带设计,20,199,80,159,100,橡胶大底,运动休闲,特步男鞋,0,0,16,1
1316,松紧带鞋,40,275,68,187,95,混合鞋底,工装硬朗,京东京造,1,0,4576,1
1400,魔术贴鞋,42,158,95,150,93,橡胶大底,潮流高街,安踏运动,0,0,852,1
811,拉链鞋款,38,181,78,141,92,橡胶大底,日常休闲,耐克潮流,0,0,4383,1
1357,拉链鞋款,54,203,73,148,95,PU中底,日常休闲,特步男鞋,0,0,1045,1
1809,松紧带鞋,57,132,88,116,100,橡胶大底,复古潮鞋,特步男鞋,0,0,42,1
1375,拉链鞋款,55,100,99,99,97,橡胶大底,复古潮鞋,特步男鞋,0,0,759,1
927,系带设计,55,198,50,99,95,EVA轻底,简约百搭,鸿星尔克,0,1,92,2
102,松紧带鞋,65,177,56,99,90,MD发泡底,潮流高街,李宁休闲,0,0,18,1
581,魔术贴鞋,46,155,64,99,94,橡胶大底,潮流高街,阿迪达斯,0,0,455,1
386,套脚款式,43,928,61,566,90,混合鞋底,户外机能,安踏运动,1,0,150,3
1488,系带设计,60,130,81,105,95,EVA轻底,工装硬朗,其他品牌,1,1,16,2
1674,套脚款式,60,246,85,209,98,EVA轻底,日常休闲,回力经典,1,1,734,2
2190,魔术贴鞋,62,104,95,99,98,PU中底,复古潮鞋,回力经典,1,1,2223,2
4262,系带设计,56,130,87,113,96,橡胶大底,日常休闲,斯凯奇潮,0,1,411,2
714,系带设计,57,118,84,99,97,橡胶大底,日常休闲,鸿星尔克,0,0,501,1
1505,套脚款式,51,99,100,99,90,混合鞋底,运动休闲,鸿星尔克,0,0,38,1
3382,松紧带鞋,34,415,87,361,94,PU中底,运动休闲,鸿星尔克,1,1,50,3
4332,魔术贴鞋,46,303,89,270,93,橡胶大底,运动休闲,耐克潮流,1,1,1092,2
235,魔术贴鞋,59,672,54,363,85,TPR鞋底,潮流高街,其他品牌,1,1,1283,3
324,拉链鞋款,44,156,96,150,92,MD发泡底,工装硬朗,鸿星尔克,1,1,262,2
392,系带设计,58,121,82,99,92,TPR鞋底,复古潮鞋,斯凯奇潮,1,1,23,2
1839,魔术贴鞋,52,281,52,146,95,EVA轻底,户外机能,安踏运动,1,1,715,2
2341,套脚款式,33,173,60,104,97,橡胶大底,户外机能,京东京造,1,0,813,1
15540,系带设计,49,198,61,121,96,橡胶大底,日常休闲,其他品牌,1,1,893,0
512,系带设计,52,361,59,213,93,橡胶大底,工装硬朗,李宁休闲,0,1,280,2
61,松紧带鞋,39,174,57,99,93,PU中底,工装硬朗,阿迪达斯,0,1,1130,2
86,系带设计,35,126,85,107,93,MD发泡底,日常休闲,耐克潮流,1,1,3990,2
1768,魔术贴鞋,42,135,99,134,97,MD发泡底,日常休闲,斯凯奇潮,0,1,1252,2
864,套脚款式,42,148,79,117,95,MD发泡底,潮流高街,斯凯奇潮,1,0,4264,1
3253,魔术贴鞋,61,618,68,420,98,PU中底,潮流高街,斯凯奇潮,0,1,241,3
8512,套脚款式,34,404,51,206,86,TPR鞋底,户外机能,斯凯奇潮,0,0,835,3
750,松紧带鞋,47,205,77,158,95,橡胶大底,简约百搭,京东京造,0,1,520,2
508,系带设计,42,125,79,99,97,MD发泡底,运动休闲,其他品牌,1,1,971,2
3153,拉链鞋款,52,162,61,99,94,橡胶大底,日常休闲,回力经典,1,1,1411,2
607,套脚款式,55,248,62,154,95,橡胶大底,运动休闲,其他品牌,1,0,331,1
4051,套脚款式,45,254,70,178,92,PU中底,运动休闲,阿迪达斯,1,0,360,1
2454,拉链鞋款,41,218,93,203,95,MD发泡底,复古潮鞋,阿迪达斯,0,0,2350,1
561,系带设计,55,121,82,99,96,橡胶大底,潮流高街,安踏运动,1,0,946,1
3188,系带设计,42,182,74,135,92,EVA轻底,日常休闲,安踏运动,0,0,495,1
1448,拉链鞋款,47,210,94,197,99,TPR鞋底,简约百搭,鸿星尔克,0,1,1044,2
16293,拉链鞋款,37,118,89,105,91,橡胶大底,日常休闲,斯凯奇潮,0,0,598,0
81,拉链鞋款,44,165,60,99,91,TPR鞋底,复古潮鞋,其他品牌,1,0,4983,1
1560,系带设计,46,255,69,176,95,TPR鞋底,工装硬朗,特步男鞋,0,1,448,2
124,松紧带鞋,56,179,84,150,98,TPR鞋底,复古潮鞋,安踏运动,1,0,26,1
1646,拉链鞋款,38,200,78,156,91,混合鞋底,运动休闲,耐克潮流,1,0,971,1
301,系带设计,49,262,56,147,93,MD发泡底,简约百搭,李宁休闲,1,1,44,2
518,系带设计,58,157,63,99,87,橡胶大底,日常休闲,鸿星尔克,1,1,1184,2
260,拉链鞋款,37,217,63,137,96,混合鞋底,户外机能,其他品牌,0,1,940,2
2485,套脚款式,56,468,56,262,99,橡胶大底,潮流高街,京东京造,0,0,1234,3
2834,松紧带鞋,39,132,75,99,98,EVA轻底,户外机能,李宁休闲,1,0,1028,1
882,套脚款式,32,197,68,134,90,PU中底,复古潮鞋,耐克潮流,1,0,588,1
411,魔术贴鞋,43,249,71,177,97,PU中底,日常休闲,斯凯奇潮,0,0,793,1
305,松紧带鞋,44,234,93,218,97,TPR鞋底,复古潮鞋,其他品牌,0,1,478,2
658,松紧带鞋,32,121,82,99,95,橡胶大底,潮流高街,阿迪达斯,1,1,789,2
57,套脚款式,45,471,58,273,98,橡胶大底,潮流高街,京东京造,0,0,245,3
9715,拉链鞋款,38,101,98,99,91,PU中底,日常休闲,斯凯奇潮,0,1,4567,2
2550,松紧带鞋,54,287,69,198,90,EVA轻底,简约百搭,特步男鞋,1,0,179,1
1577,套脚款式,38,210,84,176,86,PU中底,工装硬朗,耐克潮流,1,1,1283,2
40785,魔术贴鞋,25,168,59,99,94,EVA轻底,运动休闲,阿迪达斯,1,0,1082,0
1722,拉链鞋款,45,108,92,99,98,橡胶大底,工装硬朗,耐克潮流,0,0,87,1
327,魔术贴鞋,32,125,79,99,93,EVA轻底,复古潮鞋,其他品牌,1,1,540,2
850,魔术贴鞋,55,536,66,354,96,PU中底,户外机能,回力经典,0,1,17,3
588,魔术贴鞋,49,270,88,238,85,MD发泡底,简约百搭,其他品牌,0,0,982,1
2720,系带设计,48,411,53,218,90,混合鞋底,户外机能,京东京造,0,0,642,3
2039,系带设计,47,304,69,210,98,EVA轻底,简约百搭,李宁休闲,0,0,2968,1
14422,魔术贴鞋,50,184,61,112,97,EVA轻底,复古潮鞋,耐克潮流,0,0,415,0
747,系带设计,48,117,88,103,97,MD发泡底,简约百搭,特步男鞋,0,0,1462,1
1715,松紧带鞋,45,174,94,164,93,PU中底,户外机能,斯凯奇潮,1,0,301,1
6819,松紧带鞋,48,287,53,152,91,橡胶大底,运动休闲,安踏运动,0,0,50,1
11246,系带设计,44,403,58,234,97,MD发泡底,日常休闲,安踏运动,0,1,1500,0
3333,系带设计,49,116,85,99,95,EVA轻底,运动休闲,李宁休闲,1,0,1284,1
690,魔术贴鞋,60,271,90,244,94,TPR鞋底,运动休闲,阿迪达斯,1,0,260,1
6243,松紧带鞋,64,194,51,99,95,EVA轻底,复古潮鞋,特步男鞋,1,0,974,1
2250,拉链鞋款,43,155,80,124,96,TPR鞋底,户外机能,鸿星尔克,0,1,1198,2
1711,套脚款式,28,194,51,99,96,EVA轻底,简约百搭,耐克潮流,1,1,3991,2
2617,拉链鞋款,51,99,100,99,93,EVA轻底,工装硬朗,京东京造,1,0,49,1
1067,松紧带鞋,54,242,96,232,96,EVA轻底,户外机能,阿迪达斯,1,0,46,1
145,魔术贴鞋,55,160,86,138,90,MD发泡底,户外机能,李宁休闲,0,0,614,1
142,系带设计,42,102,97,99,92,PU中底,工装硬朗,其他品牌,1,1,288,2
5788,系带设计,48,137,95,130,99,EVA轻底,工装硬朗,阿迪达斯,1,1,579,2
2522,系带设计,42,125,79,99,96,EVA轻底,日常休闲,斯凯奇潮,0,1,38,2
1740,拉链鞋款,45,174,57,99,86,PU中底,工装硬朗,其他品牌,1,0,613,1
144,拉链鞋款,39,311,66,205,91,橡胶大底,潮流高街,京东京造,1,0,1241,1
587,套脚款式,38,282,88,248,94,MD发泡底,简约百搭,耐克潮流,1,1,586,2
867,魔术贴鞋,56,227,55,125,91,混合鞋底,工装硬朗,耐克潮流,1,0,549,1
4302,拉链鞋款,47,201,74,149,92,MD发泡底,简约百搭,斯凯奇潮,1,0,433,1
250,系带设计,52,312,52,162,98,MD发泡底,简约百搭,耐克潮流,0,1,885,2
180,魔术贴鞋,43,381,93,354,97,MD发泡底,简约百搭,耐克潮流,1,0,2228,3
734,松紧带鞋,54,261,76,198,93,EVA轻底,潮流高街,阿迪达斯,1,1,1235,2
138,拉链鞋款,44,134,74,99,93,橡胶大底,日常休闲,李宁休闲,0,1,1135,2
4203,魔术贴鞋,39,410,62,254,100,橡胶大底,户外机能,阿迪达斯,1,1,221,3
887,套脚款式,49,197,62,122,90,混合鞋底,简约百搭,阿迪达斯,1,0,4627,1
92,松紧带鞋,41,165,60,99,99,TPR鞋底,潮流高街,阿迪达斯,1,1,1472,2
308,套脚款式,34,129,100,129,90,PU中底,运动休闲,阿迪达斯,1,0,3329,1
1306,套脚款式,49,230,57,131,97,混合鞋底,简约百搭,斯凯奇潮,0,0,3904,1
3839,系带设计,51,166,73,121,97,MD发泡底,复古潮鞋,特步男鞋,1,1,102,2
702,拉链鞋款,47,273,52,142,92,混合鞋底,复古潮鞋,其他品牌,0,1,1238,2
728,松紧带鞋,57,147,78,115,94,MD发泡底,运动休闲,其他品牌,0,0,625,1
3582,套脚款式,49,157,81,127,90,橡胶大底,复古潮鞋,李宁休闲,1,1,1320,2
73,套脚款式,34,163,62,101,97,混合鞋底,复古潮鞋,耐克潮流,0,0,2171,1
15,套脚款式,48,362,88,319,93,TPR鞋底,日常休闲,耐克潮流,1,1,263,3
3431,套脚款式,43,317,90,285,100,MD发泡底,工装硬朗,鸿星尔克,1,0,37,3
4504,套脚款式,48,132,75,99,91,TPR鞋底,运动休闲,鸿星尔克,1,0,1106,1
1699,套脚款式,43,424,66,280,95,EVA轻底,简约百搭,鸿星尔克,0,1,294,3
621,套脚款式,44,155,64,99,91,MD发泡底,简约百搭,阿迪达斯,0,0,339,1
244,系带设计,47,128,94,120,90,橡胶大底,户外机能,特步男鞋,0,0,1076,1
7052,松紧带鞋,48,121,82,99,86,EVA轻底,日常休闲,回力经典,0,0,237,1
5917,拉链鞋款,51,139,71,99,90,橡胶大底,日常休闲,其他品牌,1,1,48,2
143,系带设计,53,157,63,99,98,PU中底,日常休闲,特步男鞋,0,1,17,2
1665,松紧带鞋,50,122,81,99,96,混合鞋底,复古潮鞋,京东京造,0,1,3642,2
1248,套脚款式,46,191,81,155,87,MD发泡底,简约百搭,耐克潮流,1,0,988,1
4767,套脚款式,54,360,96,346,93,混合鞋底,潮流高街,安踏运动,1,1,366,3
175,拉链鞋款,53,143,69,99,96,MD发泡底,运动休闲,阿迪达斯,1,0,1117,1
599,套脚款式,49,114,87,99,91,PU中底,复古潮鞋,鸿星尔克,0,1,4030,2
501,套脚款式,52,141,82,116,96,MD发泡底,简约百搭,鸿星尔克,0,0,19,1
1114,拉链鞋款,52,372,99,368,90,TPR鞋底,复古潮鞋,鸿星尔克,0,0,2169,3
1006,松紧带鞋,63,162,61,99,93,EVA轻底,日常休闲,斯凯奇潮,1,1,1395,2
2243,魔术贴鞋,48,270,63,170,92,TPR鞋底,日常休闲,安踏运动,0,0,55,1
437,魔术贴鞋,48,270,60,162,96,TPR鞋底,日常休闲,耐克潮流,0,1,1228,2
972,魔术贴鞋,36,123,81,100,91,MD发泡底,户外机能,耐克潮流,1,1,4574,2
609,魔术贴鞋,41,228,86,196,92,PU中底,简约百搭,阿迪达斯,0,0,1097,1
4130,拉链鞋款,52,280,60,168,95,MD发泡底,工装硬朗,斯凯奇潮,1,0,240,1
195,拉链鞋款,54,124,80,99,92,橡胶大底,运动休闲,斯凯奇潮,1,1,821,2
2358,拉链鞋款,35,171,65,111,96,MD发泡底,运动休闲,特步男鞋,0,0,833,1
2044,系带设计,45,109,91,99,93,TPR鞋底,复古潮鞋,其他品牌,1,0,1323,1
1952,拉链鞋款,57,174,57,99,99,MD发泡底,户外机能,斯凯奇潮,1,1,3573,2
605,拉链鞋款,42,165,60,99,87,TPR鞋底,简约百搭,鸿星尔克,1,0,31,1
1628,魔术贴鞋,55,206,84,173,95,TPR鞋底,户外机能,安踏运动,1,0,2508,1
492,松紧带鞋,40,139,71,99,95,EVA轻底,潮流高街,阿迪达斯,0,1,145,2
104,套脚款式,61,371,51,189,91,混合鞋底,简约百搭,回力经典,1,0,753,1
220,魔术贴鞋,34,101,98,99,92,TPR鞋底,日常休闲,耐克潮流,1,1,4593,2
231,系带设计,53,569,67,381,97,PU中底,潮流高街,斯凯奇潮,0,0,2277,3
253,松紧带鞋,61,331,54,179,93,橡胶大底,运动休闲,特步男鞋,0,1,503,2
2927,套脚款式,48,200,85,170,97,MD发泡底,简约百搭,安踏运动,1,1,468,2
183,魔术贴鞋,53,110,90,99,92,混合鞋底,户外机能,京东京造,1,0,1018,1
8250,松紧带鞋,43,141,70,99,92,TPR鞋底,简约百搭,阿迪达斯,0,1,47,2
1379,松紧带鞋,42,143,100,143,91,橡胶大底,潮流高街,斯凯奇潮,0,0,762,1
3026,拉链鞋款,50,536,74,397,92,橡胶大底,日常休闲,耐克潮流,1,1,206,3
320,松紧带鞋,44,392,60,235,95,混合鞋底,日常休闲,回力经典,1,1,3251,3
8035,拉链鞋款,53,116,85,99,89,EVA轻底,工装硬朗,特步男鞋,0,1,163,2
345,魔术贴鞋,36,145,95,138,92,EVA轻底,运动休闲,安踏运动,0,1,1085,2
740,套脚款式,46,177,56,99,97,混合鞋底,简约百搭,李宁休闲,0,0,28,1
749,系带设计,50,185,55,102,97,橡胶大底,日常休闲,阿迪达斯,1,0,1419,1
802,系带设计,39,264,87,230,95,PU中底,日常休闲,其他品牌,0,0,270,1
718,系带设计,58,247,92,227,96,MD发泡底,简约百搭,李宁休闲,0,0,11,1
4490,魔术贴鞋,42,379,58,220,94,混合鞋底,运动休闲,其他品牌,0,0,35,3
520,套脚款式,46,186,86,160,94,TPR鞋底,户外机能,鸿星尔克,1,1,857,2
449,拉链鞋款,48,132,75,99,90,PU中底,简约百搭,特步男鞋,1,1,24,2
870,拉链鞋款,48,138,72,99,97,TPR鞋底,复古潮鞋,安踏运动,1,1,16,2
215,系带设计,45,99,100,99,92,EVA轻底,简约百搭,安踏运动,0,1,765,2
104,系带设计,41,136,75,102,97,MD发泡底,日常休闲,斯凯奇潮,1,1,34,2
5535,魔术贴鞋,55,387,60,232,99,混合鞋底,潮流高街,其他品牌,0,1,749,3
267,魔术贴鞋,47,273,59,161,97,混合鞋底,户外机能,特步男鞋,1,1,234,2
5637,系带设计,48,252,50,126,99,混合鞋底,日常休闲,回力经典,1,1,29,2
373,魔术贴鞋,41,175,89,156,99,TPR鞋底,户外机能,斯凯奇潮,1,1,315,2
478,松紧带鞋,50,141,70,99,94,EVA轻底,复古潮鞋,安踏运动,1,1,43,2
918,系带设计,36,190,90,171,92,TPR鞋底,工装硬朗,阿迪达斯,1,1,69,2
908,松紧带鞋,56,546,71,388,93,MD发泡底,工装硬朗,安踏运动,1,1,2491,3
333,系带设计,62,194,51,99,91,MD发泡底,运动休闲,斯凯奇潮,1,1,208,2
1003,拉链鞋款,60,132,75,99,97,TPR鞋底,简约百搭,鸿星尔克,1,1,1065,2
1654,松紧带鞋,52,431,52,224,97,EVA轻底,简约百搭,京东京造,0,0,34,3
64,系带设计,58,121,91,110,91,EVA轻底,潮流高街,特步男鞋,0,1,23,2
958,系带设计,46,158,69,109,97,MD发泡底,运动休闲,耐克潮流,1,1,7,2
694,系带设计,63,136,76,103,93,EVA轻底,潮流高街,回力经典,1,0,845,1
4605,松紧带鞋,56,154,94,145,96,EVA轻底,复古潮鞋,耐克潮流,1,1,145,2
393,拉链鞋款,59,111,89,99,98,MD发泡底,简约百搭,阿迪达斯,0,0,1441,1
695,系带设计,41,193,97,187,94,TPR鞋底,运动休闲,李宁休闲,0,0,621,1
42612,套脚款式,55,229,56,128,91,MD发泡底,潮流高街,安踏运动,0,0,4842,0
1606,系带设计,56,170,80,136,97,EVA轻底,潮流高街,耐克潮流,0,1,4366,2
1336,系带设计,50,103,96,99,95,TPR鞋底,日常休闲,回力经典,0,1,1344,2
4038,拉链鞋款,47,197,65,128,95,MD发泡底,复古潮鞋,其他品牌,0,0,1182,1
478,系带设计,62,104,95,99,91,橡胶大底,日常休闲,斯凯奇潮,0,0,909,1
1051,魔术贴鞋,61,283,60,170,94,MD发泡底,复古潮鞋,李宁休闲,0,0,875,1
1062,套脚款式,54,174,57,99,95,MD发泡底,户外机能,其他品牌,1,0,776,1
2234,系带设计,52,136,73,99,92,混合鞋底,工装硬朗,特步男鞋,1,0,286,1
4197,拉链鞋款,48,263,60,158,97,MD发泡底,日常休闲,耐克潮流,1,1,2192,2
676,系带设计,55,134,74,99,93,MD发泡底,日常休闲,特步男鞋,1,0,2657,1
577,松紧带鞋,28,151,76,115,93,EVA轻底,运动休闲,鸿星尔克,1,0,592,1
7724,拉链鞋款,53,198,50,99,98,PU中底,日常休闲,特步男鞋,1,1,2068,2
1352,系带设计,40,187,53,99,95,MD发泡底,潮流高街,鸿星尔克,0,1,564,2
6013,系带设计,51,118,99,117,97,橡胶大底,日常休闲,京东京造,0,1,1381,2
1596,套脚款式,62,147,75,110,96,EVA轻底,日常休闲,阿迪达斯,1,1,158,2
64,拉链鞋款,43,106,93,99,89,EVA轻底,简约百搭,鸿星尔克,0,1,274,2
8326,拉链鞋款,40,261,80,209,100,MD发泡底,户外机能,鸿星尔克,1,0,4384,1
1086,拉链鞋款,50,189,92,174,94,混合鞋底,潮流高街,耐克潮流,0,0,1078,1
1391,套脚款式,35,302,56,169,93,TPR鞋底,运动休闲,其他品牌,0,1,35,2
1922,拉链鞋款,42,117,94,110,99,PU中底,复古潮鞋,特步男鞋,1,0,3407,1
3236,拉链鞋款,41,146,68,99,94,混合鞋底,户外机能,耐克潮流,1,0,754,1
1994,系带设计,45,130,76,99,97,TPR鞋底,工装硬朗,京东京造,0,1,779,2
666,松紧带鞋,48,235,57,134,90,混合鞋底,复古潮鞋,京东京造,1,1,20,2
971,拉链鞋款,44,138,72,99,94,EVA轻底,户外机能,京东京造,0,1,3385,2
76,拉链鞋款,42,235,86,202,92,橡胶大底,运动休闲,耐克潮流,0,1,274,2
282,系带设计,45,125,79,99,94,MD发泡底,工装硬朗,阿迪达斯,1,1,732,2
994,系带设计,42,166,70,116,94,EVA轻底,户外机能,安踏运动,0,1,209,2
1774,拉链鞋款,46,703,65,457,94,混合鞋底,简约百搭,阿迪达斯,1,1,852,3
2567,拉链鞋款,21,322,50,161,96,混合鞋底,运动休闲,回力经典,0,1,3534,2
974,拉链鞋款,54,300,53,159,90,EVA轻底,复古潮鞋,耐克潮流,0,1,1089,2
938,魔术贴鞋,44,136,89,121,91,MD发泡底,工装硬朗,鸿星尔克,0,1,18,2
3207,松紧带鞋,53,370,89,329,98,橡胶大底,工装硬朗,斯凯奇潮,1,0,371,3
2884,套脚款式,44,151,86,130,87,TPR鞋底,日常休闲,李宁休闲,0,1,47,2
1278,拉链鞋款,47,157,63,99,97,MD发泡底,工装硬朗,其他品牌,1,0,663,1
561,魔术贴鞋,41,188,99,186,93,PU中底,日常休闲,回力经典,1,1,1066,2
198,系带设计,51,110,90,99,92,EVA轻底,简约百搭,其他品牌,1,1,28,2
552,松紧带鞋,45,155,64,99,100,混合鞋底,日常休闲,鸿星尔克,1,0,664,1
4384,松紧带鞋,52,136,73,99,93,EVA轻底,复古潮鞋,其他品牌,0,0,38,1
1420,套脚款式,26,420,51,214,91,EVA轻底,日常休闲,其他品牌,0,1,168,3
2356,魔术贴鞋,43,160,92,147,93,MD发泡底,潮流高街,李宁休闲,1,1,1156,2
419,套脚款式,47,153,78,119,92,MD发泡底,户外机能,其他品牌,0,1,23,2
1459,魔术贴鞋,60,114,87,99,93,PU中底,简约百搭,阿迪达斯,0,1,1139,2
2902,魔术贴鞋,56,162,61,99,97,MD发泡底,户外机能,其他品牌,1,0,2132,1
135,松紧带鞋,62,148,67,99,95,PU中底,户外机能,阿迪达斯,0,0,392,1
50000,系带设计,57,243,94,228,97,PU中底,日常休闲,斯凯奇潮,1,0,4078,0
2126,系带设计,51,264,88,232,96,EVA轻底,运动休闲,耐克潮流,1,0,1305,1
1161,拉链鞋款,26,183,54,99,91,TPR鞋底,工装硬朗,斯凯奇潮,1,1,396,2
758,松紧带鞋,41,169,71,120,92,TPR鞋底,潮流高街,斯凯奇潮,0,0,1,1
491,松紧带鞋,62,224,66,148,93,橡胶大底,复古潮鞋,安踏运动,1,1,319,2
1059,拉链鞋款,48,168,62,104,93,PU中底,日常休闲,耐克潮流,0,1,3731,2
1578,魔术贴鞋,28,153,100,153,99,MD发泡底,运动休闲,回力经典,1,1,2317,2
259,拉链鞋款,43,157,63,99,95,EVA轻底,复古潮鞋,鸿星尔克,1,1,930,2
517,拉链鞋款,63,363,73,265,98,TPR鞋底,工装硬朗,鸿星尔克,1,1,3711,3
4979,松紧带鞋,32,162,61,99,98,EVA轻底,日常休闲,回力经典,1,1,1316,2
1225,拉链鞋款,42,278,51,142,90,EVA轻底,运动休闲,京东京造,0,1,503,2
7521,魔术贴鞋,40,281,59,166,97,MD发泡底,工装硬朗,李宁休闲,0,0,1477,1
3023,套脚款式,44,115,86,99,92,MD发泡底,户外机能,其他品牌,0,1,884,2
725,系带设计,39,104,95,99,99,EVA轻底,复古潮鞋,回力经典,1,1,488,2
1706,拉链鞋款,30,194,51,99,94,MD发泡底,工装硬朗,京东京造,0,0,416,1
5471,拉链鞋款,39,102,97,99,98,TPR鞋底,运动休闲,安踏运动,1,0,24,1
848,系带设计,46,260,63,164,90,橡胶大底,复古潮鞋,回力经典,1,0,4,1
1813,魔术贴鞋,36,158,80,126,93,MD发泡底,户外机能,京东京造,0,1,61,2
798,套脚款式,24,231,61,141,91,EVA轻底,潮流高街,鸿星尔克,1,0,710,1
421,套脚款式,38,198,50,99,98,TPR鞋底,运动休闲,安踏运动,1,1,23,2
5285,拉链鞋款,62,720,56,403,91,混合鞋底,复古潮鞋,特步男鞋,0,1,1287,3
1399,系带设计,48,189,54,102,86,MD发泡底,复古潮鞋,李宁休闲,0,1,41,2
323,魔术贴鞋,44,201,82,165,100,混合鞋底,日常休闲,京东京造,0,1,1396,2
745,魔术贴鞋,59,109,91,99,95,PU中底,运动休闲,斯凯奇潮,1,1,343,2
246,拉链鞋款,37,129,77,99,94,EVA轻底,日常休闲,京东京造,1,1,4416,2
398,套脚款式,31,201,82,165,94,TPR鞋底,工装硬朗,特步男鞋,1,1,5,2
893,魔术贴鞋,56,185,71,131,96,MD发泡底,运动休闲,鸿星尔克,1,0,43,1
952,拉链鞋款,46,162,61,99,99,橡胶大底,户外机能,京东京造,0,1,3,2
7627,魔术贴鞋,48,128,93,119,90,EVA轻底,运动休闲,京东京造,1,1,1094,2
279,松紧带鞋,41,217,86,187,96,TPR鞋底,复古潮鞋,鸿星尔克,0,1,1335,2
360,系带设计,34,240,67,161,92,混合鞋底,简约百搭,耐克潮流,0,0,1341,1
3652,系带设计,60,141,70,99,97,EVA轻底,户外机能,回力经典,1,1,151,2
400,系带设计,41,238,55,131,90,TPR鞋底,户外机能,安踏运动,1,0,961,1
433,套脚款式,57,126,94,118,100,PU中底,运动休闲,李宁休闲,0,0,12,1
2322,魔术贴鞋,43,229,68,156,92,MD发泡底,工装硬朗,李宁休闲,0,1,1054,2
3088,系带设计,37,384,85,326,86,混合鞋底,日常休闲,其他品牌,1,1,744,3
524,系带设计,47,576,51,294,97,EVA轻底,运动休闲,其他品牌,1,0,986,3
396,松紧带鞋,48,187,53,99,95,TPR鞋底,工装硬朗,李宁休闲,0,1,1115,2
1592,拉链鞋款,49,103,96,99,91,橡胶大底,工装硬朗,阿迪达斯,1,0,1203,1
333,魔术贴鞋,45,296,55,163,99,MD发泡底,潮流高街,斯凯奇潮,1,1,30,2
151,魔术贴鞋,36,138,94,130,90,橡胶大底,运动休闲,李宁休闲,0,0,765,1
981,魔术贴鞋,41,569,68,387,95,MD发泡底,复古潮鞋,特步男鞋,0,0,987,3
399,魔术贴鞋,58,123,98,121,95,MD发泡底,简约百搭,其他品牌,1,1,7,2
2530,松紧带鞋,53,112,88,99,92,EVA轻底,日常休闲,回力经典,1,1,123,2
4017,拉链鞋款,48,121,82,99,85,橡胶大底,复古潮鞋,斯凯奇潮,0,1,27,2
610,拉链鞋款,51,149,75,112,97,TPR鞋底,复古潮鞋,鸿星尔克,1,0,44,1
1959,松紧带鞋,55,373,55,205,94,混合鞋底,运动休闲,特步男鞋,0,0,1326,1
1570,魔术贴鞋,51,143,75,107,99,EVA轻底,工装硬朗,安踏运动,0,0,513,1
2475,套脚款式,32,232,71,165,94,PU中底,复古潮鞋,回力经典,1,1,1,2
279,松紧带鞋,44,141,70,99,92,EVA轻底,运动休闲,耐克潮流,1,1,2938,2
2425,套脚款式,41,101,98,99,93,MD发泡底,复古潮鞋,斯凯奇潮,0,1,1078,2
2122,魔术贴鞋,45,118,84,99,98,TPR鞋底,复古潮鞋,耐克潮流,0,1,179,2
649,拉链鞋款,48,206,70,144,92,PU中底,户外机能,其他品牌,0,0,636,1
1050,魔术贴鞋,49,131,85,111,92,PU中底,工装硬朗,李宁休闲,0,0,1326,1
4867,系带设计,45,127,85,108,90,混合鞋底,简约百搭,斯凯奇潮,1,0,217,1
12254,魔术贴鞋,59,265,52,138,99,TPR鞋底,日常休闲,回力经典,1,1,435,0
953,松紧带鞋,38,163,82,134,91,PU中底,简约百搭,安踏运动,0,1,35,2
1391,松紧带鞋,47,127,78,99,92,MD发泡底,复古潮鞋,特步男鞋,1,0,4474,1
454,系带设计,31,130,76,99,93,PU中底,日常休闲,回力经典,1,1,423,2
922,系带设计,43,198,50,99,94,TPR鞋底,工装硬朗,斯凯奇潮,1,0,198,1
4129,魔术贴鞋,60,294,53,156,99,EVA轻底,潮流高街,李宁休闲,0,1,2700,2
159,拉链鞋款,55,415,81,336,87,橡胶大底,运动休闲,耐克潮流,1,1,394,3
1540,套脚款式,37,102,97,99,92,橡胶大底,户外机能,斯凯奇潮,1,1,120,2
755,套脚款式,40,294,50,147,99,PU中底,日常休闲,鸿星尔克,1,1,957,2
2533,系带设计,63,240,89,214,91,混合鞋底,简约百搭,回力经典,1,0,1318,1
610,套脚款式,46,355,74,263,93,橡胶大底,户外机能,特步男鞋,1,1,15,3
208,系带设计,49,111,89,99,90,橡胶大底,复古潮鞋,京东京造,0,1,1361,2
1151,魔术贴鞋,46,160,88,141,94,PU中底,日常休闲,回力经典,1,1,3230,2
305,拉链鞋款,43,127,78,99,89,混合鞋底,运动休闲,斯凯奇潮,0,1,544,2
150,拉链鞋款,33,247,72,178,85,EVA轻底,运动休闲,李宁休闲,0,1,1049,2
636,拉链鞋款,59,471,66,311,97,MD发泡底,工装硬朗,鸿星尔克,0,1,90,3
1811,拉链鞋款,47,282,60,169,97,混合鞋底,工装硬朗,回力经典,0,1,501,2
446,拉链鞋款,59,160,62,99,95,PU中底,运动休闲,其他品牌,0,1,1216,2
1347,套脚款式,56,135,82,111,91,TPR鞋底,运动休闲,耐克潮流,0,1,1282,2
223,松紧带鞋,35,109,91,99,96,EVA轻底,工装硬朗,耐克潮流,0,0,47,1
576,松紧带鞋,37,134,74,99,90,MD发泡底,日常休闲,回力经典,0,0,720,1
400,松紧带鞋,27,249,72,179,94,EVA轻底,户外机能,阿迪达斯,0,1,1095,2
283,套脚款式,42,502,54,271,92,PU中底,复古潮鞋,特步男鞋,1,0,2093,3
1711,拉链鞋款,37,395,58,229,93,MD发泡底,户外机能,李宁休闲,1,1,8,3
5446,松紧带鞋,51,115,95,109,91,MD发泡底,简约百搭,耐克潮流,1,1,903,2
4263,系带设计,41,114,87,99,93,MD发泡底,简约百搭,回力经典,1,0,3591,1
957,魔术贴鞋,33,132,75,99,100,混合鞋底,户外机能,回力经典,0,0,1114,1
2357,套脚款式,33,138,72,99,98,混合鞋底,户外机能,李宁休闲,0,1,375,2
2338,拉链鞋款,47,180,84,151,98,TPR鞋底,日常休闲,回力经典,0,1,320,2
4557,拉链鞋款,47,152,65,99,90,混合鞋底,复古潮鞋,李宁休闲,0,0,1254,1
109,系带设计,45,142,100,142,100,EVA轻底,简约百搭,耐克潮流,1,0,871,1
705,魔术贴鞋,52,717,52,373,97,TPR鞋底,运动休闲,李宁休闲,1,1,2672,3
368,系带设计,47,102,97,99,90,EVA轻底,工装硬朗,京东京造,0,1,2688,2
291,魔术贴鞋,53,156,77,120,93,EVA轻底,工装硬朗,李宁休闲,1,0,550,1
404,系带设计,35,129,77,99,94,橡胶大底,运动休闲,鸿星尔克,0,1,1298,2
408,系带设计,59,240,75,180,92,PU中底,工装硬朗,安踏运动,0,0,31,1
725,魔术贴鞋,51,105,94,99,92,PU中底,简约百搭,斯凯奇潮,0,1,1485,2
249,系带设计,56,264,86,227,97,混合鞋底,日常休闲,斯凯奇潮,1,0,777,1
601,拉链鞋款,38,137,76,104,94,PU中底,户外机能,特步男鞋,0,1,763,2
762,系带设计,52,138,72,99,94,PU中底,日常休闲,鸿星尔克,0,0,70,1
1228,系带设计,55,368,65,239,91,TPR鞋底,工装硬朗,耐克潮流,1,1,590,3
114,拉链鞋款,39,300,78,234,91,PU中底,运动休闲,京东京造,0,0,794,1
7149,套脚款式,34,190,52,99,91,EVA轻底,复古潮鞋,阿迪达斯,1,0,615,1
3481,套脚款式,55,613,69,423,93,EVA轻底,简约百搭,鸿星尔克,1,1,42,3
1547,拉链鞋款,50,105,94,99,100,橡胶大底,工装硬朗,阿迪达斯,1,1,572,2
445,松紧带鞋,38,108,92,99,98,混合鞋底,复古潮鞋,京东京造,1,0,4328,1
339,魔术贴鞋,37,119,83,99,90,混合鞋底,户外机能,鸿星尔克,1,1,499,2
1634,拉链鞋款,47,187,53,99,100,EVA轻底,工装硬朗,李宁休闲,1,0,13,1
89,套脚款式,23,232,93,216,92,混合鞋底,潮流高街,特步男鞋,0,1,2711,2
4660,套脚款式,50,138,72,99,94,TPR鞋底,潮流高街,耐克潮流,0,0,872,1
1923,松紧带鞋,54,187,53,99,92,TPR鞋底,简约百搭,李宁休闲,0,0,1403,1
11118,拉链鞋款,39,132,75,99,97,EVA轻底,工装硬朗,安踏运动,1,0,1103,0
1779,拉链鞋款,51,322,73,235,93,MD发泡底,潮流高街,斯凯奇潮,0,0,198,1
902,魔术贴鞋,35,165,60,99,89,混合鞋底,运动休闲,安踏运动,0,0,25,1
4952,套脚款式,49,220,81,178,96,混合鞋底,户外机能,李宁休闲,1,0,349,1
609,套脚款式,48,218,65,142,89,MD发泡底,潮流高街,其他品牌,1,0,389,1
12503,套脚款式,36,115,86,99,93,橡胶大底,工装硬朗,其他品牌,0,1,713,0
1280,魔术贴鞋,53,200,88,176,95,橡胶大底,运动休闲,耐克潮流,1,1,553,2
23485,系带设计,37,237,60,142,94,TPR鞋底,潮流高街,鸿星尔克,0,0,1397,0
1557,拉链鞋款,43,141,70,99,97,橡胶大底,运动休闲,回力经典,1,1,26,2
69,魔术贴鞋,42,184,88,162,95,PU中底,潮流高街,其他品牌,1,0,2966,1
837,套脚款式,56,115,86,99,90,PU中底,简约百搭,李宁休闲,1,0,4998,1
467,拉链鞋款,44,148,67,99,87,MD发泡底,运动休闲,回力经典,1,1,781,2
1058,魔术贴鞋,20,157,77,121,94,TPR鞋底,户外机能,耐克潮流,0,1,443,2
3779,松紧带鞋,31,201,78,157,93,EVA轻底,户外机能,鸿星尔克,0,1,779,2
2150,套脚款式,63,110,90,99,95,橡胶大底,简约百搭,其他品牌,1,1,417,2
404,松紧带鞋,41,626,92,576,100,EVA轻底,潮流高街,李宁休闲,1,1,25,3
1525,系带设计,40,270,86,232,93,橡胶大底,户外机能,鸿星尔克,0,0,2780,1
133,魔术贴鞋,50,295,56,165,93,橡胶大底,复古潮鞋,其他品牌,1,0,908,1
203,拉链鞋款,39,295,66,195,96,TPR鞋底,运动休闲,阿迪达斯,0,0,887,1
206,套脚款式,57,100,99,99,92,TPR鞋底,日常休闲,安踏运动,1,0,1246,1
2973,魔术贴鞋,49,126,87,110,90,TPR鞋底,日常休闲,回力经典,1,0,1361,1
364,套脚款式,47,169,65,110,93,橡胶大底,简约百搭,京东京造,1,0,1148,1
1301,松紧带鞋,36,170,82,139,90,EVA轻底,日常休闲,其他品牌,1,1,177,2
1220,魔术贴鞋,34,234,67,157,94,MD发泡底,简约百搭,斯凯奇潮,0,1,1415,2
5745,魔术贴鞋,42,340,80,272,86,橡胶大底,潮流高街,京东京造,1,0,3026,3
1365,魔术贴鞋,54,254,83,211,89,EVA轻底,运动休闲,特步男鞋,0,0,1326,1
721,松紧带鞋,30,225,76,171,98,橡胶大底,运动休闲,回力经典,1,1,801,2
431,松紧带鞋,58,106,93,99,96,MD发泡底,运动休闲,安踏运动,0,1,398,2
1737,套脚款式,44,101,98,99,96,混合鞋底,简约百搭,京东京造,0,1,1156,2
1048,系带设计,62,155,78,121,92,TPR鞋底,潮流高街,李宁休闲,1,1,2609,2
1001,套脚款式,57,164,80,131,97,橡胶大底,潮流高街,斯凯奇潮,1,1,47,2
1403,松紧带鞋,51,108,92,99,97,MD发泡底,日常休闲,耐克潮流,0,1,49,2
1733,魔术贴鞋,44,143,69,99,92,EVA轻底,日常休闲,耐克潮流,1,1,1408,2
705,拉链鞋款,51,103,96,99,94,混合鞋底,运动休闲,鸿星尔克,1,0,19,1
631,系带设计,45,177,56,99,93,橡胶大底,运动休闲,回力经典,1,1,908,2
3722,拉链鞋款,45,208,74,154,100,MD发泡底,运动休闲,李宁休闲,0,0,1291,1
455,套脚款式,49,201,88,177,90,EVA轻底,户外机能,京东京造,1,1,15,2
1282,系带设计,56,165,60,99,94,EVA轻底,简约百搭,其他品牌,0,1,1377,2
610,拉链鞋款,51,198,58,115,97,TPR鞋底,潮流高街,京东京造,1,1,47,2
1244,松紧带鞋,41,139,71,99,92,混合鞋底,日常休闲,耐克潮流,1,1,175,2
133,套脚款式,38,300,58,174,96,TPR鞋底,复古潮鞋,其他品牌,1,0,589,1
1502,魔术贴鞋,54,150,66,99,95,TPR鞋底,简约百搭,回力经典,1,1,15,2
740,魔术贴鞋,49,511,72,368,95,TPR鞋底,潮流高街,京东京造,0,1,47,3
138,拉链鞋款,47,150,66,99,92,TPR鞋底,户外机能,京东京造,0,0,1262,1
529,松紧带鞋,40,247,72,178,95,EVA轻底,工装硬朗,回力经典,1,0,672,1
933,套脚款式,45,143,69,99,93,橡胶大底,工装硬朗,京东京造,1,1,1163,2
452,魔术贴鞋,55,254,57,145,92,MD发泡底,潮流高街,鸿星尔克,0,1,36,2
3173,系带设计,57,134,74,99,100,PU中底,户外机能,耐克潮流,0,0,21,1
599,套脚款式,38,101,98,99,96,TPR鞋底,潮流高街,耐克潮流,0,1,485,2
2406,松紧带鞋,46,407,69,281,98,EVA轻底,潮流高街,耐克潮流,0,0,198,3
596,魔术贴鞋,56,108,92,99,95,EVA轻底,运动休闲,京东京造,1,1,4272,2
1227,松紧带鞋,47,347,51,177,98,EVA轻底,户外机能,安踏运动,0,1,2483,2
2207,套脚款式,48,143,69,99,97,橡胶大底,潮流高街,鸿星尔克,0,0,4531,1
4401,松紧带鞋,56,125,79,99,93,MD发泡底,潮流高街,安踏运动,0,1,1039,2
2123,系带设计,45,318,67,213,95,TPR鞋底,工装硬朗,回力经典,0,0,8,1
677,系带设计,52,183,54,99,89,PU中底,日常休闲,阿迪达斯,1,0,453,1
2310,魔术贴鞋,55,149,79,118,95,TPR鞋底,工装硬朗,其他品牌,1,1,1195,2
2890,拉链鞋款,45,125,79,99,97,EVA轻底,运动休闲,京东京造,1,0,176,1
11364,系带设计,48,171,58,99,94,橡胶大底,潮流高街,京东京造,1,0,3768,0
221,拉链鞋款,34,499,70,349,92,橡胶大底,户外机能,李宁休闲,1,1,115,3
1343,套脚款式,30,438,91,399,92,MD发泡底,复古潮鞋,京东京造,1,0,4217,3
763,套脚款式,56,294,89,262,92,TPR鞋底,运动休闲,鸿星尔克,1,0,43,1
156,松紧带鞋,41,146,68,99,98,混合鞋底,复古潮鞋,特步男鞋,1,1,2842,2
980,拉链鞋款,43,388,56,217,97,混合鞋底,运动休闲,特步男鞋,0,0,1151,3
2213,系带设计,36,165,60,99,93,MD发泡底,日常休闲,耐克潮流,1,0,38,1
1925,拉链鞋款,55,146,76,111,97,MD发泡底,日常休闲,鸿星尔克,1,1,482,2
4642,套脚款式,50,347,59,205,92,EVA轻底,工装硬朗,其他品牌,1,1,3335,2
1576,套脚款式,53,165,60,99,95,MD发泡底,运动休闲,耐克潮流,0,1,706,2
130,套脚款式,47,334,73,244,96,橡胶大底,运动休闲,鸿星尔克,0,0,4507,1
1040,系带设计,57,193,82,158,91,EVA轻底,工装硬朗,京东京造,0,0,323,1
339,套脚款式,51,262,98,257,97,MD发泡底,复古潮鞋,斯凯奇潮,1,1,204,2
146,松紧带鞋,43,104,95,99,94,MD发泡底,日常休闲,阿迪达斯,1,0,1022,1
413,拉链鞋款,43,220,88,194,94,EVA轻底,工装硬朗,安踏运动,1,1,471,2
9918,套脚款式,43,289,75,217,88,EVA轻底,户外机能,其他品牌,1,1,3096,0
1129,系带设计,58,170,94,160,97,MD发泡底,潮流高街,京东京造,0,0,548,1
1886,套脚款式,47,307,55,169,96,EVA轻底,简约百搭,其他品牌,1,0,5,1
115,拉链鞋款,41,146,87,127,87,橡胶大底,复古潮鞋,特步男鞋,1,1,737,2
308,魔术贴鞋,47,186,64,119,90,PU中底,简约百搭,回力经典,1,0,976,1
267,魔术贴鞋,38,213,87,185,96,MD发泡底,户外机能,斯凯奇潮,1,1,15,2
5036,系带设计,40,372,95,353,94,橡胶大底,户外机能,京东京造,0,0,1174,3
1601,魔术贴鞋,49,124,80,99,100,MD发泡底,潮流高街,鸿星尔克,0,1,427,2
1375,魔术贴鞋,51,161,67,108,95,PU中底,简约百搭,斯凯奇潮,1,1,448,2
96,松紧带鞋,52,220,59,130,86,EVA轻底,简约百搭,耐克潮流,1,0,1145,1
478,套脚款式,62,103,96,99,97,MD发泡底,潮流高街,李宁休闲,1,1,220,2
1227,拉链鞋款,46,152,65,99,90,橡胶大底,日常休闲,其他品牌,1,1,800,2
3786,魔术贴鞋,50,119,83,99,95,MD发泡底,简约百搭,京东京造,0,1,33,2
449,魔术贴鞋,36,134,90,121,91,混合鞋底,潮流高街,安踏运动,1,1,83,2
366,魔术贴鞋,50,157,63,99,95,MD发泡底,户外机能,李宁休闲,0,0,783,1
2897,魔术贴鞋,60,247,59,146,96,TPR鞋底,运动休闲,鸿星尔克,1,0,1396,1
7759,松紧带鞋,49,170,96,163,97,橡胶大底,复古潮鞋,鸿星尔克,0,1,49,2
462,拉链鞋款,40,183,54,99,91,PU中底,潮流高街,回力经典,0,1,124,2
105,拉链鞋款,48,226,82,185,88,MD发泡底,运动休闲,鸿星尔克,0,1,124,2
225,套脚款式,50,191,92,176,97,EVA轻底,日常休闲,特步男鞋,0,1,1277,2
896,松紧带鞋,45,244,77,188,85,MD发泡底,复古潮鞋,京东京造,0,1,1350,2
1833,拉链鞋款,49,252,50,126,94,橡胶大底,工装硬朗,特步男鞋,0,0,4769,1
2652,拉链鞋款,48,132,75,99,97,MD发泡底,日常休闲,耐克潮流,0,0,2861,1
528,拉链鞋款,47,492,87,428,93,PU中底,日常休闲,回力经典,1,0,753,3
295,系带设计,47,189,92,174,95,PU中底,户外机能,特步男鞋,0,0,97,1
392,拉链鞋款,38,119,83,99,91,EVA轻底,复古潮鞋,李宁休闲,1,1,3340,2
1166,套脚款式,59,201,68,137,96,橡胶大底,潮流高街,回力经典,1,0,594,1
192,系带设计,36,158,81,128,98,EVA轻底,工装硬朗,安踏运动,1,1,1113,2
322,松紧带鞋,49,342,62,212,94,EVA轻底,潮流高街,回力经典,1,0,314,1
344,拉链鞋款,21,165,60,99,99,MD发泡底,日常休闲,斯凯奇潮,1,1,1166,2
2764,套脚款式,47,209,98,205,94,EVA轻底,日常休闲,京东京造,0,1,1277,2
244,拉链鞋款,41,115,86,99,92,TPR鞋底,简约百搭,耐克潮流,0,0,2377,1
2110,松紧带鞋,46,136,73,99,94,EVA轻底,复古潮鞋,斯凯奇潮,0,1,608,2
349,魔术贴鞋,38,167,93,155,99,橡胶大底,户外机能,李宁休闲,1,0,1239,1
4076,松紧带鞋,47,183,54,99,90,MD发泡底,户外机能,京东京造,1,1,735,2
138,套脚款式,42,580,85,493,95,EVA轻底,简约百搭,阿迪达斯,0,1,466,3
718,魔术贴鞋,52,102,97,99,96,TPR鞋底,简约百搭,耐克潮流,0,0,270,1
521,系带设计,47,217,69,150,94,MD发泡底,工装硬朗,回力经典,0,1,49,2
8333,松紧带鞋,43,157,91,143,93,混合鞋底,潮流高街,阿迪达斯,0,0,23,1
220,拉链鞋款,41,273,52,142,96,混合鞋底,日常休闲,李宁休闲,1,1,1363,2
784,拉链鞋款,50,440,60,264,85,橡胶大底,户外机能,斯凯奇潮,0,1,3378,3
1061,套脚款式,65,127,78,99,99,PU中底,复古潮鞋,耐克潮流,1,1,1043,2
535,魔术贴鞋,60,208,52,108,90,PU中底,潮流高街,斯凯奇潮,0,1,902,2
265,松紧带鞋,50,139,71,99,97,混合鞋底,潮流高街,回力经典,1,1,20,2
356,松紧带鞋,52,160,63,101,96,PU中底,运动休闲,回力经典,0,0,33,1
802,魔术贴鞋,40,298,97,289,97,混合鞋底,日常休闲,特步男鞋,1,0,1311,1
8689,魔术贴鞋,60,127,78,99,91,橡胶大底,户外机能,其他品牌,0,1,430,2
1115,拉链鞋款,50,119,83,99,100,EVA轻底,潮流高街,京东京造,0,1,3236,2
1880,拉链鞋款,55,129,77,99,94,橡胶大底,复古潮鞋,李宁休闲,1,0,1360,1
1270,拉链鞋款,31,136,73,99,93,MD发泡底,户外机能,李宁休闲,0,1,40,2
798,魔术贴鞋,53,218,65,142,93,橡胶大底,潮流高街,回力经典,1,0,1027,1
3616,套脚款式,51,609,57,347,97,TPR鞋底,潮流高街,李宁休闲,1,0,49,3
1043,魔术贴鞋,30,216,87,188,97,混合鞋底,户外机能,京东京造,0,1,835,2
1081,系带设计,42,159,79,126,99,MD发泡底,复古潮鞋,阿迪达斯,0,0,0,1
314,系带设计,43,152,75,114,94,混合鞋底,潮流高街,阿迪达斯,1,1,1386,2
995,魔术贴鞋,43,143,69,99,90,TPR鞋底,工装硬朗,特步男鞋,1,1,1165,2
5130,套脚款式,33,488,59,288,100,橡胶大底,复古潮鞋,李宁休闲,1,0,20,3
3805,魔术贴鞋,47,238,79,188,97,EVA轻底,日常休闲,斯凯奇潮,0,0,513,1
583,松紧带鞋,53,215,62,133,94,橡胶大底,工装硬朗,京东京造,1,1,192,2
111,魔术贴鞋,49,180,55,99,92,TPR鞋底,日常休闲,其他品牌,1,0,1052,1
191,系带设计,55,175,65,114,94,MD发泡底,工装硬朗,阿迪达斯,0,1,75,2
175,魔术贴鞋,59,196,52,102,92,EVA轻底,复古潮鞋,耐克潮流,1,0,347,1
285,套脚款式,58,429,58,249,96,EVA轻底,潮流高街,阿迪达斯,0,0,1126,3
10703,松紧带鞋,36,359,51,183,92,EVA轻底,潮流高街,李宁休闲,1,1,1185,0
345,系带设计,46,261,57,149,96,PU中底,户外机能,京东京造,1,0,1180,1
2023,套脚款式,60,101,98,99,94,EVA轻底,复古潮鞋,京东京造,1,1,22,2
1320,系带设计,33,110,90,99,90,EVA轻底,日常休闲,鸿星尔克,1,1,526,2
4228,松紧带鞋,40,171,58,99,100,TPR鞋底,简约百搭,特步男鞋,1,0,2843,1
5893,魔术贴鞋,42,112,88,99,94,橡胶大底,户外机能,阿迪达斯,1,1,240,2
1209,系带设计,53,180,55,99,97,混合鞋底,工装硬朗,耐克潮流,1,1,128,2
929,系带设计,54,337,65,219,99,PU中底,工装硬朗,其他品牌,0,0,47,1
769,套脚款式,52,109,91,99,95,EVA轻底,户外机能,阿迪达斯,1,0,1177,1
3728,拉链鞋款,32,142,100,142,92,混合鞋底,潮流高街,鸿星尔克,0,1,1480,2
1258,套脚款式,55,561,90,505,90,PU中底,工装硬朗,京东京造,0,1,459,3
1218,套脚款式,44,923,53,489,100,EVA轻底,户外机能,阿迪达斯,0,1,4923,3
4897,套脚款式,47,123,87,107,93,MD发泡底,潮流高街,回力经典,0,0,940,1
283,套脚款式,58,220,70,154,95,MD发泡底,运动休闲,安踏运动,1,0,229,1
424,套脚款式,49,125,79,99,92,PU中底,潮流高街,耐克潮流,0,0,1162,1
3325,魔术贴鞋,56,130,76,99,98,混合鞋底,潮流高街,耐克潮流,0,0,11,1
2550,松紧带鞋,52,353,55,194,85,EVA轻底,复古潮鞋,耐克潮流,1,1,3475,2
1643,拉链鞋款,44,148,95,141,93,橡胶大底,复古潮鞋,鸿星尔克,1,1,25,2
668,拉链鞋款,54,321,71,228,91,MD发泡底,运动休闲,特步男鞋,1,0,4530,1
1317,套脚款式,45,118,84,99,95,橡胶大底,复古潮鞋,耐克潮流,0,1,658,2
1040,松紧带鞋,45,111,89,99,85,混合鞋底,潮流高街,安踏运动,0,0,3992,1
1332,松紧带鞋,43,195,96,187,85,TPR鞋底,户外机能,耐克潮流,0,0,863,1
686,套脚款式,47,370,69,255,97,橡胶大底,潮流高街,耐克潮流,1,0,2635,3
5921,松紧带鞋,59,291,54,157,88,MD发泡底,工装硬朗,阿迪达斯,1,0,44,1
4654,松紧带鞋,45,171,58,99,99,PU中底,工装硬朗,回力经典,1,1,28,2
426,套脚款式,57,247,58,143,98,混合鞋底,运动休闲,特步男鞋,1,1,636,2
1786,套脚款式,48,281,63,177,91,MD发泡底,日常休闲,安踏运动,1,0,8,1
3502,拉链鞋款,40,130,76,99,95,橡胶大底,户外机能,阿迪达斯,0,0,546,1
52,系带设计,42,110,90,99,94,PU中底,潮流高街,特步男鞋,1,1,4581,2
567,松紧带鞋,47,130,76,99,96,EVA轻底,潮流高街,阿迪达斯,1,0,886,1
2196,松紧带鞋,52,150,66,99,96,MD发泡底,简约百搭,鸿星尔克,0,1,35,2
11574,拉链鞋款,53,187,53,99,91,EVA轻底,户外机能,鸿星尔克,0,0,397,0
1042,拉链鞋款,59,305,86,262,91,混合鞋底,复古潮鞋,耐克潮流,1,1,1456,2
609,魔术贴鞋,31,173,95,164,98,橡胶大底,日常休闲,回力经典,0,1,1062,2
1205,套脚款式,53,142,79,112,92,混合鞋底,工装硬朗,耐克潮流,0,1,1070,2
6211,套脚款式,55,169,78,132,95,MD发泡底,运动休闲,阿迪达斯,0,1,1127,2
727,松紧带鞋,49,102,97,99,97,MD发泡底,运动休闲,安踏运动,0,0,1256,1
1414,套脚款式,46,125,79,99,93,橡胶大底,工装硬朗,京东京造,1,1,460,2
377,套脚款式,35,139,71,99,95,混合鞋底,复古潮鞋,斯凯奇潮,0,1,36,2
2615,拉链鞋款,39,241,69,166,87,混合鞋底,潮流高街,耐克潮流,0,1,539,2
2026,松紧带鞋,42,152,82,125,96,混合鞋底,运动休闲,安踏运动,0,0,3180,1
855,松紧带鞋,51,292,85,248,91,PU中底,简约百搭,特步男鞋,0,1,828,2
42,拉链鞋款,43,147,83,122,96,橡胶大底,运动休闲,回力经典,1,1,570,2
4991,魔术贴鞋,40,177,56,99,90,EVA轻底,运动休闲,特步男鞋,0,0,2426,1
469,松紧带鞋,52,140,82,115,92,MD发泡底,日常休闲,阿迪达斯,0,0,6,1
2712,拉链鞋款,35,356,54,192,97,橡胶大底,潮流高街,李宁休闲,0,1,1,2
355,拉链鞋款,55,500,93,465,90,PU中底,日常休闲,耐克潮流,1,0,723,3
8921,拉链鞋款,36,238,61,145,94,TPR鞋底,简约百搭,耐克潮流,1,0,49,1
633,拉链鞋款,51,154,65,100,93,MD发泡底,日常休闲,京东京造,1,0,4346,1
3396,系带设计,37,132,75,99,91,MD发泡底,运动休闲,特步男鞋,0,0,9,1
417,魔术贴鞋,53,159,92,146,100,TPR鞋底,工装硬朗,安踏运动,1,1,676,2
567,松紧带鞋,49,181,91,165,95,TPR鞋底,潮流高街,安踏运动,0,1,719,2
804,拉链鞋款,38,359,86,309,96,MD发泡底,复古潮鞋,鸿星尔克,1,1,1460,3
2211,魔术贴鞋,52,129,77,99,95,混合鞋底,户外机能,回力经典,1,0,290,1
174,拉链鞋款,45,110,90,99,90,混合鞋底,工装硬朗,鸿星尔克,0,1,1208,2
309,拉链鞋款,48,177,56,99,87,EVA轻底,户外机能,京东京造,0,1,2,2
11522,套脚款式,55,160,83,133,97,TPR鞋底,日常休闲,斯凯奇潮,0,0,36,0
2741,系带设计,34,105,94,99,96,TPR鞋底,日常休闲,安踏运动,0,0,38,1
2528,魔术贴鞋,61,125,87,109,92,TPR鞋底,户外机能,京东京造,0,0,2020,1
7641,松紧带鞋,43,128,79,101,99,混合鞋底,潮流高街,耐克潮流,1,1,22,2
2723,松紧带鞋,55,208,95,198,94,EVA轻底,户外机能,其他品牌,1,1,4415,2
3898,系带设计,60,234,100,234,96,混合鞋底,日常休闲,鸿星尔克,1,1,500,2
2529,系带设计,52,227,51,116,92,MD发泡底,简约百搭,安踏运动,1,1,976,2
428,系带设计,45,101,98,99,91,MD发泡底,简约百搭,其他品牌,1,1,4245,2
1945,套脚款式,49,119,83,99,99,混合鞋底,复古潮鞋,京东京造,1,1,34,2
1734,套脚款式,52,200,54,108,93,EVA轻底,复古潮鞋,李宁休闲,1,1,835,2
5151,松紧带鞋,46,162,61,99,96,TPR鞋底,潮流高街,安踏运动,1,1,1,2
1777,魔术贴鞋,42,153,83,127,97,PU中底,潮流高街,安踏运动,1,0,22,1
6760,套脚款式,50,124,80,99,93,PU中底,简约百搭,回力经典,0,0,30,1
681,系带设计,43,409,100,409,96,橡胶大底,潮流高街,其他品牌,1,1,178,3
477,系带设计,54,100,99,99,97,TPR鞋底,潮流高街,斯凯奇潮,0,0,6,1
2855,套脚款式,60,245,99,243,97,PU中底,户外机能,斯凯奇潮,0,0,1401,1
1451,套脚款式,56,163,73,119,92,TPR鞋底,潮流高街,安踏运动,1,1,1395,2
1536,套脚款式,45,190,61,116,91,EVA轻底,简约百搭,鸿星尔克,1,1,569,2
612,系带设计,52,146,68,99,96,混合鞋底,复古潮鞋,斯凯奇潮,1,1,1179,2
775,系带设计,43,198,50,99,94,MD发泡底,潮流高街,特步男鞋,0,0,3766,1
47,套脚款式,39,100,99,99,100,PU中底,运动休闲,耐克潮流,1,0,3883,1
3418,系带设计,56,105,96,101,95,TPR鞋底,户外机能,鸿星尔克,0,0,1313,1
1586,套脚款式,60,130,76,99,97,橡胶大底,复古潮鞋,特步男鞋,1,0,53,1
1101,套脚款式,36,191,55,105,97,MD发泡底,户外机能,特步男鞋,1,0,2341,1
4151,系带设计,37,166,93,154,92,MD发泡底,工装硬朗,安踏运动,1,0,2138,1
1607,套脚款式,52,373,70,261,85,橡胶大底,潮流高街,特步男鞋,1,0,925,3
643,系带设计,50,127,78,99,88,TPR鞋底,潮流高街,鸿星尔克,1,0,561,1
2726,拉链鞋款,42,285,73,208,92,TPR鞋底,运动休闲,耐克潮流,1,0,259,1
72,拉链鞋款,49,138,72,99,96,EVA轻底,工装硬朗,鸿星尔克,1,0,418,1
890,套脚款式,42,224,85,190,93,EVA轻底,复古潮鞋,李宁休闲,1,0,997,1
208,松紧带鞋,54,155,64,99,94,橡胶大底,潮流高街,耐克潮流,1,1,614,2
2314,松紧带鞋,40,224,82,184,95,EVA轻底,简约百搭,李宁休闲,0,0,4979,1
649,套脚款式,38,260,90,234,93,TPR鞋底,户外机能,其他品牌,0,0,1129,1
4704,魔术贴鞋,59,108,92,99,96,橡胶大底,户外机能,安踏运动,1,0,417,1
200,套脚款式,41,105,94,99,98,PU中底,户外机能,阿迪达斯,1,1,394,2
596,魔术贴鞋,49,187,53,99,94,混合鞋底,复古潮鞋,阿迪达斯,0,0,2059,1
11283,拉链鞋款,42,210,83,174,94,橡胶大底,复古潮鞋,安踏运动,0,1,14,0
999,系带设计,51,121,82,99,95,PU中底,简约百搭,鸿星尔克,0,1,667,2
506,系带设计,56,201,72,145,99,TPR鞋底,简约百搭,李宁休闲,0,1,1101,2
4550,拉链鞋款,52,185,54,100,88,EVA轻底,复古潮鞋,阿迪达斯,0,0,991,1
111,魔术贴鞋,57,136,73,99,100,TPR鞋底,复古潮鞋,李宁休闲,1,1,792,2
987,系带设计,47,401,81,325,100,橡胶大底,日常休闲,李宁休闲,0,0,1497,3
3730,系带设计,37,168,73,123,90,PU中底,运动休闲,安踏运动,1,1,21,2
640,松紧带鞋,47,190,52,99,96,混合鞋底,日常休闲,耐克潮流,0,0,4418,1
336,套脚款式,27,258,53,137,94,EVA轻底,户外机能,京东京造,1,0,848,1
2963,系带设计,43,107,98,105,88,PU中底,工装硬朗,李宁休闲,0,1,36,2
664,魔术贴鞋,48,119,83,99,96,MD发泡底,潮流高街,京东京造,0,0,2870,1
244,系带设计,54,162,64,104,96,MD发泡底,日常休闲,斯凯奇潮,1,1,907,2
1251,系带设计,56,143,69,99,94,PU中底,户外机能,阿迪达斯,1,0,736,1
3127,套脚款式,47,199,81,161,91,EVA轻底,简约百搭,阿迪达斯,0,0,438,1
356,魔术贴鞋,51,108,92,99,100,EVA轻底,工装硬朗,特步男鞋,0,1,191,2
11422,套脚款式,52,177,94,166,94,橡胶大底,复古潮鞋,其他品牌,1,0,212,0
66,拉链鞋款,40,268,99,265,85,TPR鞋底,户外机能,特步男鞋,0,1,689,2
1542,松紧带鞋,42,178,77,137,93,EVA轻底,潮流高街,李宁休闲,0,1,18,2
2439,系带设计,31,359,96,345,100,TPR鞋底,运动休闲,回力经典,1,1,515,3
3052,魔术贴鞋,44,180,55,99,93,橡胶大底,运动休闲,李宁休闲,0,1,324,2
219,魔术贴鞋,56,171,58,99,93,MD发泡底,潮流高街,斯凯奇潮,1,1,0,2
1598,拉链鞋款,50,344,70,241,90,EVA轻底,工装硬朗,李宁休闲,1,1,24,3
3144,拉链鞋款,52,104,95,99,91,混合鞋底,运动休闲,李宁休闲,1,1,30,2
126,套脚款式,48,220,87,191,90,MD发泡底,简约百搭,李宁休闲,0,1,1040,2
4706,拉链鞋款,40,171,62,106,96,PU中底,户外机能,安踏运动,0,1,827,2
335,拉链鞋款,45,173,99,171,96,EVA轻底,日常休闲,安踏运动,1,1,735,2
307,系带设计,56,189,74,140,96,橡胶大底,运动休闲,鸿星尔克,1,0,8,1
4120,套脚款式,52,277,84,233,99,PU中底,户外机能,京东京造,1,0,1433,1
1551,拉链鞋款,51,276,97,268,100,橡胶大底,工装硬朗,斯凯奇潮,1,0,4439,1
158,魔术贴鞋,52,115,86,99,89,橡胶大底,简约百搭,斯凯奇潮,0,1,1211,2
772,系带设计,40,99,100,99,96,TPR鞋底,户外机能,鸿星尔克,1,1,279,2
579,套脚款式,43,190,52,99,94,EVA轻底,简约百搭,鸿星尔克,0,0,861,1
494,魔术贴鞋,51,187,53,99,95,橡胶大底,潮流高街,京东京造,0,1,1114,2
1743,魔术贴鞋,34,115,96,110,97,PU中底,工装硬朗,其他品牌,1,0,4923,1
4638,套脚款式,41,223,86,192,93,EVA轻底,运动休闲,特步男鞋,1,0,1044,1
197,套脚款式,59,121,82,99,90,TPR鞋底,工装硬朗,京东京造,1,0,443,1
147,拉链鞋款,44,171,90,154,97,EVA轻底,运动休闲,李宁休闲,0,1,3322,2
224,拉链鞋款,40,151,97,146,96,PU中底,运动休闲,阿迪达斯,1,1,2737,2
482,套脚款式,43,240,62,149,95,MD发泡底,复古潮鞋,鸿星尔克,0,1,19,2
154,系带设计,45,114,87,99,95,EVA轻底,户外机能,京东京造,1,0,2,1
4348,套脚款式,50,124,80,99,91,PU中底,工装硬朗,其他品牌,0,0,762,1
486,松紧带鞋,47,325,64,208,88,混合鞋底,复古潮鞋,回力经典,1,0,1388,1
1975,拉链鞋款,53,183,54,99,96,TPR鞋底,日常休闲,京东京造,1,0,15,1
216,系带设计,63,246,100,246,97,MD发泡底,简约百搭,李宁休闲,0,1,937,2
4033,拉链鞋款,47,111,89,99,95,TPR鞋底,户外机能,其他品牌,0,0,44,1
376,松紧带鞋,44,119,83,99,93,TPR鞋底,运动休闲,鸿星尔克,0,1,42,2
166,系带设计,44,236,95,224,95,MD发泡底,简约百搭,李宁休闲,0,1,1331,2
22808,套脚款式,47,194,84,163,97,EVA轻底,简约百搭,斯凯奇潮,1,1,571,0
1390,松紧带鞋,54,171,58,99,94,橡胶大底,潮流高街,其他品牌,1,1,4781,2
192,套脚款式,44,658,97,638,97,橡胶大底,工装硬朗,鸿星尔克,1,0,307,3
1350,系带设计,47,102,97,99,95,PU中底,工装硬朗,李宁休闲,1,0,5,1
582,魔术贴鞋,36,172,83,143,95,MD发泡底,日常休闲,特步男鞋,1,0,32,1
36,松紧带鞋,46,125,88,110,86,TPR鞋底,复古潮鞋,鸿星尔克,1,1,103,2
921,松紧带鞋,41,160,62,99,96,MD发泡底,简约百搭,安踏运动,0,0,114,1
417,套脚款式,59,414,57,236,95,EVA轻底,日常休闲,阿迪达斯,0,0,1140,3
1298,松紧带鞋,50,295,87,257,97,PU中底,简约百搭,安踏运动,0,0,649,1
682,套脚款式,52,180,55,99,94,EVA轻底,潮流高街,耐克潮流,0,1,1,2
788,套脚款式,55,109,97,106,90,PU中底,运动休闲,其他品牌,1,1,4874,2
1365,松紧带鞋,41,247,64,158,91,MD发泡底,简约百搭,斯凯奇潮,1,1,444,2
6249,拉链鞋款,40,201,98,197,96,EVA轻底,运动休闲,耐克潮流,1,0,615,1
6903,拉链鞋款,44,440,85,374,93,混合鞋底,运动休闲,安踏运动,0,1,4019,3
1178,魔术贴鞋,40,250,58,145,97,混合鞋底,户外机能,阿迪达斯,1,0,533,1
2144,系带设计,41,109,91,99,92,EVA轻底,运动休闲,斯凯奇潮,1,0,4314,1
4692,魔术贴鞋,48,374,62,232,96,橡胶大底,潮流高街,安踏运动,1,1,1101,3
791,套脚款式,48,114,87,99,99,TPR鞋底,日常休闲,李宁休闲,0,0,1442,1
942,拉链鞋款,45,187,53,99,95,混合鞋底,工装硬朗,安踏运动,0,1,40,2
2291,拉链鞋款,51,168,74,124,92,混合鞋底,户外机能,京东京造,0,0,1181,1
473,魔术贴鞋,52,111,89,99,100,橡胶大底,潮流高街,李宁休闲,1,1,4959,2
224,拉链鞋款,43,364,66,240,95,MD发泡底,工装硬朗,回力经典,0,1,4970,3
2416,套脚款式,37,148,67,99,89,MD发泡底,潮流高街,回力经典,0,1,1350,2
62,魔术贴鞋,53,204,92,188,94,EVA轻底,日常休闲,回力经典,1,1,1332,2
236,拉链鞋款,32,135,96,130,94,MD发泡底,复古潮鞋,李宁休闲,0,0,3725,1
12838,魔术贴鞋,51,109,91,99,95,PU中底,复古潮鞋,阿迪达斯,1,0,3876,0
467,系带设计,42,367,93,341,100,TPR鞋底,户外机能,安踏运动,1,1,13,3
562,系带设计,47,259,64,166,94,EVA轻底,工装硬朗,李宁休闲,0,0,289,1
2169,套脚款式,59,202,82,166,91,混合鞋底,工装硬朗,李宁休闲,1,1,625,2
10719,套脚款式,31,101,98,99,93,TPR鞋底,户外机能,耐克潮流,0,0,239,0
506,魔术贴鞋,44,336,50,168,95,橡胶大底,日常休闲,回力经典,1,1,50,2
2914,套脚款式,42,132,75,99,92,MD发泡底,户外机能,其他品牌,1,0,3637,1
1087,魔术贴鞋,44,156,95,148,86,橡胶大底,户外机能,斯凯奇潮,0,0,1238,1
669,松紧带鞋,39,183,54,99,98,TPR鞋底,工装硬朗,京东京造,0,1,93,2
648,魔术贴鞋,49,260,100,260,87,EVA轻底,运动休闲,京东京造,0,0,292,1
107,魔术贴鞋,45,546,63,344,95,混合鞋底,工装硬朗,特步男鞋,0,0,34,3
422,拉链鞋款,60,345,51,176,100,混合鞋底,日常休闲,其他品牌,0,0,932,1
1952,魔术贴鞋,45,507,61,309,96,PU中底,运动休闲,李宁休闲,1,0,33,3
586,系带设计,52,297,75,223,100,TPR鞋底,潮流高街,其他品牌,1,0,16,1
332,松紧带鞋,44,190,52,99,97,PU中底,简约百搭,阿迪达斯,0,1,3121,2
689,松紧带鞋,56,123,95,117,91,混合鞋底,简约百搭,回力经典,1,0,1382,1
2865,拉链鞋款,47,162,61,99,100,MD发泡底,复古潮鞋,耐克潮流,0,0,122,1
188,松紧带鞋,39,263,57,150,95,混合鞋底,运动休闲,鸿星尔克,0,0,300,1
2857,拉链鞋款,51,268,66,177,96,混合鞋底,日常休闲,特步男鞋,0,1,96,2
127,拉链鞋款,34,504,57,287,97,MD发泡底,简约百搭,京东京造,0,0,499,3
924,拉链鞋款,47,284,68,193,93,PU中底,户外机能,李宁休闲,1,0,2791,1
1098,松紧带鞋,37,109,91,99,90,TPR鞋底,潮流高街,特步男鞋,0,1,125,2
681,松紧带鞋,39,114,87,99,86,TPR鞋底,户外机能,其他品牌,0,1,827,2
2815,松紧带鞋,39,216,51,110,91,EVA轻底,简约百搭,其他品牌,0,0,20,1
1575,魔术贴鞋,37,183,76,139,93,TPR鞋底,复古潮鞋,阿迪达斯,1,1,350,2
3543,拉链鞋款,44,165,69,114,96,混合鞋底,日常休闲,回力经典,0,0,2869,1
2633,系带设计,45,522,50,261,96,TPR鞋底,户外机能,鸿星尔克,0,0,548,3
1772,拉链鞋款,37,110,90,99,91,PU中底,运动休闲,鸿星尔克,0,0,37,1
48,松紧带鞋,56,225,77,173,92,MD发泡底,工装硬朗,李宁休闲,1,1,400,2
976,魔术贴鞋,40,531,59,313,89,橡胶大底,日常休闲,其他品牌,0,1,1408,3
329,松紧带鞋,47,162,61,99,91,橡胶大底,潮流高街,耐克潮流,0,0,997,1
10105,松紧带鞋,54,231,68,157,98,TPR鞋底,工装硬朗,安踏运动,1,0,465,0
1277,拉链鞋款,49,136,73,99,100,混合鞋底,工装硬朗,京东京造,1,1,1212,2
9860,魔术贴鞋,37,186,66,123,96,混合鞋底,工装硬朗,回力经典,0,0,3405,0
7166,魔术贴鞋,19,115,86,99,90,TPR鞋底,简约百搭,回力经典,0,0,39,1
994,魔术贴鞋,36,99,100,99,92,EVA轻底,工装硬朗,其他品牌,0,0,241,1
192,套脚款式,54,160,62,99,95,TPR鞋底,复古潮鞋,安踏运动,1,0,333,1
143,套脚款式,42,139,71,99,95,MD发泡底,运动休闲,京东京造,0,1,4028,2
906,拉链鞋款,59,116,99,115,92,PU中底,户外机能,回力经典,1,0,43,1
1178,松紧带鞋,44,146,68,99,93,MD发泡底,日常休闲,李宁休闲,1,1,1342,2
3030,松紧带鞋,55,171,58,99,96,混合鞋底,工装硬朗,特步男鞋,0,0,50,1
662,拉链鞋款,50,109,91,99,95,PU中底,潮流高街,斯凯奇潮,1,0,1383,1
4395,拉链鞋款,55,447,93,416,97,TPR鞋底,复古潮鞋,特步男鞋,1,1,1052,3
395,系带设计,43,115,86,99,85,TPR鞋底,运动休闲,李宁休闲,1,0,883,1
566,系带设计,36,454,97,440,94,PU中底,工装硬朗,回力经典,1,1,7,3
3202,套脚款式,56,270,80,216,97,EVA轻底,日常休闲,安踏运动,0,0,1128,1
476,套脚款式,55,276,80,221,88,EVA轻底,复古潮鞋,安踏运动,0,0,1402,1
333,魔术贴鞋,50,161,76,122,97,TPR鞋底,日常休闲,回力经典,0,1,1395,2
1609,系带设计,39,118,84,99,96,MD发泡底,运动休闲,鸿星尔克,0,0,457,1
2082,魔术贴鞋,36,124,80,99,94,MD发泡底,复古潮鞋,安踏运动,1,0,2319,1
260,拉链鞋款,54,307,72,221,96,EVA轻底,户外机能,阿迪达斯,1,1,1298,2
3603,松紧带鞋,46,125,79,99,98,MD发泡底,复古潮鞋,其他品牌,1,0,4448,1
10383,松紧带鞋,45,104,98,102,93,EVA轻底,工装硬朗,京东京造,0,1,661,2
1131,魔术贴鞋,43,643,65,418,92,MD发泡底,运动休闲,京东京造,0,0,1148,3
786,系带设计,55,141,70,99,90,混合鞋底,户外机能,阿迪达斯,0,0,595,1
975,拉链鞋款,43,122,81,99,94,EVA轻底,日常休闲,安踏运动,1,1,1241,2
383,拉链鞋款,51,803,87,699,93,MD发泡底,简约百搭,斯凯奇潮,0,1,44,3
1597,拉链鞋款,39,254,59,150,93,TPR鞋底,简约百搭,特步男鞋,1,1,5,2
5299,松紧带鞋,45,363,71,258,99,混合鞋底,工装硬朗,李宁休闲,1,0,33,3
110,拉链鞋款,43,226,62,140,91,PU中底,简约百搭,李宁休闲,0,1,18,2
3481,松紧带鞋,60,119,83,99,90,混合鞋底,潮流高街,李宁休闲,0,0,19,1
651,拉链鞋款,41,100,99,99,97,EVA轻底,潮流高街,回力经典,1,1,1028,2
2589,系带设计,39,187,54,101,96,MD发泡底,户外机能,阿迪达斯,1,0,801,1
3507,魔术贴鞋,50,104,95,99,90,TPR鞋底,日常休闲,回力经典,1,1,855,2
850,拉链鞋款,47,249,67,167,92,PU中底,复古潮鞋,其他品牌,1,0,1224,1
3320,套脚款式,48,130,100,130,93,MD发泡底,潮流高街,斯凯奇潮,1,0,22,1
755,系带设计,39,141,70,99,96,TPR鞋底,简约百搭,李宁休闲,0,0,2406,1
5345,魔术贴鞋,51,159,76,121,92,TPR鞋底,日常休闲,耐克潮流,0,1,24,2
368,松紧带鞋,50,164,88,144,95,EVA轻底,户外机能,回力经典,1,0,38,1
1503,松紧带鞋,46,339,64,217,93,橡胶大底,户外机能,回力经典,1,0,390,1
1667,套脚款式,62,267,66,176,100,EVA轻底,运动休闲,京东京造,0,1,2703,2
2651,拉链鞋款,47,235,51,120,100,MD发泡底,潮流高街,特步男鞋,0,0,1110,1
724,系带设计,30,1127,62,699,96,EVA轻底,运动休闲,特步男鞋,1,0,4482,3
1330,松紧带鞋,34,198,50,99,86,EVA轻底,工装硬朗,京东京造,0,1,428,2
658,系带设计,42,190,52,99,98,EVA轻底,日常休闲,耐克潮流,0,1,423,2
937,松紧带鞋,50,320,100,320,97,MD发泡底,户外机能,京东京造,0,1,1480,3
795,魔术贴鞋,43,99,100,99,99,混合鞋底,运动休闲,李宁休闲,0,1,355,2
1514,系带设计,54,105,94,99,89,混合鞋底,复古潮鞋,耐克潮流,1,0,19,1
1030,拉链鞋款,38,112,88,99,91,PU中底,复古潮鞋,其他品牌,1,0,98,1
1270,魔术贴鞋,58,289,56,162,90,MD发泡底,潮流高街,李宁休闲,1,0,1070,1
679,魔术贴鞋,40,130,99,129,95,TPR鞋底,复古潮鞋,阿迪达斯,0,0,48,1
562,系带设计,46,136,96,131,90,混合鞋底,复古潮鞋,李宁休闲,0,1,3802,2
916,松紧带鞋,28,191,58,111,88,MD发泡底,潮流高街,耐克潮流,0,1,2976,2
1519,魔术贴鞋,41,116,85,99,91,TPR鞋底,复古潮鞋,斯凯奇潮,0,0,594,1
1056,松紧带鞋,35,127,78,99,97,混合鞋底,简约百搭,阿迪达斯,0,0,3962,1
1416,拉链鞋款,49,174,57,99,90,MD发泡底,复古潮鞋,其他品牌,0,0,105,1
226,拉链鞋款,50,162,61,99,100,EVA轻底,简约百搭,斯凯奇潮,1,1,43,2
1275,套脚款式,37,125,79,99,91,TPR鞋底,日常休闲,阿迪达斯,1,0,4711,1
1806,套脚款式,48,253,77,195,93,EVA轻底,运动休闲,特步男鞋,0,0,303,1
4991,套脚款式,35,283,76,215,93,混合鞋底,户外机能,安踏运动,0,0,1203,1
2018,拉链鞋款,51,232,76,176,97,橡胶大底,工装硬朗,其他品牌,0,0,1493,1
1599,系带设计,46,183,54,99,95,PU中底,工装硬朗,其他品牌,1,0,846,1
798,系带设计,35,326,76,248,95,MD发泡底,潮流高街,特步男鞋,0,0,2283,1
3936,魔术贴鞋,54,124,80,99,92,MD发泡底,简约百搭,李宁休闲,1,1,1238,2
570,拉链鞋款,36,203,96,195,90,橡胶大底,日常休闲,特步男鞋,1,1,310,2
675,拉链鞋款,41,99,100,99,90,EVA轻底,户外机能,李宁休闲,0,1,9,2
3470,魔术贴鞋,45,169,98,166,96,混合鞋底,工装硬朗,斯凯奇潮,0,1,297,2
695,松紧带鞋,58,288,51,147,91,MD发泡底,潮流高街,阿迪达斯,1,1,1451,2
150,系带设计,49,244,66,161,93,橡胶大底,运动休闲,安踏运动,0,0,484,1
505,套脚款式,40,443,97,430,97,EVA轻底,潮流高街,其他品牌,0,1,1470,3
550,魔术贴鞋,57,207,55,114,96,混合鞋底,简约百搭,耐克潮流,0,0,947,1
3455,拉链鞋款,57,152,65,99,90,橡胶大底,日常休闲,鸿星尔克,0,1,3755,2
105,拉链鞋款,47,230,53,122,94,橡胶大底,日常休闲,安踏运动,1,1,793,2
441,魔术贴鞋,42,177,99,175,91,TPR鞋底,复古潮鞋,其他品牌,0,1,14,2
240,松紧带鞋,53,171,58,99,99,PU中底,运动休闲,斯凯奇潮,0,1,3004,2
3113,魔术贴鞋,43,339,83,281,94,MD发泡底,简约百搭,特步男鞋,0,0,1475,3
1426,拉链鞋款,45,116,89,103,90,橡胶大底,运动休闲,其他品牌,0,0,3388,1
1712,系带设计,35,586,59,346,90,TPR鞋底,简约百搭,鸿星尔克,1,1,16,3
300,套脚款式,51,242,98,237,96,MD发泡底,日常休闲,回力经典,1,0,3835,1
3445,魔术贴鞋,58,340,86,292,95,PU中底,户外机能,其他品牌,0,1,610,3
1327,套脚款式,49,152,65,99,98,TPR鞋底,潮流高街,安踏运动,1,0,14,1
175,拉链鞋款,49,190,52,99,93,MD发泡底,潮流高街,李宁休闲,1,1,2674,2
6,魔术贴鞋,50,166,68,113,99,PU中底,潮流高街,回力经典,0,1,1196,2
729,套脚款式,51,293,71,208,96,MD发泡底,户外机能,耐克潮流,0,1,173,2
200,系带设计,51,134,74,99,96,EVA轻底,复古潮鞋,耐克潮流,1,1,1256,2
2449,松紧带鞋,45,391,54,211,90,橡胶大底,复古潮鞋,安踏运动,1,0,434,3
2071,拉链鞋款,44,170,61,104,93,EVA轻底,户外机能,安踏运动,1,0,949,1
240,松紧带鞋,48,296,52,154,91,TPR鞋底,简约百搭,斯凯奇潮,0,0,902,1
296,套脚款式,51,296,68,201,88,PU中底,日常休闲,鸿星尔克,1,1,23,2
58,拉链鞋款,58,150,66,99,91,MD发泡底,工装硬朗,京东京造,0,0,85,1
528,系带设计,42,140,77,108,98,混合鞋底,户外机能,鸿星尔克,0,0,546,1
3139,拉链鞋款,47,160,82,131,96,橡胶大底,运动休闲,阿迪达斯,0,0,32,1
1083,套脚款式,47,206,53,109,92,TPR鞋底,简约百搭,阿迪达斯,1,1,4293,2
2264,套脚款式,45,222,93,206,99,MD发泡底,工装硬朗,耐克潮流,1,0,16,1
261,魔术贴鞋,36,143,69,99,93,MD发泡底,日常休闲,安踏运动,1,1,3288,2
254,魔术贴鞋,48,586,88,516,96,TPR鞋底,潮流高街,其他品牌,0,1,1162,3
5127,魔术贴鞋,54,110,90,99,92,PU中底,运动休闲,斯凯奇潮,0,1,675,2
968,松紧带鞋,56,142,81,115,91,TPR鞋底,简约百搭,鸿星尔克,0,1,1309,2
2333,套脚款式,45,167,72,120,97,PU中底,户外机能,斯凯奇潮,1,1,635,2
3692,套脚款式,63,136,73,99,97,橡胶大底,日常休闲,李宁休闲,0,1,1018,2
223,松紧带鞋,50,377,70,264,94,橡胶大底,复古潮鞋,回力经典,0,0,589,3
916,套脚款式,48,196,71,139,95,TPR鞋底,户外机能,回力经典,1,1,3,2
7863,套脚款式,40,564,50,282,93,PU中底,简约百搭,回力经典,0,0,989,3
1130,套脚款式,42,129,97,125,95,混合鞋底,户外机能,李宁休闲,1,0,1088,1
3525,松紧带鞋,49,209,80,167,90,混合鞋底,工装硬朗,斯凯奇潮,0,1,1455,2
3192,松紧带鞋,54,118,84,99,95,橡胶大底,户外机能,阿迪达斯,1,1,1293,2
728,魔术贴鞋,59,202,53,107,94,TPR鞋底,复古潮鞋,耐克潮流,1,1,1382,2
2473,系带设计,51,466,59,275,93,混合鞋底,潮流高街,耐克潮流,1,0,3920,3
623,拉链鞋款,52,192,86,165,91,PU中底,户外机能,安踏运动,1,1,446,2
858,套脚款式,44,106,93,99,95,EVA轻底,运动休闲,鸿星尔克,1,1,11,2
504,松紧带鞋,49,227,70,159,87,混合鞋底,运动休闲,安踏运动,1,1,4982,2
3862,套脚款式,63,348,65,226,90,PU中底,日常休闲,安踏运动,1,0,27,1
1870,套脚款式,56,157,63,99,95,TPR鞋底,潮流高街,鸿星尔克,0,1,42,2
3245,拉链鞋款,59,187,98,183,94,TPR鞋底,简约百搭,阿迪达斯,1,1,3511,2
979,松紧带鞋,60,322,78,251,97,MD发泡底,复古潮鞋,安踏运动,0,0,26,1
597,拉链鞋款,49,146,68,99,91,EVA轻底,户外机能,其他品牌,1,0,432,1
2672,松紧带鞋,50,118,84,99,97,EVA轻底,简约百搭,耐克潮流,1,1,2217,2
3419,系带设计,41,157,63,99,91,橡胶大底,户外机能,鸿星尔克,0,1,4890,2
595,松紧带鞋,37,174,57,99,98,PU中底,潮流高街,京东京造,0,0,1070,1
1552,魔术贴鞋,41,148,67,99,95,混合鞋底,户外机能,其他品牌,1,1,1231,2
1235,系带设计,21,150,66,99,93,MD发泡底,复古潮鞋,李宁休闲,0,0,1352,1
1131,拉链鞋款,52,150,66,99,91,EVA轻底,复古潮鞋,回力经典,1,1,1355,2
254,魔术贴鞋,55,152,65,99,91,TPR鞋底,工装硬朗,阿迪达斯,1,0,41,1
2094,系带设计,24,172,89,153,99,MD发泡底,潮流高街,回力经典,0,0,5,1
393,魔术贴鞋,51,191,64,122,95,橡胶大底,潮流高街,回力经典,1,1,1451,2
609,拉链鞋款,43,173,73,126,92,MD发泡底,日常休闲,特步男鞋,1,1,4204,2
1562,套脚款式,47,122,81,99,92,MD发泡底,复古潮鞋,阿迪达斯,1,0,340,1
8406,拉链鞋款,47,373,67,250,90,TPR鞋底,运动休闲,其他品牌,1,1,4018,3
855,套脚款式,45,374,65,243,92,MD发泡底,简约百搭,回力经典,1,1,356,3
4414,系带设计,50,160,62,99,93,EVA轻底,简约百搭,回力经典,1,0,1126,1
1104,松紧带鞋,48,553,83,459,90,TPR鞋底,简约百搭,其他品牌,1,1,1102,3
1660,松紧带鞋,38,186,57,106,94,MD发泡底,简约百搭,李宁休闲,0,1,845,2
1740,松紧带鞋,55,212,84,178,93,EVA轻底,简约百搭,斯凯奇潮,0,0,286,1
1886,松紧带鞋,52,180,55,99,92,PU中底,运动休闲,安踏运动,0,0,876,1
8343,系带设计,46,373,66,246,92,橡胶大底,工装硬朗,李宁休闲,1,0,432,3
16345,系带设计,40,129,77,99,90,混合鞋底,户外机能,京东京造,1,1,637,0
399,魔术贴鞋,48,99,100,99,90,MD发泡底,复古潮鞋,鸿星尔克,1,0,23,1
1060,系带设计,49,116,90,104,95,橡胶大底,潮流高街,回力经典,0,1,1321,2
2458,松紧带鞋,39,177,56,99,94,MD发泡底,潮流高街,鸿星尔克,1,1,3201,2
1280,魔术贴鞋,56,227,97,220,92,TPR鞋底,运动休闲,李宁休闲,0,0,1338,1
337,松紧带鞋,51,150,66,99,91,橡胶大底,潮流高街,斯凯奇潮,0,1,1419,2
3406,套脚款式,43,216,58,125,97,橡胶大底,户外机能,特步男鞋,1,0,1417,1
440,拉链鞋款,45,171,59,101,98,PU中底,潮流高街,耐克潮流,0,1,2476,2
129,套脚款式,40,302,61,184,96,TPR鞋底,户外机能,阿迪达斯,1,0,120,1
3435,松紧带鞋,54,162,76,123,92,PU中底,工装硬朗,阿迪达斯,1,1,1424,2
330,魔术贴鞋,56,105,94,99,100,TPR鞋底,运动休闲,斯凯奇潮,0,1,3848,2
2298,魔术贴鞋,42,298,55,164,97,EVA轻底,户外机能,耐克潮流,1,1,959,2
562,套脚款式,48,129,77,99,93,混合鞋底,日常休闲,李宁休闲,0,0,4849,1
643,魔术贴鞋,39,111,89,99,97,MD发泡底,潮流高街,特步男鞋,1,1,1021,2
3990,拉链鞋款,56,423,88,372,91,TPR鞋底,日常休闲,其他品牌,0,0,1210,3
1268,系带设计,43,127,90,114,92,MD发泡底,简约百搭,李宁休闲,0,0,1144,1
13425,系带设计,47,316,64,202,91,TPR鞋底,复古潮鞋,斯凯奇潮,0,0,341,0
1666,松紧带鞋,44,178,93,166,100,混合鞋底,运动休闲,其他品牌,0,0,476,1
1023,套脚款式,48,296,75,222,92,橡胶大底,运动休闲,京东京造,1,1,3880,2
416,系带设计,48,340,100,340,91,混合鞋底,复古潮鞋,京东京造,1,0,586,3
984,魔术贴鞋,58,114,100,114,92,EVA轻底,复古潮鞋,京东京造,0,0,1053,1
20566,系带设计,58,161,85,137,96,混合鞋底,工装硬朗,京东京造,0,0,625,0
851,拉链鞋款,29,167,66,110,96,EVA轻底,简约百搭,鸿星尔克,1,1,6,2
1112,系带设计,57,180,55,99,94,PU中底,潮流高街,李宁休闲,1,0,367,1
5969,系带设计,48,238,89,212,93,EVA轻底,日常休闲,李宁休闲,1,0,1091,1
862,魔术贴鞋,39,108,92,99,97,PU中底,运动休闲,李宁休闲,1,1,199,2
171,系带设计,53,139,71,99,93,TPR鞋底,简约百搭,斯凯奇潮,1,0,424,1
3757,魔术贴鞋,45,134,74,99,90,PU中底,户外机能,安踏运动,1,0,503,1
1222,魔术贴鞋,57,155,64,99,91,TPR鞋底,简约百搭,斯凯奇潮,1,0,2784,1
2193,套脚款式,34,251,73,183,95,EVA轻底,复古潮鞋,李宁休闲,1,0,34,1
1402,松紧带鞋,43,104,95,99,96,EVA轻底,潮流高街,安踏运动,0,0,54,1
646,套脚款式,59,217,66,143,90,TPR鞋底,运动休闲,其他品牌,0,1,1167,2
526,松紧带鞋,53,115,86,99,94,MD发泡底,简约百搭,李宁休闲,0,0,3587,1
5418,系带设计,55,118,84,99,99,TPR鞋底,工装硬朗,回力经典,0,1,1054,2
147,套脚款式,58,174,57,99,93,PU中底,复古潮鞋,李宁休闲,0,0,957,1
2592,松紧带鞋,45,349,51,178,92,MD发泡底,运动休闲,斯凯奇潮,1,1,47,2
1392,魔术贴鞋,38,122,81,99,99,EVA轻底,户外机能,阿迪达斯,0,0,19,1
2449,魔术贴鞋,39,193,55,106,91,PU中底,复古潮鞋,斯凯奇潮,0,0,2636,1
832,松紧带鞋,42,118,84,99,92,TPR鞋底,日常休闲,其他品牌,1,1,1399,2
145,魔术贴鞋,53,136,73,99,94,TPR鞋底,运动休闲,李宁休闲,1,0,953,1
4809,系带设计,44,104,95,99,99,PU中底,日常休闲,京东京造,1,0,1359,1
5061,系带设计,56,255,75,191,97,橡胶大底,工装硬朗,斯凯奇潮,0,0,1374,1
709,系带设计,43,259,90,233,92,橡胶大底,工装硬朗,李宁休闲,1,0,7,1
740,系带设计,42,531,67,356,91,橡胶大底,潮流高街,京东京造,0,0,3949,3
1670,套脚款式,63,101,98,99,100,橡胶大底,日常休闲,阿迪达斯,1,1,1347,2
689,魔术贴鞋,33,180,55,99,95,EVA轻底,运动休闲,鸿星尔克,0,1,32,2
1822,松紧带鞋,38,114,87,99,97,混合鞋底,户外机能,安踏运动,0,0,498,1
457,系带设计,56,108,95,103,100,混合鞋底,日常休闲,鸿星尔克,1,1,124,2
173,拉链鞋款,44,802,58,465,90,混合鞋底,日常休闲,京东京造,1,0,770,3
2060,魔术贴鞋,41,121,82,99,91,EVA轻底,日常休闲,特步男鞋,1,1,167,2
1753,拉链鞋款,41,130,97,126,94,MD发泡底,户外机能,斯凯奇潮,1,1,687,2
2006,系带设计,49,509,69,351,92,混合鞋底,工装硬朗,安踏运动,0,1,377,3
875,松紧带鞋,63,217,84,182,93,橡胶大底,工装硬朗,耐克潮流,1,1,1032,2
1356,魔术贴鞋,58,146,68,99,91,TPR鞋底,运动休闲,李宁休闲,0,0,1121,1
316,套脚款式,47,108,92,99,97,橡胶大底,潮流高街,李宁休闲,0,1,16,2
873,套脚款式,40,239,87,208,91,EVA轻底,运动休闲,鸿星尔克,0,0,1296,1
214,松紧带鞋,58,188,65,122,100,TPR鞋底,工装硬朗,阿迪达斯,0,0,761,1
990,拉链鞋款,22,293,91,267,97,橡胶大底,工装硬朗,回力经典,0,0,1249,1
2051,系带设计,56,102,97,99,97,混合鞋底,工装硬朗,安踏运动,0,1,4783,2
2148,套脚款式,45,104,95,99,91,混合鞋底,简约百搭,耐克潮流,0,0,229,1
15249,拉链鞋款,49,114,87,99,94,EVA轻底,工装硬朗,斯凯奇潮,1,0,1058,0
107,套脚款式,57,121,82,99,93,TPR鞋底,日常休闲,李宁休闲,0,0,38,1
1724,松紧带鞋,50,174,57,99,91,EVA轻底,复古潮鞋,回力经典,0,1,1260,2
841,拉链鞋款,49,111,89,99,100,MD发泡底,日常休闲,鸿星尔克,0,1,210,2
379,套脚款式,43,221,72,159,99,橡胶大底,简约百搭,回力经典,1,0,227,1
1620,魔术贴鞋,51,226,81,183,94,TPR鞋底,户外机能,阿迪达斯,0,1,20,2
6891,魔术贴鞋,50,711,72,512,92,混合鞋底,复古潮鞋,李宁休闲,0,0,120,3
123,系带设计,59,378,69,261,95,混合鞋底,工装硬朗,安踏运动,1,0,2284,3
3091,松紧带鞋,47,290,92,267,95,EVA轻底,简约百搭,特步男鞋,0,0,870,1
667,松紧带鞋,60,138,72,99,95,MD发泡底,潮流高街,耐克潮流,1,1,282,2
374,拉链鞋款,61,106,93,99,94,MD发泡底,简约百搭,李宁休闲,0,0,596,1
335,系带设计,58,129,77,99,90,橡胶大底,复古潮鞋,阿迪达斯,0,1,6,2
6953,系带设计,47,151,95,143,98,混合鞋底,日常休闲,耐克潮流,0,0,1471,1
5745,拉链鞋款,40,359,63,226,93,混合鞋底,潮流高街,特步男鞋,1,1,2,3
1970,套脚款式,58,130,76,99,85,TPR鞋底,工装硬朗,耐克潮流,1,0,634,1
914,拉链鞋款,50,140,83,116,100,橡胶大底,复古潮鞋,鸿星尔克,0,0,1292,1
956,松紧带鞋,47,160,62,99,92,EVA轻底,简约百搭,耐克潮流,0,0,2542,1
1875,系带设计,45,141,70,99,99,PU中底,工装硬朗,安踏运动,1,1,1469,2
458,套脚款式,51,100,99,99,92,PU中底,日常休闲,回力经典,0,1,1306,2
1064,系带设计,48,487,53,258,91,PU中底,潮流高街,安踏运动,1,1,1177,3
233,套脚款式,39,279,94,262,98,MD发泡底,简约百搭,京东京造,1,0,60,1
1084,拉链鞋款,43,139,71,99,100,橡胶大底,复古潮鞋,耐克潮流,1,0,963,1
537,套脚款式,55,123,87,107,96,橡胶大底,复古潮鞋,回力经典,0,1,934,2
1619,系带设计,47,244,50,122,99,PU中底,户外机能,鸿星尔克,0,1,505,2
204,魔术贴鞋,36,355,58,206,96,TPR鞋底,潮流高街,回力经典,1,1,1218,2
1621,松紧带鞋,62,195,83,162,90,TPR鞋底,运动休闲,特步男鞋,0,1,791,2
1934,魔术贴鞋,40,197,74,146,94,TPR鞋底,复古潮鞋,安踏运动,0,1,576,2
3322,松紧带鞋,47,127,78,99,96,EVA轻底,日常休闲,鸿星尔克,0,0,835,1
624,系带设计,38,129,77,99,99,MD发泡底,复古潮鞋,安踏运动,1,0,684,1
182,系带设计,43,206,70,144,85,MD发泡底,工装硬朗,耐克潮流,0,1,1455,2
2223,套脚款式,50,404,99,400,92,EVA轻底,户外机能,其他品牌,0,1,2213,3
538,系带设计,58,230,53,122,91,TPR鞋底,户外机能,安踏运动,0,0,16,1
191,系带设计,51,175,75,131,85,EVA轻底,工装硬朗,耐克潮流,1,0,6,1
933,系带设计,59,247,81,200,94,PU中底,运动休闲,其他品牌,1,0,102,1
2156,松紧带鞋,49,201,82,165,95,TPR鞋底,简约百搭,其他品牌,0,0,1373,1
1096,套脚款式,38,123,97,119,92,EVA轻底,运动休闲,安踏运动,0,1,577,2
1016,松紧带鞋,45,156,81,126,94,橡胶大底,运动休闲,回力经典,1,1,2,2
2954,拉链鞋款,36,142,79,112,90,MD发泡底,简约百搭,特步男鞋,0,0,72,1
454,拉链鞋款,51,352,67,236,97,混合鞋底,潮流高街,阿迪达斯,1,1,50,3
2578,套脚款式,57,406,87,353,94,TPR鞋底,运动休闲,京东京造,0,0,339,3
99,魔术贴鞋,36,372,53,197,98,PU中底,户外机能,斯凯奇潮,0,1,738,2
663,松紧带鞋,36,161,76,122,90,TPR鞋底,工装硬朗,回力经典,0,1,45,2
1535,系带设计,51,130,76,99,96,TPR鞋底,复古潮鞋,阿迪达斯,1,1,40,2
1638,魔术贴鞋,35,142,83,118,96,EVA轻底,日常休闲,其他品牌,0,1,340,2
195,套脚款式,49,101,98,99,91,混合鞋底,潮流高街,京东京造,1,1,3069,2
991,松紧带鞋,53,276,84,232,97,PU中底,潮流高街,京东京造,0,1,1097,2
2730,魔术贴鞋,39,152,65,99,94,橡胶大底,运动休闲,回力经典,1,0,1069,1
261,拉链鞋款,58,121,91,110,94,TPR鞋底,运动休闲,鸿星尔克,1,1,1002,2
589,拉链鞋款,50,147,86,126,96,EVA轻底,运动休闲,特步男鞋,1,0,729,1
4903,松紧带鞋,50,191,94,180,95,橡胶大底,简约百搭,京东京造,0,1,33,2
1213,拉链鞋款,46,129,84,108,90,MD发泡底,户外机能,鸿星尔克,1,0,158,1
1289,魔术贴鞋,52,199,70,139,95,MD发泡底,运动休闲,特步男鞋,1,1,2464,2
904,系带设计,57,406,88,357,97,PU中底,工装硬朗,其他品牌,1,0,668,3
3726,套脚款式,56,183,89,163,90,EVA轻底,简约百搭,安踏运动,0,0,46,1
9888,套脚款式,42,128,78,100,90,橡胶大底,日常休闲,京东京造,0,1,3143,2
683,拉链鞋款,21,318,88,280,91,TPR鞋底,复古潮鞋,李宁休闲,1,0,646,3
142,套脚款式,51,228,81,185,96,TPR鞋底,简约百搭,安踏运动,0,1,40,2
130,拉链鞋款,40,194,51,99,98,橡胶大底,简约百搭,其他品牌,1,0,1133,1
347,松紧带鞋,47,198,50,99,93,混合鞋底,运动休闲,回力经典,1,1,21,2
2073,松紧带鞋,54,216,64,138,96,橡胶大底,日常休闲,其他品牌,0,0,10,1
477,松紧带鞋,53,268,82,220,99,PU中底,户外机能,耐克潮流,1,1,13,2
351,魔术贴鞋,39,187,70,131,92,MD发泡底,运动休闲,京东京造,1,1,2756,2
2394,系带设计,39,239,84,201,90,TPR鞋底,复古潮鞋,京东京造,1,1,145,2
6786,系带设计,57,245,89,218,94,MD发泡底,运动休闲,特步男鞋,0,0,505,1
920,拉链鞋款,26,469,75,352,93,PU中底,潮流高街,京东京造,1,1,825,3
1600,系带设计,41,181,98,177,94,TPR鞋底,运动休闲,回力经典,0,0,3978,1
19537,拉链鞋款,42,134,74,99,90,PU中底,日常休闲,京东京造,0,0,827,0
940,松紧带鞋,51,146,100,146,95,TPR鞋底,简约百搭,回力经典,1,0,1417,1
1266,松紧带鞋,39,395,60,237,85,混合鞋底,工装硬朗,耐克潮流,1,0,26,3
641,系带设计,39,248,83,206,94,TPR鞋底,户外机能,阿迪达斯,0,0,3270,1
154,系带设计,49,141,87,123,91,PU中底,复古潮鞋,特步男鞋,1,1,3569,2
431,魔术贴鞋,58,157,63,99,96,TPR鞋底,潮流高街,阿迪达斯,0,1,2436,2
370,套脚款式,42,139,89,124,95,混合鞋底,复古潮鞋,回力经典,0,1,38,2
943,松紧带鞋,41,178,79,141,96,TPR鞋底,工装硬朗,回力经典,1,1,23,2
447,拉链鞋款,43,116,85,99,99,混合鞋底,户外机能,特步男鞋,1,0,40,1
830,套脚款式,38,310,99,307,95,混合鞋底,潮流高街,鸿星尔克,1,1,759,3
13819,魔术贴鞋,50,162,69,112,93,EVA轻底,日常休闲,阿迪达斯,0,0,1014,0
13173,系带设计,32,237,86,204,90,EVA轻底,运动休闲,特步男鞋,0,0,60,0
3078,系带设计,60,333,66,220,94,MD发泡底,复古潮鞋,回力经典,0,0,50,1
4648,松紧带鞋,48,224,50,112,96,EVA轻底,户外机能,耐克潮流,1,0,908,1
832,拉链鞋款,51,122,81,99,96,TPR鞋底,潮流高街,李宁休闲,1,0,623,1
1055,系带设计,57,154,78,120,99,PU中底,潮流高街,特步男鞋,0,0,2857,1
1199,拉链鞋款,51,106,93,99,87,TPR鞋底,户外机能,斯凯奇潮,0,1,502,2
450,系带设计,43,321,52,167,98,橡胶大底,工装硬朗,耐克潮流,1,1,11,2
2095,松紧带鞋,49,798,59,471,96,橡胶大底,户外机能,安踏运动,1,0,28,3
629,套脚款式,50,211,70,148,94,PU中底,潮流高街,安踏运动,0,1,361,2
397,松紧带鞋,55,149,79,118,94,混合鞋底,简约百搭,鸿星尔克,0,1,17,2
807,套脚款式,57,151,70,106,90,EVA轻底,运动休闲,耐克潮流,1,1,628,2
408,套脚款式,37,145,77,112,96,混合鞋底,复古潮鞋,特步男鞋,0,0,2293,1
250,系带设计,57,206,70,144,93,混合鞋底,运动休闲,回力经典,1,1,1375,2
56,系带设计,53,125,99,124,94,PU中底,工装硬朗,耐克潮流,1,0,21,1
2559,系带设计,34,260,87,226,95,PU中底,运动休闲,斯凯奇潮,0,0,759,1
699,魔术贴鞋,52,121,82,99,97,PU中底,复古潮鞋,其他品牌,0,0,1377,1
1466,松紧带鞋,51,124,80,99,99,橡胶大底,运动休闲,李宁休闲,1,1,4061,2
6041,系带设计,44,191,56,107,96,TPR鞋底,户外机能,特步男鞋,0,0,1346,1
2800,魔术贴鞋,51,118,84,99,90,MD发泡底,户外机能,鸿星尔克,1,0,2525,1
2041,套脚款式,34,152,65,99,95,混合鞋底,简约百搭,斯凯奇潮,0,0,925,1
3000,拉链鞋款,35,183,54,99,99,MD发泡底,日常休闲,阿迪达斯,0,0,495,1
300,魔术贴鞋,39,156,100,156,96,PU中底,潮流高街,特步男鞋,1,1,1315,2
406,套脚款式,48,130,82,107,93,混合鞋底,复古潮鞋,阿迪达斯,0,1,722,2
7640,魔术贴鞋,48,237,52,123,96,MD发泡底,简约百搭,安踏运动,1,0,1336,1
3022,系带设计,55,152,65,99,85,EVA轻底,潮流高街,回力经典,1,0,801,1
353,系带设计,59,385,79,304,96,PU中底,工装硬朗,鸿星尔克,0,0,292,3
5810,魔术贴鞋,44,198,50,99,95,EVA轻底,潮流高街,回力经典,0,0,957,1
2773,系带设计,45,320,74,237,97,PU中底,运动休闲,鸿星尔克,1,0,65,1
2567,套脚款式,51,1116,51,569,90,混合鞋底,工装硬朗,斯凯奇潮,1,1,1248,3
705,拉链鞋款,53,122,81,99,99,混合鞋底,潮流高街,回力经典,1,1,3626,2
11381,魔术贴鞋,44,255,76,194,90,EVA轻底,日常休闲,斯凯奇潮,0,1,1492,0
225,魔术贴鞋,42,211,63,133,92,EVA轻底,日常休闲,特步男鞋,0,0,1240,1
454,套脚款式,39,121,82,99,91,PU中底,简约百搭,鸿星尔克,1,0,25,1
839,套脚款式,62,193,61,118,90,PU中底,潮流高街,鸿星尔克,0,0,25,1
1877,松紧带鞋,42,102,97,99,97,橡胶大底,工装硬朗,斯凯奇潮,0,0,50,1
571,魔术贴鞋,50,198,50,99,96,橡胶大底,简约百搭,京东京造,0,0,1354,1
1129,拉链鞋款,56,168,68,114,90,EVA轻底,简约百搭,鸿星尔克,1,1,868,2
1468,套脚款式,19,176,86,151,96,PU中底,潮流高街,李宁休闲,0,0,26,1
2480,松紧带鞋,41,111,89,99,99,混合鞋底,运动休闲,阿迪达斯,1,0,734,1
577,魔术贴鞋,31,102,97,99,90,PU中底,复古潮鞋,耐克潮流,0,1,33,2
578,套脚款式,39,255,60,153,91,PU中底,潮流高街,其他品牌,1,0,1251,1
302,魔术贴鞋,36,395,79,312,88,MD发泡底,简约百搭,阿迪达斯,0,0,1409,3
862,拉链鞋款,44,328,93,305,90,TPR鞋底,简约百搭,李宁休闲,1,0,1439,3
318,松紧带鞋,51,112,88,99,92,TPR鞋底,复古潮鞋,安踏运动,0,0,1318,1
6775,套脚款式,55,248,90,223,95,橡胶大底,复古潮鞋,安踏运动,0,1,3020,2
300,拉链鞋款,52,197,64,126,99,PU中底,复古潮鞋,鸿星尔克,1,0,30,1
2765,套脚款式,41,394,63,248,96,橡胶大底,复古潮鞋,李宁休闲,0,0,1323,3
1622,魔术贴鞋,45,106,93,99,96,橡胶大底,复古潮鞋,其他品牌,0,1,815,2
939,系带设计,62,151,88,133,85,TPR鞋底,简约百搭,耐克潮流,0,0,2462,1
762,松紧带鞋,30,274,57,156,96,TPR鞋底,简约百搭,耐克潮流,0,0,105,1
55,拉链鞋款,42,203,61,124,98,TPR鞋底,潮流高街,其他品牌,0,1,1157,2
933,拉链鞋款,62,160,62,99,92,橡胶大底,潮流高街,耐克潮流,0,1,369,2
29042,魔术贴鞋,48,150,66,99,90,TPR鞋底,潮流高街,京东京造,0,1,43,0
178,系带设计,38,180,55,99,92,橡胶大底,户外机能,鸿星尔克,1,1,47,2
272,拉链鞋款,57,275,63,173,95,EVA轻底,工装硬朗,其他品牌,1,0,2,1
8066,松紧带鞋,56,171,58,99,94,EVA轻底,简约百搭,回力经典,0,1,427,2
192,拉链鞋款,50,818,62,507,90,PU中底,户外机能,耐克潮流,1,0,152,3
1445,拉链鞋款,57,110,90,99,94,混合鞋底,日常休闲,阿迪达斯,1,0,2687,1
909,魔术贴鞋,44,198,50,99,92,TPR鞋底,潮流高街,耐克潮流,0,0,1316,1
1558,系带设计,53,129,77,99,87,MD发泡底,日常休闲,其他品牌,0,1,3813,2
186,松紧带鞋,48,99,100,99,89,EVA轻底,简约百搭,安踏运动,0,1,6,2
593,套脚款式,50,116,85,99,94,橡胶大底,日常休闲,李宁休闲,1,1,1357,2
1490,松紧带鞋,45,248,66,164,95,混合鞋底,日常休闲,阿迪达斯,0,0,1403,1
5677,拉链鞋款,37,190,52,99,97,混合鞋底,简约百搭,鸿星尔克,0,1,381,2
965,松紧带鞋,62,112,88,99,93,TPR鞋底,日常休闲,京东京造,0,1,4890,2
1522,松紧带鞋,42,237,63,149,96,TPR鞋底,日常休闲,李宁休闲,0,1,554,2
2117,套脚款式,47,136,73,99,92,TPR鞋底,潮流高街,阿迪达斯,0,1,1115,2
3186,拉链鞋款,46,271,52,141,90,EVA轻底,户外机能,鸿星尔克,1,0,48,1
3127,套脚款式,47,550,58,319,92,TPR鞋底,简约百搭,特步男鞋,0,1,738,3
829,套脚款式,56,276,74,204,94,EVA轻底,复古潮鞋,鸿星尔克,1,0,1055,1
7049,松紧带鞋,51,198,50,99,99,EVA轻底,运动休闲,阿迪达斯,0,1,1463,2
2761,系带设计,30,141,70,99,92,PU中底,工装硬朗,其他品牌,1,0,2254,1
1905,魔术贴鞋,39,101,98,99,99,混合鞋底,户外机能,回力经典,1,0,17,1
3960,松紧带鞋,52,237,98,232,92,TPR鞋底,复古潮鞋,京东京造,0,0,3736,1
715,套脚款式,46,145,88,128,97,混合鞋底,复古潮鞋,阿迪达斯,1,0,4061,1
334,系带设计,40,208,50,104,92,EVA轻底,工装硬朗,鸿星尔克,1,1,36,2
1140,拉链鞋款,61,138,72,99,97,MD发泡底,简约百搭,其他品牌,1,0,662,1
1571,拉链鞋款,38,186,77,143,93,PU中底,工装硬朗,特步男鞋,1,0,972,1
393,魔术贴鞋,50,119,93,111,85,TPR鞋底,简约百搭,特步男鞋,1,0,867,1
47,拉链鞋款,43,130,76,99,85,橡胶大底,简约百搭,其他品牌,0,1,4741,2
1281,套脚款式,47,277,75,208,91,PU中底,户外机能,耐克潮流,1,0,1289,1
194,魔术贴鞋,31,308,51,157,85,混合鞋底,日常休闲,其他品牌,1,1,1395,2
2351,魔术贴鞋,60,183,54,99,94,TPR鞋底,户外机能,其他品牌,1,0,49,1
578,松紧带鞋,49,183,54,99,93,EVA轻底,简约百搭,耐克潮流,0,0,1314,1
742,魔术贴鞋,37,135,75,101,94,PU中底,潮流高街,李宁休闲,0,0,392,1
1912,拉链鞋款,49,277,83,230,97,混合鞋底,运动休闲,鸿星尔克,0,1,2736,2
3743,套脚款式,61,127,78,99,90,TPR鞋底,简约百搭,耐克潮流,1,0,40,1
867,系带设计,54,136,73,99,93,MD发泡底,户外机能,鸿星尔克,0,1,19,2
340,套脚款式,52,292,52,152,91,橡胶大底,工装硬朗,李宁休闲,1,1,894,2
13135,系带设计,34,461,96,443,95,MD发泡底,复古潮鞋,阿迪达斯,1,0,7,3
442,魔术贴鞋,54,111,89,99,100,EVA轻底,复古潮鞋,安踏运动,1,1,1214,2
4117,松紧带鞋,37,122,81,99,93,橡胶大底,户外机能,斯凯奇潮,0,0,396,1
1212,套脚款式,44,321,52,167,96,MD发泡底,户外机能,耐克潮流,0,1,3355,2
3674,拉链鞋款,44,257,53,136,96,混合鞋底,工装硬朗,特步男鞋,1,1,132,2
284,套脚款式,50,102,97,99,94,MD发泡底,户外机能,李宁休闲,1,1,614,2
380,系带设计,52,121,82,99,96,橡胶大底,日常休闲,特步男鞋,1,1,4124,2
1546,套脚款式,58,136,73,99,92,TPR鞋底,工装硬朗,京东京造,1,0,42,1
4454,拉链鞋款,52,159,92,146,93,MD发泡底,简约百搭,京东京造,1,0,735,1
1102,松紧带鞋,46,364,55,200,92,MD发泡底,潮流高街,耐克潮流,1,1,420,2
81,系带设计,39,121,82,99,100,PU中底,复古潮鞋,斯凯奇潮,0,1,3422,2
4410,套脚款式,24,160,62,99,93,PU中底,潮流高街,阿迪达斯,1,1,770,2
1565,套脚款式,52,129,77,99,90,EVA轻底,潮流高街,李宁休闲,0,0,1415,1
838,拉链鞋款,51,206,66,136,93,橡胶大底,工装硬朗,回力经典,0,0,877,1
2638,松紧带鞋,51,245,73,179,90,EVA轻底,工装硬朗,鸿星尔克,1,0,843,1
2089,魔术贴鞋,42,130,76,99,90,橡胶大底,户外机能,耐克潮流,0,0,502,1
1025,松紧带鞋,53,297,61,181,97,混合鞋底,户外机能,京东京造,0,1,381,2
1051,拉链鞋款,58,191,67,128,94,EVA轻底,简约百搭,其他品牌,1,0,1039,1
266,套脚款式,40,121,82,99,95,EVA轻底,日常休闲,鸿星尔克,1,0,430,1
24299,松紧带鞋,55,136,73,99,89,MD发泡底,日常休闲,其他品牌,0,1,440,0
581,松紧带鞋,54,184,73,134,91,TPR鞋底,运动休闲,鸿星尔克,1,1,567,2
2133,套脚款式,54,461,54,249,94,PU中底,简约百搭,回力经典,0,0,95,3
841,拉链鞋款,50,129,77,99,98,混合鞋底,复古潮鞋,李宁休闲,0,1,3059,2
1518,拉链鞋款,41,223,99,221,94,橡胶大底,户外机能,特步男鞋,1,1,522,2
682,魔术贴鞋,61,121,82,99,90,MD发泡底,工装硬朗,李宁休闲,1,1,1068,2
253,魔术贴鞋,61,383,54,207,99,MD发泡底,简约百搭,特步男鞋,1,1,858,3
699,松紧带鞋,57,350,72,252,97,TPR鞋底,运动休闲,特步男鞋,0,1,3520,3
1305,魔术贴鞋,34,160,67,107,92,EVA轻底,户外机能,斯凯奇潮,0,0,971,1
392,松紧带鞋,34,113,93,105,94,橡胶大底,运动休闲,回力经典,0,0,24,1
1384,系带设计,51,158,73,115,99,混合鞋底,日常休闲,特步男鞋,0,0,1073,1
1404,魔术贴鞋,47,208,52,108,94,PU中底,潮流高街,鸿星尔克,1,1,1191,2
389,松紧带鞋,59,381,62,236,99,橡胶大底,复古潮鞋,安踏运动,1,0,1496,3
590,松紧带鞋,39,214,96,205,97,PU中底,日常休闲,鸿星尔克,0,1,1320,2
415,松紧带鞋,50,119,83,99,94,MD发泡底,运动休闲,斯凯奇潮,0,0,851,1
2064,套脚款式,40,183,54,99,98,混合鞋底,工装硬朗,京东京造,1,1,1108,2
97,拉链鞋款,35,114,94,107,92,MD发泡底,复古潮鞋,耐克潮流,1,1,32,2
661,拉链鞋款,49,143,69,99,86,MD发泡底,潮流高街,阿迪达斯,1,0,39,1
220,松紧带鞋,45,174,57,99,100,PU中底,工装硬朗,耐克潮流,0,0,3462,1
346,套脚款式,41,108,92,99,98,橡胶大底,简约百搭,回力经典,0,0,145,1
1169,松紧带鞋,32,128,80,102,95,EVA轻底,简约百搭,阿迪达斯,0,1,228,2
2617,松紧带鞋,38,583,52,303,93,橡胶大底,户外机能,耐克潮流,1,0,418,3
1080,套脚款式,40,193,74,143,85,橡胶大底,潮流高街,李宁休闲,1,0,589,1
2288,系带设计,49,179,80,143,97,橡胶大底,潮流高街,鸿星尔克,0,0,1436,1
858,套脚款式,41,122,81,99,97,混合鞋底,潮流高街,阿迪达斯,1,1,1378,2
433,套脚款式,57,252,69,174,92,混合鞋底,潮流高街,其他品牌,1,1,78,2
1250,魔术贴鞋,43,197,60,118,93,PU中底,复古潮鞋,耐克潮流,0,1,3120,2
655,松紧带鞋,40,157,86,135,93,混合鞋底,复古潮鞋,阿迪达斯,0,1,668,2
1304,魔术贴鞋,55,144,75,108,98,PU中底,户外机能,阿迪达斯,1,0,741,1
318,系带设计,58,335,51,171,99,MD发泡底,户外机能,鸿星尔克,1,1,4829,2
382,松紧带鞋,61,101,99,100,97,PU中底,户外机能,阿迪达斯,1,1,992,2
665,系带设计,48,302,57,172,94,MD发泡底,工装硬朗,斯凯奇潮,0,0,1346,1
162,套脚款式,39,119,83,99,91,混合鞋底,简约百搭,特步男鞋,0,0,34,1
699,拉链鞋款,57,191,85,162,97,橡胶大底,户外机能,阿迪达斯,1,0,176,1
2375,套脚款式,44,409,81,331,100,TPR鞋底,日常休闲,京东京造,1,1,1036,3
6534,套脚款式,48,122,81,99,95,PU中底,运动休闲,鸿星尔克,1,0,36,1
621,拉链鞋款,50,113,95,107,94,MD发泡底,户外机能,其他品牌,1,0,88,1
543,系带设计,50,137,79,108,91,橡胶大底,潮流高街,京东京造,1,1,0,2
5112,系带设计,36,236,55,130,99,TPR鞋底,日常休闲,阿迪达斯,1,1,3594,2
1281,松紧带鞋,61,279,66,184,93,橡胶大底,日常休闲,回力经典,1,1,717,2
254,魔术贴鞋,52,105,94,99,96,PU中底,复古潮鞋,阿迪达斯,0,1,1254,2
1458,系带设计,58,187,53,99,97,EVA轻底,复古潮鞋,其他品牌,1,0,746,1
655,套脚款式,64,558,55,307,100,PU中底,运动休闲,回力经典,1,0,540,3
1583,拉链鞋款,52,196,75,147,93,EVA轻底,工装硬朗,回力经典,1,1,158,2
562,魔术贴鞋,53,667,67,447,100,橡胶大底,运动休闲,京东京造,0,0,799,3
2375,魔术贴鞋,43,146,68,99,88,EVA轻底,潮流高街,回力经典,0,1,504,2
1190,魔术贴鞋,50,548,69,378,97,TPR鞋底,复古潮鞋,李宁休闲,1,1,29,3
1451,套脚款式,36,198,50,99,94,混合鞋底,潮流高街,鸿星尔克,1,1,1006,2
3574,系带设计,20,190,52,99,95,EVA轻底,工装硬朗,阿迪达斯,0,0,1157,1
1593,松紧带鞋,39,152,65,99,90,MD发泡底,简约百搭,阿迪达斯,1,1,2685,2
1948,拉链鞋款,59,141,83,117,95,MD发泡底,户外机能,耐克潮流,0,1,1286,2
1066,魔术贴鞋,49,138,72,99,92,MD发泡底,工装硬朗,阿迪达斯,1,1,4780,2
6107,拉链鞋款,52,974,66,643,91,PU中底,运动休闲,安踏运动,1,0,1405,3
3967,松紧带鞋,48,132,75,99,91,PU中底,复古潮鞋,其他品牌,1,1,1317,2
510,拉链鞋款,35,244,59,144,93,混合鞋底,运动休闲,其他品牌,0,1,4505,2
4604,魔术贴鞋,49,281,80,225,92,PU中底,潮流高街,回力经典,0,0,1073,1
471,魔术贴鞋,39,253,73,185,90,EVA轻底,复古潮鞋,特步男鞋,0,0,39,1
105,魔术贴鞋,42,137,73,100,94,PU中底,户外机能,斯凯奇潮,0,0,1466,1
4407,系带设计,57,538,55,296,96,橡胶大底,复古潮鞋,其他品牌,1,1,468,3
1314,套脚款式,56,266,82,218,97,PU中底,户外机能,回力经典,0,1,459,2
324,套脚款式,52,289,75,217,93,TPR鞋底,简约百搭,安踏运动,1,0,1225,1
1336,松紧带鞋,47,198,58,115,91,混合鞋底,潮流高街,鸿星尔克,0,0,4030,1
591,套脚款式,51,148,67,99,97,TPR鞋底,日常休闲,京东京造,1,1,2812,2
4434,松紧带鞋,48,327,63,206,94,PU中底,潮流高街,特步男鞋,0,0,1092,1
93,魔术贴鞋,40,175,69,121,92,橡胶大底,运动休闲,回力经典,0,0,288,1
173,系带设计,33,108,92,99,93,PU中底,潮流高街,回力经典,1,0,30,1
2077,魔术贴鞋,24,143,69,99,95,TPR鞋底,简约百搭,耐克潮流,0,1,957,2
3581,拉链鞋款,50,221,53,117,94,PU中底,潮流高街,安踏运动,1,0,0,1
827,魔术贴鞋,39,254,80,203,89,橡胶大底,简约百搭,京东京造,0,1,859,2
4584,系带设计,38,265,77,204,88,橡胶大底,复古潮鞋,阿迪达斯,1,1,1435,2
1007,魔术贴鞋,45,149,98,146,95,TPR鞋底,复古潮鞋,斯凯奇潮,1,1,1043,2
10248,系带设计,44,134,82,110,92,橡胶大底,潮流高街,鸿星尔克,0,1,3628,2
100,魔术贴鞋,52,191,64,122,93,PU中底,户外机能,斯凯奇潮,0,1,1024,2
1266,拉链鞋款,40,124,80,99,91,混合鞋底,运动休闲,斯凯奇潮,1,0,42,1
752,拉链鞋款,40,130,77,100,98,PU中底,潮流高街,李宁休闲,1,1,80,2
543,系带设计,41,260,52,135,97,混合鞋底,潮流高街,特步男鞋,1,0,4920,1
1007,魔术贴鞋,38,118,91,107,99,EVA轻底,复古潮鞋,斯凯奇潮,0,0,1309,1
7154,魔术贴鞋,38,235,69,162,91,橡胶大底,简约百搭,京东京造,0,0,3005,1
2204,套脚款式,44,122,81,99,99,PU中底,工装硬朗,京东京造,1,1,2838,2
865,魔术贴鞋,51,129,77,99,91,橡胶大底,潮流高街,回力经典,1,0,2539,1
1101,松紧带鞋,58,220,51,112,93,PU中底,复古潮鞋,斯凯奇潮,1,0,368,1
849,套脚款式,47,289,85,246,90,混合鞋底,户外机能,阿迪达斯,0,1,988,2
503,系带设计,47,230,74,170,98,混合鞋底,复古潮鞋,特步男鞋,0,0,774,1
6153,系带设计,54,108,97,105,99,混合鞋底,复古潮鞋,鸿星尔克,0,1,1369,2
13414,套脚款式,40,320,94,301,94,EVA轻底,潮流高街,安踏运动,0,1,18,0
110,套脚款式,53,118,84,99,92,PU中底,日常休闲,阿迪达斯,1,1,972,2
1404,拉链鞋款,54,160,82,131,93,混合鞋底,工装硬朗,回力经典,1,1,1020,2
2630,系带设计,50,225,51,115,95,MD发泡底,潮流高街,其他品牌,0,1,84,2
1062,松紧带鞋,63,130,96,125,91,PU中底,复古潮鞋,特步男鞋,1,1,959,2
138,系带设计,55,102,97,99,90,MD发泡底,运动休闲,回力经典,1,0,28,1
155,松紧带鞋,42,115,86,99,98,橡胶大底,户外机能,特步男鞋,0,1,704,2
85,松紧带鞋,32,233,51,119,88,EVA轻底,工装硬朗,耐克潮流,1,0,1188,1
2029,松紧带鞋,32,278,91,253,94,橡胶大底,运动休闲,特步男鞋,0,1,325,2
219,魔术贴鞋,52,160,62,99,99,EVA轻底,户外机能,鸿星尔克,0,0,4581,1
1802,魔术贴鞋,46,158,65,103,92,PU中底,户外机能,其他品牌,0,0,1449,1
1426,松紧带鞋,41,190,52,99,90,TPR鞋底,日常休闲,回力经典,0,1,1027,2
979,拉链鞋款,34,131,100,131,95,橡胶大底,潮流高街,耐克潮流,1,1,240,2
339,松紧带鞋,35,210,89,187,92,MD发泡底,工装硬朗,阿迪达斯,0,1,702,2
942,系带设计,59,111,89,99,94,橡胶大底,复古潮鞋,其他品牌,1,0,60,1
230,拉链鞋款,50,186,78,145,91,MD发泡底,复古潮鞋,鸿星尔克,1,0,554,1
1216,松紧带鞋,50,178,94,167,95,混合鞋底,户外机能,其他品牌,0,0,776,1
5924,魔术贴鞋,49,178,91,162,91,PU中底,简约百搭,耐克潮流,0,1,711,2
606,系带设计,48,124,80,99,97,EVA轻底,工装硬朗,鸿星尔克,0,0,1157,1
245,松紧带鞋,45,302,56,169,97,EVA轻底,运动休闲,安踏运动,0,1,29,2
427,拉链鞋款,50,131,93,122,99,混合鞋底,运动休闲,阿迪达斯,1,0,417,1
619,套脚款式,43,154,94,145,93,TPR鞋底,日常休闲,安踏运动,1,0,417,1
3625,松紧带鞋,55,177,56,99,100,EVA轻底,日常休闲,京东京造,1,0,22,1
1366,松紧带鞋,41,129,77,99,95,TPR鞋底,工装硬朗,其他品牌,1,0,115,1
2215,魔术贴鞋,60,164,61,100,95,PU中底,户外机能,安踏运动,1,0,2355,1
3328,拉链鞋款,63,101,98,99,94,橡胶大底,日常休闲,李宁休闲,1,1,866,2
1707,魔术贴鞋,48,381,79,301,98,混合鞋底,工装硬朗,耐克潮流,0,0,42,3
519,系带设计,59,196,67,131,88,橡胶大底,复古潮鞋,其他品牌,1,0,613,1
1292,套脚款式,52,562,77,433,100,橡胶大底,简约百搭,特步男鞋,0,0,1101,3
3745,松紧带鞋,40,161,69,111,97,混合鞋底,日常休闲,回力经典,0,0,1351,1
223,系带设计,56,160,84,134,98,EVA轻底,日常休闲,回力经典,1,1,929,2
2047,拉链鞋款,45,203,70,142,88,橡胶大底,工装硬朗,特步男鞋,0,0,681,1
399,魔术贴鞋,40,190,52,99,97,PU中底,运动休闲,李宁休闲,1,0,8,1
544,套脚款式,40,117,99,116,95,EVA轻底,复古潮鞋,鸿星尔克,1,1,136,2
154,魔术贴鞋,61,105,94,99,97,MD发泡底,简约百搭,京东京造,1,0,18,1
1130,拉链鞋款,64,459,95,436,100,PU中底,日常休闲,阿迪达斯,1,0,3342,3
289,拉链鞋款,54,110,90,99,97,EVA轻底,简约百搭,安踏运动,1,0,596,1
6869,魔术贴鞋,48,243,68,165,96,EVA轻底,潮流高街,鸿星尔克,1,1,4621,2
582,套脚款式,50,111,89,99,91,橡胶大底,复古潮鞋,回力经典,0,0,2944,1
8424,松紧带鞋,40,435,91,396,91,TPR鞋底,运动休闲,斯凯奇潮,0,1,433,3
460,魔术贴鞋,46,103,96,99,98,PU中底,简约百搭,鸿星尔克,1,0,500,1
129,魔术贴鞋,56,205,86,176,91,EVA轻底,日常休闲,李宁休闲,0,1,1252,2
761,松紧带鞋,43,180,100,180,91,混合鞋底,日常休闲,耐克潮流,1,1,2909,2
283,套脚款式,45,124,80,99,92,EVA轻底,日常休闲,京东京造,0,1,1,2
2202,拉链鞋款,47,116,85,99,97,TPR鞋底,工装硬朗,京东京造,1,0,303,1
1196,套脚款式,53,153,81,124,92,PU中底,简约百搭,回力经典,0,0,915,1
2557,套脚款式,48,311,84,261,92,PU中底,工装硬朗,其他品牌,1,1,29,2
492,拉链鞋款,50,118,84,99,94,MD发泡底,复古潮鞋,安踏运动,1,0,43,1
1414,套脚款式,55,154,68,105,96,橡胶大底,简约百搭,李宁休闲,1,0,1162,1
553,系带设计,38,105,94,99,94,混合鞋底,户外机能,李宁休闲,0,1,4361,2
399,拉链鞋款,31,440,57,251,94,MD发泡底,复古潮鞋,京东京造,1,1,1070,3
2637,松紧带鞋,36,160,62,99,91,TPR鞋底,户外机能,安踏运动,0,0,771,1
6868,松紧带鞋,47,119,83,99,90,橡胶大底,日常休闲,安踏运动,0,0,1366,1
398,魔术贴鞋,49,130,76,99,93,PU中底,潮流高街,回力经典,1,1,12,2
220,系带设计,50,290,61,177,92,MD发泡底,户外机能,特步男鞋,0,1,2430,2
58,魔术贴鞋,52,489,96,469,90,混合鞋底,潮流高街,回力经典,0,1,2186,3
330,系带设计,47,421,57,240,90,橡胶大底,日常休闲,斯凯奇潮,0,1,1274,3
953,套脚款式,43,171,58,99,93,EVA轻底,运动休闲,李宁休闲,0,1,4383,2
672,魔术贴鞋,54,798,53,423,87,PU中底,日常休闲,京东京造,0,0,40,3
481,魔术贴鞋,34,102,97,99,94,PU中底,日常休闲,其他品牌,0,1,3665,2
552,松紧带鞋,30,186,99,184,94,混合鞋底,户外机能,特步男鞋,1,0,34,1
326,系带设计,42,283,94,266,91,混合鞋底,潮流高街,京东京造,1,0,1187,1
107,套脚款式,32,318,57,181,95,MD发泡底,运动休闲,京东京造,0,1,34,2
878,系带设计,54,105,94,99,97,TPR鞋底,复古潮鞋,特步男鞋,0,0,983,1
1067,松紧带鞋,54,136,73,99,94,橡胶大底,潮流高街,京东京造,1,1,467,2
3804,拉链鞋款,47,109,91,99,94,EVA轻底,工装硬朗,李宁休闲,0,1,1060,2
364,系带设计,39,160,92,147,94,PU中底,户外机能,耐克潮流,1,1,27,2
1208,系带设计,40,479,78,374,100,MD发泡底,复古潮鞋,京东京造,0,1,709,3
1747,拉链鞋款,43,139,71,99,97,EVA轻底,简约百搭,特步男鞋,0,0,486,1
2058,套脚款式,56,101,98,99,99,EVA轻底,运动休闲,特步男鞋,1,1,903,2
9352,松紧带鞋,42,193,55,106,92,橡胶大底,运动休闲,特步男鞋,1,0,1034,1
1456,松紧带鞋,42,365,75,274,93,橡胶大底,日常休闲,阿迪达斯,1,0,1113,3
565,拉链鞋款,36,136,73,99,94,混合鞋底,简约百搭,李宁休闲,1,1,1145,2
931,松紧带鞋,34,150,70,105,91,混合鞋底,简约百搭,李宁休闲,1,0,13,1
149,松紧带鞋,44,106,93,99,88,PU中底,复古潮鞋,鸿星尔克,1,0,333,1
388,拉链鞋款,58,210,69,145,91,MD发泡底,日常休闲,回力经典,1,0,2329,1
4095,松紧带鞋,47,155,64,99,92,MD发泡底,潮流高街,斯凯奇潮,0,0,2913,1
352,系带设计,45,99,100,99,87,混合鞋底,日常休闲,斯凯奇潮,0,0,1449,1
638,松紧带鞋,54,168,59,99,92,橡胶大底,运动休闲,其他品牌,0,1,1376,2
4049,套脚款式,47,158,90,142,99,MD发泡底,复古潮鞋,京东京造,1,0,279,1
2582,拉链鞋款,39,169,91,154,97,MD发泡底,户外机能,京东京造,1,1,938,2
1135,魔术贴鞋,45,195,94,183,89,EVA轻底,复古潮鞋,回力经典,0,1,1,2
3788,系带设计,48,104,95,99,95,EVA轻底,运动休闲,耐克潮流,1,1,1252,2
10864,魔术贴鞋,46,223,95,212,91,EVA轻底,复古潮鞋,李宁休闲,1,1,190,0
271,松紧带鞋,46,132,75,99,98,TPR鞋底,工装硬朗,京东京造,1,0,465,1
90,松紧带鞋,36,213,99,211,97,MD发泡底,简约百搭,李宁休闲,0,0,568,1
3176,魔术贴鞋,60,171,58,99,91,EVA轻底,户外机能,安踏运动,0,0,2647,1
3062,拉链鞋款,46,265,66,175,97,混合鞋底,潮流高街,回力经典,0,0,1084,1
2110,魔术贴鞋,20,181,96,174,94,TPR鞋底,复古潮鞋,李宁休闲,0,0,152,1
476,松紧带鞋,50,111,89,99,94,TPR鞋底,户外机能,其他品牌,1,1,65,2
189,套脚款式,37,286,76,217,93,EVA轻底,日常休闲,鸿星尔克,1,0,499,1
1185,系带设计,52,307,85,261,90,混合鞋底,潮流高街,回力经典,1,0,378,1
209,套脚款式,61,184,86,158,95,MD发泡底,复古潮鞋,斯凯奇潮,0,1,390,2
1283,系带设计,43,254,69,175,95,MD发泡底,简约百搭,京东京造,1,0,1207,1
507,魔术贴鞋,42,240,83,199,95,TPR鞋底,简约百搭,京东京造,1,0,1321,1
18581,松紧带鞋,46,129,77,99,97,橡胶大底,运动休闲,阿迪达斯,1,1,3159,0
1648,套脚款式,43,532,82,436,90,MD发泡底,户外机能,阿迪达斯,0,1,48,3
946,魔术贴鞋,35,568,60,341,94,混合鞋底,复古潮鞋,阿迪达斯,0,1,420,3
1402,拉链鞋款,49,198,50,99,95,橡胶大底,户外机能,回力经典,0,1,2850,2
1744,拉链鞋款,46,143,69,99,94,PU中底,复古潮鞋,鸿星尔克,1,1,1161,2
1884,松紧带鞋,55,105,94,99,96,混合鞋底,潮流高街,京东京造,1,1,33,2
682,拉链鞋款,45,268,50,134,99,MD发泡底,潮流高街,安踏运动,0,1,270,2
1266,系带设计,36,119,83,99,99,橡胶大底,复古潮鞋,李宁休闲,0,0,1194,1
1959,松紧带鞋,48,287,67,192,97,PU中底,工装硬朗,安踏运动,0,1,38,2
12554,套脚款式,53,115,86,99,98,EVA轻底,复古潮鞋,京东京造,1,0,355,0
296,拉链鞋款,41,221,97,214,91,TPR鞋底,潮流高街,鸿星尔克,0,1,41,2
654,系带设计,33,223,64,143,91,TPR鞋底,潮流高街,耐克潮流,0,1,40,2
601,拉链鞋款,54,139,71,99,98,PU中底,运动休闲,京东京造,0,1,3712,2
289,魔术贴鞋,53,99,100,99,93,橡胶大底,运动休闲,耐克潮流,0,0,6,1
463,魔术贴鞋,46,126,84,106,94,混合鞋底,潮流高街,特步男鞋,1,1,37,2
1159,魔术贴鞋,50,129,77,99,95,MD发泡底,日常休闲,特步男鞋,0,1,250,2
3149,套脚款式,47,219,58,127,96,混合鞋底,潮流高街,其他品牌,1,1,1395,2
552,拉链鞋款,54,308,79,243,91,TPR鞋底,日常休闲,京东京造,0,0,950,1
660,魔术贴鞋,49,597,91,543,90,橡胶大底,简约百搭,其他品牌,1,1,4856,3
3310,松紧带鞋,54,141,70,99,97,PU中底,潮流高街,耐克潮流,0,1,919,2
37,系带设计,52,206,81,167,94,PU中底,日常休闲,其他品牌,1,1,349,2
565,系带设计,43,125,79,99,96,EVA轻底,日常休闲,鸿星尔克,1,1,706,2
11061,套脚款式,45,375,55,206,98,MD发泡底,运动休闲,安踏运动,0,1,28,0
855,拉链鞋款,45,206,64,132,99,混合鞋底,潮流高街,耐克潮流,0,0,929,1
651,魔术贴鞋,52,144,70,101,92,MD发泡底,运动休闲,阿迪达斯,0,1,635,2
1686,拉链鞋款,46,366,58,212,93,混合鞋底,运动休闲,斯凯奇潮,1,1,389,2
3556,魔术贴鞋,50,732,63,461,85,混合鞋底,日常休闲,特步男鞋,0,0,1101,3
252,拉链鞋款,45,309,80,247,90,TPR鞋底,简约百搭,回力经典,0,0,16,1
770,套脚款式,19,166,94,156,91,PU中底,复古潮鞋,特步男鞋,1,0,330,1
438,套脚款式,37,1032,56,578,91,EVA轻底,运动休闲,京东京造,1,1,121,3
3655,拉链鞋款,45,272,90,245,94,TPR鞋底,工装硬朗,其他品牌,1,0,875,1
42,系带设计,59,155,64,99,91,混合鞋底,简约百搭,其他品牌,1,0,81,1
113,套脚款式,51,377,52,196,94,混合鞋底,潮流高街,鸿星尔克,0,0,2248,1
355,系带设计,22,142,83,118,100,橡胶大底,简约百搭,京东京造,1,1,1295,2
6038,魔术贴鞋,59,121,82,99,91,橡胶大底,工装硬朗,京东京造,1,0,68,1
173,魔术贴鞋,46,177,56,99,92,TPR鞋底,复古潮鞋,其他品牌,0,1,482,2
10976,套脚款式,44,176,58,102,93,EVA轻底,户外机能,阿迪达斯,0,1,984,0
3966,套脚款式,43,307,54,166,92,TPR鞋底,运动休闲,斯凯奇潮,1,0,1167,1
847,魔术贴鞋,19,177,56,99,96,EVA轻底,简约百搭,京东京造,1,0,966,1
564,套脚款式,54,283,65,184,98,PU中底,工装硬朗,回力经典,1,0,122,1
1931,魔术贴鞋,55,130,76,99,100,橡胶大底,简约百搭,鸿星尔克,0,0,185,1
2549,魔术贴鞋,40,144,94,135,92,TPR鞋底,复古潮鞋,京东京造,0,1,198,2
2628,魔术贴鞋,48,195,60,117,88,TPR鞋底,潮流高街,安踏运动,1,1,492,2
352,拉链鞋款,45,251,77,193,87,混合鞋底,日常休闲,鸿星尔克,1,0,394,1
944,拉链鞋款,39,197,96,189,94,PU中底,简约百搭,斯凯奇潮,1,0,1390,1
12290,拉链鞋款,47,146,68,99,93,PU中底,日常休闲,阿迪达斯,1,1,901,0
264,系带设计,58,127,78,99,91,混合鞋底,运动休闲,鸿星尔克,0,0,910,1
321,套脚款式,45,283,90,255,92,橡胶大底,复古潮鞋,其他品牌,0,1,35,2
23623,拉链鞋款,45,365,57,208,85,橡胶大底,运动休闲,回力经典,1,0,4189,0
510,套脚款式,41,411,97,399,88,PU中底,复古潮鞋,京东京造,0,1,1247,3
1531,拉链鞋款,54,254,63,160,85,MD发泡底,工装硬朗,其他品牌,0,1,239,2
192,套脚款式,33,317,64,203,91,橡胶大底,日常休闲,斯凯奇潮,1,0,765,1
603,拉链鞋款,48,492,63,310,97,TPR鞋底,复古潮鞋,鸿星尔克,0,1,1293,3
481,拉链鞋款,56,228,87,198,90,橡胶大底,日常休闲,耐克潮流,1,1,3050,2
3056,系带设计,45,507,95,482,92,EVA轻底,运动休闲,斯凯奇潮,0,1,2519,3
792,魔术贴鞋,49,154,76,117,96,橡胶大底,简约百搭,京东京造,0,1,479,2
3672,松紧带鞋,46,121,82,99,91,PU中底,简约百搭,特步男鞋,1,1,221,2
20530,套脚款式,46,155,80,124,96,PU中底,复古潮鞋,斯凯奇潮,0,0,1183,0
2459,系带设计,55,229,72,165,97,EVA轻底,日常休闲,京东京造,1,0,381,1
269,拉链鞋款,23,140,93,130,96,PU中底,复古潮鞋,特步男鞋,0,1,252,2
1045,系带设计,58,173,63,109,96,MD发泡底,简约百搭,耐克潮流,1,0,985,1
2405,系带设计,48,189,71,134,96,MD发泡底,潮流高街,阿迪达斯,0,0,44,1
475,系带设计,58,129,77,99,95,MD发泡底,运动休闲,阿迪达斯,1,0,563,1
719,松紧带鞋,48,112,88,99,91,MD发泡底,户外机能,安踏运动,1,0,628,1
1659,系带设计,52,118,87,103,97,EVA轻底,工装硬朗,鸿星尔克,1,0,1302,1
1339,套脚款式,58,127,92,117,97,PU中底,户外机能,回力经典,0,1,399,2
1619,拉链鞋款,43,309,67,207,98,混合鞋底,户外机能,耐克潮流,1,1,206,2
1410,拉链鞋款,54,125,79,99,96,MD发泡底,户外机能,阿迪达斯,1,0,13,1
4856,拉链鞋款,56,103,96,99,97,橡胶大底,潮流高街,其他品牌,0,1,3370,2
1195,拉链鞋款,38,201,73,147,94,TPR鞋底,复古潮鞋,其他品牌,1,0,290,1
191,魔术贴鞋,51,147,93,137,99,PU中底,简约百搭,鸿星尔克,0,1,1499,2
432,套脚款式,61,286,69,197,91,MD发泡底,简约百搭,其他品牌,1,1,1207,2
4749,系带设计,36,134,88,118,99,MD发泡底,工装硬朗,回力经典,1,1,163,2
1053,套脚款式,48,124,80,99,96,混合鞋底,潮流高街,特步男鞋,1,0,175,1
1430,套脚款式,47,200,76,152,97,MD发泡底,运动休闲,耐克潮流,0,1,1143,2
2357,松紧带鞋,53,419,77,323,94,TPR鞋底,潮流高街,李宁休闲,1,0,639,3
1414,套脚款式,49,359,59,212,92,橡胶大底,简约百搭,斯凯奇潮,1,0,34,1
2154,拉链鞋款,33,134,74,99,90,橡胶大底,户外机能,安踏运动,1,0,68,1
287,拉链鞋款,56,261,76,198,90,PU中底,复古潮鞋,斯凯奇潮,1,0,791,1
1897,松紧带鞋,46,254,69,175,95,TPR鞋底,工装硬朗,特步男鞋,1,1,1337,2
687,套脚款式,46,189,89,168,90,EVA轻底,复古潮鞋,耐克潮流,1,1,1415,2
1439,系带设计,51,213,67,143,87,橡胶大底,简约百搭,阿迪达斯,1,1,965,2
882,拉链鞋款,56,143,100,143,86,橡胶大底,复古潮鞋,安踏运动,1,0,21,1
128,魔术贴鞋,44,190,88,167,86,EVA轻底,运动休闲,斯凯奇潮,1,0,40,1
640,魔术贴鞋,53,177,78,138,90,PU中底,日常休闲,阿迪达斯,1,1,917,2
81,系带设计,64,215,71,153,91,混合鞋底,工装硬朗,鸿星尔克,0,1,331,2
1265,松紧带鞋,53,121,82,99,99,MD发泡底,日常休闲,回力经典,0,1,476,2
3360,套脚款式,48,143,69,99,90,MD发泡底,运动休闲,耐克潮流,0,0,444,1
1397,魔术贴鞋,44,309,55,170,97,混合鞋底,运动休闲,李宁休闲,0,1,4262,2
1240,套脚款式,59,104,95,99,99,MD发泡底,运动休闲,鸿星尔克,1,0,2290,1
186,套脚款式,53,157,63,99,90,橡胶大底,运动休闲,回力经典,0,0,655,1
6110,套脚款式,45,165,65,107,99,MD发泡底,日常休闲,李宁休闲,1,1,13,2
518,系带设计,53,256,72,184,93,橡胶大底,日常休闲,鸿星尔克,0,1,148,2
414,松紧带鞋,52,198,62,123,95,橡胶大底,复古潮鞋,李宁休闲,1,1,1434,2
1714,系带设计,64,148,67,99,100,PU中底,简约百搭,阿迪达斯,1,1,1218,2
1261,拉链鞋款,41,208,91,189,94,EVA轻底,日常休闲,特步男鞋,0,1,1257,2
495,拉链鞋款,35,196,55,108,96,EVA轻底,运动休闲,耐克潮流,0,1,1415,2
225,魔术贴鞋,53,251,61,153,90,橡胶大底,户外机能,斯凯奇潮,0,1,854,2
537,系带设计,55,162,68,110,97,PU中底,潮流高街,其他品牌,0,1,1,2
471,魔术贴鞋,46,148,67,99,95,橡胶大底,运动休闲,阿迪达斯,0,1,18,2
1755,套脚款式,56,124,80,99,93,橡胶大底,工装硬朗,耐克潮流,1,0,3752,1
16297,松紧带鞋,52,262,90,236,100,TPR鞋底,运动休闲,特步男鞋,1,1,499,0
1541,魔术贴鞋,38,325,61,198,93,EVA轻底,日常休闲,耐克潮流,1,1,324,2
5380,魔术贴鞋,48,168,59,99,97,PU中底,户外机能,耐克潮流,0,1,1331,2
1509,系带设计,58,102,97,99,91,橡胶大底,日常休闲,回力经典,1,1,10,2
1957,魔术贴鞋,50,122,99,121,95,TPR鞋底,户外机能,鸿星尔克,0,0,722,1
632,系带设计,36,152,65,99,91,混合鞋底,户外机能,李宁休闲,1,0,686,1
3227,套脚款式,42,389,63,245,97,TPR鞋底,运动休闲,回力经典,0,1,224,3
3550,松紧带鞋,55,241,99,239,96,MD发泡底,日常休闲,京东京造,0,1,27,2
77,拉链鞋款,58,497,59,293,93,TPR鞋底,运动休闲,京东京造,1,0,1053,3
1124,松紧带鞋,44,244,72,176,87,混合鞋底,潮流高街,回力经典,0,1,2600,2
628,套脚款式,47,121,82,99,94,混合鞋底,户外机能,回力经典,0,1,555,2
921,拉链鞋款,47,129,77,99,95,EVA轻底,运动休闲,鸿星尔克,0,0,2779,1
234,套脚款式,43,137,97,133,90,混合鞋底,运动休闲,李宁休闲,1,1,19,2
895,拉链鞋款,46,119,83,99,97,混合鞋底,工装硬朗,京东京造,0,0,597,1
626,拉链鞋款,35,132,75,99,95,混合鞋底,户外机能,鸿星尔克,0,0,203,1
229,魔术贴鞋,45,318,62,197,90,EVA轻底,潮流高街,安踏运动,1,1,1410,2
810,套脚款式,42,177,86,152,100,PU中底,户外机能,特步男鞋,0,1,9,2
9497,拉链鞋款,40,111,98,109,96,PU中底,户外机能,安踏运动,0,0,4946,1
1150,松紧带鞋,45,101,98,99,97,TPR鞋底,户外机能,其他品牌,0,1,250,2
441,套脚款式,55,340,100,340,93,橡胶大底,工装硬朗,回力经典,0,1,50,3
665,套脚款式,45,374,99,370,94,橡胶大底,户外机能,耐克潮流,0,1,346,3
16764,套脚款式,50,185,74,137,96,TPR鞋底,日常休闲,其他品牌,0,0,51,0
378,拉链鞋款,42,579,81,469,98,TPR鞋底,简约百搭,回力经典,1,1,50,3
222,系带设计,39,101,98,99,93,混合鞋底,复古潮鞋,阿迪达斯,1,0,1498,1
2550,系带设计,39,148,67,99,98,TPR鞋底,潮流高街,其他品牌,0,0,779,1
1817,拉链鞋款,50,110,94,103,95,混合鞋底,运动休闲,其他品牌,1,1,36,2
788,系带设计,36,132,95,125,92,MD发泡底,潮流高街,斯凯奇潮,0,0,1107,1
3567,松紧带鞋,36,109,91,99,96,混合鞋底,运动休闲,回力经典,0,0,0,1
4508,魔术贴鞋,33,146,68,99,91,混合鞋底,简约百搭,耐克潮流,1,1,4273,2
154,魔术贴鞋,49,532,50,266,91,橡胶大底,简约百搭,李宁休闲,0,1,712,3
555,系带设计,51,148,99,147,93,EVA轻底,户外机能,其他品牌,1,0,652,1
468,魔术贴鞋,59,226,53,120,92,TPR鞋底,日常休闲,鸿星尔克,1,1,1027,2
1162,松紧带鞋,57,143,92,132,97,EVA轻底,工装硬朗,斯凯奇潮,1,1,1252,2
173,松紧带鞋,51,143,81,116,96,TPR鞋底,工装硬朗,李宁休闲,1,0,21,1
1945,系带设计,49,347,74,257,95,PU中底,日常休闲,阿迪达斯,1,0,845,3
1017,拉链鞋款,53,102,97,99,89,PU中底,潮流高街,鸿星尔克,0,0,891,1
887,魔术贴鞋,45,165,100,165,94,混合鞋底,运动休闲,李宁休闲,1,1,1262,2
1759,套脚款式,47,119,83,99,91,EVA轻底,简约百搭,其他品牌,1,0,785,1
5046,松紧带鞋,41,198,50,99,90,PU中底,运动休闲,其他品牌,0,1,5,2
1151,系带设计,37,118,84,99,95,TPR鞋底,户外机能,其他品牌,1,1,2579,2
7934,松紧带鞋,48,146,68,99,95,PU中底,复古潮鞋,李宁休闲,0,1,449,2
269,系带设计,50,178,93,166,100,PU中底,日常休闲,李宁休闲,0,0,1106,1
357,套脚款式,38,254,69,175,97,MD发泡底,日常休闲,安踏运动,1,1,318,2
414,松紧带鞋,47,262,71,186,100,MD发泡底,运动休闲,其他品牌,0,1,391,2
206,套脚款式,48,413,63,260,99,TPR鞋底,工装硬朗,鸿星尔克,0,0,1232,3
3095,系带设计,38,190,58,110,97,PU中底,复古潮鞋,斯凯奇潮,1,0,508,1
330,魔术贴鞋,47,200,71,142,94,MD发泡底,简约百搭,阿迪达斯,1,0,850,1
446,系带设计,52,516,50,258,96,混合鞋底,潮流高街,回力经典,0,0,992,3
243,魔术贴鞋,42,172,67,115,93,橡胶大底,工装硬朗,斯凯奇潮,0,0,437,1
346,拉链鞋款,60,141,70,99,90,PU中底,简约百搭,斯凯奇潮,0,0,29,1
2722,魔术贴鞋,45,108,92,99,90,PU中底,户外机能,京东京造,1,1,10,2
322,魔术贴鞋,53,210,62,130,97,TPR鞋底,简约百搭,鸿星尔克,1,0,869,1
6266,系带设计,49,259,75,194,100,混合鞋底,户外机能,其他品牌,0,0,16,1
7201,拉链鞋款,63,233,58,135,100,混合鞋底,运动休闲,回力经典,1,0,815,1
831,系带设计,40,729,82,598,96,PU中底,运动休闲,其他品牌,0,1,382,3
479,魔术贴鞋,59,316,70,221,98,混合鞋底,日常休闲,其他品牌,0,1,36,2
2597,拉链鞋款,49,116,85,99,96,PU中底,户外机能,安踏运动,0,0,108,1
1316,套脚款式,52,114,87,99,91,EVA轻底,运动休闲,斯凯奇潮,0,1,619,2
8014,系带设计,40,171,58,99,98,EVA轻底,复古潮鞋,回力经典,1,1,674,2
119,拉链鞋款,40,154,90,139,99,PU中底,潮流高街,京东京造,0,1,1119,2
1269,魔术贴鞋,47,99,100,99,99,PU中底,工装硬朗,京东京造,0,0,30,1
2906,魔术贴鞋,48,187,53,99,92,EVA轻底,户外机能,特步男鞋,0,0,230,1
7132,套脚款式,45,190,52,99,95,混合鞋底,简约百搭,阿迪达斯,0,1,390,2
155,拉链鞋款,50,297,63,187,91,PU中底,工装硬朗,其他品牌,1,1,511,2
1095,系带设计,57,119,83,99,100,EVA轻底,潮流高街,阿迪达斯,0,1,96,2
1425,魔术贴鞋,56,138,72,99,93,PU中底,复古潮鞋,李宁休闲,0,1,28,2
565,套脚款式,49,334,53,177,96,MD发泡底,日常休闲,阿迪达斯,0,0,554,1
287,松紧带鞋,45,376,93,350,94,橡胶大底,日常休闲,回力经典,1,0,603,3
317,松紧带鞋,60,261,69,180,96,MD发泡底,简约百搭,京东京造,1,1,1270,2
1089,松紧带鞋,45,274,53,145,92,TPR鞋底,工装硬朗,阿迪达斯,1,1,473,2
64,魔术贴鞋,63,296,55,163,97,MD发泡底,日常休闲,耐克潮流,0,0,925,1
244,松紧带鞋,25,129,77,99,95,PU中底,复古潮鞋,李宁休闲,1,1,613,2
777,套脚款式,31,166,90,149,97,TPR鞋底,复古潮鞋,回力经典,0,0,35,1
2778,拉链鞋款,57,335,55,184,91,橡胶大底,工装硬朗,鸿星尔克,1,1,4441,2
303,魔术贴鞋,44,108,92,99,95,MD发泡底,户外机能,李宁休闲,0,1,1141,2
166,魔术贴鞋,41,114,87,99,96,EVA轻底,潮流高街,阿迪达斯,1,1,505,2
143,松紧带鞋,50,190,52,99,93,PU中底,户外机能,耐克潮流,0,0,1046,1
399,拉链鞋款,49,432,98,423,92,EVA轻底,日常休闲,回力经典,0,0,1434,3
260,拉链鞋款,44,189,79,149,97,EVA轻底,潮流高街,特步男鞋,1,1,1444,2
1257,套脚款式,39,174,57,99,93,MD发泡底,运动休闲,斯凯奇潮,1,0,21,1
2409,魔术贴鞋,48,197,95,187,99,混合鞋底,简约百搭,其他品牌,0,0,1435,1
1287,松紧带鞋,51,118,84,99,91,MD发泡底,日常休闲,安踏运动,1,0,1005,1
238,拉链鞋款,49,311,53,165,96,EVA轻底,日常休闲,斯凯奇潮,1,1,1128,2
303,系带设计,35,182,71,129,88,EVA轻底,复古潮鞋,京东京造,1,1,232,2
4428,系带设计,59,134,80,107,88,PU中底,运动休闲,李宁休闲,0,0,881,1
3955,套脚款式,49,242,64,155,88,PU中底,潮流高街,回力经典,0,0,770,1
837,魔术贴鞋,46,582,50,291,95,MD发泡底,工装硬朗,特步男鞋,1,1,1031,3
1040,系带设计,46,369,80,295,99,PU中底,潮流高街,京东京造,1,0,14,3
2110,拉链鞋款,49,234,62,145,97,混合鞋底,日常休闲,其他品牌,1,0,1387,1
217,套脚款式,45,101,98,99,98,PU中底,潮流高街,安踏运动,0,1,1425,2
1067,系带设计,28,122,86,105,94,TPR鞋底,运动休闲,阿迪达斯,1,0,695,1
905,系带设计,33,139,71,99,87,橡胶大底,复古潮鞋,回力经典,0,0,4205,1
1791,系带设计,44,168,71,119,89,PU中底,简约百搭,阿迪达斯,0,1,43,2
1050,魔术贴鞋,57,187,53,99,97,橡胶大底,户外机能,斯凯奇潮,1,0,37,1
228,拉链鞋款,41,157,65,102,95,TPR鞋底,户外机能,李宁休闲,0,0,464,1
4974,拉链鞋款,42,765,72,551,90,TPR鞋底,工装硬朗,安踏运动,1,1,48,3
979,系带设计,38,289,62,179,90,橡胶大底,复古潮鞋,回力经典,1,1,36,2
710,套脚款式,51,180,55,99,98,EVA轻底,运动休闲,回力经典,0,1,656,2
568,拉链鞋款,46,130,76,99,85,PU中底,复古潮鞋,耐克潮流,0,0,535,1
8977,套脚款式,51,194,51,99,93,混合鞋底,工装硬朗,阿迪达斯,1,1,1214,2
4040,松紧带鞋,47,153,99,151,92,TPR鞋底,运动休闲,鸿星尔克,1,1,2147,2
2623,拉链鞋款,53,207,92,190,90,PU中底,潮流高街,李宁休闲,0,1,1144,2
1552,松紧带鞋,34,159,63,100,94,EVA轻底,运动休闲,京东京造,0,1,2301,2
2365,松紧带鞋,51,140,99,139,86,EVA轻底,简约百搭,鸿星尔克,0,1,700,2
2887,拉链鞋款,53,118,92,109,91,PU中底,简约百搭,李宁休闲,1,1,385,2
836,拉链鞋款,39,112,88,99,97,橡胶大底,复古潮鞋,回力经典,1,0,2364,1
1560,松紧带鞋,54,199,89,177,96,EVA轻底,潮流高街,其他品牌,1,0,372,1
132,拉链鞋款,47,103,96,99,97,橡胶大底,日常休闲,特步男鞋,1,1,11,2
7701,套脚款式,40,195,65,127,98,EVA轻底,复古潮鞋,鸿星尔克,1,0,1303,1
11705,系带设计,41,162,86,139,93,MD发泡底,运动休闲,鸿星尔克,1,1,958,0
150,拉链鞋款,40,115,86,99,91,混合鞋底,复古潮鞋,安踏运动,0,0,356,1
4002,系带设计,57,105,94,99,97,橡胶大底,运动休闲,鸿星尔克,0,1,41,2
361,魔术贴鞋,40,266,87,231,95,PU中底,日常休闲,特步男鞋,1,0,686,1
971,套脚款式,49,123,86,106,99,橡胶大底,复古潮鞋,斯凯奇潮,0,1,3041,2
76,系带设计,53,427,91,389,99,混合鞋底,运动休闲,李宁休闲,0,0,1131,3
1968,松紧带鞋,48,103,96,99,90,橡胶大底,日常休闲,斯凯奇潮,0,1,345,2
901,魔术贴鞋,55,159,81,129,98,PU中底,简约百搭,回力经典,0,1,914,2
648,魔术贴鞋,42,118,98,116,91,EVA轻底,潮流高街,斯凯奇潮,0,0,622,1
464,魔术贴鞋,54,194,51,99,99,TPR鞋底,工装硬朗,京东京造,0,1,186,2
532,魔术贴鞋,48,105,94,99,86,EVA轻底,运动休闲,耐克潮流,1,1,303,2
581,套脚款式,42,229,94,215,97,TPR鞋底,日常休闲,京东京造,0,1,1198,2
495,魔术贴鞋,39,194,51,99,92,TPR鞋底,复古潮鞋,回力经典,0,1,2426,2
332,系带设计,34,130,76,99,94,TPR鞋底,简约百搭,李宁休闲,1,0,231,1
1780,系带设计,34,196,55,108,90,TPR鞋底,潮流高街,特步男鞋,1,0,797,1
283,魔术贴鞋,43,243,56,136,95,EVA轻底,运动休闲,阿迪达斯,0,0,2809,1
4923,系带设计,55,320,56,179,96,MD发泡底,潮流高街,特步男鞋,0,0,691,1
6869,系带设计,52,198,50,99,97,EVA轻底,运动休闲,耐克潮流,1,1,522,2
726,套脚款式,45,121,82,99,98,TPR鞋底,简约百搭,京东京造,1,0,31,1
326,套脚款式,34,224,66,148,100,橡胶大底,简约百搭,斯凯奇潮,0,0,4154,1
434,魔术贴鞋,38,289,64,185,96,TPR鞋底,工装硬朗,特步男鞋,1,1,401,2
280,松紧带鞋,40,226,53,120,96,混合鞋底,简约百搭,特步男鞋,1,0,1450,1
249,套脚款式,36,210,52,109,100,EVA轻底,复古潮鞋,李宁休闲,0,0,148,1
2034,松紧带鞋,55,141,70,99,88,EVA轻底,运动休闲,京东京造,1,0,418,1
744,魔术贴鞋,37,109,91,99,91,EVA轻底,户外机能,鸿星尔克,1,0,726,1
435,松紧带鞋,50,285,61,174,91,MD发泡底,工装硬朗,阿迪达斯,0,1,891,2
179,松紧带鞋,47,167,98,164,97,MD发泡底,户外机能,斯凯奇潮,1,0,577,1
1668,松紧带鞋,44,141,70,99,93,MD发泡底,户外机能,李宁休闲,0,1,3023,2
835,魔术贴鞋,44,190,84,160,96,混合鞋底,户外机能,安踏运动,1,0,724,1
3582,魔术贴鞋,54,124,80,99,96,橡胶大底,工装硬朗,李宁休闲,0,0,1003,1
9235,魔术贴鞋,38,385,82,316,93,TPR鞋底,日常休闲,其他品牌,0,1,353,3
123,系带设计,48,203,64,130,94,橡胶大底,运动休闲,京东京造,1,0,12,1
3322,拉链鞋款,38,129,77,99,94,TPR鞋底,运动休闲,李宁休闲,0,1,1006,2
4659,套脚款式,45,233,85,198,100,混合鞋底,复古潮鞋,斯凯奇潮,1,0,153,1
282,魔术贴鞋,60,191,82,157,93,TPR鞋底,户外机能,其他品牌,0,0,776,1
1215,系带设计,53,194,51,99,90,混合鞋底,运动休闲,鸿星尔克,0,1,1244,2
1345,系带设计,41,416,81,337,95,TPR鞋底,工装硬朗,斯凯奇潮,0,0,12,3
724,系带设计,36,411,54,222,90,MD发泡底,简约百搭,鸿星尔克,0,0,1137,3
1288,魔术贴鞋,38,467,54,252,93,EVA轻底,复古潮鞋,特步男鞋,0,1,1493,3
1148,系带设计,57,198,50,99,90,橡胶大底,日常休闲,其他品牌,1,0,746,1
1536,系带设计,62,171,58,99,94,MD发泡底,运动休闲,回力经典,0,0,617,1
1076,拉链鞋款,57,252,67,169,96,PU中底,户外机能,阿迪达斯,0,0,3964,1
363,松紧带鞋,55,342,86,294,93,EVA轻底,简约百搭,京东京造,0,0,38,3
835,系带设计,55,137,81,111,100,TPR鞋底,复古潮鞋,鸿星尔克,0,1,434,2
7516,套脚款式,53,148,67,99,97,PU中底,运动休闲,斯凯奇潮,1,0,729,1
2184,拉链鞋款,34,129,84,108,97,橡胶大底,户外机能,李宁休闲,1,1,804,2
937,拉链鞋款,42,119,83,99,98,MD发泡底,简约百搭,耐克潮流,0,1,27,2
236,魔术贴鞋,56,111,93,103,100,PU中底,日常休闲,耐克潮流,1,0,41,1
5228,魔术贴鞋,56,115,86,99,96,PU中底,工装硬朗,回力经典,1,0,547,1
389,松紧带鞋,60,209,65,136,89,EVA轻底,工装硬朗,李宁休闲,1,0,301,1
585,拉链鞋款,52,428,50,214,90,PU中底,潮流高街,李宁休闲,1,1,927,3
666,拉链鞋款,56,112,88,99,99,PU中底,潮流高街,特步男鞋,1,1,676,2
10371,系带设计,51,174,72,125,90,TPR鞋底,日常休闲,阿迪达斯,1,1,384,0
893,松紧带鞋,50,383,84,322,90,橡胶大底,户外机能,斯凯奇潮,1,0,647,3
1290,系带设计,51,572,54,309,91,PU中底,日常休闲,耐克潮流,0,1,3159,3
1003,拉链鞋款,51,416,81,337,96,TPR鞋底,工装硬朗,京东京造,1,0,1496,3
5057,套脚款式,54,174,57,99,94,TPR鞋底,复古潮鞋,其他品牌,1,0,44,1
687,套脚款式,61,194,51,99,97,橡胶大底,日常休闲,阿迪达斯,1,1,148,2
2765,魔术贴鞋,43,140,95,133,94,TPR鞋底,工装硬朗,京东京造,1,1,687,2
1975,松紧带鞋,45,116,85,99,91,EVA轻底,日常休闲,京东京造,1,0,330,1
3704,拉链鞋款,48,99,100,99,92,TPR鞋底,潮流高街,特步男鞋,1,1,750,2
172,系带设计,49,124,97,120,91,EVA轻底,潮流高街,鸿星尔克,1,0,656,1
610,套脚款式,46,127,78,99,97,混合鞋底,运动休闲,斯凯奇潮,0,0,11,1
3298,拉链鞋款,39,356,54,192,99,TPR鞋底,日常休闲,阿迪达斯,1,0,23,1
774,套脚款式,34,475,55,261,95,TPR鞋底,复古潮鞋,斯凯奇潮,1,1,436,3
472,魔术贴鞋,31,229,76,174,89,混合鞋底,工装硬朗,斯凯奇潮,0,0,334,1
1529,套脚款式,64,283,75,212,90,橡胶大底,工装硬朗,回力经典,0,1,11,2
127,魔术贴鞋,42,194,51,99,98,MD发泡底,日常休闲,鸿星尔克,0,1,1346,2
235,拉链鞋款,42,189,82,155,85,橡胶大底,潮流高街,斯凯奇潮,0,1,934,2
3436,系带设计,43,352,52,183,90,PU中底,复古潮鞋,阿迪达斯,0,0,436,1
1082,魔术贴鞋,39,453,88,399,93,混合鞋底,户外机能,特步男鞋,1,1,748,3
7419,套脚款式,51,253,57,144,94,PU中底,户外机能,李宁休闲,0,0,1130,1
1721,松紧带鞋,40,600,58,348,90,PU中底,运动休闲,阿迪达斯,0,1,538,3
464,套脚款式,52,286,74,212,95,TPR鞋底,运动休闲,京东京造,0,1,4,2
1164,魔术贴鞋,52,200,84,168,91,混合鞋底,简约百搭,京东京造,0,0,29,1
3826,松紧带鞋,46,162,61,99,95,MD发泡底,复古潮鞋,其他品牌,0,1,2267,2
265,松紧带鞋,34,433,57,247,97,EVA轻底,潮流高街,其他品牌,0,1,1068,3
3526,拉链鞋款,53,194,51,99,96,混合鞋底,户外机能,特步男鞋,1,0,968,1
2071,系带设计,38,124,80,99,95,PU中底,潮流高街,京东京造,0,1,506,2
954,拉链鞋款,59,176,82,144,85,橡胶大底,工装硬朗,其他品牌,0,1,34,2
3189,系带设计,39,264,50,132,98,混合鞋底,简约百搭,斯凯奇潮,1,1,218,2
1932,系带设计,30,174,57,99,91,混合鞋底,日常休闲,阿迪达斯,1,1,597,2
623,魔术贴鞋,35,118,84,99,95,MD发泡底,复古潮鞋,其他品牌,0,1,958,2
2950,系带设计,47,134,74,99,99,PU中底,工装硬朗,安踏运动,1,0,558,1
395,魔术贴鞋,41,326,91,297,91,TPR鞋底,复古潮鞋,特步男鞋,1,1,2647,3
987,套脚款式,53,253,59,149,94,橡胶大底,户外机能,耐克潮流,1,1,629,2
162,拉链鞋款,47,220,74,163,90,MD发泡底,运动休闲,鸿星尔克,0,1,1326,2
337,拉链鞋款,45,132,75,99,86,TPR鞋底,运动休闲,阿迪达斯,1,0,867,1
866,套脚款式,53,167,67,112,98,TPR鞋底,复古潮鞋,安踏运动,0,0,1061,1
1158,系带设计,48,187,77,144,96,TPR鞋底,简约百搭,回力经典,1,1,49,2
221,魔术贴鞋,62,198,50,99,99,EVA轻底,复古潮鞋,其他品牌,1,1,355,2
427,系带设计,63,294,81,238,94,橡胶大底,工装硬朗,安踏运动,1,1,623,2
4258,松紧带鞋,36,112,88,99,88,EVA轻底,复古潮鞋,斯凯奇潮,0,0,686,1
2551,拉链鞋款,47,193,83,160,90,EVA轻底,简约百搭,鸿星尔克,0,1,985,2
4673,松紧带鞋,50,174,57,99,93,混合鞋底,简约百搭,阿迪达斯,0,0,626,1
148,松紧带鞋,46,115,86,99,91,EVA轻底,工装硬朗,耐克潮流,1,1,877,2
518,魔术贴鞋,58,114,87,99,98,PU中底,户外机能,安踏运动,0,0,4577,1
944,魔术贴鞋,49,160,62,99,97,PU中底,运动休闲,其他品牌,1,1,66,2
840,松紧带鞋,48,1172,57,668,90,MD发泡底,日常休闲,回力经典,0,1,1084,3
4671,拉链鞋款,46,149,91,136,99,混合鞋底,潮流高街,特步男鞋,1,0,2879,1
298,套脚款式,54,232,53,123,93,混合鞋底,户外机能,李宁休闲,1,0,349,1
2012,魔术贴鞋,58,678,69,468,99,TPR鞋底,户外机能,安踏运动,1,0,3175,3
812,套脚款式,48,210,61,128,96,EVA轻底,复古潮鞋,回力经典,0,1,586,2
647,拉链鞋款,60,167,72,120,95,混合鞋底,潮流高街,鸿星尔克,0,0,840,1
218,套脚款式,37,168,59,99,96,MD发泡底,简约百搭,京东京造,0,1,1312,2
336,松紧带鞋,47,289,81,234,97,混合鞋底,日常休闲,特步男鞋,1,0,1108,1
499,系带设计,39,154,70,108,96,混合鞋底,户外机能,京东京造,0,0,1396,1
656,系带设计,35,122,81,99,97,MD发泡底,复古潮鞋,李宁休闲,1,0,29,1
1227,魔术贴鞋,49,331,51,169,90,PU中底,户外机能,鸿星尔克,0,0,47,1
1193,魔术贴鞋,55,171,58,99,94,EVA轻底,户外机能,安踏运动,1,1,533,2
3907,拉链鞋款,46,190,52,99,94,PU中底,复古潮鞋,李宁休闲,1,1,2740,2
656,魔术贴鞋,34,238,68,162,96,混合鞋底,日常休闲,耐克潮流,1,1,116,2
1675,套脚款式,43,105,94,99,93,混合鞋底,日常休闲,特步男鞋,0,1,44,2
1342,系带设计,42,173,66,114,95,MD发泡底,运动休闲,李宁休闲,1,1,749,2
2867,系带设计,55,381,54,206,97,MD发泡底,户外机能,其他品牌,0,0,461,3
3897,系带设计,50,125,79,99,97,PU中底,复古潮鞋,阿迪达斯,1,1,183,2
9509,套脚款式,49,174,57,99,95,混合鞋底,户外机能,其他品牌,1,0,1300,1
605,系带设计,44,123,98,121,97,EVA轻底,户外机能,耐克潮流,0,0,954,1
3741,魔术贴鞋,49,156,73,114,90,TPR鞋底,运动休闲,安踏运动,1,1,475,2
7483,套脚款式,49,218,88,192,92,PU中底,户外机能,斯凯奇潮,1,0,386,1
144,套脚款式,33,138,72,99,96,橡胶大底,运动休闲,斯凯奇潮,1,0,592,1
458,系带设计,39,152,65,99,98,MD发泡底,户外机能,耐克潮流,0,1,62,2
1118,魔术贴鞋,50,124,80,99,96,EVA轻底,潮流高街,李宁休闲,1,0,361,1
336,系带设计,31,111,89,99,98,TPR鞋底,复古潮鞋,特步男鞋,1,1,49,2
1497,魔术贴鞋,49,184,55,101,93,橡胶大底,潮流高街,耐克潮流,1,0,1259,1
7017,拉链鞋款,52,118,84,99,94,EVA轻底,复古潮鞋,其他品牌,1,1,262,2
94,套脚款式,46,105,94,99,91,橡胶大底,潮流高街,李宁休闲,0,0,409,1
2071,魔术贴鞋,50,230,87,200,99,橡胶大底,日常休闲,回力经典,1,0,1001,1
1210,松紧带鞋,34,473,79,374,95,MD发泡底,潮流高街,京东京造,1,1,431,3
519,松紧带鞋,65,122,81,99,96,TPR鞋底,潮流高街,回力经典,1,1,509,2
831,拉链鞋款,49,295,97,286,98,TPR鞋底,户外机能,安踏运动,1,0,240,1
2040,系带设计,46,229,84,192,92,MD发泡底,日常休闲,阿迪达斯,0,1,130,2
1228,系带设计,56,106,93,99,96,EVA轻底,户外机能,鸿星尔克,1,1,1131,2
1192,拉链鞋款,34,362,91,329,95,PU中底,工装硬朗,鸿星尔克,1,0,1354,3
342,拉链鞋款,50,135,93,126,100,MD发泡底,潮流高街,特步男鞋,1,1,4171,2
766,拉链鞋款,40,411,74,304,90,橡胶大底,日常休闲,京东京造,1,0,320,3
859,拉链鞋款,45,130,76,99,93,EVA轻底,户外机能,鸿星尔克,1,0,313,1
861,松紧带鞋,38,415,84,349,97,EVA轻底,简约百搭,斯凯奇潮,0,1,26,3
1817,套脚款式,43,136,73,99,93,EVA轻底,简约百搭,耐克潮流,1,0,4181,1
2295,套脚款式,43,197,69,136,95,PU中底,运动休闲,特步男鞋,1,0,734,1
159,拉链鞋款,56,240,68,163,90,PU中底,工装硬朗,耐克潮流,0,0,576,1
1308,拉链鞋款,51,259,90,233,98,橡胶大底,日常休闲,李宁休闲,1,0,453,1
10939,魔术贴鞋,54,111,99,110,90,橡胶大底,日常休闲,李宁休闲,0,0,935,0
1334,魔术贴鞋,20,198,50,99,94,混合鞋底,运动休闲,回力经典,0,1,737,2
852,魔术贴鞋,39,171,58,99,93,混合鞋底,日常休闲,阿迪达斯,0,1,48,2
146,松紧带鞋,42,106,93,99,93,PU中底,户外机能,阿迪达斯,0,0,5,1
469,系带设计,55,516,61,315,92,混合鞋底,潮流高街,京东京造,1,0,33,3
1349,魔术贴鞋,41,256,57,146,92,MD发泡底,复古潮鞋,斯凯奇潮,1,0,233,1
434,拉链鞋款,48,1271,55,699,90,EVA轻底,复古潮鞋,李宁休闲,1,1,3262,3
121,松紧带鞋,45,256,86,220,93,混合鞋底,日常休闲,京东京造,1,0,1279,1
268,拉链鞋款,37,156,100,156,97,EVA轻底,工装硬朗,回力经典,1,1,25,2
1724,套脚款式,55,160,95,152,96,PU中底,简约百搭,其他品牌,0,0,39,1
231,套脚款式,47,457,54,247,92,混合鞋底,运动休闲,阿迪达斯,0,1,1042,3
433,拉链鞋款,57,146,68,99,99,橡胶大底,日常休闲,京东京造,1,1,118,2
812,松紧带鞋,47,165,60,99,90,PU中底,日常休闲,其他品牌,1,0,31,1
79,套脚款式,50,274,62,170,87,EVA轻底,简约百搭,回力经典,0,1,47,2
593,拉链鞋款,39,619,62,384,97,PU中底,运动休闲,耐克潮流,0,1,1047,3
4172,系带设计,58,166,64,106,96,PU中底,户外机能,耐克潮流,1,1,1019,2
395,拉链鞋款,49,157,63,99,100,MD发泡底,日常休闲,回力经典,0,0,793,1
1689,套脚款式,33,114,87,99,96,MD发泡底,复古潮鞋,安踏运动,1,1,42,2
1547,系带设计,53,174,57,99,93,橡胶大底,运动休闲,耐克潮流,1,1,1454,2
414,套脚款式,43,520,61,317,95,PU中底,户外机能,京东京造,1,0,4,3
2932,松紧带鞋,18,226,50,113,93,混合鞋底,户外机能,京东京造,0,1,938,2
193,拉链鞋款,52,101,98,99,89,EVA轻底,户外机能,李宁休闲,0,1,1062,2
1177,系带设计,46,146,85,124,96,橡胶大底,工装硬朗,鸿星尔克,1,1,964,2
995,套脚款式,49,148,99,147,85,橡胶大底,潮流高街,李宁休闲,1,0,6,1
222,系带设计,41,240,73,175,90,PU中底,潮流高街,其他品牌,0,1,1099,2
14080,系带设计,42,146,68,99,99,橡胶大底,工装硬朗,安踏运动,0,0,2199,0
1512,魔术贴鞋,42,100,99,99,88,PU中底,户外机能,耐克潮流,0,0,15,1
1684,魔术贴鞋,52,116,85,99,98,混合鞋底,简约百搭,李宁休闲,0,0,1,1
374,拉链鞋款,48,118,84,99,95,EVA轻底,复古潮鞋,其他品牌,0,0,741,1
1769,系带设计,41,139,71,99,97,混合鞋底,复古潮鞋,斯凯奇潮,1,1,1495,2
1412,拉链鞋款,48,130,76,99,96,PU中底,工装硬朗,京东京造,1,0,5,1
582,套脚款式,43,422,54,228,96,TPR鞋底,简约百搭,阿迪达斯,0,0,1190,3
3614,松紧带鞋,62,399,81,323,91,EVA轻底,工装硬朗,李宁休闲,1,1,320,3
3598,松紧带鞋,45,215,93,200,90,TPR鞋底,工装硬朗,特步男鞋,1,0,187,1
564,魔术贴鞋,43,248,64,159,90,混合鞋底,工装硬朗,京东京造,1,1,1259,2
7996,套脚款式,57,146,74,108,95,PU中底,运动休闲,耐克潮流,1,1,3566,2
3024,拉链鞋款,48,232,50,116,95,混合鞋底,简约百搭,安踏运动,1,0,4863,1
3055,魔术贴鞋,45,141,70,99,95,TPR鞋底,简约百搭,鸿星尔克,0,1,211,2
4354,拉链鞋款,33,102,97,99,96,混合鞋底,运动休闲,回力经典,1,0,535,1
1198,拉链鞋款,53,114,87,99,90,EVA轻底,复古潮鞋,京东京造,1,0,244,1
13097,魔术贴鞋,33,108,92,99,91,EVA轻底,工装硬朗,李宁休闲,0,0,903,0
49,魔术贴鞋,50,142,96,136,94,EVA轻底,户外机能,回力经典,1,1,274,2
21167,套脚款式,63,196,53,104,92,TPR鞋底,复古潮鞋,鸿星尔克,0,1,1394,0
488,套脚款式,47,157,63,99,90,混合鞋底,潮流高街,阿迪达斯,1,1,364,2
2148,系带设计,55,166,65,108,94,混合鞋底,日常休闲,京东京造,0,1,648,2
356,系带设计,48,198,55,109,90,混合鞋底,简约百搭,阿迪达斯,1,1,31,2
1819,松紧带鞋,36,696,93,647,93,PU中底,日常休闲,京东京造,0,0,873,3
2804,系带设计,47,375,83,311,100,MD发泡底,工装硬朗,其他品牌,1,1,787,3
2844,套脚款式,48,260,63,164,95,EVA轻底,工装硬朗,鸿星尔克,1,1,1254,2
584,套脚款式,52,144,77,111,98,EVA轻底,运动休闲,李宁休闲,0,0,300,1
3975,套脚款式,48,177,56,99,93,MD发泡底,潮流高街,斯凯奇潮,0,0,440,1
1326,系带设计,40,157,63,99,95,混合鞋底,户外机能,安踏运动,1,0,235,1
479,松紧带鞋,59,143,69,99,99,EVA轻底,潮流高街,安踏运动,1,1,15,2
3425,拉链鞋款,53,207,82,170,94,EVA轻底,运动休闲,安踏运动,0,0,1129,1
1689,拉链鞋款,40,183,54,99,92,橡胶大底,复古潮鞋,李宁休闲,1,1,3628,2
176,拉链鞋款,47,135,78,105,96,MD发泡底,潮流高街,李宁休闲,0,1,36,2
1333,拉链鞋款,38,273,51,139,96,TPR鞋底,工装硬朗,安踏运动,1,1,1397,2
3108,套脚款式,45,177,95,168,97,EVA轻底,复古潮鞋,阿迪达斯,1,0,3967,1
380,魔术贴鞋,47,127,78,99,90,橡胶大底,户外机能,其他品牌,1,0,32,1
48,系带设计,37,163,87,142,92,MD发泡底,工装硬朗,李宁休闲,1,1,4539,2
3899,系带设计,49,315,60,189,96,EVA轻底,运动休闲,特步男鞋,0,0,322,1
889,魔术贴鞋,40,180,70,126,90,PU中底,工装硬朗,阿迪达斯,1,1,697,2
920,系带设计,52,213,78,166,93,PU中底,户外机能,特步男鞋,0,1,62,2
3448,套脚款式,55,210,92,193,98,MD发泡底,复古潮鞋,斯凯奇潮,1,1,3363,2
3102,魔术贴鞋,52,232,91,211,100,橡胶大底,潮流高街,鸿星尔克,0,0,77,1
1198,拉链鞋款,44,463,52,241,91,MD发泡底,户外机能,李宁休闲,1,1,809,3
168,魔术贴鞋,58,183,90,165,97,PU中底,日常休闲,回力经典,0,0,829,1
1779,拉链鞋款,39,432,90,389,92,PU中底,复古潮鞋,其他品牌,0,1,978,3
1727,魔术贴鞋,60,162,61,99,93,橡胶大底,运动休闲,耐克潮流,1,0,4,1
85,拉链鞋款,38,352,58,204,95,PU中底,简约百搭,斯凯奇潮,1,1,3718,2
164,魔术贴鞋,37,238,53,126,93,PU中底,简约百搭,斯凯奇潮,1,0,33,1
1063,套脚款式,47,218,79,172,95,橡胶大底,简约百搭,回力经典,1,1,28,2
121,魔术贴鞋,43,127,89,113,90,EVA轻底,日常休闲,安踏运动,0,1,406,2
149,系带设计,49,129,77,99,94,混合鞋底,潮流高街,特步男鞋,0,1,1288,2
1763,系带设计,58,182,93,169,94,混合鞋底,复古潮鞋,耐克潮流,1,1,743,2
3349,松紧带鞋,37,115,86,99,92,PU中底,简约百搭,李宁休闲,1,1,4463,2
372,套脚款式,42,522,55,287,90,MD发泡底,潮流高街,安踏运动,0,1,12,3
394,魔术贴鞋,48,123,90,111,91,混合鞋底,户外机能,李宁休闲,1,0,511,1
553,松紧带鞋,57,139,94,131,98,TPR鞋底,户外机能,鸿星尔克,0,1,33,2
1034,系带设计,49,144,71,102,93,MD发泡底,日常休闲,特步男鞋,1,1,695,2
2018,套脚款式,50,143,69,99,96,MD发泡底,日常休闲,京东京造,0,0,4,1
1257,松紧带鞋,64,170,98,167,85,MD发泡底,复古潮鞋,李宁休闲,1,1,1360,2
1243,拉链鞋款,49,141,70,99,95,MD发泡底,复古潮鞋,耐克潮流,0,1,1162,2
1785,系带设计,45,211,56,118,91,PU中底,户外机能,阿迪达斯,0,1,670,2
996,魔术贴鞋,48,122,81,99,95,橡胶大底,运动休闲,特步男鞋,1,0,41,1
1883,系带设计,47,134,74,99,92,PU中底,复古潮鞋,李宁休闲,0,1,160,2
1177,魔术贴鞋,41,99,100,99,90,EVA轻底,工装硬朗,李宁休闲,1,0,871,1
58,魔术贴鞋,54,312,50,156,90,TPR鞋底,工装硬朗,李宁休闲,0,1,808,2
528,套脚款式,41,161,82,132,94,PU中底,户外机能,李宁休闲,1,1,892,2
10286,系带设计,45,109,91,99,98,橡胶大底,户外机能,回力经典,0,0,230,1
745,套脚款式,48,343,70,240,96,混合鞋底,简约百搭,其他品牌,1,1,748,3
5817,魔术贴鞋,54,178,74,132,99,PU中底,户外机能,斯凯奇潮,0,0,470,1
1389,拉链鞋款,47,259,54,140,95,橡胶大底,户外机能,京东京造,0,1,970,2
5006,套脚款式,37,378,63,238,93,混合鞋底,简约百搭,鸿星尔克,0,0,943,3
4083,拉链鞋款,48,355,77,273,91,橡胶大底,工装硬朗,安踏运动,1,0,44,3
1543,魔术贴鞋,43,164,76,125,92,橡胶大底,户外机能,京东京造,1,1,4884,2
953,拉链鞋款,57,334,53,177,93,橡胶大底,简约百搭,鸿星尔克,0,1,780,2
1588,拉链鞋款,48,105,94,99,97,TPR鞋底,简约百搭,阿迪达斯,1,1,18,2
565,系带设计,40,171,58,99,94,PU中底,简约百搭,斯凯奇潮,1,1,2045,2
631,松紧带鞋,47,154,67,103,93,MD发泡底,工装硬朗,京东京造,1,1,755,2
779,松紧带鞋,28,157,63,99,96,PU中底,户外机能,斯凯奇潮,1,1,748,2
514,套脚款式,41,160,62,99,98,EVA轻底,日常休闲,斯凯奇潮,0,0,399,1
335,松紧带鞋,51,424,59,250,97,混合鞋底,简约百搭,阿迪达斯,1,0,410,3
1113,魔术贴鞋,49,188,86,162,93,TPR鞋底,日常休闲,斯凯奇潮,0,1,1452,2
1555,拉链鞋款,38,398,56,223,98,EVA轻底,潮流高街,回力经典,0,1,643,3
318,系带设计,62,174,66,115,86,TPR鞋底,工装硬朗,京东京造,0,0,950,1
343,系带设计,41,306,53,162,87,橡胶大底,复古潮鞋,李宁休闲,0,0,1086,1
863,松紧带鞋,43,133,96,128,95,TPR鞋底,运动休闲,耐克潮流,1,1,1428,2
784,系带设计,47,289,83,240,90,MD发泡底,潮流高街,其他品牌,1,1,5,2
2279,系带设计,42,531,67,356,93,EVA轻底,潮流高街,阿迪达斯,1,1,428,3
13662,魔术贴鞋,18,360,53,191,91,混合鞋底,复古潮鞋,耐克潮流,0,0,39,0
1965,魔术贴鞋,25,141,70,99,88,PU中底,日常休闲,李宁休闲,0,1,4899,2
1109,松紧带鞋,40,538,53,285,94,橡胶大底,简约百搭,阿迪达斯,1,1,1468,3
929,松紧带鞋,48,271,75,203,95,PU中底,日常休闲,斯凯奇潮,1,0,582,1
1974,魔术贴鞋,47,116,91,106,94,MD发泡底,工装硬朗,耐克潮流,1,1,4714,2
3206,松紧带鞋,39,125,79,99,91,橡胶大底,日常休闲,其他品牌,0,0,3790,1
381,松紧带鞋,44,254,100,254,96,PU中底,户外机能,京东京造,0,0,790,1
1536,拉链鞋款,37,174,70,122,96,EVA轻底,日常休闲,回力经典,1,1,1490,2
600,套脚款式,53,108,98,106,99,混合鞋底,潮流高街,安踏运动,0,1,1257,2
419,松紧带鞋,55,184,55,101,97,TPR鞋底,简约百搭,阿迪达斯,0,1,4019,2
905,套脚款式,45,313,63,197,95,TPR鞋底,简约百搭,耐克潮流,0,1,10,2
685,松紧带鞋,51,163,62,101,86,PU中底,潮流高街,京东京造,1,0,893,1
255,系带设计,46,175,61,107,95,EVA轻底,工装硬朗,阿迪达斯,1,1,1147,2
1513,魔术贴鞋,60,155,93,144,90,EVA轻底,日常休闲,安踏运动,0,1,33,2
2419,拉链鞋款,48,180,91,164,100,混合鞋底,日常休闲,京东京造,0,0,1144,1
5383,松紧带鞋,45,189,93,176,86,PU中底,潮流高街,特步男鞋,1,1,1329,2
4529,魔术贴鞋,42,293,87,255,89,TPR鞋底,潮流高街,耐克潮流,1,0,399,1
1935,松紧带鞋,40,132,88,116,95,橡胶大底,工装硬朗,耐克潮流,1,1,18,2
965,套脚款式,56,237,62,147,95,EVA轻底,运动休闲,斯凯奇潮,1,0,1382,1
384,系带设计,42,195,87,170,92,MD发泡底,潮流高街,鸿星尔克,0,0,569,1
420,魔术贴鞋,36,111,89,99,96,EVA轻底,潮流高街,阿迪达斯,0,0,778,1
547,拉链鞋款,41,105,94,99,95,TPR鞋底,运动休闲,阿迪达斯,1,1,527,2
897,系带设计,47,155,64,99,95,PU中底,简约百搭,安踏运动,1,1,415,2
649,魔术贴鞋,51,231,72,166,94,MD发泡底,日常休闲,安踏运动,1,0,3,1
7920,魔术贴鞋,39,251,71,178,94,MD发泡底,潮流高街,其他品牌,1,1,1143,2
12080,魔术贴鞋,46,316,67,212,95,橡胶大底,简约百搭,安踏运动,1,1,1074,0
1361,套脚款式,50,203,61,124,100,PU中底,潮流高街,京东京造,1,0,18,1
1673,套脚款式,38,122,86,105,97,MD发泡底,日常休闲,特步男鞋,1,0,711,1
895,套脚款式,42,187,53,99,92,橡胶大底,复古潮鞋,阿迪达斯,1,0,1023,1
50000,套脚款式,53,109,91,99,96,PU中底,日常休闲,回力经典,1,1,30,0
83,松紧带鞋,40,103,96,99,94,PU中底,户外机能,斯凯奇潮,1,1,930,2
2667,套脚款式,39,106,93,99,90,混合鞋底,工装硬朗,京东京造,1,1,21,2
772,松紧带鞋,42,760,57,433,91,EVA轻底,户外机能,安踏运动,1,0,297,3
2453,套脚款式,59,179,70,125,94,PU中底,工装硬朗,鸿星尔克,0,1,1184,2
1266,套脚款式,48,111,89,99,96,PU中底,日常休闲,其他品牌,0,0,22,1
1127,套脚款式,63,325,67,218,90,混合鞋底,复古潮鞋,斯凯奇潮,1,1,45,2
230,系带设计,58,753,62,467,95,橡胶大底,户外机能,回力经典,1,1,4998,3
1070,拉链鞋款,41,116,85,99,90,混合鞋底,复古潮鞋,斯凯奇潮,0,1,1387,2
408,拉链鞋款,34,183,54,99,100,混合鞋底,潮流高街,回力经典,1,0,1432,1
1694,套脚款式,52,212,74,157,94,EVA轻底,复古潮鞋,斯凯奇潮,1,1,142,2
1024,魔术贴鞋,53,218,71,155,98,PU中底,复古潮鞋,耐克潮流,1,1,63,2
3580,魔术贴鞋,51,178,90,160,99,TPR鞋底,复古潮鞋,斯凯奇潮,0,0,377,1
439,魔术贴鞋,41,206,97,200,90,橡胶大底,简约百搭,回力经典,1,1,3713,2
772,魔术贴鞋,60,129,77,99,95,TPR鞋底,简约百搭,其他品牌,1,1,6,2
1381,系带设计,54,149,70,104,99,EVA轻底,户外机能,特步男鞋,0,1,3157,2
160,系带设计,40,157,63,99,99,混合鞋底,简约百搭,特步男鞋,0,0,125,1
2381,松紧带鞋,49,369,71,262,92,EVA轻底,运动休闲,回力经典,0,0,160,3
220,魔术贴鞋,39,193,75,145,90,TPR鞋底,复古潮鞋,京东京造,0,0,36,1
7724,拉链鞋款,46,138,72,99,98,橡胶大底,运动休闲,特步男鞋,1,0,812,1
1276,松紧带鞋,51,122,81,99,92,MD发泡底,复古潮鞋,耐克潮流,0,1,2550,2
1578,松紧带鞋,58,848,58,492,96,橡胶大底,简约百搭,李宁休闲,0,1,0,3
131,系带设计,43,326,66,215,97,混合鞋底,简约百搭,鸿星尔克,0,0,793,1
1875,松紧带鞋,42,508,53,269,93,TPR鞋底,简约百搭,其他品牌,1,0,8,3
3332,松紧带鞋,49,139,71,99,90,橡胶大底,日常休闲,斯凯奇潮,0,0,9,1
8312,系带设计,40,129,77,99,95,MD发泡底,运动休闲,回力经典,1,0,174,1
1519,松紧带鞋,33,162,61,99,95,橡胶大底,复古潮鞋,安踏运动,0,1,26,2
2238,系带设计,41,350,60,210,94,混合鞋底,简约百搭,鸿星尔克,1,1,438,2
66,系带设计,57,99,100,99,91,混合鞋底,简约百搭,阿迪达斯,0,1,29,2
1526,系带设计,55,345,71,245,95,PU中底,工装硬朗,其他品牌,0,0,39,3
131,拉链鞋款,60,215,85,183,93,EVA轻底,户外机能,京东京造,1,1,3806,2
336,松紧带鞋,59,103,96,99,94,PU中底,简约百搭,回力经典,1,0,43,1
1775,松紧带鞋,62,118,84,99,94,TPR鞋底,简约百搭,回力经典,1,1,1187,2
925,拉链鞋款,60,132,75,99,96,PU中底,户外机能,耐克潮流,1,1,1,2
2041,魔术贴鞋,43,139,71,99,98,EVA轻底,户外机能,京东京造,1,0,1081,1
378,拉链鞋款,46,267,58,155,93,EVA轻底,复古潮鞋,其他品牌,1,0,21,1
1808,系带设计,57,165,60,99,92,混合鞋底,复古潮鞋,阿迪达斯,1,0,27,1
855,系带设计,51,152,73,111,95,TPR鞋底,运动休闲,其他品牌,0,0,688,1
698,套脚款式,33,358,71,254,86,橡胶大底,潮流高街,安踏运动,1,1,616,3
1211,拉链鞋款,48,564,58,327,99,PU中底,户外机能,鸿星尔克,0,1,4177,3
545,魔术贴鞋,38,148,67,99,91,EVA轻底,日常休闲,阿迪达斯,0,0,1412,1
5092,套脚款式,33,194,51,99,91,EVA轻底,简约百搭,回力经典,1,1,312,2
4133,拉链鞋款,47,105,94,99,91,MD发泡底,复古潮鞋,京东京造,1,0,1402,1
1123,套脚款式,54,147,90,132,98,橡胶大底,运动休闲,安踏运动,0,0,4422,1
164,魔术贴鞋,47,187,53,99,95,TPR鞋底,复古潮鞋,鸿星尔克,0,1,100,2
24563,魔术贴鞋,34,150,66,99,91,混合鞋底,日常休闲,鸿星尔克,1,0,1193,0
3255,拉链鞋款,46,239,69,165,96,混合鞋底,工装硬朗,特步男鞋,0,1,3040,2
563,套脚款式,58,546,54,295,93,EVA轻底,简约百搭,回力经典,1,0,3487,3
371,拉链鞋款,23,416,56,233,97,TPR鞋底,简约百搭,特步男鞋,1,0,636,3
4832,魔术贴鞋,53,249,67,167,93,混合鞋底,运动休闲,回力经典,1,0,29,1
1389,套脚款式,54,147,89,131,90,混合鞋底,日常休闲,安踏运动,0,1,1133,2
2229,魔术贴鞋,49,220,99,218,93,TPR鞋底,复古潮鞋,特步男鞋,1,0,1444,1
2388,松紧带鞋,49,143,69,99,96,MD发泡底,简约百搭,其他品牌,0,0,0,1
6371,套脚款式,50,154,78,120,100,混合鞋底,运动休闲,安踏运动,0,1,38,2
7713,拉链鞋款,36,180,64,115,93,EVA轻底,简约百搭,其他品牌,1,0,558,1
753,魔术贴鞋,47,105,94,99,88,混合鞋底,日常休闲,京东京造,0,1,15,2
415,松紧带鞋,42,162,61,99,92,MD发泡底,复古潮鞋,回力经典,0,1,1153,2
116,拉链鞋款,49,178,82,146,96,混合鞋底,复古潮鞋,特步男鞋,1,0,738,1
73,拉链鞋款,47,335,65,218,92,EVA轻底,潮流高街,其他品牌,1,1,29,2
3431,系带设计,55,372,58,216,96,混合鞋底,运动休闲,耐克潮流,0,0,3456,3
1000,套脚款式,51,157,98,154,93,PU中底,运动休闲,安踏运动,0,1,6,2
167,套脚款式,57,105,94,99,93,EVA轻底,工装硬朗,阿迪达斯,1,1,162,2
855,松紧带鞋,33,410,59,242,89,橡胶大底,户外机能,回力经典,0,0,1095,3
281,套脚款式,45,271,93,252,92,EVA轻底,运动休闲,斯凯奇潮,0,1,254,2
845,套脚款式,45,369,68,251,95,TPR鞋底,日常休闲,安踏运动,0,1,790,3
9125,套脚款式,47,605,56,339,97,MD发泡底,日常休闲,鸿星尔克,1,0,1276,3
5819,套脚款式,31,209,86,180,93,PU中底,简约百搭,李宁休闲,0,0,1429,1
812,魔术贴鞋,56,152,65,99,95,橡胶大底,运动休闲,安踏运动,1,0,45,1
1214,松紧带鞋,43,426,50,213,97,橡胶大底,工装硬朗,阿迪达斯,0,0,797,3
2423,系带设计,48,263,79,208,92,EVA轻底,复古潮鞋,京东京造,1,1,4744,2
1645,魔术贴鞋,45,165,60,99,93,混合鞋底,复古潮鞋,斯凯奇潮,1,1,694,2
129,系带设计,56,222,98,218,92,橡胶大底,工装硬朗,特步男鞋,0,1,2194,2
3153,系带设计,35,101,98,99,98,混合鞋底,户外机能,斯凯奇潮,0,1,1465,2
1321,系带设计,53,246,87,214,98,TPR鞋底,运动休闲,安踏运动,0,0,33,1
5028,拉链鞋款,50,190,52,99,98,EVA轻底,简约百搭,斯凯奇潮,0,0,424,1
3553,松紧带鞋,44,179,85,152,100,橡胶大底,简约百搭,斯凯奇潮,0,0,370,1
5893,拉链鞋款,50,202,56,113,91,PU中底,潮流高街,其他品牌,0,1,843,2
271,套脚款式,38,139,80,111,86,混合鞋底,运动休闲,阿迪达斯,0,0,2040,1
1044,拉链鞋款,49,367,72,264,96,MD发泡底,户外机能,其他品牌,0,1,760,3
1734,魔术贴鞋,44,221,87,192,94,TPR鞋底,户外机能,其他品牌,0,1,587,2
3548,套脚款式,45,109,91,99,91,TPR鞋底,工装硬朗,安踏运动,0,1,1305,2
1700,拉链鞋款,46,146,68,99,99,MD发泡底,简约百搭,京东京造,1,1,3324,2
3812,系带设计,19,316,58,183,92,PU中底,潮流高街,耐克潮流,1,1,31,2
2128,松紧带鞋,60,165,60,99,96,橡胶大底,潮流高街,李宁休闲,0,1,643,2
217,魔术贴鞋,30,239,56,134,95,MD发泡底,潮流高街,特步男鞋,0,1,49,2
390,松紧带鞋,51,422,51,215,97,橡胶大底,户外机能,安踏运动,0,1,1223,3
677,系带设计,42,110,90,99,96,MD发泡底,潮流高街,鸿星尔克,1,0,670,1
42,套脚款式,54,275,88,242,93,EVA轻底,运动休闲,李宁休闲,0,1,600,2
472,魔术贴鞋,44,184,73,134,97,EVA轻底,日常休闲,耐克潮流,1,1,657,2
449,套脚款式,41,427,51,218,88,TPR鞋底,简约百搭,鸿星尔克,1,0,1176,3
2776,套脚款式,48,380,66,251,92,橡胶大底,日常休闲,李宁休闲,1,0,429,3
1184,松紧带鞋,56,142,99,141,93,橡胶大底,工装硬朗,回力经典,0,1,4382,2
1825,松紧带鞋,48,187,62,116,93,橡胶大底,工装硬朗,耐克潮流,1,1,92,2
7920,魔术贴鞋,54,249,88,219,90,橡胶大底,日常休闲,斯凯奇潮,0,1,572,2
2510,系带设计,51,257,65,167,97,EVA轻底,工装硬朗,李宁休闲,1,0,3641,1
689,系带设计,54,160,72,115,95,橡胶大底,简约百搭,李宁休闲,0,0,1146,1
945,松紧带鞋,55,129,77,99,98,混合鞋底,工装硬朗,特步男鞋,0,1,28,2
2056,套脚款式,46,205,55,113,100,橡胶大底,日常休闲,安踏运动,0,0,304,1
9434,拉链鞋款,62,144,100,144,94,PU中底,户外机能,李宁休闲,0,1,477,2
924,套脚款式,32,363,82,298,91,PU中底,潮流高街,其他品牌,1,0,49,3
391,魔术贴鞋,59,265,68,180,90,EVA轻底,复古潮鞋,斯凯奇潮,1,1,526,2
4236,套脚款式,51,543,75,407,95,MD发泡底,简约百搭,阿迪达斯,1,0,1497,3
673,拉链鞋款,44,380,79,300,91,TPR鞋底,复古潮鞋,鸿星尔克,0,0,21,3
1909,套脚款式,34,246,56,138,95,橡胶大底,潮流高街,阿迪达斯,1,0,1157,1
279,系带设计,34,125,79,99,90,混合鞋底,运动休闲,耐克潮流,0,1,1284,2
2483,松紧带鞋,55,445,71,316,94,PU中底,简约百搭,耐克潮流,0,0,3,3
5478,松紧带鞋,60,146,68,99,94,橡胶大底,复古潮鞋,李宁休闲,1,0,665,1
50000,松紧带鞋,42,125,79,99,91,橡胶大底,工装硬朗,耐克潮流,1,1,46,0
2325,拉链鞋款,55,568,99,562,89,混合鞋底,日常休闲,鸿星尔克,0,0,408,3
3123,套脚款式,59,576,99,570,94,橡胶大底,户外机能,斯凯奇潮,0,0,1135,3
200,套脚款式,58,282,60,169,97,橡胶大底,日常休闲,耐克潮流,0,0,399,1
2281,套脚款式,56,161,69,111,95,混合鞋底,工装硬朗,鸿星尔克,0,1,179,2
399,松紧带鞋,40,170,84,143,89,混合鞋底,运动休闲,耐克潮流,0,0,477,1
239,套脚款式,40,387,61,236,94,PU中底,户外机能,其他品牌,1,0,1308,3
13586,套脚款式,42,248,92,228,91,混合鞋底,复古潮鞋,回力经典,0,1,36,0
3318,套脚款式,49,105,94,99,99,混合鞋底,工装硬朗,阿迪达斯,1,1,4587,2
1839,松紧带鞋,56,417,66,275,94,PU中底,潮流高街,京东京造,0,1,45,3
979,魔术贴鞋,54,157,69,108,91,混合鞋底,运动休闲,特步男鞋,0,1,470,2
3133,系带设计,50,177,64,113,99,EVA轻底,户外机能,阿迪达斯,1,1,666,2
4749,松紧带鞋,55,136,73,99,90,TPR鞋底,潮流高街,特步男鞋,0,0,30,1
649,松紧带鞋,52,170,87,148,93,TPR鞋底,户外机能,京东京造,0,0,282,1
669,魔术贴鞋,54,283,64,181,92,TPR鞋底,工装硬朗,安踏运动,0,0,1379,1
1712,套脚款式,55,287,55,158,92,TPR鞋底,工装硬朗,回力经典,1,0,937,1
1214,魔术贴鞋,44,414,51,211,92,TPR鞋底,简约百搭,安踏运动,1,0,647,3
308,系带设计,52,105,94,99,92,TPR鞋底,潮流高街,安踏运动,1,0,433,1
2555,魔术贴鞋,56,129,77,99,97,PU中底,复古潮鞋,其他品牌,1,1,1420,2
7747,套脚款式,43,219,68,149,96,EVA轻底,潮流高街,斯凯奇潮,1,0,46,1
5305,套脚款式,35,406,82,333,90,橡胶大底,简约百搭,安踏运动,1,0,555,3
1073,拉链鞋款,63,156,93,145,93,MD发泡底,复古潮鞋,斯凯奇潮,0,1,14,2
3220,拉链鞋款,44,138,72,99,100,MD发泡底,简约百搭,斯凯奇潮,0,0,419,1
2556,松紧带鞋,63,124,92,114,94,MD发泡底,工装硬朗,李宁休闲,1,1,43,2
2563,套脚款式,52,132,75,99,96,混合鞋底,工装硬朗,耐克潮流,0,1,1145,2
1627,拉链鞋款,47,195,57,111,91,混合鞋底,潮流高街,斯凯奇潮,1,0,981,1
2245,拉链鞋款,38,162,61,99,94,TPR鞋底,日常休闲,斯凯奇潮,0,0,821,1
7655,拉链鞋款,41,177,56,99,96,橡胶大底,户外机能,特步男鞋,1,0,411,1
158,魔术贴鞋,60,149,73,109,97,混合鞋底,简约百搭,鸿星尔克,0,0,1458,1
11606,魔术贴鞋,47,149,68,101,86,PU中底,日常休闲,其他品牌,1,1,20,0
6973,松紧带鞋,59,105,94,99,94,混合鞋底,日常休闲,其他品牌,1,1,4008,2
9400,系带设计,44,181,89,161,96,MD发泡底,复古潮鞋,特步男鞋,0,0,1088,1
13658,松紧带鞋,44,141,70,99,91,EVA轻底,日常休闲,特步男鞋,0,0,16,0
530,系带设计,45,152,65,99,95,TPR鞋底,户外机能,阿迪达斯,1,0,1082,1
585,拉链鞋款,44,150,66,99,90,TPR鞋底,日常休闲,阿迪达斯,0,0,964,1
721,系带设计,51,330,99,327,90,PU中底,简约百搭,安踏运动,1,0,743,3
254,魔术贴鞋,60,142,92,131,95,EVA轻底,复古潮鞋,其他品牌,0,1,9,2
424,套脚款式,46,146,69,101,96,PU中底,简约百搭,安踏运动,0,1,233,2
1475,拉链鞋款,49,253,98,248,94,EVA轻底,复古潮鞋,鸿星尔克,1,0,759,1
1039,系带设计,52,205,87,178,92,橡胶大底,潮流高街,阿迪达斯,0,0,132,1
8694,系带设计,62,290,88,255,99,TPR鞋底,运动休闲,安踏运动,0,1,484,2
5025,套脚款式,51,523,77,403,90,TPR鞋底,潮流高街,鸿星尔克,1,0,20,3
208,拉链鞋款,54,239,92,220,94,PU中底,运动休闲,特步男鞋,0,0,1160,1
1088,魔术贴鞋,47,180,55,99,97,混合鞋底,工装硬朗,李宁休闲,1,1,201,2
865,套脚款式,48,709,54,383,99,MD发泡底,复古潮鞋,特步男鞋,0,0,901,3
850,魔术贴鞋,49,187,53,99,100,EVA轻底,工装硬朗,斯凯奇潮,1,1,2053,2
1635,套脚款式,57,162,61,99,90,EVA轻底,潮流高街,安踏运动,0,0,18,1
807,系带设计,53,139,71,99,95,橡胶大底,工装硬朗,耐克潮流,0,1,1361,2
649,套脚款式,58,298,55,164,92,橡胶大底,潮流高街,李宁休闲,0,0,313,1
616,拉链鞋款,48,180,55,99,94,TPR鞋底,户外机能,特步男鞋,0,0,3165,1
145,魔术贴鞋,46,405,56,227,95,MD发泡底,运动休闲,斯凯奇潮,1,1,3,3
657,魔术贴鞋,43,291,100,291,98,EVA轻底,日常休闲,其他品牌,0,1,4,2
1449,松紧带鞋,53,132,75,99,100,PU中底,户外机能,其他品牌,1,1,1293,2
3673,魔术贴鞋,45,351,65,228,90,EVA轻底,简约百搭,京东京造,1,1,4375,2
4316,系带设计,51,127,78,99,98,橡胶大底,户外机能,李宁休闲,1,1,37,2
849,套脚款式,53,386,58,224,93,EVA轻底,日常休闲,其他品牌,0,0,554,3
1649,系带设计,46,116,85,99,85,MD发泡底,工装硬朗,其他品牌,0,0,762,1
3821,套脚款式,53,404,95,384,90,EVA轻底,潮流高街,阿迪达斯,1,0,4063,3
3218,松紧带鞋,51,140,99,139,96,橡胶大底,简约百搭,耐克潮流,1,1,9,2
1469,系带设计,40,101,98,99,94,橡胶大底,户外机能,斯凯奇潮,0,0,1226,1
1062,系带设计,54,157,63,99,93,橡胶大底,潮流高街,其他品牌,0,1,1285,2
752,松紧带鞋,57,300,72,216,90,TPR鞋底,日常休闲,安踏运动,1,0,1156,1
931,魔术贴鞋,50,256,100,256,95,MD发泡底,工装硬朗,耐克潮流,0,1,32,2
2460,系带设计,62,190,67,127,91,MD发泡底,潮流高街,回力经典,0,0,175,1
1913,套脚款式,53,351,89,312,96,橡胶大底,日常休闲,李宁休闲,0,1,715,3
890,系带设计,55,101,98,99,86,TPR鞋底,潮流高街,李宁休闲,1,0,12,1
1807,系带设计,46,168,65,109,99,混合鞋底,户外机能,京东京造,0,0,2643,1
773,魔术贴鞋,31,171,58,99,88,混合鞋底,运动休闲,其他品牌,0,1,3241,2
1269,松紧带鞋,44,197,59,116,96,EVA轻底,简约百搭,李宁休闲,1,0,31,1
208,系带设计,49,243,82,199,85,PU中底,潮流高街,阿迪达斯,1,0,734,1
1645,套脚款式,57,122,81,99,92,橡胶大底,户外机能,李宁休闲,0,1,845,2
129,魔术贴鞋,62,314,77,242,90,PU中底,潮流高街,阿迪达斯,0,1,143,2
25685,拉链鞋款,36,160,62,99,91,PU中底,复古潮鞋,耐克潮流,1,1,47,0
3243,拉链鞋款,50,315,54,170,95,MD发泡底,复古潮鞋,其他品牌,1,1,361,2
5798,松紧带鞋,43,257,75,193,91,PU中底,运动休闲,特步男鞋,1,1,644,2
2520,魔术贴鞋,51,125,89,111,92,PU中底,日常休闲,京东京造,0,0,1285,1
796,套脚款式,48,146,89,130,93,混合鞋底,复古潮鞋,耐克潮流,0,0,1369,1
4071,套脚款式,52,468,80,374,92,MD发泡底,工装硬朗,回力经典,0,1,1155,3
2770,系带设计,47,152,65,99,96,TPR鞋底,户外机能,回力经典,1,0,15,1
1117,套脚款式,58,232,59,137,95,PU中底,简约百搭,鸿星尔克,1,0,4689,1
393,松紧带鞋,40,162,98,159,97,混合鞋底,复古潮鞋,耐克潮流,0,0,2455,1
1352,系带设计,65,209,88,184,95,MD发泡底,运动休闲,斯凯奇潮,1,1,1389,2
3267,系带设计,63,324,86,279,93,PU中底,简约百搭,回力经典,0,1,4827,3
492,系带设计,42,99,100,99,100,PU中底,复古潮鞋,回力经典,1,0,16,1
1797,魔术贴鞋,50,313,70,219,94,TPR鞋底,复古潮鞋,安踏运动,0,0,813,1
1057,套脚款式,48,102,97,99,91,PU中底,运动休闲,鸿星尔克,0,0,1140,1
251,松紧带鞋,41,267,58,155,93,TPR鞋底,户外机能,安踏运动,0,0,422,1
1251,魔术贴鞋,51,99,100,99,97,PU中底,日常休闲,李宁休闲,1,1,900,2
8302,系带设计,42,411,55,226,95,EVA轻底,简约百搭,鸿星尔克,1,1,217,3
667,系带设计,52,608,61,371,95,MD发泡底,户外机能,耐克潮流,1,1,4537,3
11435,松紧带鞋,49,174,57,99,96,橡胶大底,复古潮鞋,安踏运动,0,0,2167,0
328,拉链鞋款,47,155,64,99,93,TPR鞋底,运动休闲,回力经典,1,1,88,2
1393,魔术贴鞋,51,138,72,99,91,PU中底,简约百搭,京东京造,0,0,981,1
1659,拉链鞋款,50,203,75,152,87,橡胶大底,简约百搭,阿迪达斯,0,1,159,2
1722,拉链鞋款,42,201,70,141,100,TPR鞋底,潮流高街,京东京造,0,0,19,1
4263,魔术贴鞋,51,109,91,99,92,TPR鞋底,户外机能,斯凯奇潮,1,1,3457,2
145,松紧带鞋,40,234,65,152,91,MD发泡底,运动休闲,耐克潮流,0,0,865,1
1143,魔术贴鞋,45,516,56,289,97,混合鞋底,潮流高街,京东京造,1,1,1316,3
3389,套脚款式,49,186,69,128,90,TPR鞋底,日常休闲,京东京造,1,0,968,1
255,拉链鞋款,46,121,82,99,95,混合鞋底,工装硬朗,阿迪达斯,1,0,31,1
259,松紧带鞋,39,484,50,242,92,EVA轻底,日常休闲,回力经典,1,1,219,3
1125,魔术贴鞋,46,122,81,99,85,PU中底,工装硬朗,耐克潮流,1,0,884,1
2560,魔术贴鞋,52,228,99,226,95,PU中底,潮流高街,安踏运动,0,1,26,2
126,松紧带鞋,65,193,84,162,95,橡胶大底,日常休闲,耐克潮流,1,0,1470,1
956,拉链鞋款,46,130,76,99,98,橡胶大底,简约百搭,安踏运动,1,1,334,2
2617,套脚款式,59,183,54,99,96,混合鞋底,户外机能,耐克潮流,1,0,1411,1
202,拉链鞋款,58,140,86,120,96,橡胶大底,户外机能,鸿星尔克,1,1,1009,2
1546,拉链鞋款,44,453,62,281,91,MD发泡底,潮流高街,斯凯奇潮,1,0,1494,3
212,拉链鞋款,46,138,72,99,96,混合鞋底,复古潮鞋,回力经典,1,1,591,2
632,魔术贴鞋,62,138,72,99,98,PU中底,复古潮鞋,特步男鞋,0,0,29,1
640,松紧带鞋,42,149,91,136,97,MD发泡底,运动休闲,斯凯奇潮,0,0,42,1
1691,套脚款式,46,268,90,241,92,混合鞋底,户外机能,斯凯奇潮,1,1,1148,2
409,拉链鞋款,36,138,73,101,95,MD发泡底,工装硬朗,特步男鞋,0,1,2865,2
1158,套脚款式,41,110,94,103,92,TPR鞋底,运动休闲,京东京造,0,0,8,1
546,拉链鞋款,44,236,61,144,100,混合鞋底,潮流高街,京东京造,0,1,56,2
236,松紧带鞋,44,127,78,99,93,TPR鞋底,复古潮鞋,阿迪达斯,0,0,3069,1
1901,松紧带鞋,43,205,99,203,89,橡胶大底,潮流高街,京东京造,0,1,880,2
368,系带设计,51,132,75,99,91,EVA轻底,简约百搭,鸿星尔克,1,0,747,1
4213,魔术贴鞋,57,168,59,99,95,TPR鞋底,复古潮鞋,耐克潮流,0,0,42,1
1046,系带设计,37,139,82,114,95,橡胶大底,复古潮鞋,阿迪达斯,1,0,1393,1
657,魔术贴鞋,28,112,88,99,94,MD发泡底,简约百搭,斯凯奇潮,1,0,4422,1
518,松紧带鞋,41,148,71,105,98,PU中底,简约百搭,李宁休闲,1,0,533,1
3563,套脚款式,42,172,58,100,95,混合鞋底,日常休闲,特步男鞋,1,1,2261,2
309,套脚款式,54,187,94,176,100,PU中底,简约百搭,回力经典,0,0,275,1
742,松紧带鞋,40,173,81,140,95,MD发泡底,工装硬朗,鸿星尔克,1,1,1398,2
442,系带设计,53,174,57,99,92,TPR鞋底,日常休闲,特步男鞋,1,0,108,1
6096,拉链鞋款,42,281,63,177,100,混合鞋底,潮流高街,鸿星尔克,1,0,1061,1
1058,套脚款式,43,330,50,165,97,EVA轻底,日常休闲,斯凯奇潮,1,1,129,2
355,套脚款式,57,174,57,99,99,TPR鞋底,运动休闲,特步男鞋,0,0,41,1
12573,系带设计,53,234,61,143,96,MD发泡底,日常休闲,京东京造,1,0,843,0
901,魔术贴鞋,18,198,81,160,92,PU中底,潮流高街,李宁休闲,1,0,1311,1
481,魔术贴鞋,43,362,58,210,90,橡胶大底,日常休闲,阿迪达斯,1,0,41,1
2935,魔术贴鞋,58,164,72,118,91,MD发泡底,运动休闲,斯凯奇潮,1,1,468,2
2056,系带设计,49,229,77,176,99,混合鞋底,工装硬朗,鸿星尔克,0,1,857,2
6310,系带设计,65,267,82,219,100,PU中底,潮流高街,耐克潮流,1,0,1,1
1062,套脚款式,43,718,60,431,88,PU中底,日常休闲,鸿星尔克,1,0,1311,3
598,套脚款式,50,141,70,99,93,EVA轻底,日常休闲,安踏运动,0,1,207,2
201,拉链鞋款,45,112,88,99,94,混合鞋底,潮流高街,特步男鞋,1,1,909,2
1924,拉链鞋款,42,132,75,99,88,MD发泡底,运动休闲,特步男鞋,1,1,1,2
13206,系带设计,36,281,54,152,100,混合鞋底,潮流高街,耐克潮流,1,1,1306,0
1356,魔术贴鞋,42,115,86,99,90,EVA轻底,潮流高街,其他品牌,1,0,10,1
926,系带设计,39,265,98,260,97,PU中底,日常休闲,其他品牌,0,0,2132,1
946,套脚款式,40,118,84,99,88,MD发泡底,复古潮鞋,李宁休闲,1,1,351,2
1251,拉链鞋款,40,126,88,111,97,TPR鞋底,潮流高街,斯凯奇潮,1,1,1143,2
120,系带设计,57,113,90,102,90,混合鞋底,潮流高街,回力经典,1,0,866,1
284,拉链鞋款,55,266,79,210,94,TPR鞋底,日常休闲,鸿星尔克,0,0,3688,1
786,松紧带鞋,40,128,82,105,94,EVA轻底,工装硬朗,安踏运动,1,1,47,2
173,系带设计,47,110,90,99,91,MD发泡底,复古潮鞋,鸿星尔克,1,0,30,1
1435,魔术贴鞋,53,395,63,249,95,混合鞋底,简约百搭,鸿星尔克,1,0,5,3
242,松紧带鞋,55,152,66,100,94,橡胶大底,简约百搭,特步男鞋,1,1,33,2
85,系带设计,43,219,72,158,95,TPR鞋底,运动休闲,安踏运动,1,0,34,1
488,系带设计,48,369,51,188,96,TPR鞋底,运动休闲,阿迪达斯,0,1,733,2
915,拉链鞋款,40,116,87,101,99,TPR鞋底,简约百搭,鸿星尔克,0,1,0,2
3088,拉链鞋款,44,112,88,99,97,MD发泡底,工装硬朗,鸿星尔克,1,0,2993,1
5113,系带设计,40,146,68,99,93,PU中底,户外机能,鸿星尔克,1,0,38,1
2545,套脚款式,58,523,56,293,90,PU中底,户外机能,李宁休闲,0,0,3939,3
846,套脚款式,49,284,56,159,92,EVA轻底,工装硬朗,其他品牌,0,0,45,1
2013,拉链鞋款,54,151,67,101,99,PU中底,简约百搭,阿迪达斯,1,0,978,1
4024,松紧带鞋,44,151,96,145,90,MD发泡底,户外机能,李宁休闲,1,0,640,1
215,套脚款式,44,121,82,99,99,MD发泡底,工装硬朗,斯凯奇潮,1,1,1456,2
318,系带设计,35,199,81,161,91,橡胶大底,日常休闲,李宁休闲,1,1,39,2
408,套脚款式,36,200,53,106,94,TPR鞋底,工装硬朗,其他品牌,1,1,1446,2
1174,拉链鞋款,41,229,56,128,96,MD发泡底,简约百搭,京东京造,1,0,1480,1
1257,魔术贴鞋,22,287,61,175,93,TPR鞋底,潮流高街,斯凯奇潮,1,1,574,2
1020,套脚款式,52,152,65,99,100,TPR鞋底,工装硬朗,安踏运动,0,1,814,2
1534,拉链鞋款,54,337,59,199,87,EVA轻底,户外机能,鸿星尔克,0,0,1469,1
181,系带设计,44,189,66,125,94,橡胶大底,运动休闲,阿迪达斯,1,0,249,1
337,松紧带鞋,59,165,60,99,94,TPR鞋底,日常休闲,李宁休闲,1,0,1018,1
615,魔术贴鞋,48,100,99,99,91,EVA轻底,运动休闲,回力经典,0,1,363,2
2786,松紧带鞋,51,108,92,99,95,橡胶大底,工装硬朗,李宁休闲,1,1,3,2
201,魔术贴鞋,50,198,50,99,97,橡胶大底,复古潮鞋,安踏运动,0,0,1406,1
3617,套脚款式,59,101,98,99,90,TPR鞋底,简约百搭,回力经典,0,0,768,1
2601,拉链鞋款,50,191,56,107,93,混合鞋底,简约百搭,鸿星尔克,0,1,912,2
673,套脚款式,50,102,97,99,96,橡胶大底,潮流高街,李宁休闲,0,1,1422,2
5171,拉链鞋款,61,118,84,99,98,混合鞋底,运动休闲,其他品牌,0,1,811,2
375,松紧带鞋,49,181,78,141,94,EVA轻底,复古潮鞋,安踏运动,1,1,4153,2
81,套脚款式,54,183,54,99,96,混合鞋底,简约百搭,安踏运动,1,0,16,1
1051,系带设计,35,177,56,99,96,橡胶大底,户外机能,京东京造,1,0,130,1
561,拉链鞋款,51,136,73,99,90,TPR鞋底,运动休闲,其他品牌,1,0,2,1
367,系带设计,39,206,63,130,98,TPR鞋底,简约百搭,特步男鞋,1,1,2218,2
379,魔术贴鞋,40,115,94,108,91,MD发泡底,复古潮鞋,耐克潮流,1,1,1274,2
320,拉链鞋款,55,125,79,99,96,PU中底,简约百搭,阿迪达斯,1,1,331,2
774,拉链鞋款,25,143,69,99,99,混合鞋底,简约百搭,京东京造,0,1,321,2
384,松紧带鞋,38,308,62,191,93,TPR鞋底,运动休闲,安踏运动,0,1,729,2
3656,魔术贴鞋,48,195,64,125,97,橡胶大底,工装硬朗,京东京造,0,1,421,2
6991,松紧带鞋,42,553,64,354,92,EVA轻底,工装硬朗,斯凯奇潮,1,0,130,3
1203,系带设计,57,112,88,99,92,MD发泡底,简约百搭,其他品牌,0,1,929,2
1697,拉链鞋款,34,190,52,99,91,橡胶大底,复古潮鞋,其他品牌,1,1,472,2
886,套脚款式,55,106,93,99,92,MD发泡底,日常休闲,耐克潮流,1,0,320,1
760,拉链鞋款,54,404,76,307,91,橡胶大底,简约百搭,李宁休闲,1,0,1005,3
477,拉链鞋款,40,271,82,222,95,橡胶大底,复古潮鞋,耐克潮流,0,1,2280,2
874,套脚款式,45,190,89,169,90,混合鞋底,日常休闲,其他品牌,0,0,810,1
1909,系带设计,40,99,100,99,96,橡胶大底,工装硬朗,京东京造,1,0,502,1
955,松紧带鞋,48,122,81,99,93,橡胶大底,运动休闲,安踏运动,1,0,726,1
189,系带设计,30,150,66,99,90,混合鞋底,户外机能,阿迪达斯,0,0,48,1
995,套脚款式,56,833,66,550,88,橡胶大底,户外机能,鸿星尔克,0,1,49,3
598,系带设计,36,129,77,99,93,EVA轻底,工装硬朗,回力经典,0,0,1440,1
281,套脚款式,42,304,71,216,92,TPR鞋底,工装硬朗,耐克潮流,1,1,3,2
715,系带设计,42,148,67,99,89,TPR鞋底,运动休闲,其他品牌,0,1,14,2
444,系带设计,48,149,68,101,90,TPR鞋底,运动休闲,斯凯奇潮,0,0,1297,1
991,松紧带鞋,42,273,91,248,95,EVA轻底,运动休闲,特步男鞋,0,1,2791,2
98,拉链鞋款,65,177,56,99,93,MD发泡底,工装硬朗,耐克潮流,1,1,2865,2
10934,套脚款式,36,129,77,99,97,TPR鞋底,运动休闲,耐克潮流,0,1,648,0
610,魔术贴鞋,39,222,63,140,92,MD发泡底,复古潮鞋,安踏运动,1,1,1062,2
1105,套脚款式,45,225,57,128,92,PU中底,运动休闲,回力经典,1,1,1250,2
2426,系带设计,33,141,70,99,93,混合鞋底,简约百搭,特步男鞋,0,0,972,1
579,套脚款式,55,326,69,225,91,TPR鞋底,工装硬朗,李宁休闲,1,1,55,2
1509,拉链鞋款,54,345,58,200,94,TPR鞋底,运动休闲,斯凯奇潮,1,0,47,1
378,系带设计,45,141,70,99,98,MD发泡底,运动休闲,斯凯奇潮,0,0,593,1
3464,松紧带鞋,35,109,91,99,100,TPR鞋底,复古潮鞋,其他品牌,0,0,77,1
715,拉链鞋款,56,474,68,322,90,PU中底,复古潮鞋,其他品牌,1,1,177,3
1140,系带设计,40,264,56,148,92,橡胶大底,户外机能,京东京造,0,1,1360,2
339,套脚款式,42,187,53,99,91,PU中底,户外机能,斯凯奇潮,1,1,746,2
3453,套脚款式,56,168,73,123,92,TPR鞋底,简约百搭,安踏运动,0,0,135,1
17600,松紧带鞋,43,174,72,125,95,PU中底,户外机能,耐克潮流,1,1,441,0
746,松紧带鞋,37,100,99,99,93,混合鞋底,工装硬朗,鸿星尔克,1,0,37,1
5042,松紧带鞋,40,241,86,207,90,EVA轻底,运动休闲,特步男鞋,1,0,999,1
615,系带设计,44,184,77,142,93,EVA轻底,户外机能,其他品牌,0,0,403,1
379,魔术贴鞋,49,162,61,99,93,PU中底,户外机能,安踏运动,1,1,1432,2
1590,系带设计,47,608,61,371,94,橡胶大底,简约百搭,特步男鞋,0,1,611,3
6252,松紧带鞋,43,188,60,113,97,MD发泡底,简约百搭,阿迪达斯,0,0,951,1
269,套脚款式,37,112,88,99,93,EVA轻底,工装硬朗,阿迪达斯,0,0,817,1
1617,松紧带鞋,31,136,73,99,87,橡胶大底,户外机能,京东京造,1,1,1092,2
1921,系带设计,46,259,81,210,93,TPR鞋底,简约百搭,耐克潮流,1,1,1481,2
1233,松紧带鞋,41,153,91,139,96,TPR鞋底,复古潮鞋,其他品牌,0,1,116,2
2966,拉链鞋款,55,155,64,99,99,橡胶大底,户外机能,特步男鞋,1,1,1475,2
157,拉链鞋款,54,178,85,151,97,PU中底,运动休闲,其他品牌,0,1,1458,2
1179,拉链鞋款,47,127,78,99,91,橡胶大底,运动休闲,京东京造,1,1,427,2
914,套脚款式,54,162,61,99,100,MD发泡底,工装硬朗,鸿星尔克,1,0,3544,1
851,系带设计,49,148,82,121,86,MD发泡底,日常休闲,鸿星尔克,0,0,1444,1
170,系带设计,56,193,99,191,97,混合鞋底,潮流高街,其他品牌,1,1,49,2
714,魔术贴鞋,40,236,61,144,97,MD发泡底,户外机能,斯凯奇潮,0,0,13,1
1208,魔术贴鞋,51,401,75,301,95,TPR鞋底,简约百搭,特步男鞋,0,0,464,3
1144,魔术贴鞋,41,266,56,149,100,EVA轻底,日常休闲,阿迪达斯,1,1,1364,2
7919,松紧带鞋,45,222,60,133,87,PU中底,户外机能,耐克潮流,1,1,1042,2
3649,系带设计,44,130,76,99,95,混合鞋底,户外机能,斯凯奇潮,1,1,1350,2
230,松紧带鞋,54,164,76,125,93,橡胶大底,户外机能,其他品牌,1,1,259,2
9753,魔术贴鞋,58,105,94,99,97,PU中底,简约百搭,安踏运动,1,1,294,2
238,魔术贴鞋,43,291,70,204,93,混合鞋底,日常休闲,回力经典,1,1,82,2
4932,系带设计,62,115,86,99,100,EVA轻底,日常休闲,阿迪达斯,1,1,306,2
2309,松紧带鞋,53,278,63,175,100,PU中底,潮流高街,安踏运动,1,1,39,2
3322,系带设计,50,315,67,211,92,混合鞋底,户外机能,特步男鞋,1,1,477,2
528,拉链鞋款,42,148,67,99,86,橡胶大底,户外机能,阿迪达斯,1,1,4984,2
575,拉链鞋款,39,347,81,281,100,EVA轻底,简约百搭,安踏运动,1,0,1380,3
579,拉链鞋款,50,161,66,106,92,混合鞋底,运动休闲,耐克潮流,1,0,446,1
563,套脚款式,54,186,57,106,97,EVA轻底,工装硬朗,耐克潮流,1,0,408,1
2210,松紧带鞋,51,110,90,99,90,混合鞋底,运动休闲,鸿星尔克,1,0,3,1
2004,松紧带鞋,55,162,61,99,99,PU中底,运动休闲,特步男鞋,0,0,4674,1
2765,套脚款式,42,204,57,116,93,橡胶大底,工装硬朗,其他品牌,0,0,641,1
3748,魔术贴鞋,53,107,95,102,96,EVA轻底,潮流高街,李宁休闲,1,0,27,1
801,系带设计,61,196,51,100,93,橡胶大底,日常休闲,鸿星尔克,1,1,782,2
1525,拉链鞋款,45,260,50,130,92,PU中底,复古潮鞋,耐克潮流,1,0,25,1
418,套脚款式,47,281,58,163,90,混合鞋底,日常休闲,特步男鞋,1,0,590,1
179,拉链鞋款,48,130,76,99,92,EVA轻底,潮流高街,李宁休闲,1,1,3447,2
541,拉链鞋款,46,344,72,248,100,EVA轻底,工装硬朗,特步男鞋,0,0,992,3
713,拉链鞋款,46,589,53,312,93,混合鞋底,日常休闲,其他品牌,1,1,14,3
667,套脚款式,50,143,69,99,92,混合鞋底,复古潮鞋,特步男鞋,1,0,1202,1
1258,拉链鞋款,42,106,93,99,95,PU中底,复古潮鞋,其他品牌,1,1,753,2
2076,拉链鞋款,36,164,88,144,91,橡胶大底,复古潮鞋,鸿星尔克,0,1,21,2
1725,系带设计,45,156,80,125,90,MD发泡底,简约百搭,安踏运动,0,1,336,2
408,拉链鞋款,42,302,65,196,96,混合鞋底,工装硬朗,回力经典,0,0,181,1
934,魔术贴鞋,38,160,62,99,100,MD发泡底,潮流高街,安踏运动,1,0,617,1
1517,松紧带鞋,53,177,56,99,92,PU中底,简约百搭,斯凯奇潮,0,1,355,2
251,松紧带鞋,51,180,55,99,88,MD发泡底,日常休闲,回力经典,1,1,589,2
958,拉链鞋款,52,180,55,99,91,橡胶大底,运动休闲,斯凯奇潮,1,0,169,1
1347,拉链鞋款,50,101,98,99,90,TPR鞋底,运动休闲,回力经典,1,1,453,2
252,拉链鞋款,41,143,69,99,93,混合鞋底,工装硬朗,特步男鞋,0,0,480,1
612,系带设计,53,295,55,162,97,EVA轻底,工装硬朗,斯凯奇潮,1,0,29,1
3684,魔术贴鞋,50,292,87,254,93,TPR鞋底,简约百搭,李宁休闲,0,0,3699,1
2157,魔术贴鞋,50,190,52,99,96,MD发泡底,日常休闲,特步男鞋,1,1,790,2
370,松紧带鞋,40,154,76,117,93,MD发泡底,简约百搭,斯凯奇潮,1,0,330,1
884,套脚款式,55,122,83,101,97,TPR鞋底,户外机能,安踏运动,0,1,1310,2
53,魔术贴鞋,31,190,52,99,94,TPR鞋底,潮流高街,鸿星尔克,0,0,388,1
1199,系带设计,61,167,89,149,91,PU中底,运动休闲,安踏运动,0,1,732,2
602,系带设计,54,262,78,204,98,TPR鞋底,简约百搭,李宁休闲,1,0,10,1
842,套脚款式,46,100,99,99,91,TPR鞋底,工装硬朗,耐克潮流,0,1,415,2
14403,魔术贴鞋,36,308,92,283,94,MD发泡底,运动休闲,斯凯奇潮,0,0,3164,0
1521,系带设计,44,172,79,136,92,EVA轻底,运动休闲,斯凯奇潮,1,1,2038,2
906,系带设计,46,246,97,239,92,橡胶大底,运动休闲,特步男鞋,0,1,1226,2
305,魔术贴鞋,43,132,75,99,93,橡胶大底,户外机能,安踏运动,0,0,2511,1
2198,套脚款式,53,257,99,254,90,EVA轻底,日常休闲,耐克潮流,0,1,1255,2
1324,套脚款式,48,177,56,99,99,橡胶大底,运动休闲,阿迪达斯,1,1,1233,2
667,套脚款式,40,152,65,99,93,TPR鞋底,复古潮鞋,特步男鞋,1,0,931,1
2398,套脚款式,51,155,64,99,93,EVA轻底,运动休闲,特步男鞋,0,1,50,2
843,系带设计,62,115,93,107,88,橡胶大底,简约百搭,李宁休闲,1,0,41,1
399,魔术贴鞋,51,215,54,116,95,橡胶大底,运动休闲,耐克潮流,0,1,244,2
357,套脚款式,42,127,78,99,93,EVA轻底,运动休闲,特步男鞋,0,1,36,2
3641,套脚款式,50,409,54,221,91,PU中底,潮流高街,安踏运动,1,1,1158,3
742,拉链鞋款,46,314,91,286,89,橡胶大底,户外机能,其他品牌,0,1,980,3
163,系带设计,49,187,76,142,98,橡胶大底,简约百搭,耐克潮流,1,0,950,1
513,套脚款式,52,401,78,313,94,MD发泡底,日常休闲,阿迪达斯,0,0,1436,3
294,系带设计,47,114,87,99,94,PU中底,简约百搭,阿迪达斯,0,1,349,2
6575,系带设计,49,246,72,177,98,EVA轻底,复古潮鞋,耐克潮流,0,1,320,2
543,拉链鞋款,37,227,73,166,94,EVA轻底,简约百搭,耐克潮流,0,1,366,2
730,魔术贴鞋,47,188,83,156,91,混合鞋底,工装硬朗,李宁休闲,1,1,765,2
376,松紧带鞋,32,162,61,99,95,TPR鞋底,运动休闲,李宁休闲,1,0,718,1
952,魔术贴鞋,44,195,60,117,91,PU中底,运动休闲,耐克潮流,1,1,4705,2
1014,套脚款式,32,182,57,104,93,MD发泡底,户外机能,回力经典,1,0,1236,1
3451,魔术贴鞋,39,557,54,301,98,橡胶大底,运动休闲,京东京造,0,1,28,3
282,系带设计,36,100,99,99,100,橡胶大底,简约百搭,京东京造,1,1,1176,2
8256,松紧带鞋,63,112,88,99,91,MD发泡底,户外机能,鸿星尔克,0,0,224,1
510,拉链鞋款,64,357,70,250,87,混合鞋底,户外机能,李宁休闲,1,0,49,3
518,拉链鞋款,37,202,96,194,92,EVA轻底,运动休闲,安踏运动,1,1,5,2
1269,松紧带鞋,34,164,96,157,95,PU中底,日常休闲,鸿星尔克,1,1,938,2
1223,套脚款式,37,122,81,99,100,橡胶大底,复古潮鞋,耐克潮流,1,0,3622,1
178,松紧带鞋,37,194,51,99,95,橡胶大底,户外机能,斯凯奇潮,0,0,3676,1
450,套脚款式,39,295,73,215,92,PU中底,日常休闲,鸿星尔克,0,0,1446,1
976,拉链鞋款,37,127,78,99,98,混合鞋底,户外机能,特步男鞋,1,1,1132,2
1294,拉链鞋款,50,163,63,103,98,PU中底,户外机能,回力经典,0,0,595,1
5950,套脚款式,47,124,80,99,90,混合鞋底,户外机能,回力经典,1,1,5,2
223,系带设计,39,161,92,148,90,EVA轻底,户外机能,京东京造,1,1,599,2
4015,拉链鞋款,39,146,68,99,91,PU中底,日常休闲,京东京造,0,1,4053,2
674,套脚款式,49,229,89,204,97,EVA轻底,日常休闲,斯凯奇潮,0,0,39,1
1068,松紧带鞋,42,463,59,273,94,混合鞋底,日常休闲,斯凯奇潮,0,0,3122,3
104,系带设计,58,132,75,99,95,混合鞋底,简约百搭,安踏运动,1,1,1341,2
391,魔术贴鞋,36,847,62,525,94,混合鞋底,复古潮鞋,李宁休闲,1,1,1364,3
582,系带设计,57,171,58,99,94,TPR鞋底,工装硬朗,耐克潮流,0,0,128,1
446,拉链鞋款,52,217,75,163,97,EVA轻底,工装硬朗,特步男鞋,0,1,325,2
412,套脚款式,48,175,68,119,97,PU中底,户外机能,耐克潮流,1,0,1347,1
871,拉链鞋款,45,280,66,185,94,橡胶大底,运动休闲,京东京造,0,0,303,1
241,套脚款式,36,214,76,163,96,PU中底,简约百搭,耐克潮流,0,1,1008,2
1367,魔术贴鞋,46,243,68,165,96,PU中底,复古潮鞋,耐克潮流,0,0,827,1
6333,魔术贴鞋,30,116,85,99,93,EVA轻底,日常休闲,其他品牌,0,0,278,1
2044,系带设计,40,495,100,495,98,TPR鞋底,户外机能,京东京造,0,1,3605,3
1251,套脚款式,36,112,94,105,94,混合鞋底,潮流高街,鸿星尔克,1,1,2459,2
526,松紧带鞋,44,100,100,100,90,MD发泡底,复古潮鞋,安踏运动,0,1,14,2
1175,魔术贴鞋,50,138,72,99,97,TPR鞋底,日常休闲,安踏运动,1,1,1244,2
594,拉链鞋款,55,203,68,138,95,EVA轻底,户外机能,耐克潮流,0,0,0,1
1694,松紧带鞋,44,118,87,103,96,混合鞋底,运动休闲,其他品牌,0,1,27,2
491,系带设计,33,190,52,99,93,EVA轻底,潮流高街,斯凯奇潮,1,0,189,1
1685,拉链鞋款,57,135,92,124,98,橡胶大底,运动休闲,阿迪达斯,0,0,1225,1
1855,松紧带鞋,59,118,84,99,91,EVA轻底,运动休闲,安踏运动,0,1,776,2
575,魔术贴鞋,57,471,58,273,95,TPR鞋底,户外机能,阿迪达斯,1,0,2232,3
1867,魔术贴鞋,37,194,66,128,97,橡胶大底,潮流高街,其他品牌,0,1,1019,2
2127,松紧带鞋,46,198,50,99,93,混合鞋底,运动休闲,李宁休闲,0,0,1155,1
1960,系带设计,48,383,75,287,85,TPR鞋底,工装硬朗,耐克潮流,0,1,38,3
829,松紧带鞋,52,127,78,99,90,EVA轻底,潮流高街,其他品牌,1,1,23,2
277,套脚款式,47,163,89,145,94,MD发泡底,日常休闲,鸿星尔克,1,1,7,2
2571,魔术贴鞋,42,148,67,99,91,TPR鞋底,潮流高街,特步男鞋,1,1,134,2
894,魔术贴鞋,50,143,69,99,98,混合鞋底,户外机能,京东京造,1,1,397,2
1718,魔术贴鞋,34,102,97,99,95,PU中底,简约百搭,李宁休闲,1,1,724,2
1655,松紧带鞋,40,110,90,99,98,混合鞋底,工装硬朗,鸿星尔克,1,1,4113,2
1103,套脚款式,45,540,52,281,90,橡胶大底,户外机能,鸿星尔克,0,1,446,3
1008,系带设计,64,540,89,481,93,混合鞋底,运动休闲,斯凯奇潮,1,1,440,3
853,松紧带鞋,39,103,96,99,96,橡胶大底,户外机能,安踏运动,1,0,4152,1
2411,套脚款式,51,194,51,99,90,EVA轻底,潮流高街,阿迪达斯,1,0,661,1
2056,松紧带鞋,51,261,51,133,92,TPR鞋底,运动休闲,特步男鞋,1,0,465,1
389,系带设计,55,362,69,250,95,EVA轻底,工装硬朗,特步男鞋,1,1,480,3
463,系带设计,46,594,62,368,94,TPR鞋底,户外机能,阿迪达斯,1,1,3276,3
3128,套脚款式,48,144,97,140,93,TPR鞋底,简约百搭,斯凯奇潮,1,1,10,2
292,松紧带鞋,47,180,55,99,94,MD发泡底,工装硬朗,鸿星尔克,1,0,3018,1
328,拉链鞋款,40,389,72,280,96,MD发泡底,潮流高街,其他品牌,1,0,1357,3
659,系带设计,53,130,76,99,96,TPR鞋底,潮流高街,特步男鞋,1,0,1055,1
987,套脚款式,33,243,79,192,92,混合鞋底,简约百搭,阿迪达斯,0,0,404,1
865,松紧带鞋,36,119,89,106,96,混合鞋底,户外机能,鸿星尔克,1,0,25,1
3665,魔术贴鞋,43,113,99,112,96,PU中底,简约百搭,其他品牌,1,0,1005,1
3271,拉链鞋款,30,157,81,127,90,混合鞋底,复古潮鞋,安踏运动,1,0,21,1
11350,拉链鞋款,49,165,99,163,90,EVA轻底,潮流高街,耐克潮流,1,1,47,0
3265,魔术贴鞋,40,185,62,115,99,MD发泡底,简约百搭,李宁休闲,0,1,711,2
565,松紧带鞋,54,112,88,99,91,PU中底,工装硬朗,阿迪达斯,1,0,747,1
2017,松紧带鞋,45,340,52,177,93,混合鞋底,运动休闲,其他品牌,1,1,44,2
1439,拉链鞋款,36,130,98,127,90,混合鞋底,潮流高街,其他品牌,0,1,243,2
2618,魔术贴鞋,41,183,54,99,87,橡胶大底,复古潮鞋,鸿星尔克,0,0,1039,1
1601,松紧带鞋,31,348,60,209,95,TPR鞋底,复古潮鞋,回力经典,1,1,26,2
270,魔术贴鞋,38,171,58,99,94,PU中底,工装硬朗,回力经典,0,0,1056,1
2319,套脚款式,54,130,82,107,90,混合鞋底,日常休闲,其他品牌,0,0,575,1
1582,松紧带鞋,36,241,79,190,92,EVA轻底,运动休闲,其他品牌,1,0,16,1
1258,系带设计,39,389,53,206,94,TPR鞋底,复古潮鞋,阿迪达斯,1,0,761,3
246,魔术贴鞋,51,132,75,99,97,橡胶大底,运动休闲,斯凯奇潮,0,0,286,1
1056,魔术贴鞋,38,152,65,99,100,橡胶大底,户外机能,其他品牌,0,0,663,1
6461,拉链鞋款,42,180,55,99,90,TPR鞋底,户外机能,安踏运动,0,1,61,2
5727,松紧带鞋,48,356,61,217,95,MD发泡底,简约百搭,其他品牌,1,1,574,2
765,套脚款式,58,710,62,440,96,EVA轻底,日常休闲,阿迪达斯,1,1,2737,3
8722,松紧带鞋,44,130,90,117,96,混合鞋底,潮流高街,特步男鞋,1,1,652,2
1150,拉链鞋款,54,146,68,99,92,EVA轻底,运动休闲,京东京造,1,1,4,2
2601,拉链鞋款,43,257,79,203,90,TPR鞋底,简约百搭,耐克潮流,0,1,7,2
2193,系带设计,47,243,51,124,100,EVA轻底,工装硬朗,回力经典,0,1,959,2
4534,松紧带鞋,51,143,82,117,97,MD发泡底,简约百搭,耐克潮流,1,1,3,2
755,拉链鞋款,46,168,59,99,90,EVA轻底,复古潮鞋,李宁休闲,0,0,324,1
918,松紧带鞋,43,242,53,128,95,橡胶大底,户外机能,其他品牌,1,0,16,1
101,松紧带鞋,52,268,85,228,93,混合鞋底,简约百搭,李宁休闲,1,1,708,2
1136,魔术贴鞋,45,381,74,282,94,EVA轻底,运动休闲,京东京造,1,0,152,3
1599,系带设计,54,125,93,116,95,PU中底,复古潮鞋,斯凯奇潮,0,0,596,1
4913,拉链鞋款,37,153,73,112,97,PU中底,简约百搭,安踏运动,1,0,1315,1
6081,系带设计,47,111,89,99,93,MD发泡底,运动休闲,安踏运动,0,1,1145,2
878,拉链鞋款,41,139,96,133,94,PU中底,运动休闲,其他品牌,1,0,4073,1
1388,松紧带鞋,23,134,74,99,97,EVA轻底,运动休闲,京东京造,1,1,7,2
1499,魔术贴鞋,59,309,69,213,98,混合鞋底,日常休闲,京东京造,1,0,44,1
2873,拉链鞋款,51,104,95,99,92,TPR鞋底,简约百搭,特步男鞋,0,1,545,2
786,系带设计,42,211,93,196,92,TPR鞋底,运动休闲,京东京造,1,1,1354,2
460,松紧带鞋,47,143,69,99,95,EVA轻底,日常休闲,耐克潮流,0,1,0,2
306,魔术贴鞋,53,183,72,132,90,橡胶大底,潮流高街,阿迪达斯,0,1,2353,2
463,魔术贴鞋,55,165,60,99,96,混合鞋底,工装硬朗,其他品牌,1,1,619,2
10241,拉链鞋款,45,114,100,114,93,TPR鞋底,简约百搭,其他品牌,1,1,377,2
1248,魔术贴鞋,44,100,99,99,97,橡胶大底,户外机能,耐克潮流,1,0,27,1
255,魔术贴鞋,40,151,75,113,93,橡胶大底,运动休闲,回力经典,0,1,70,2
1905,松紧带鞋,21,340,73,248,92,EVA轻底,运动休闲,耐克潮流,1,1,1089,3
521,魔术贴鞋,40,365,54,197,96,橡胶大底,潮流高街,鸿星尔克,0,0,133,1
1648,松紧带鞋,62,106,93,99,91,混合鞋底,复古潮鞋,鸿星尔克,1,1,17,2
1487,系带设计,47,105,94,99,90,TPR鞋底,工装硬朗,耐克潮流,1,0,30,1
1362,套脚款式,50,239,59,141,94,混合鞋底,复古潮鞋,阿迪达斯,0,0,192,1
3286,魔术贴鞋,37,129,77,99,94,TPR鞋底,日常休闲,斯凯奇潮,1,0,44,1
1249,套脚款式,47,450,54,243,94,PU中底,工装硬朗,安踏运动,1,0,4356,3
550,拉链鞋款,50,231,100,231,91,TPR鞋底,复古潮鞋,耐克潮流,0,1,1211,2
104,拉链鞋款,45,142,74,105,94,橡胶大底,简约百搭,耐克潮流,0,0,1208,1
96,魔术贴鞋,44,119,100,119,97,混合鞋底,户外机能,斯凯奇潮,0,0,179,1
905,魔术贴鞋,48,347,66,229,91,混合鞋底,户外机能,鸿星尔克,0,1,24,2
4859,松紧带鞋,46,157,63,99,95,TPR鞋底,复古潮鞋,李宁休闲,1,1,1305,2
893,松紧带鞋,46,160,62,99,93,TPR鞋底,简约百搭,安踏运动,0,1,4754,2
2741,松紧带鞋,44,122,81,99,86,橡胶大底,简约百搭,安踏运动,1,0,34,1
2360,系带设计,42,121,82,99,90,PU中底,复古潮鞋,安踏运动,1,1,2186,2
571,套脚款式,41,252,63,159,85,MD发泡底,工装硬朗,斯凯奇潮,0,1,33,2
4375,拉链鞋款,29,168,59,99,90,混合鞋底,工装硬朗,其他品牌,1,0,1379,1
731,拉链鞋款,59,143,69,99,95,TPR鞋底,工装硬朗,李宁休闲,1,1,3540,2
2126,拉链鞋款,60,103,96,99,92,橡胶大底,运动休闲,李宁休闲,0,0,944,1
1696,拉链鞋款,62,245,86,211,98,EVA轻底,复古潮鞋,特步男鞋,0,1,598,2
888,套脚款式,53,236,59,139,95,TPR鞋底,户外机能,斯凯奇潮,0,1,48,2
852,拉链鞋款,55,194,51,99,98,混合鞋底,运动休闲,斯凯奇潮,0,1,556,2
1015,系带设计,18,125,79,99,92,橡胶大底,运动休闲,斯凯奇潮,0,1,4122,2
1034,松紧带鞋,48,322,77,248,91,橡胶大底,复古潮鞋,鸿星尔克,0,0,1127,1
3700,拉链鞋款,55,261,85,222,93,MD发泡底,户外机能,李宁休闲,1,1,951,2
618,系带设计,52,106,93,99,96,EVA轻底,工装硬朗,京东京造,1,0,3318,1
5160,系带设计,47,237,65,154,98,MD发泡底,工装硬朗,耐克潮流,0,0,1368,1
1002,系带设计,34,222,59,131,93,TPR鞋底,工装硬朗,鸿星尔克,1,0,1364,1
4019,系带设计,40,122,81,99,85,橡胶大底,工装硬朗,李宁休闲,0,0,46,1
715,魔术贴鞋,54,174,57,99,91,MD发泡底,日常休闲,李宁休闲,0,1,5,2
6483,系带设计,34,196,77,151,96,MD发泡底,户外机能,鸿星尔克,1,1,3727,2
2063,魔术贴鞋,38,281,59,166,98,MD发泡底,工装硬朗,安踏运动,0,1,3041,2
407,松紧带鞋,51,266,65,173,94,PU中底,复古潮鞋,安踏运动,0,0,23,1
1585,拉链鞋款,47,121,82,99,91,TPR鞋底,潮流高街,阿迪达斯,1,1,1232,2
1416,魔术贴鞋,18,317,75,238,91,橡胶大底,复古潮鞋,李宁休闲,1,1,923,2
917,套脚款式,54,186,72,134,96,EVA轻底,复古潮鞋,安踏运动,0,0,3335,1
5481,系带设计,33,129,77,99,96,MD发泡底,复古潮鞋,鸿星尔克,0,0,1185,1
3365,松紧带鞋,62,196,76,149,95,MD发泡底,日常休闲,耐克潮流,0,0,37,1
2308,魔术贴鞋,40,248,60,149,91,混合鞋底,潮流高街,其他品牌,0,1,276,2
758,拉链鞋款,50,527,70,369,97,橡胶大底,简约百搭,回力经典,0,0,44,3
1827,系带设计,45,125,79,99,91,PU中底,工装硬朗,特步男鞋,1,1,3848,2
1362,系带设计,47,382,62,237,99,EVA轻底,潮流高街,耐克潮流,0,0,521,3
1697,套脚款式,49,129,82,106,95,橡胶大底,工装硬朗,其他品牌,1,1,49,2
1371,拉链鞋款,43,111,89,99,95,混合鞋底,复古潮鞋,京东京造,1,1,54,2
489,系带设计,60,119,83,99,90,橡胶大底,户外机能,安踏运动,0,0,23,1
570,系带设计,54,169,95,161,98,混合鞋底,潮流高街,安踏运动,1,0,1425,1
309,魔术贴鞋,51,400,78,312,94,橡胶大底,工装硬朗,特步男鞋,0,0,340,3
9138,拉链鞋款,41,188,60,113,89,MD发泡底,日常休闲,耐克潮流,0,1,69,2
242,系带设计,38,202,95,192,93,PU中底,运动休闲,特步男鞋,1,0,770,1
305,套脚款式,37,331,64,212,91,TPR鞋底,日常休闲,斯凯奇潮,1,0,731,1
428,拉链鞋款,40,102,97,99,97,混合鞋底,潮流高街,安踏运动,1,1,3299,2
3455,套脚款式,52,335,95,318,90,EVA轻底,工装硬朗,京东京造,0,0,3946,3
4471,拉链鞋款,40,274,70,192,95,EVA轻底,工装硬朗,京东京造,1,0,4617,1
97,松紧带鞋,41,115,86,99,96,PU中底,日常休闲,鸿星尔克,0,0,302,1
1059,套脚款式,55,138,89,123,95,PU中底,日常休闲,鸿星尔克,0,0,1235,1
614,松紧带鞋,43,227,89,202,91,橡胶大底,简约百搭,其他品牌,1,0,70,1
488,魔术贴鞋,48,149,73,109,98,EVA轻底,日常休闲,安踏运动,0,1,945,2
5318,魔术贴鞋,38,213,78,166,87,MD发泡底,工装硬朗,安踏运动,1,1,386,2
190,松紧带鞋,61,306,77,236,91,EVA轻底,日常休闲,鸿星尔克,0,1,1193,2
630,魔术贴鞋,46,212,69,146,99,橡胶大底,户外机能,其他品牌,1,1,591,2
1645,套脚款式,40,260,55,143,99,橡胶大底,工装硬朗,李宁休闲,1,1,219,2
398,系带设计,45,287,54,155,93,MD发泡底,潮流高街,回力经典,0,1,12,2
357,魔术贴鞋,44,174,78,136,86,TPR鞋底,运动休闲,耐克潮流,0,1,179,2
2756,松紧带鞋,56,369,84,310,95,橡胶大底,日常休闲,阿迪达斯,1,1,1370,3
2736,套脚款式,44,247,81,200,91,混合鞋底,工装硬朗,京东京造,1,0,68,1
1035,拉链鞋款,51,163,99,161,91,EVA轻底,日常休闲,京东京造,0,0,1343,1
261,拉链鞋款,56,127,78,99,95,MD发泡底,日常休闲,特步男鞋,1,1,286,2
284,系带设计,39,320,71,227,97,橡胶大底,日常休闲,耐克潮流,1,1,706,2
172,魔术贴鞋,47,109,91,99,94,TPR鞋底,简约百搭,安踏运动,1,1,212,2
749,拉链鞋款,48,106,93,99,94,TPR鞋底,运动休闲,李宁休闲,1,0,524,1
3689,魔术贴鞋,58,343,67,230,97,混合鞋底,运动休闲,京东京造,0,0,1245,1
2979,系带设计,47,450,54,243,97,EVA轻底,潮流高街,李宁休闲,0,0,1248,3
416,魔术贴鞋,53,130,76,99,92,TPR鞋底,工装硬朗,特步男鞋,0,1,4683,2
2133,套脚款式,52,226,97,219,90,橡胶大底,户外机能,京东京造,1,0,3270,1
574,拉链鞋款,35,267,72,192,90,混合鞋底,复古潮鞋,耐克潮流,1,0,3588,1
426,套脚款式,52,244,90,220,93,MD发泡底,户外机能,阿迪达斯,1,1,4862,2
4925,套脚款式,50,479,80,383,86,EVA轻底,简约百搭,特步男鞋,0,0,20,3
386,拉链鞋款,54,440,52,229,100,橡胶大底,简约百搭,安踏运动,0,1,1277,3
7921,拉链鞋款,47,108,92,99,92,PU中底,户外机能,京东京造,1,0,947,1
5337,松紧带鞋,53,119,83,99,90,橡胶大底,复古潮鞋,回力经典,1,1,1209,2
537,松紧带鞋,47,105,94,99,91,混合鞋底,潮流高街,特步男鞋,1,1,113,2
555,系带设计,52,124,95,118,95,PU中底,简约百搭,鸿星尔克,0,0,165,1
5613,松紧带鞋,50,290,70,203,87,EVA轻底,日常休闲,京东京造,1,0,3883,1
1993,拉链鞋款,46,155,64,99,91,TPR鞋底,复古潮鞋,耐克潮流,0,0,42,1
1065,系带设计,40,166,100,166,92,橡胶大底,日常休闲,其他品牌,0,0,1291,1
1776,拉链鞋款,36,187,60,112,97,PU中底,日常休闲,阿迪达斯,1,0,477,1
2227,拉链鞋款,52,235,89,209,93,PU中底,工装硬朗,阿迪达斯,1,1,128,2
1113,套脚款式,36,110,90,99,97,混合鞋底,户外机能,鸿星尔克,0,1,45,2
3080,系带设计,37,273,74,202,92,EVA轻底,工装硬朗,斯凯奇潮,0,1,7,2
397,松紧带鞋,42,155,64,99,92,MD发泡底,工装硬朗,京东京造,0,0,719,1
1108,松紧带鞋,56,101,98,99,91,混合鞋底,运动休闲,斯凯奇潮,1,1,1020,2
115,系带设计,44,358,53,190,98,混合鞋底,潮流高街,李宁休闲,1,0,2456,1
2026,松紧带鞋,60,335,68,228,91,EVA轻底,工装硬朗,斯凯奇潮,1,0,849,1
2122,拉链鞋款,44,151,88,133,90,PU中底,日常休闲,李宁休闲,0,0,941,1
484,拉链鞋款,45,177,56,99,95,PU中底,户外机能,安踏运动,1,0,412,1
7933,魔术贴鞋,31,129,77,99,91,EVA轻底,潮流高街,鸿星尔克,1,1,269,2
1371,魔术贴鞋,53,110,90,99,95,PU中底,户外机能,特步男鞋,1,0,24,1
2969,拉链鞋款,58,106,93,99,100,PU中底,运动休闲,斯凯奇潮,0,1,235,2
1756,魔术贴鞋,51,380,80,304,97,橡胶大底,工装硬朗,特步男鞋,0,0,3241,3
3615,套脚款式,46,157,63,99,94,PU中底,复古潮鞋,鸿星尔克,0,1,4838,2
385,套脚款式,54,122,81,99,90,EVA轻底,运动休闲,特步男鞋,0,0,687,1
326,系带设计,56,260,77,200,100,TPR鞋底,复古潮鞋,回力经典,1,1,452,2
143,松紧带鞋,48,225,76,171,99,MD发泡底,简约百搭,其他品牌,1,0,291,1
3646,魔术贴鞋,48,179,82,147,96,EVA轻底,户外机能,京东京造,1,1,4,2
402,松紧带鞋,33,138,92,127,96,TPR鞋底,简约百搭,李宁休闲,1,1,30,2
405,魔术贴鞋,46,121,82,99,87,混合鞋底,潮流高街,斯凯奇潮,0,0,257,1
874,套脚款式,46,177,56,99,94,MD发泡底,潮流高街,李宁休闲,1,0,79,1
678,系带设计,39,130,76,99,94,EVA轻底,工装硬朗,李宁休闲,1,1,988,2
1233,系带设计,28,122,81,99,90,橡胶大底,简约百搭,京东京造,1,1,28,2
8816,魔术贴鞋,61,141,70,99,100,橡胶大底,工装硬朗,李宁休闲,1,0,136,1
340,套脚款式,55,114,87,99,97,橡胶大底,潮流高街,李宁休闲,0,0,1477,1
1100,系带设计,44,141,70,99,85,EVA轻底,工装硬朗,鸿星尔克,1,1,652,2
329,系带设计,44,207,71,147,90,EVA轻底,潮流高街,京东京造,1,1,50,2
694,套脚款式,37,103,96,99,95,混合鞋底,运动休闲,斯凯奇潮,0,0,1171,1
4479,魔术贴鞋,48,101,98,99,95,EVA轻底,日常休闲,耐克潮流,0,0,686,1
2406,魔术贴鞋,52,294,51,150,96,EVA轻底,简约百搭,京东京造,0,1,16,2
1009,拉链鞋款,53,168,59,99,94,EVA轻底,简约百搭,耐克潮流,0,1,1458,2
614,系带设计,64,152,65,99,94,混合鞋底,潮流高街,阿迪达斯,1,0,1044,1
2974,魔术贴鞋,31,122,81,99,96,PU中底,运动休闲,鸿星尔克,1,1,4169,2
3360,魔术贴鞋,36,141,70,99,91,PU中底,工装硬朗,李宁休闲,1,1,1245,2
1598,拉链鞋款,33,190,52,99,92,MD发泡底,简约百搭,鸿星尔克,1,0,27,1
3613,套脚款式,45,168,59,99,91,MD发泡底,日常休闲,李宁休闲,0,0,458,1
2326,拉链鞋款,35,322,74,238,91,TPR鞋底,运动休闲,京东京造,0,0,3305,1
4617,套脚款式,49,152,65,99,85,EVA轻底,工装硬朗,阿迪达斯,1,1,21,2
695,松紧带鞋,20,118,84,99,95,PU中底,复古潮鞋,李宁休闲,0,1,4706,2
855,松紧带鞋,47,287,92,264,86,TPR鞋底,潮流高街,鸿星尔克,0,0,16,1
140,套脚款式,59,477,60,286,93,混合鞋底,运动休闲,京东京造,0,0,4329,3
7577,魔术贴鞋,55,271,51,138,95,MD发泡底,户外机能,李宁休闲,0,1,374,2
58,套脚款式,47,198,50,99,97,PU中底,工装硬朗,鸿星尔克,0,1,3606,2
6047,魔术贴鞋,42,271,96,260,88,TPR鞋底,户外机能,回力经典,0,1,1009,2
2118,拉链鞋款,45,150,66,99,88,混合鞋底,工装硬朗,京东京造,1,0,618,1
830,松紧带鞋,53,157,99,155,100,EVA轻底,运动休闲,李宁休闲,1,1,359,2
219,系带设计,40,361,59,213,92,混合鞋底,日常休闲,特步男鞋,0,0,4,1
2727,套脚款式,52,183,63,115,99,MD发泡底,简约百搭,阿迪达斯,0,1,0,2
1028,拉链鞋款,39,227,64,145,96,混合鞋底,户外机能,阿迪达斯,0,0,426,1
208,拉链鞋款,34,150,66,99,96,混合鞋底,户外机能,安踏运动,0,0,49,1
154,魔术贴鞋,44,147,100,147,94,TPR鞋底,户外机能,阿迪达斯,0,1,41,2
463,拉链鞋款,35,172,93,160,96,PU中底,运动休闲,鸿星尔克,0,1,1161,2
1026,拉链鞋款,40,406,66,268,98,MD发泡底,潮流高街,斯凯奇潮,0,0,869,3
264,魔术贴鞋,38,154,83,128,97,TPR鞋底,日常休闲,京东京造,1,0,1071,1
664,拉链鞋款,47,208,91,189,92,混合鞋底,日常休闲,特步男鞋,0,1,21,2
1957,魔术贴鞋,55,546,93,508,100,PU中底,工装硬朗,特步男鞋,0,1,48,3
830,松紧带鞋,39,127,78,99,89,MD发泡底,潮流高街,耐克潮流,0,1,522,2
279,系带设计,29,106,93,99,92,混合鞋底,潮流高街,特步男鞋,0,0,2817,1
831,魔术贴鞋,21,112,94,105,96,橡胶大底,户外机能,斯凯奇潮,0,0,1276,1
3099,套脚款式,48,169,61,103,98,PU中底,简约百搭,斯凯奇潮,1,0,1138,1
617,魔术贴鞋,45,172,100,172,97,TPR鞋底,户外机能,回力经典,0,0,344,1
853,系带设计,35,190,52,99,93,PU中底,日常休闲,耐克潮流,0,0,40,1
488,套脚款式,42,109,91,99,97,TPR鞋底,潮流高街,斯凯奇潮,1,0,849,1
361,套脚款式,47,229,75,172,98,PU中底,工装硬朗,京东京造,0,1,180,2
611,套脚款式,41,306,62,190,90,PU中底,工装硬朗,特步男鞋,1,1,386,2
1134,拉链鞋款,57,367,91,334,91,PU中底,户外机能,回力经典,1,0,1138,3
1143,魔术贴鞋,47,310,58,180,96,PU中底,工装硬朗,京东京造,0,0,1163,1
577,拉链鞋款,54,176,72,127,90,橡胶大底,工装硬朗,安踏运动,0,1,907,2
3841,系带设计,42,209,81,169,93,EVA轻底,户外机能,回力经典,0,0,418,1
3196,系带设计,43,102,97,99,94,PU中底,潮流高街,李宁休闲,0,1,60,2
1022,套脚款式,43,162,61,99,90,EVA轻底,工装硬朗,鸿星尔克,0,1,4597,2
4792,套脚款式,34,143,69,99,92,混合鞋底,工装硬朗,安踏运动,0,0,938,1
953,松紧带鞋,38,116,85,99,93,PU中底,户外机能,斯凯奇潮,0,1,1097,2
60,系带设计,59,163,87,142,97,EVA轻底,工装硬朗,李宁休闲,0,1,8,2
28208,拉链鞋款,61,134,74,99,95,混合鞋底,潮流高街,京东京造,1,0,1365,0
1633,系带设计,49,183,54,99,94,PU中底,运动休闲,耐克潮流,1,0,344,1
848,松紧带鞋,50,122,81,99,100,EVA轻底,工装硬朗,其他品牌,1,1,8,2
3168,松紧带鞋,46,320,95,304,91,PU中底,简约百搭,李宁休闲,1,1,23,3
2681,套脚款式,49,440,84,370,91,混合鞋底,工装硬朗,耐克潮流,1,1,56,3
4746,松紧带鞋,40,201,99,199,98,TPR鞋底,潮流高街,耐克潮流,0,0,3739,1
2824,魔术贴鞋,35,240,55,132,96,橡胶大底,潮流高街,回力经典,0,1,408,2
2028,套脚款式,56,205,64,131,99,PU中底,日常休闲,其他品牌,1,1,1040,2
856,拉链鞋款,38,152,65,99,95,MD发泡底,复古潮鞋,李宁休闲,1,1,3779,2
1838,套脚款式,53,591,76,449,97,TPR鞋底,复古潮鞋,京东京造,0,0,1305,3
306,套脚款式,39,123,86,106,100,混合鞋底,运动休闲,其他品牌,0,1,34,2
1387,松紧带鞋,51,109,91,99,92,EVA轻底,户外机能,鸿星尔克,1,0,3997,1
27699,系带设计,43,185,67,124,97,橡胶大底,复古潮鞋,其他品牌,1,0,744,0
2499,系带设计,59,202,60,121,90,橡胶大底,潮流高街,鸿星尔克,1,0,63,1
642,系带设计,44,177,56,99,100,PU中底,简约百搭,特步男鞋,0,1,51,2
4118,拉链鞋款,51,171,90,154,96,MD发泡底,工装硬朗,安踏运动,1,0,544,1
206,套脚款式,56,215,59,127,87,TPR鞋底,运动休闲,李宁休闲,1,1,7,2
3573,松紧带鞋,48,101,98,99,93,混合鞋底,运动休闲,耐克潮流,1,1,168,2
2377,魔术贴鞋,40,119,83,99,95,TPR鞋底,潮流高街,李宁休闲,1,1,21,2
348,系带设计,38,198,50,99,97,PU中底,复古潮鞋,阿迪达斯,1,1,260,2
1558,套脚款式,50,149,91,136,96,橡胶大底,简约百搭,回力经典,1,1,35,2
679,松紧带鞋,48,223,96,214,92,MD发泡底,工装硬朗,其他品牌,1,1,4592,2
4840,松紧带鞋,40,449,81,364,95,EVA轻底,潮流高街,鸿星尔克,1,0,652,3
2244,拉链鞋款,48,390,70,273,95,混合鞋底,户外机能,回力经典,1,1,667,3
1339,松紧带鞋,53,190,87,165,95,MD发泡底,运动休闲,斯凯奇潮,1,1,736,2
709,套脚款式,41,431,59,254,95,MD发泡底,复古潮鞋,阿迪达斯,0,0,3989,3
722,拉链鞋款,43,412,59,243,87,PU中底,运动休闲,李宁休闲,0,0,262,3
748,系带设计,42,272,54,147,92,橡胶大底,工装硬朗,安踏运动,1,1,4,2
1643,套脚款式,54,171,59,101,94,EVA轻底,复古潮鞋,耐克潮流,1,0,1456,1
649,套脚款式,54,125,79,99,98,混合鞋底,工装硬朗,李宁休闲,1,1,14,2
1145,松紧带鞋,50,475,65,309,93,MD发泡底,工装硬朗,阿迪达斯,0,0,1148,3
989,系带设计,49,496,68,337,93,PU中底,复古潮鞋,李宁休闲,0,0,20,3
4242,松紧带鞋,51,150,66,99,90,TPR鞋底,运动休闲,特步男鞋,0,0,854,1
668,拉链鞋款,51,190,52,99,100,MD发泡底,运动休闲,京东京造,0,0,6,1
1400,松紧带鞋,55,201,78,157,91,EVA轻底,复古潮鞋,其他品牌,0,1,1063,2
6714,套脚款式,52,121,82,99,99,混合鞋底,户外机能,阿迪达斯,0,1,3237,2
714,魔术贴鞋,51,222,90,200,88,PU中底,潮流高街,斯凯奇潮,0,0,3265,1
1236,魔术贴鞋,31,136,73,99,90,PU中底,工装硬朗,斯凯奇潮,0,1,913,2
1028,系带设计,46,448,52,233,90,橡胶大底,户外机能,回力经典,1,1,264,3
666,套脚款式,44,182,66,120,100,混合鞋底,简约百搭,回力经典,0,0,13,1
2799,系带设计,36,232,93,216,92,PU中底,简约百搭,其他品牌,0,1,3058,2
2275,魔术贴鞋,49,265,55,146,90,橡胶大底,工装硬朗,安踏运动,0,1,613,2
1313,套脚款式,27,133,78,104,93,PU中底,简约百搭,李宁休闲,1,0,4240,1
138,拉链鞋款,36,287,76,218,93,TPR鞋底,简约百搭,其他品牌,1,0,68,1
4444,魔术贴鞋,35,245,89,218,97,TPR鞋底,简约百搭,其他品牌,0,0,218,1
1933,松紧带鞋,45,101,98,99,97,PU中底,户外机能,特步男鞋,0,1,919,2
1112,套脚款式,55,124,98,122,98,EVA轻底,潮流高街,安踏运动,1,1,581,2
1870,松紧带鞋,50,168,59,99,87,MD发泡底,潮流高街,京东京造,0,1,135,2
1570,拉链鞋款,38,205,76,156,98,EVA轻底,工装硬朗,鸿星尔克,1,1,16,2
3140,松紧带鞋,42,183,54,99,95,橡胶大底,复古潮鞋,斯凯奇潮,1,1,1093,2
1291,魔术贴鞋,61,230,67,154,98,EVA轻底,户外机能,李宁休闲,0,0,1299,1
1427,魔术贴鞋,47,135,82,111,92,PU中底,潮流高街,回力经典,1,1,4573,2
567,套脚款式,49,106,93,99,95,橡胶大底,简约百搭,回力经典,0,1,2633,2
767,拉链鞋款,57,153,81,124,96,混合鞋底,复古潮鞋,李宁休闲,1,1,2430,2
145,系带设计,44,144,86,124,90,PU中底,潮流高街,特步男鞋,1,1,1243,2
917,松紧带鞋,44,149,83,124,97,PU中底,潮流高街,京东京造,0,0,683,1
6435,拉链鞋款,50,312,77,240,92,混合鞋底,日常休闲,阿迪达斯,0,1,1225,2
1455,系带设计,43,455,51,232,93,TPR鞋底,复古潮鞋,斯凯奇潮,0,0,25,3
742,套脚款式,52,257,61,157,99,MD发泡底,简约百搭,耐克潮流,0,0,1332,1
4123,拉链鞋款,41,158,67,106,97,TPR鞋底,户外机能,特步男鞋,0,0,1162,1
5535,套脚款式,38,275,56,154,94,TPR鞋底,运动休闲,特步男鞋,0,1,673,2
1571,系带设计,58,108,92,99,93,PU中底,复古潮鞋,京东京造,0,0,3708,1
3408,套脚款式,64,184,57,105,100,PU中底,日常休闲,阿迪达斯,0,1,1063,2
21735,魔术贴鞋,48,210,51,107,97,混合鞋底,运动休闲,特步男鞋,1,0,538,0
903,拉链鞋款,41,385,52,200,91,PU中底,潮流高街,耐克潮流,0,1,2498,3
2148,松紧带鞋,53,419,54,226,88,EVA轻底,工装硬朗,安踏运动,0,0,17,3
2222,套脚款式,40,109,91,99,87,TPR鞋底,户外机能,阿迪达斯,1,1,1136,2
2802,魔术贴鞋,37,114,87,99,88,混合鞋底,运动休闲,京东京造,0,1,863,2
2266,系带设计,57,127,78,99,94,PU中底,日常休闲,其他品牌,0,1,273,2
578,系带设计,54,160,62,99,93,橡胶大底,户外机能,安踏运动,1,1,4824,2
211,系带设计,36,549,59,324,94,PU中底,日常休闲,安踏运动,1,0,477,3
339,系带设计,42,316,55,174,91,EVA轻底,工装硬朗,耐克潮流,0,1,1124,2
2358,系带设计,28,957,58,555,93,TPR鞋底,日常休闲,李宁休闲,0,0,123,3
1643,松紧带鞋,48,214,73,156,85,TPR鞋底,复古潮鞋,斯凯奇潮,1,1,930,2
4541,魔术贴鞋,54,223,99,221,94,混合鞋底,潮流高街,斯凯奇潮,0,1,26,2
266,松紧带鞋,53,104,95,99,92,MD发泡底,户外机能,安踏运动,1,1,1463,2
15642,拉链鞋款,54,152,98,149,100,EVA轻底,简约百搭,阿迪达斯,1,1,10,0
3513,松紧带鞋,55,211,79,167,96,PU中底,日常休闲,特步男鞋,1,0,41,1
301,拉链鞋款,53,323,52,168,97,EVA轻底,潮流高街,安踏运动,1,1,3176,2
563,套脚款式,49,502,51,256,96,MD发泡底,复古潮鞋,京东京造,1,0,817,3
659,松紧带鞋,49,141,70,99,90,TPR鞋底,复古潮鞋,安踏运动,1,0,847,1
830,套脚款式,56,106,93,99,94,EVA轻底,工装硬朗,李宁休闲,0,1,1114,2
2956,拉链鞋款,41,258,62,160,88,橡胶大底,户外机能,回力经典,1,0,2751,1
4180,套脚款式,45,106,93,99,97,TPR鞋底,工装硬朗,阿迪达斯,0,0,1244,1
328,魔术贴鞋,37,124,80,99,86,EVA轻底,运动休闲,回力经典,0,1,40,2
514,系带设计,47,175,65,114,93,PU中底,户外机能,回力经典,0,1,345,2
1129,松紧带鞋,53,183,54,99,92,MD发泡底,运动休闲,耐克潮流,0,1,1324,2
445,拉链鞋款,52,297,94,279,93,TPR鞋底,简约百搭,鸿星尔克,0,0,95,1
2132,套脚款式,40,102,97,99,89,混合鞋底,户外机能,斯凯奇潮,0,0,4065,1
787,套脚款式,62,150,88,132,99,PU中底,工装硬朗,鸿星尔克,0,1,1197,2
732,松紧带鞋,41,209,58,121,93,MD发泡底,复古潮鞋,李宁休闲,1,1,1205,2
1693,套脚款式,51,252,100,252,90,橡胶大底,复古潮鞋,回力经典,1,0,1191,1
22,系带设计,56,200,80,160,91,混合鞋底,简约百搭,京东京造,1,1,816,2
9788,拉链鞋款,52,140,86,120,89,PU中底,工装硬朗,李宁休闲,0,1,713,2
569,魔术贴鞋,36,174,57,99,97,TPR鞋底,运动休闲,斯凯奇潮,1,1,1247,2
975,拉链鞋款,49,130,76,99,94,橡胶大底,日常休闲,其他品牌,1,1,161,2
90,魔术贴鞋,53,122,85,104,95,PU中底,潮流高街,斯凯奇潮,0,1,803,2
5337,拉链鞋款,59,228,71,162,91,混合鞋底,运动休闲,京东京造,0,1,880,2
1409,魔术贴鞋,53,125,91,114,94,PU中底,运动休闲,鸿星尔克,1,0,40,1
4463,魔术贴鞋,47,122,81,99,90,橡胶大底,运动休闲,斯凯奇潮,0,0,198,1
1552,松紧带鞋,32,368,84,309,98,PU中底,简约百搭,回力经典,1,1,761,3
3423,系带设计,59,366,53,194,100,PU中底,潮流高街,斯凯奇潮,0,1,455,2
5072,系带设计,45,123,90,111,91,TPR鞋底,复古潮鞋,李宁休闲,0,0,971,1
589,松紧带鞋,20,110,90,99,95,橡胶大底,运动休闲,其他品牌,1,1,2863,2
3315,套脚款式,55,132,91,120,100,橡胶大底,户外机能,特步男鞋,1,0,2049,1
4102,系带设计,47,138,72,99,91,PU中底,简约百搭,耐克潮流,1,0,317,1
8895,拉链鞋款,48,184,93,171,97,橡胶大底,运动休闲,阿迪达斯,0,1,1430,2
947,套脚款式,59,174,57,99,91,MD发泡底,运动休闲,耐克潮流,1,0,4561,1
56,系带设计,39,355,92,327,92,混合鞋底,潮流高街,李宁休闲,0,1,297,3
748,拉链鞋款,45,304,55,167,100,混合鞋底,简约百搭,鸿星尔克,1,0,250,1
208,拉链鞋款,51,314,56,176,95,混合鞋底,日常休闲,耐克潮流,0,1,30,2
3664,松紧带鞋,45,333,72,240,100,EVA轻底,运动休闲,斯凯奇潮,0,1,974,2
1106,套脚款式,50,212,92,195,86,TPR鞋底,简约百搭,阿迪达斯,1,0,25,1
11587,套脚款式,52,243,99,241,93,MD发泡底,工装硬朗,阿迪达斯,0,0,713,0
778,系带设计,50,190,52,99,93,EVA轻底,日常休闲,耐克潮流,1,0,576,1
1469,套脚款式,61,181,58,105,94,PU中底,工装硬朗,李宁休闲,1,1,1365,2
3624,套脚款式,52,151,97,146,95,TPR鞋底,户外机能,阿迪达斯,0,1,45,2
589,松紧带鞋,44,138,72,99,90,TPR鞋底,复古潮鞋,回力经典,1,1,13,2
958,松紧带鞋,42,200,82,164,94,橡胶大底,日常休闲,其他品牌,1,0,4106,1
803,松紧带鞋,43,739,59,436,94,橡胶大底,复古潮鞋,阿迪达斯,1,0,21,3
295,拉链鞋款,33,211,92,194,98,MD发泡底,户外机能,其他品牌,1,1,1045,2
189,拉链鞋款,46,143,70,100,86,EVA轻底,运动休闲,其他品牌,0,0,62,1
914,松紧带鞋,31,345,85,293,95,PU中底,日常休闲,耐克潮流,1,1,13,3
308,拉链鞋款,52,229,58,133,93,MD发泡底,复古潮鞋,京东京造,0,1,10,2
1040,松紧带鞋,29,155,64,99,95,PU中底,潮流高街,鸿星尔克,0,0,2564,1
3201,套脚款式,47,114,88,100,94,EVA轻底,运动休闲,特步男鞋,1,1,1095,2
1104,系带设计,65,127,78,99,91,橡胶大底,户外机能,鸿星尔克,1,1,1287,2
1237,拉链鞋款,52,443,74,328,93,MD发泡底,复古潮鞋,回力经典,1,1,2032,3
1710,松紧带鞋,38,221,70,155,87,MD发泡底,户外机能,安踏运动,0,0,3858,1
8170,魔术贴鞋,34,274,70,192,86,橡胶大底,户外机能,耐克潮流,1,1,467,2
4078,拉链鞋款,55,153,83,127,85,EVA轻底,简约百搭,鸿星尔克,1,0,1374,1
554,拉链鞋款,41,118,84,99,92,橡胶大底,简约百搭,回力经典,0,1,4441,2
2604,拉链鞋款,47,109,91,99,86,MD发泡底,日常休闲,安踏运动,0,0,471,1
3164,拉链鞋款,47,102,97,99,96,橡胶大底,运动休闲,回力经典,1,1,652,2
733,拉链鞋款,48,194,90,175,96,混合鞋底,户外机能,特步男鞋,1,1,1006,2
111,魔术贴鞋,45,109,91,99,93,橡胶大底,户外机能,斯凯奇潮,0,1,3,2
9464,魔术贴鞋,42,188,83,156,91,MD发泡底,复古潮鞋,李宁休闲,0,1,688,2
1492,系带设计,54,152,90,137,95,混合鞋底,运动休闲,李宁休闲,0,0,522,1
648,松紧带鞋,43,146,68,99,96,混合鞋底,潮流高街,安踏运动,1,0,4645,1
979,魔术贴鞋,51,304,67,204,92,PU中底,复古潮鞋,安踏运动,1,0,2297,1
7349,拉链鞋款,45,208,50,104,95,TPR鞋底,日常休闲,鸿星尔克,0,0,990,1
974,魔术贴鞋,44,121,82,99,90,混合鞋底,简约百搭,耐克潮流,1,1,196,2
101,系带设计,47,109,91,99,85,PU中底,运动休闲,其他品牌,0,0,3164,1
3776,拉链鞋款,48,148,67,99,95,MD发泡底,工装硬朗,鸿星尔克,0,1,1366,2
2314,套脚款式,53,324,66,214,90,混合鞋底,简约百搭,安踏运动,1,1,350,2
56,魔术贴鞋,44,160,62,99,94,PU中底,复古潮鞋,阿迪达斯,1,0,939,1
1575,松紧带鞋,47,170,84,143,87,橡胶大底,潮流高街,京东京造,1,0,13,1
2113,魔术贴鞋,39,456,68,310,96,MD发泡底,复古潮鞋,李宁休闲,1,1,141,3
3016,魔术贴鞋,46,144,100,144,96,橡胶大底,运动休闲,斯凯奇潮,0,1,190,2
1192,拉链鞋款,53,185,72,133,99,PU中底,户外机能,其他品牌,0,1,4296,2
1544,系带设计,39,163,90,147,92,混合鞋底,运动休闲,其他品牌,0,0,761,1
2368,拉链鞋款,53,130,98,127,99,PU中底,复古潮鞋,京东京造,0,1,160,2
21407,魔术贴鞋,40,179,81,145,100,MD发泡底,潮流高街,鸿星尔克,1,0,73,0
724,拉链鞋款,36,339,61,207,95,PU中底,简约百搭,耐克潮流,1,0,2184,1
978,魔术贴鞋,44,180,55,99,99,混合鞋底,工装硬朗,京东京造,0,1,2446,2
195,拉链鞋款,49,262,68,178,87,混合鞋底,户外机能,李宁休闲,1,0,1326,1
135,拉链鞋款,46,342,57,195,99,PU中底,户外机能,李宁休闲,0,0,19,1
154,松紧带鞋,40,206,65,134,90,MD发泡底,简约百搭,京东京造,0,1,1234,2
1238,魔术贴鞋,41,305,76,232,92,MD发泡底,日常休闲,其他品牌,1,0,2698,1
2335,系带设计,46,169,72,122,93,混合鞋底,工装硬朗,回力经典,0,0,1126,1
316,拉链鞋款,51,121,82,99,100,PU中底,潮流高街,耐克潮流,0,1,284,2
501,套脚款式,47,197,68,134,92,EVA轻底,户外机能,阿迪达斯,1,0,2334,1
1487,松紧带鞋,35,237,57,135,90,混合鞋底,运动休闲,耐克潮流,1,1,954,2
172,拉链鞋款,21,135,78,105,97,PU中底,日常休闲,李宁休闲,0,1,433,2
2946,套脚款式,48,225,72,162,85,EVA轻底,简约百搭,耐克潮流,1,0,9,1
584,套脚款式,46,103,96,99,91,TPR鞋底,潮流高街,回力经典,1,1,741,2
361,套脚款式,38,171,58,99,90,MD发泡底,运动休闲,鸿星尔克,1,1,430,2
540,套脚款式,54,276,96,265,89,混合鞋底,工装硬朗,回力经典,1,1,1498,2
73,魔术贴鞋,46,226,70,158,87,橡胶大底,简约百搭,其他品牌,0,1,48,2
1306,松紧带鞋,35,121,82,99,91,PU中底,运动休闲,安踏运动,1,1,2497,2
880,松紧带鞋,54,139,71,99,86,TPR鞋底,潮流高街,李宁休闲,0,0,1275,1
596,系带设计,48,108,96,104,90,橡胶大底,日常休闲,其他品牌,0,1,35,2
4924,系带设计,37,118,84,99,92,橡胶大底,工装硬朗,斯凯奇潮,0,0,529,1
3100,松紧带鞋,44,139,93,129,98,MD发泡底,户外机能,安踏运动,1,1,928,2
1236,魔术贴鞋,33,106,93,99,98,TPR鞋底,工装硬朗,京东京造,0,0,4651,1
227,松紧带鞋,38,279,91,254,93,PU中底,潮流高街,耐克潮流,1,1,766,2
489,魔术贴鞋,39,216,88,190,91,TPR鞋底,户外机能,其他品牌,1,1,1307,2
2313,套脚款式,45,375,75,281,92,橡胶大底,潮流高街,其他品牌,0,1,1152,3
7427,套脚款式,54,199,93,185,99,EVA轻底,户外机能,耐克潮流,0,0,1260,1
198,松紧带鞋,45,104,95,99,92,EVA轻底,户外机能,李宁休闲,0,0,7,1
5205,拉链鞋款,55,160,62,99,98,橡胶大底,户外机能,回力经典,0,0,1434,1
1223,松紧带鞋,38,101,98,99,94,混合鞋底,工装硬朗,鸿星尔克,1,1,1362,2
195,松紧带鞋,53,512,73,374,94,EVA轻底,简约百搭,阿迪达斯,1,1,351,3
254,魔术贴鞋,47,130,76,99,93,PU中底,复古潮鞋,斯凯奇潮,1,1,4113,2
257,松紧带鞋,57,129,77,99,95,橡胶大底,运动休闲,阿迪达斯,1,0,3965,1
358,拉链鞋款,52,130,76,99,96,TPR鞋底,日常休闲,阿迪达斯,0,1,998,2
9099,魔术贴鞋,34,205,92,189,94,MD发泡底,运动休闲,安踏运动,0,1,12,2
1948,拉链鞋款,52,348,71,247,100,TPR鞋底,运动休闲,斯凯奇潮,0,1,439,3
3173,套脚款式,55,160,63,101,92,PU中底,工装硬朗,李宁休闲,0,0,1121,1
601,系带设计,54,122,81,99,86,混合鞋底,复古潮鞋,阿迪达斯,0,0,3588,1
940,魔术贴鞋,60,148,96,142,92,橡胶大底,户外机能,李宁休闲,0,0,623,1
229,系带设计,45,111,89,99,94,MD发泡底,复古潮鞋,鸿星尔克,1,1,31,2
3679,套脚款式,44,308,61,188,95,混合鞋底,复古潮鞋,回力经典,1,0,2324,1
401,拉链鞋款,57,129,77,99,90,MD发泡底,复古潮鞋,鸿星尔克,1,0,854,1
155,套脚款式,50,207,57,118,87,橡胶大底,运动休闲,李宁休闲,0,1,1033,2
1455,系带设计,59,194,51,99,97,TPR鞋底,复古潮鞋,京东京造,1,0,942,1
1339,系带设计,29,168,59,99,95,EVA轻底,户外机能,斯凯奇潮,1,0,1250,1
231,魔术贴鞋,33,157,92,144,100,混合鞋底,复古潮鞋,鸿星尔克,1,0,2884,1
3414,套脚款式,48,160,88,141,90,橡胶大底,运动休闲,李宁休闲,1,1,204,2
606,套脚款式,50,291,68,198,94,混合鞋底,运动休闲,回力经典,1,0,895,1
7457,松紧带鞋,50,177,56,99,89,混合鞋底,户外机能,安踏运动,0,0,1108,1
1518,套脚款式,41,238,60,143,90,MD发泡底,户外机能,特步男鞋,1,0,791,1
296,拉链鞋款,64,248,56,139,92,PU中底,潮流高街,斯凯奇潮,1,0,887,1
1522,拉链鞋款,50,190,52,99,93,TPR鞋底,运动休闲,耐克潮流,0,0,4503,1
1365,系带设计,45,361,59,213,96,橡胶大底,户外机能,李宁休闲,1,1,1377,2
264,松紧带鞋,58,220,66,145,98,MD发泡底,潮流高街,耐克潮流,0,0,1169,1
454,套脚款式,41,492,63,310,93,EVA轻底,简约百搭,耐克潮流,0,1,461,3
263,魔术贴鞋,50,200,70,140,92,混合鞋底,潮流高街,安踏运动,0,0,4748,1
5469,松紧带鞋,56,439,83,364,96,EVA轻底,潮流高街,鸿星尔克,0,1,1393,3
815,魔术贴鞋,57,211,65,137,89,PU中底,户外机能,李宁休闲,0,0,270,1
11359,拉链鞋款,38,222,50,111,91,TPR鞋底,复古潮鞋,阿迪达斯,0,0,1011,0
1666,系带设计,52,189,97,183,91,混合鞋底,复古潮鞋,斯凯奇潮,0,0,442,1
716,松紧带鞋,46,171,72,123,90,PU中底,工装硬朗,耐克潮流,1,0,388,1
1813,松紧带鞋,49,104,97,101,94,PU中底,复古潮鞋,回力经典,1,1,1309,2
1563,套脚款式,58,152,65,99,92,PU中底,户外机能,回力经典,0,0,968,1
2630,魔术贴鞋,51,99,100,99,92,EVA轻底,简约百搭,京东京造,1,1,6,2
799,松紧带鞋,45,297,77,229,92,MD发泡底,潮流高街,李宁休闲,0,1,231,2
116,魔术贴鞋,59,125,79,99,85,MD发泡底,日常休闲,李宁休闲,0,0,1460,1
1260,套脚款式,51,143,69,99,97,MD发泡底,复古潮鞋,鸿星尔克,1,1,296,2
155,魔术贴鞋,44,172,79,136,92,TPR鞋底,复古潮鞋,安踏运动,1,0,801,1
1126,松紧带鞋,46,152,95,144,98,橡胶大底,户外机能,安踏运动,1,1,270,2
5233,套脚款式,47,139,71,99,90,混合鞋底,户外机能,李宁休闲,1,1,557,2
3313,松紧带鞋,53,218,76,166,91,混合鞋底,潮流高街,特步男鞋,0,1,1252,2
3290,松紧带鞋,48,169,77,130,97,混合鞋底,潮流高街,特步男鞋,1,1,22,2
4309,松紧带鞋,46,138,88,121,95,TPR鞋底,简约百搭,京东京造,1,0,400,1
1731,套脚款式,52,297,59,175,96,混合鞋底,潮流高街,鸿星尔克,1,0,1404,1
7476,系带设计,53,115,86,99,95,混合鞋底,简约百搭,斯凯奇潮,1,0,426,1
149,松紧带鞋,56,234,80,187,92,混合鞋底,复古潮鞋,耐克潮流,1,0,1412,1
670,系带设计,41,168,59,99,92,MD发泡底,户外机能,斯凯奇潮,0,1,584,2
4446,套脚款式,45,221,52,115,94,MD发泡底,简约百搭,鸿星尔克,1,1,43,2
2221,魔术贴鞋,41,199,89,177,91,TPR鞋底,日常休闲,耐克潮流,0,0,41,1
5666,套脚款式,44,164,86,141,90,PU中底,户外机能,安踏运动,1,0,1422,1
837,魔术贴鞋,39,360,65,234,90,橡胶大底,工装硬朗,李宁休闲,0,0,1250,3
1486,套脚款式,50,134,74,99,92,EVA轻底,简约百搭,阿迪达斯,1,1,520,2
1853,系带设计,42,104,99,103,87,混合鞋底,日常休闲,安踏运动,1,0,3916,1
528,拉链鞋款,49,138,72,99,94,MD发泡底,工装硬朗,其他品牌,0,1,874,2
1770,套脚款式,38,150,66,99,90,EVA轻底,潮流高街,耐克潮流,0,1,48,2
1216,套脚款式,51,494,53,262,93,PU中底,日常休闲,耐克潮流,0,0,1297,3
512,松紧带鞋,47,215,55,118,95,PU中底,潮流高街,鸿星尔克,0,1,1228,2
662,拉链鞋款,33,181,80,145,93,混合鞋底,日常休闲,其他品牌,1,1,80,2
3486,魔术贴鞋,38,183,54,99,91,MD发泡底,户外机能,李宁休闲,1,0,261,1
141,松紧带鞋,28,176,86,151,93,MD发泡底,运动休闲,回力经典,0,1,748,2
765,松紧带鞋,36,392,61,239,98,MD发泡底,潮流高街,耐克潮流,1,1,1434,3
871,松紧带鞋,36,130,89,116,91,混合鞋底,工装硬朗,特步男鞋,1,0,160,1
1851,套脚款式,37,124,99,123,93,PU中底,简约百搭,其他品牌,1,1,225,2
104,松紧带鞋,48,199,78,155,99,EVA轻底,复古潮鞋,鸿星尔克,0,1,50,2
8123,松紧带鞋,55,102,97,99,94,TPR鞋底,简约百搭,京东京造,1,0,39,1
1618,系带设计,59,384,67,257,90,橡胶大底,简约百搭,阿迪达斯,1,1,883,3
5196,系带设计,55,141,70,99,93,橡胶大底,日常休闲,回力经典,1,1,15,2
342,松紧带鞋,52,647,57,369,88,混合鞋底,运动休闲,回力经典,0,1,660,3
11420,魔术贴鞋,54,256,73,187,87,EVA轻底,运动休闲,耐克潮流,0,1,4649,0
1356,套脚款式,41,370,69,255,97,EVA轻底,工装硬朗,阿迪达斯,1,1,941,3
1630,魔术贴鞋,52,180,95,171,91,EVA轻底,户外机能,回力经典,0,0,791,1
3871,拉链鞋款,39,272,61,166,93,MD发泡底,户外机能,阿迪达斯,1,1,754,2
501,魔术贴鞋,48,169,67,113,96,MD发泡底,运动休闲,耐克潮流,1,0,25,1
2280,松紧带鞋,43,117,88,103,90,TPR鞋底,简约百搭,李宁休闲,0,1,489,2
5091,拉链鞋款,55,150,66,99,100,TPR鞋底,潮流高街,其他品牌,1,0,49,1
492,拉链鞋款,48,531,71,377,95,EVA轻底,户外机能,安踏运动,1,1,828,3
2718,系带设计,60,129,83,107,85,PU中底,工装硬朗,阿迪达斯,0,1,6,2
725,拉链鞋款,54,115,86,99,87,PU中底,潮流高街,京东京造,0,1,19,2
8809,魔术贴鞋,51,541,68,368,99,橡胶大底,简约百搭,特步男鞋,0,0,4179,3
650,套脚款式,47,174,57,99,89,混合鞋底,简约百搭,李宁休闲,1,0,4358,1
812,松紧带鞋,45,166,100,166,90,MD发泡底,潮流高街,李宁休闲,1,0,389,1
943,套脚款式,42,162,61,99,95,TPR鞋底,简约百搭,其他品牌,0,1,598,2
755,松紧带鞋,59,142,85,121,96,TPR鞋底,户外机能,特步男鞋,1,0,641,1
77,拉链鞋款,43,476,82,390,98,橡胶大底,日常休闲,回力经典,1,0,616,3
7226,拉链鞋款,40,147,75,110,93,混合鞋底,复古潮鞋,李宁休闲,0,0,487,1
3073,套脚款式,45,198,50,99,97,MD发泡底,工装硬朗,其他品牌,1,1,549,2
5867,魔术贴鞋,46,106,93,99,92,橡胶大底,潮流高街,安踏运动,0,0,1023,1
342,套脚款式,61,187,89,166,86,TPR鞋底,户外机能,耐克潮流,1,0,1037,1
335,系带设计,53,210,51,107,96,MD发泡底,简约百搭,其他品牌,1,0,1369,1
1161,魔术贴鞋,37,215,60,129,90,橡胶大底,工装硬朗,特步男鞋,0,1,442,2
1260,魔术贴鞋,41,118,84,99,99,橡胶大底,潮流高街,京东京造,1,1,1301,2
2768,拉链鞋款,43,321,78,250,86,PU中底,复古潮鞋,回力经典,0,1,795,2
902,拉链鞋款,54,215,98,211,99,TPR鞋底,户外机能,李宁休闲,0,1,12,2
1419,系带设计,52,380,51,194,93,TPR鞋底,日常休闲,斯凯奇潮,0,0,34,1
516,松紧带鞋,51,313,86,269,99,混合鞋底,户外机能,安踏运动,0,0,44,1
5890,系带设计,48,130,76,99,95,混合鞋底,潮流高街,斯凯奇潮,1,1,15,2
563,拉链鞋款,31,173,86,149,96,MD发泡底,简约百搭,阿迪达斯,0,1,2278,2
3754,松紧带鞋,49,141,70,99,98,TPR鞋底,复古潮鞋,李宁休闲,1,1,1422,2
199,拉链鞋款,38,144,89,128,94,TPR鞋底,简约百搭,其他品牌,1,0,880,1
1456,魔术贴鞋,46,174,80,139,92,橡胶大底,潮流高街,回力经典,0,0,4,1
362,系带设计,51,194,51,99,90,橡胶大底,简约百搭,鸿星尔克,1,1,23,2
343,套脚款式,55,130,76,99,96,EVA轻底,复古潮鞋,安踏运动,1,1,3780,2
511,松紧带鞋,41,191,85,162,98,TPR鞋底,工装硬朗,鸿星尔克,0,1,313,2
2520,魔术贴鞋,48,99,100,99,95,TPR鞋底,运动休闲,耐克潮流,0,1,50,2
1544,拉链鞋款,41,136,73,99,99,PU中底,复古潮鞋,特步男鞋,0,0,135,1
2707,套脚款式,48,562,52,292,95,EVA轻底,日常休闲,阿迪达斯,1,0,27,3
796,系带设计,55,362,53,192,94,EVA轻底,运动休闲,耐克潮流,1,1,285,2
2312,魔术贴鞋,48,150,66,99,95,TPR鞋底,简约百搭,特步男鞋,0,1,1220,2
1147,松紧带鞋,36,171,58,99,98,橡胶大底,工装硬朗,特步男鞋,1,0,1125,1
7092,松紧带鞋,55,128,99,127,92,MD发泡底,日常休闲,李宁休闲,0,1,609,2
4050,松紧带鞋,45,264,59,156,100,MD发泡底,潮流高街,李宁休闲,0,1,50,2
4140,魔术贴鞋,51,148,67,99,93,PU中底,日常休闲,回力经典,0,1,832,2
1139,拉链鞋款,50,183,75,137,99,PU中底,潮流高街,安踏运动,0,1,15,2
11190,魔术贴鞋,49,141,70,99,91,MD发泡底,潮流高街,其他品牌,1,0,25,0
1148,系带设计,43,157,63,99,93,混合鞋底,户外机能,斯凯奇潮,1,0,2272,1
661,套脚款式,47,316,56,177,86,MD发泡底,日常休闲,鸿星尔克,0,1,214,2
1367,系带设计,46,138,72,99,89,TPR鞋底,工装硬朗,斯凯奇潮,1,0,40,1
164,套脚款式,48,133,85,113,93,混合鞋底,工装硬朗,安踏运动,0,0,141,1
1288,松紧带鞋,37,586,59,346,95,TPR鞋底,简约百搭,回力经典,0,1,853,3
4902,套脚款式,46,111,90,100,93,EVA轻底,工装硬朗,安踏运动,1,1,50,2
228,系带设计,43,592,74,438,95,EVA轻底,工装硬朗,斯凯奇潮,0,0,1273,3
1787,松紧带鞋,52,200,85,170,95,TPR鞋底,日常休闲,安踏运动,0,0,528,1
2189,套脚款式,46,152,65,99,95,EVA轻底,简约百搭,阿迪达斯,1,0,4950,1
2026,拉链鞋款,57,168,91,153,90,TPR鞋底,户外机能,李宁休闲,0,0,2466,1
78,套脚款式,56,129,93,120,92,PU中底,潮流高街,阿迪达斯,1,0,1016,1
9809,魔术贴鞋,39,198,50,99,88,TPR鞋底,潮流高街,斯凯奇潮,1,0,292,0
886,拉链鞋款,52,186,79,147,86,橡胶大底,户外机能,耐克潮流,0,0,1448,1
1419,套脚款式,48,116,95,110,94,EVA轻底,运动休闲,京东京造,1,0,1144,1
319,拉链鞋款,45,187,53,99,92,PU中底,工装硬朗,李宁休闲,1,0,1225,1
370,魔术贴鞋,32,163,67,109,86,TPR鞋底,简约百搭,耐克潮流,0,1,194,2
1304,拉链鞋款,43,171,58,99,92,橡胶大底,日常休闲,安踏运动,0,0,24,1
740,松紧带鞋,58,504,52,262,91,PU中底,简约百搭,鸿星尔克,1,0,1450,3
6561,套脚款式,46,121,82,99,94,TPR鞋底,运动休闲,京东京造,1,1,284,2
6865,松紧带鞋,46,291,67,195,91,混合鞋底,日常休闲,李宁休闲,1,0,822,1
127,系带设计,22,486,58,282,97,MD发泡底,工装硬朗,回力经典,0,0,30,3
1133,套脚款式,52,103,96,99,90,PU中底,户外机能,特步男鞋,1,1,1159,2
2800,套脚款式,40,192,77,148,92,MD发泡底,工装硬朗,安踏运动,1,0,21,1
585,系带设计,57,157,63,99,93,EVA轻底,运动休闲,特步男鞋,0,1,1188,2
107,松紧带鞋,55,249,85,212,92,混合鞋底,户外机能,阿迪达斯,0,0,483,1
16100,拉链鞋款,47,194,51,99,93,MD发泡底,简约百搭,京东京造,0,0,85,0
6266,松紧带鞋,50,101,98,99,94,EVA轻底,工装硬朗,阿迪达斯,1,0,352,1
2630,松紧带鞋,57,282,73,206,98,混合鞋底,户外机能,京东京造,0,1,830,2
1318,魔术贴鞋,40,155,64,99,94,EVA轻底,潮流高街,京东京造,1,0,1219,1
3609,系带设计,60,227,63,143,98,混合鞋底,复古潮鞋,其他品牌,1,1,766,2
494,系带设计,58,252,69,174,93,TPR鞋底,运动休闲,特步男鞋,1,1,645,2
1079,魔术贴鞋,49,129,77,99,95,橡胶大底,工装硬朗,耐克潮流,0,0,3484,1
3359,系带设计,50,238,60,143,95,混合鞋底,复古潮鞋,耐克潮流,1,0,465,1
3181,套脚款式,53,180,55,99,86,混合鞋底,潮流高街,京东京造,1,0,27,1
783,魔术贴鞋,56,505,58,293,97,EVA轻底,运动休闲,其他品牌,0,1,383,3
666,魔术贴鞋,39,181,100,181,98,PU中底,潮流高街,斯凯奇潮,1,0,1167,1
520,系带设计,43,100,100,100,95,混合鞋底,潮流高街,耐克潮流,0,0,399,1
1618,松紧带鞋,53,103,96,99,90,MD发泡底,运动休闲,安踏运动,1,0,18,1
124,套脚款式,50,232,62,144,85,PU中底,简约百搭,李宁休闲,0,1,485,2
312,拉链鞋款,38,141,88,124,97,MD发泡底,工装硬朗,阿迪达斯,0,1,565,2
640,拉链鞋款,55,156,99,154,92,橡胶大底,复古潮鞋,斯凯奇潮,1,0,1112,1
7283,套脚款式,47,101,98,99,88,PU中底,运动休闲,李宁休闲,1,0,1418,1
2638,拉链鞋款,54,168,59,99,99,PU中底,复古潮鞋,京东京造,1,0,439,1
706,魔术贴鞋,54,129,77,99,99,TPR鞋底,运动休闲,阿迪达斯,1,0,32,1
1943,魔术贴鞋,64,271,83,225,95,PU中底,日常休闲,鸿星尔克,1,0,1206,1
247,魔术贴鞋,52,252,73,184,95,EVA轻底,潮流高街,斯凯奇潮,0,1,69,2
1560,拉链鞋款,35,101,98,99,93,MD发泡底,工装硬朗,其他品牌,1,0,1446,1
855,拉链鞋款,57,112,88,99,100,混合鞋底,复古潮鞋,其他品牌,1,0,1382,1
1081,魔术贴鞋,45,325,60,195,92,PU中底,复古潮鞋,安踏运动,0,0,838,1
584,魔术贴鞋,42,149,89,133,89,PU中底,户外机能,其他品牌,1,1,782,2
830,套脚款式,37,192,75,144,88,TPR鞋底,简约百搭,鸿星尔克,0,0,4140,1
421,系带设计,56,524,54,283,94,TPR鞋底,运动休闲,其他品牌,0,1,682,3
1376,系带设计,54,155,93,144,93,PU中底,潮流高街,鸿星尔克,1,0,251,1
818,系带设计,52,110,90,99,93,混合鞋底,运动休闲,安踏运动,1,1,6,2
4262,系带设计,48,289,64,185,96,TPR鞋底,复古潮鞋,耐克潮流,1,1,2754,2
1927,套脚款式,51,270,83,224,98,MD发泡底,日常休闲,特步男鞋,0,0,457,1
158,魔术贴鞋,54,200,61,122,91,TPR鞋底,潮流高街,特步男鞋,1,1,8,2
1909,松紧带鞋,53,162,92,149,92,TPR鞋底,简约百搭,安踏运动,1,0,405,1
1935,魔术贴鞋,50,561,66,370,91,TPR鞋底,日常休闲,安踏运动,1,0,1072,3
455,松紧带鞋,50,374,50,187,85,MD发泡底,简约百搭,京东京造,1,0,3249,1
1592,套脚款式,50,134,74,99,93,MD发泡底,运动休闲,斯凯奇潮,0,1,910,2
692,拉链鞋款,37,103,96,99,94,EVA轻底,工装硬朗,回力经典,1,1,628,2
59,套脚款式,47,160,62,99,95,MD发泡底,户外机能,特步男鞋,0,0,1431,1
627,系带设计,51,269,55,148,93,EVA轻底,潮流高街,京东京造,1,0,2839,1
388,松紧带鞋,37,168,59,99,98,橡胶大底,日常休闲,耐克潮流,1,1,705,2
385,魔术贴鞋,48,442,64,283,97,MD发泡底,简约百搭,安踏运动,1,0,5,3
784,拉链鞋款,45,434,59,256,92,MD发泡底,潮流高街,其他品牌,1,0,14,3
1666,松紧带鞋,23,184,70,129,93,EVA轻底,复古潮鞋,耐克潮流,1,1,11,2
3827,拉链鞋款,59,326,73,238,95,MD发泡底,简约百搭,安踏运动,0,1,348,2
1384,套脚款式,57,146,68,99,96,橡胶大底,潮流高街,安踏运动,0,1,955,2
532,拉链鞋款,51,264,69,182,93,混合鞋底,简约百搭,斯凯奇潮,0,0,10,1
1287,拉链鞋款,50,239,56,134,95,PU中底,日常休闲,安踏运动,0,0,312,1
5365,套脚款式,48,220,61,134,97,TPR鞋底,潮流高街,回力经典,1,0,39,1
802,松紧带鞋,40,119,83,99,94,TPR鞋底,户外机能,鸿星尔克,0,0,41,1
1621,系带设计,51,211,93,196,93,EVA轻底,潮流高街,鸿星尔克,0,0,1446,1
2298,魔术贴鞋,51,242,52,126,90,PU中底,运动休闲,李宁休闲,1,1,1111,2
3418,松紧带鞋,50,110,90,99,97,MD发泡底,户外机能,耐克潮流,1,0,404,1
2708,拉链鞋款,63,119,84,100,99,混合鞋底,简约百搭,斯凯奇潮,0,1,1276,2
535,套脚款式,53,174,57,99,100,混合鞋底,工装硬朗,耐克潮流,1,1,39,2
265,系带设计,58,115,86,99,94,混合鞋底,简约百搭,其他品牌,1,0,2233,1
3039,拉链鞋款,42,187,87,163,95,橡胶大底,复古潮鞋,斯凯奇潮,1,1,24,2
1062,拉链鞋款,49,112,88,99,94,PU中底,工装硬朗,回力经典,1,0,47,1
1221,松紧带鞋,55,225,63,142,95,橡胶大底,工装硬朗,李宁休闲,1,1,300,2
479,套脚款式,40,348,66,230,97,MD发泡底,简约百搭,鸿星尔克,1,1,838,2
960,拉链鞋款,59,457,81,370,99,橡胶大底,复古潮鞋,斯凯奇潮,1,0,206,3
1053,松紧带鞋,58,208,87,181,99,混合鞋底,工装硬朗,特步男鞋,0,1,1038,2
2038,魔术贴鞋,47,339,59,200,95,混合鞋底,复古潮鞋,李宁休闲,1,1,1011,2
376,拉链鞋款,44,249,84,209,93,混合鞋底,潮流高街,鸿星尔克,0,1,45,2
8487,拉链鞋款,50,134,85,114,91,TPR鞋底,日常休闲,特步男鞋,0,1,837,2
1903,拉链鞋款,60,215,86,185,90,混合鞋底,复古潮鞋,特步男鞋,1,0,580,1
2281,拉链鞋款,48,150,66,99,95,EVA轻底,复古潮鞋,耐克潮流,1,1,1059,2
5285,魔术贴鞋,45,315,82,258,98,橡胶大底,户外机能,其他品牌,1,0,3650,1
3445,松紧带鞋,56,271,79,214,95,EVA轻底,简约百搭,斯凯奇潮,0,1,950,2
602,套脚款式,53,304,67,204,94,TPR鞋底,简约百搭,回力经典,1,1,114,2
6074,套脚款式,50,322,50,161,95,橡胶大底,户外机能,其他品牌,0,0,24,1
1662,拉链鞋款,29,289,79,228,100,MD发泡底,运动休闲,李宁休闲,0,0,146,1
80,松紧带鞋,43,334,59,197,97,EVA轻底,户外机能,鸿星尔克,1,1,1404,2
55,拉链鞋款,51,538,73,393,100,橡胶大底,运动休闲,其他品牌,1,1,680,3
409,套脚款式,57,114,92,105,95,橡胶大底,简约百搭,特步男鞋,1,0,14,1
734,魔术贴鞋,36,168,59,99,86,MD发泡底,运动休闲,李宁休闲,1,0,31,1
3129,套脚款式,59,132,75,99,90,混合鞋底,简约百搭,李宁休闲,0,0,495,1
200,松紧带鞋,42,124,80,99,96,PU中底,潮流高街,耐克潮流,0,0,2689,1
1977,拉链鞋款,36,194,51,99,95,TPR鞋底,工装硬朗,安踏运动,0,1,2345,2
1049,魔术贴鞋,40,548,80,438,96,混合鞋底,户外机能,京东京造,1,0,544,3
1716,拉链鞋款,45,155,82,127,98,MD发泡底,工装硬朗,安踏运动,1,0,4899,1
7040,系带设计,52,194,51,99,99,MD发泡底,户外机能,李宁休闲,1,1,679,2
3098,套脚款式,48,392,84,329,94,橡胶大底,户外机能,特步男鞋,0,1,1050,3
1484,魔术贴鞋,37,118,84,99,96,PU中底,简约百搭,李宁休闲,0,1,331,2
1517,拉链鞋款,45,160,62,99,100,MD发泡底,日常休闲,阿迪达斯,1,0,1175,1
1162,魔术贴鞋,43,645,86,555,95,橡胶大底,日常休闲,鸿星尔克,1,0,587,3
928,魔术贴鞋,50,760,92,699,92,PU中底,户外机能,回力经典,1,0,273,3
1090,拉链鞋款,52,119,88,105,98,TPR鞋底,工装硬朗,京东京造,0,1,3,2
1303,套脚款式,44,201,71,143,94,MD发泡底,潮流高街,耐克潮流,1,1,1240,2
637,套脚款式,45,119,83,99,90,MD发泡底,户外机能,特步男鞋,1,1,1128,2
5697,拉链鞋款,56,736,95,699,94,PU中底,运动休闲,京东京造,1,0,47,3
10858,拉链鞋款,44,264,85,224,93,混合鞋底,简约百搭,安踏运动,1,1,1419,0
4390,松紧带鞋,35,149,80,119,90,橡胶大底,运动休闲,安踏运动,0,1,50,2
1515,拉链鞋款,52,354,95,336,99,PU中底,运动休闲,特步男鞋,0,0,5,3
2654,系带设计,53,397,63,250,94,PU中底,复古潮鞋,京东京造,1,1,72,3
1253,拉链鞋款,51,174,77,134,85,MD发泡底,工装硬朗,斯凯奇潮,0,0,36,1
250,松紧带鞋,45,336,78,262,100,橡胶大底,工装硬朗,耐克潮流,0,1,405,3
1899,松紧带鞋,51,219,59,129,91,混合鞋底,复古潮鞋,特步男鞋,1,0,1474,1
1211,松紧带鞋,45,137,81,111,86,TPR鞋底,简约百搭,回力经典,0,1,152,2
8923,套脚款式,58,336,69,232,99,TPR鞋底,简约百搭,其他品牌,1,0,2287,1
533,系带设计,54,283,83,235,96,TPR鞋底,运动休闲,回力经典,1,1,272,2
478,系带设计,44,118,84,99,100,混合鞋底,复古潮鞋,李宁休闲,0,1,3294,2
7838,魔术贴鞋,45,100,99,99,98,混合鞋底,潮流高街,耐克潮流,1,0,1,1
550,魔术贴鞋,43,253,73,185,100,橡胶大底,工装硬朗,耐克潮流,0,1,3268,2
388,系带设计,47,188,92,173,96,MD发泡底,工装硬朗,李宁休闲,0,0,460,1
869,松紧带鞋,55,166,64,106,93,TPR鞋底,潮流高街,李宁休闲,0,0,129,1
256,系带设计,46,277,52,144,93,橡胶大底,复古潮鞋,特步男鞋,1,0,27,1
371,套脚款式,47,164,96,157,97,EVA轻底,简约百搭,斯凯奇潮,0,1,1323,2
292,拉链鞋款,51,238,81,193,96,橡胶大底,潮流高街,鸿星尔克,1,1,641,2
73,套脚款式,40,111,89,99,92,MD发泡底,日常休闲,其他品牌,0,0,3544,1
1307,系带设计,51,383,82,314,92,橡胶大底,复古潮鞋,李宁休闲,0,0,624,3
2037,松紧带鞋,46,475,77,366,95,TPR鞋底,复古潮鞋,鸿星尔克,0,0,7,3
371,松紧带鞋,46,128,79,101,95,EVA轻底,复古潮鞋,其他品牌,1,0,143,1
1322,拉链鞋款,54,128,82,105,85,混合鞋底,运动休闲,李宁休闲,1,0,321,1
1990,拉链鞋款,43,188,91,171,100,EVA轻底,复古潮鞋,耐克潮流,0,1,1212,2
240,系带设计,52,460,93,428,96,MD发泡底,潮流高街,鸿星尔克,1,1,257,3
329,系带设计,55,240,50,120,100,橡胶大底,工装硬朗,斯凯奇潮,0,0,1473,1
2821,松紧带鞋,40,99,100,99,97,TPR鞋底,日常休闲,耐克潮流,0,1,856,2
1203,魔术贴鞋,46,155,82,127,89,PU中底,简约百搭,阿迪达斯,0,1,822,2
200,系带设计,57,109,91,99,97,MD发泡底,工装硬朗,鸿星尔克,1,1,3,2
1852,拉链鞋款,55,192,52,100,92,橡胶大底,简约百搭,阿迪达斯,1,1,3486,2
4197,套脚款式,53,165,78,129,100,EVA轻底,运动休闲,鸿星尔克,1,0,34,1
1544,套脚款式,47,135,75,101,96,混合鞋底,工装硬朗,京东京造,1,1,1420,2
658,魔术贴鞋,18,134,93,125,90,TPR鞋底,运动休闲,京东京造,1,1,368,2
471,松紧带鞋,46,462,64,296,96,TPR鞋底,日常休闲,回力经典,0,1,388,3
3883,套脚款式,41,167,96,160,97,MD发泡底,潮流高街,其他品牌,1,0,278,1
1441,系带设计,31,493,74,365,92,EVA轻底,日常休闲,特步男鞋,1,1,203,3
829,魔术贴鞋,45,292,66,193,98,MD发泡底,运动休闲,回力经典,0,1,1476,2
21723,魔术贴鞋,39,724,62,449,97,混合鞋底,运动休闲,斯凯奇潮,0,1,4562,0
6148,套脚款式,55,232,76,176,88,PU中底,潮流高街,京东京造,1,1,835,2
1479,松紧带鞋,54,113,94,106,90,MD发泡底,日常休闲,鸿星尔克,0,1,1149,2
268,套脚款式,36,102,97,99,99,PU中底,简约百搭,李宁休闲,0,0,2821,1
1519,套脚款式,20,129,77,99,90,橡胶大底,日常休闲,安踏运动,1,1,141,2
798,松紧带鞋,34,153,73,112,95,混合鞋底,复古潮鞋,特步男鞋,0,0,4987,1
1336,系带设计,45,279,75,209,92,EVA轻底,简约百搭,李宁休闲,1,0,4436,1
283,拉链鞋款,20,247,87,215,86,EVA轻底,工装硬朗,李宁休闲,1,1,1360,2
63,松紧带鞋,47,275,64,176,95,混合鞋底,日常休闲,鸿星尔克,0,0,16,1
6146,套脚款式,50,193,55,106,90,橡胶大底,户外机能,耐克潮流,0,0,627,1
385,系带设计,46,145,88,128,90,MD发泡底,简约百搭,其他品牌,1,1,1164,2
223,套脚款式,53,157,74,116,92,混合鞋底,复古潮鞋,安踏运动,0,0,1203,1
839,系带设计,51,179,62,111,95,MD发泡底,日常休闲,安踏运动,1,1,1182,2
143,套脚款式,48,180,55,99,90,混合鞋底,工装硬朗,回力经典,0,1,15,2
2297,松紧带鞋,32,168,85,143,96,MD发泡底,日常休闲,阿迪达斯,1,1,14,2
1078,套脚款式,42,392,60,235,91,PU中底,简约百搭,耐克潮流,0,1,578,3
1853,套脚款式,41,100,99,99,96,橡胶大底,工装硬朗,阿迪达斯,0,1,186,2
389,魔术贴鞋,58,127,78,99,94,PU中底,工装硬朗,其他品牌,1,1,1464,2
7161,魔术贴鞋,53,129,77,99,96,混合鞋底,工装硬朗,耐克潮流,1,0,491,1
96,魔术贴鞋,43,115,86,99,92,PU中底,工装硬朗,鸿星尔克,1,1,1257,2
657,套脚款式,48,190,52,99,92,混合鞋底,简约百搭,斯凯奇潮,0,0,1472,1
1479,拉链鞋款,64,143,69,99,91,MD发泡底,潮流高街,京东京造,1,0,1053,1
28,魔术贴鞋,33,221,77,170,95,MD发泡底,日常休闲,安踏运动,0,1,764,2
8100,系带设计,60,124,80,99,91,MD发泡底,日常休闲,李宁休闲,1,1,3032,2
926,拉链鞋款,57,110,90,99,90,PU中底,日常休闲,安踏运动,1,0,498,1
6711,套脚款式,41,194,51,99,90,PU中底,工装硬朗,李宁休闲,0,1,377,2
140,魔术贴鞋,43,248,52,129,85,混合鞋底,户外机能,斯凯奇潮,1,1,1318,2
181,松紧带鞋,41,425,57,242,99,EVA轻底,日常休闲,安踏运动,1,0,1057,3
993,魔术贴鞋,50,314,64,201,90,MD发泡底,简约百搭,耐克潮流,1,1,1134,2
341,系带设计,44,293,55,161,97,MD发泡底,复古潮鞋,斯凯奇潮,0,1,4822,2
326,套脚款式,28,321,63,202,96,PU中底,复古潮鞋,阿迪达斯,1,1,358,2
2915,系带设计,35,102,97,99,95,MD发泡底,日常休闲,回力经典,0,1,147,2
364,系带设计,48,139,89,124,93,橡胶大底,潮流高街,耐克潮流,0,0,968,1
599,松紧带鞋,36,169,81,137,95,橡胶大底,简约百搭,安踏运动,0,1,1134,2
1797,系带设计,58,129,77,99,94,橡胶大底,复古潮鞋,京东京造,0,1,1388,2
6337,套脚款式,56,141,70,99,93,橡胶大底,运动休闲,阿迪达斯,0,1,40,2
2195,松紧带鞋,37,174,57,99,93,MD发泡底,潮流高街,其他品牌,0,1,1039,2
34,魔术贴鞋,40,177,56,99,98,橡胶大底,日常休闲,耐克潮流,0,0,1462,1
2230,拉链鞋款,48,152,85,129,95,PU中底,潮流高街,特步男鞋,1,0,1461,1
976,系带设计,38,111,89,99,93,TPR鞋底,复古潮鞋,李宁休闲,0,1,0,2
292,拉链鞋款,46,121,82,99,97,橡胶大底,日常休闲,回力经典,0,1,4449,2
2359,松紧带鞋,51,146,68,99,95,PU中底,工装硬朗,斯凯奇潮,0,1,1247,2
6412,套脚款式,47,129,77,99,91,TPR鞋底,复古潮鞋,其他品牌,0,1,47,2
1057,魔术贴鞋,52,130,84,109,89,PU中底,潮流高街,耐克潮流,0,1,1120,2
306,套脚款式,52,160,62,99,91,MD发泡底,潮流高街,耐克潮流,1,1,1123,2
1502,松紧带鞋,41,241,86,207,99,橡胶大底,日常休闲,京东京造,1,0,3234,1
1151,魔术贴鞋,51,183,54,99,98,MD发泡底,复古潮鞋,阿迪达斯,1,0,4046,1
375,松紧带鞋,38,197,87,171,94,PU中底,复古潮鞋,鸿星尔克,1,0,4453,1
16,松紧带鞋,63,209,95,199,90,TPR鞋底,户外机能,鸿星尔克,0,1,10,2
1010,魔术贴鞋,60,255,86,219,91,EVA轻底,复古潮鞋,李宁休闲,0,1,455,2
2711,拉链鞋款,39,177,56,99,87,PU中底,工装硬朗,其他品牌,1,1,930,2
587,松紧带鞋,50,194,51,99,94,橡胶大底,工装硬朗,阿迪达斯,1,0,1240,1
82,系带设计,46,101,98,99,97,混合鞋底,运动休闲,其他品牌,1,0,2159,1
18821,套脚款式,53,196,96,188,100,EVA轻底,日常休闲,京东京造,0,0,2506,0
1603,松紧带鞋,43,133,97,129,97,TPR鞋底,潮流高街,阿迪达斯,1,1,18,2
1080,套脚款式,47,130,76,99,100,EVA轻底,户外机能,安踏运动,0,1,1054,2
350,魔术贴鞋,55,137,91,125,91,混合鞋底,运动休闲,特步男鞋,1,1,713,2
1010,系带设计,48,211,84,177,90,MD发泡底,户外机能,特步男鞋,0,0,9,1
1283,套脚款式,45,183,70,128,94,橡胶大底,工装硬朗,李宁休闲,0,0,565,1
428,套脚款式,41,173,63,109,98,EVA轻底,简约百搭,京东京造,1,1,1386,2
1618,套脚款式,48,265,71,188,91,TPR鞋底,运动休闲,李宁休闲,1,0,695,1
4669,套脚款式,47,141,70,99,93,MD发泡底,运动休闲,耐克潮流,1,0,22,1
1461,拉链鞋款,35,194,51,99,91,MD发泡底,复古潮鞋,安踏运动,0,1,1221,2
460,松紧带鞋,44,183,54,99,97,MD发泡底,潮流高街,鸿星尔克,0,1,1389,2
6167,松紧带鞋,55,631,70,442,98,EVA轻底,户外机能,鸿星尔克,1,0,5,3
2682,魔术贴鞋,60,104,95,99,98,EVA轻底,日常休闲,特步男鞋,0,1,187,2
3100,魔术贴鞋,45,143,69,99,95,混合鞋底,复古潮鞋,鸿星尔克,0,0,301,1
389,套脚款式,56,165,60,99,94,PU中底,户外机能,鸿星尔克,1,1,1466,2
1720,魔术贴鞋,51,154,90,139,91,TPR鞋底,日常休闲,安踏运动,1,0,5,1
118,松紧带鞋,55,130,76,99,94,EVA轻底,复古潮鞋,特步男鞋,1,1,5,2
10772,系带设计,51,143,95,136,99,橡胶大底,简约百搭,特步男鞋,0,1,993,0
4199,拉链鞋款,43,270,76,205,90,橡胶大底,日常休闲,阿迪达斯,0,1,3262,2
343,套脚款式,49,155,64,99,94,PU中底,潮流高街,李宁休闲,0,0,1071,1
2317,套脚款式,50,227,84,191,99,TPR鞋底,简约百搭,李宁休闲,0,0,1242,1
325,魔术贴鞋,41,160,62,99,94,TPR鞋底,工装硬朗,京东京造,0,1,574,2
510,系带设计,42,224,68,152,91,橡胶大底,运动休闲,其他品牌,1,0,538,1
132,拉链鞋款,53,147,77,113,94,橡胶大底,潮流高街,其他品牌,0,0,18,1
356,松紧带鞋,57,143,69,99,96,PU中底,简约百搭,阿迪达斯,0,0,698,1
9998,魔术贴鞋,48,134,74,99,93,TPR鞋底,潮流高街,耐克潮流,0,1,3911,2
1685,松紧带鞋,47,108,92,99,96,TPR鞋底,潮流高街,李宁休闲,0,1,23,2
272,松紧带鞋,47,181,74,134,97,EVA轻底,工装硬朗,特步男鞋,0,0,44,1
356,魔术贴鞋,29,150,66,99,94,EVA轻底,户外机能,安踏运动,1,0,3006,1
28908,松紧带鞋,34,110,90,99,95,混合鞋底,工装硬朗,耐克潮流,1,0,4706,0
34,拉链鞋款,52,162,61,99,96,橡胶大底,运动休闲,耐克潮流,1,0,705,1
8457,套脚款式,52,114,87,99,99,橡胶大底,运动休闲,京东京造,1,0,666,1
26751,松紧带鞋,48,155,64,99,95,MD发泡底,运动休闲,其他品牌,0,1,1116,0
1903,魔术贴鞋,41,252,69,174,95,TPR鞋底,潮流高街,回力经典,1,1,3136,2
1304,松紧带鞋,51,194,51,99,92,TPR鞋底,潮流高街,鸿星尔克,0,1,1303,2
1830,套脚款式,51,378,50,189,93,橡胶大底,工装硬朗,李宁休闲,0,0,1371,1
4912,松紧带鞋,52,121,92,111,96,MD发泡底,简约百搭,安踏运动,0,1,675,2
1297,套脚款式,59,150,66,99,90,EVA轻底,复古潮鞋,耐克潮流,0,1,53,2
8544,松紧带鞋,42,183,54,99,100,混合鞋底,户外机能,鸿星尔克,1,1,580,2
324,松紧带鞋,57,256,79,202,90,PU中底,日常休闲,阿迪达斯,0,0,1068,1
5048,松紧带鞋,34,197,66,130,99,PU中底,户外机能,京东京造,0,0,17,1
1379,松紧带鞋,52,175,84,147,96,混合鞋底,潮流高街,鸿星尔克,0,0,865,1
11338,魔术贴鞋,63,121,85,103,91,PU中底,户外机能,回力经典,1,1,1360,0
1175,拉链鞋款,41,591,69,408,93,混合鞋底,潮流高街,耐克潮流,1,1,292,3
369,松紧带鞋,39,797,60,478,96,TPR鞋底,户外机能,阿迪达斯,0,1,443,3
322,拉链鞋款,55,140,100,140,89,TPR鞋底,户外机能,特步男鞋,1,1,894,2
1123,拉链鞋款,50,138,81,112,89,TPR鞋底,复古潮鞋,特步男鞋,1,0,698,1
104,魔术贴鞋,41,160,62,99,96,PU中底,日常休闲,特步男鞋,0,1,592,2
1499,魔术贴鞋,39,138,72,99,92,橡胶大底,户外机能,斯凯奇潮,0,0,301,1
870,套脚款式,56,139,71,99,91,EVA轻底,复古潮鞋,回力经典,1,1,269,2
576,套脚款式,45,146,81,118,91,TPR鞋底,运动休闲,阿迪达斯,0,1,28,2
1161,拉链鞋款,59,241,66,159,89,混合鞋底,潮流高街,京东京造,0,1,525,2
439,拉链鞋款,43,108,92,99,97,EVA轻底,工装硬朗,阿迪达斯,1,1,2210,2
358,魔术贴鞋,50,316,73,231,90,EVA轻底,日常休闲,安踏运动,0,1,48,2
1007,松紧带鞋,53,288,89,256,97,橡胶大底,潮流高街,耐克潮流,0,0,4705,1
621,系带设计,44,640,70,448,90,EVA轻底,潮流高街,耐克潮流,0,1,349,3
2152,拉链鞋款,52,185,84,155,95,橡胶大底,复古潮鞋,鸿星尔克,1,0,25,1
1185,套脚款式,46,180,55,99,93,TPR鞋底,复古潮鞋,安踏运动,0,0,66,1
582,拉链鞋款,35,174,57,99,91,PU中底,复古潮鞋,斯凯奇潮,1,1,468,2
10831,松紧带鞋,37,238,78,186,91,MD发泡底,潮流高街,斯凯奇潮,0,0,472,0
444,魔术贴鞋,49,289,82,237,97,橡胶大底,简约百搭,李宁休闲,1,1,43,2
2494,魔术贴鞋,47,125,79,99,91,PU中底,简约百搭,京东京造,1,0,47,1
1978,套脚款式,48,375,51,191,96,橡胶大底,运动休闲,特步男鞋,1,1,911,2
1161,松紧带鞋,49,294,70,206,93,PU中底,运动休闲,其他品牌,1,0,305,1
1919,松紧带鞋,43,121,82,99,91,MD发泡底,户外机能,李宁休闲,1,1,104,2
1722,魔术贴鞋,41,146,68,99,96,橡胶大底,潮流高街,鸿星尔克,1,1,3,2
304,松紧带鞋,47,141,70,99,96,TPR鞋底,户外机能,耐克潮流,1,1,3,2
1745,拉链鞋款,39,122,81,99,91,MD发泡底,日常休闲,京东京造,0,0,1151,1
1059,魔术贴鞋,39,487,82,399,89,MD发泡底,运动休闲,斯凯奇潮,0,0,30,3
890,拉链鞋款,49,166,73,121,92,TPR鞋底,复古潮鞋,安踏运动,0,1,742,2
596,系带设计,50,233,95,221,93,EVA轻底,运动休闲,安踏运动,0,0,730,1
334,魔术贴鞋,57,715,52,372,86,混合鞋底,运动休闲,耐克潮流,1,1,3744,3
1165,套脚款式,50,225,64,144,96,PU中底,日常休闲,京东京造,0,0,3116,1
1975,拉链鞋款,45,196,71,139,92,混合鞋底,复古潮鞋,李宁休闲,0,1,600,2
1413,拉链鞋款,41,249,86,214,96,PU中底,日常休闲,其他品牌,0,1,73,2
3009,系带设计,61,206,62,128,92,EVA轻底,工装硬朗,耐克潮流,1,1,5,2
8849,系带设计,50,245,69,169,85,EVA轻底,户外机能,阿迪达斯,0,1,1302,2
1296,套脚款式,54,200,79,158,96,PU中底,复古潮鞋,鸿星尔克,0,0,9,1
350,魔术贴鞋,47,300,63,189,94,MD发泡底,简约百搭,斯凯奇潮,1,1,293,2
2646,松紧带鞋,29,287,97,278,99,TPR鞋底,日常休闲,鸿星尔克,1,1,585,2
1848,松紧带鞋,48,240,84,202,98,MD发泡底,潮流高街,京东京造,1,1,3655,2
780,拉链鞋款,41,111,89,99,87,混合鞋底,日常休闲,耐克潮流,1,1,2,2
389,魔术贴鞋,32,303,58,176,97,橡胶大底,复古潮鞋,鸿星尔克,1,0,46,1
1386,系带设计,56,295,55,162,90,PU中底,复古潮鞋,李宁休闲,1,1,3772,2
439,松紧带鞋,58,194,63,122,96,EVA轻底,日常休闲,特步男鞋,1,1,3564,2
762,套脚款式,57,237,71,168,91,EVA轻底,潮流高街,安踏运动,1,0,8,1
318,拉链鞋款,41,787,53,417,92,混合鞋底,复古潮鞋,安踏运动,1,0,1209,3
1600,拉链鞋款,52,157,63,99,94,MD发泡底,运动休闲,阿迪达斯,0,0,1421,1
38,系带设计,46,118,84,99,90,PU中底,简约百搭,回力经典,0,0,333,1
162,拉链鞋款,53,263,75,197,92,橡胶大底,工装硬朗,京东京造,1,0,19,1
501,魔术贴鞋,48,99,100,99,92,橡胶大底,户外机能,特步男鞋,0,0,564,1
4761,松紧带鞋,48,103,96,99,91,TPR鞋底,潮流高街,鸿星尔克,0,0,16,1
1496,套脚款式,47,103,96,99,98,混合鞋底,日常休闲,鸿星尔克,0,1,222,2
2219,套脚款式,57,102,97,99,95,MD发泡底,日常休闲,耐克潮流,1,1,1269,2
748,系带设计,50,173,90,156,91,混合鞋底,户外机能,阿迪达斯,0,1,105,2
12892,系带设计,37,174,57,99,97,TPR鞋底,潮流高街,斯凯奇潮,1,0,25,0
5316,松紧带鞋,44,103,96,99,95,EVA轻底,户外机能,斯凯奇潮,0,1,784,2
485,套脚款式,36,175,87,152,94,橡胶大底,户外机能,鸿星尔克,0,1,17,2
127,拉链鞋款,54,1371,51,699,91,EVA轻底,户外机能,其他品牌,1,1,279,3
222,系带设计,39,102,97,99,93,EVA轻底,日常休闲,阿迪达斯,0,0,327,1
447,套脚款式,59,266,71,189,99,橡胶大底,运动休闲,鸿星尔克,1,1,11,2
8561,拉链鞋款,57,193,86,166,90,EVA轻底,复古潮鞋,特步男鞋,1,0,46,1
1185,拉链鞋款,18,156,95,148,99,MD发泡底,户外机能,鸿星尔克,1,0,4445,1
3755,魔术贴鞋,64,351,85,298,96,混合鞋底,户外机能,耐克潮流,0,0,253,3
167,魔术贴鞋,55,276,55,152,89,MD发泡底,工装硬朗,回力经典,0,1,46,2
877,套脚款式,58,135,94,127,90,EVA轻底,工装硬朗,斯凯奇潮,1,0,1117,1
582,系带设计,56,132,75,99,96,TPR鞋底,户外机能,阿迪达斯,1,0,49,1
1437,魔术贴鞋,54,233,54,126,94,PU中底,工装硬朗,斯凯奇潮,0,0,29,1
1463,系带设计,39,126,82,103,90,TPR鞋底,户外机能,鸿星尔克,1,1,694,2
2915,松紧带鞋,64,122,81,99,100,PU中底,工装硬朗,京东京造,0,0,882,1
1018,套脚款式,49,166,97,161,99,EVA轻底,工装硬朗,特步男鞋,0,0,76,1
1640,系带设计,36,141,70,99,95,MD发泡底,复古潮鞋,耐克潮流,1,0,2584,1
2253,魔术贴鞋,47,163,67,109,97,MD发泡底,工装硬朗,特步男鞋,0,1,1351,2
458,松紧带鞋,45,151,71,107,93,PU中底,工装硬朗,耐克潮流,0,1,910,2
267,套脚款式,47,196,91,178,99,TPR鞋底,潮流高街,李宁休闲,1,0,773,1
604,套脚款式,38,212,52,110,92,EVA轻底,日常休闲,斯凯奇潮,1,1,3218,2
218,魔术贴鞋,45,119,83,99,96,混合鞋底,工装硬朗,李宁休闲,0,0,100,1
4306,系带设计,55,207,74,153,93,MD发泡底,工装硬朗,安踏运动,0,1,2185,2
3215,魔术贴鞋,57,134,74,99,90,PU中底,复古潮鞋,耐克潮流,1,1,596,2
4374,套脚款式,38,241,76,183,97,TPR鞋底,潮流高街,斯凯奇潮,1,1,917,2
4041,松紧带鞋,47,251,71,178,96,EVA轻底,潮流高街,鸿星尔克,0,0,1457,1
636,松紧带鞋,49,105,94,99,92,MD发泡底,工装硬朗,特步男鞋,1,1,523,2
713,套脚款式,44,166,86,143,92,橡胶大底,潮流高街,特步男鞋,1,0,2147,1
1709,套脚款式,62,122,81,99,97,橡胶大底,潮流高街,斯凯奇潮,0,1,655,2
528,套脚款式,62,152,65,99,98,PU中底,户外机能,特步男鞋,1,1,1389,2
2134,魔术贴鞋,18,328,97,318,93,橡胶大底,简约百搭,鸿星尔克,0,0,14,3
326,套脚款式,55,188,59,111,91,混合鞋底,复古潮鞋,李宁休闲,0,1,538,2
2525,松紧带鞋,56,136,73,99,87,MD发泡底,工装硬朗,阿迪达斯,1,0,484,1
1410,系带设计,38,210,70,147,92,TPR鞋底,日常休闲,李宁休闲,1,1,2702,2
1390,魔术贴鞋,53,610,58,354,99,MD发泡底,简约百搭,斯凯奇潮,0,1,1001,3
515,松紧带鞋,54,323,64,207,89,MD发泡底,潮流高街,其他品牌,1,0,1374,1
4715,系带设计,51,100,99,99,90,PU中底,工装硬朗,安踏运动,1,0,4442,1
690,松紧带鞋,18,134,74,99,100,混合鞋底,日常休闲,阿迪达斯,1,0,26,1
285,套脚款式,25,157,63,99,94,TPR鞋底,户外机能,阿迪达斯,0,0,6,1
1952,系带设计,52,369,62,229,96,EVA轻底,复古潮鞋,阿迪达斯,0,1,4687,3
566,拉链鞋款,54,187,53,99,91,TPR鞋底,运动休闲,李宁休闲,0,0,542,1
1322,魔术贴鞋,50,296,71,210,96,PU中底,工装硬朗,阿迪达斯,0,0,46,1
747,套脚款式,42,184,86,158,95,混合鞋底,工装硬朗,特步男鞋,0,0,27,1
644,系带设计,54,116,85,99,92,MD发泡底,户外机能,安踏运动,0,0,3991,1
2179,拉链鞋款,44,104,97,101,97,橡胶大底,复古潮鞋,其他品牌,0,0,2489,1
759,魔术贴鞋,55,187,60,112,95,TPR鞋底,简约百搭,斯凯奇潮,0,0,578,1
5498,套脚款式,37,183,54,99,85,TPR鞋底,潮流高街,其他品牌,1,0,1100,1
32709,松紧带鞋,54,108,92,99,98,PU中底,简约百搭,李宁休闲,0,0,221,0
1071,松紧带鞋,38,278,93,259,90,TPR鞋底,工装硬朗,安踏运动,0,0,95,1
2765,松紧带鞋,39,124,80,99,99,橡胶大底,工装硬朗,斯凯奇潮,1,1,631,2
47,松紧带鞋,64,286,69,197,97,PU中底,户外机能,特步男鞋,0,1,131,2
1201,拉链鞋款,48,228,58,132,91,MD发泡底,户外机能,安踏运动,1,0,1224,1
6034,松紧带鞋,48,174,57,99,93,EVA轻底,户外机能,阿迪达斯,1,0,1023,1
1755,魔术贴鞋,65,110,90,99,95,混合鞋底,日常休闲,阿迪达斯,1,0,1118,1
2374,套脚款式,47,169,89,150,93,混合鞋底,运动休闲,鸿星尔克,0,1,4014,2
1151,套脚款式,50,149,86,128,92,PU中底,户外机能,阿迪达斯,0,1,969,2
1431,松紧带鞋,45,167,81,135,94,混合鞋底,日常休闲,回力经典,1,0,679,1
881,套脚款式,46,287,55,158,97,MD发泡底,复古潮鞋,鸿星尔克,1,1,806,2
1448,系带设计,54,312,56,175,92,MD发泡底,简约百搭,特步男鞋,1,0,2,1
5571,拉链鞋款,60,119,83,99,92,混合鞋底,复古潮鞋,京东京造,1,0,3540,1
951,松紧带鞋,47,109,91,99,95,MD发泡底,运动休闲,其他品牌,1,0,609,1
155,套脚款式,41,121,82,99,90,TPR鞋底,复古潮鞋,安踏运动,1,1,62,2
1569,拉链鞋款,60,1110,63,699,96,PU中底,潮流高街,阿迪达斯,1,0,1420,3
395,魔术贴鞋,51,125,79,99,92,TPR鞋底,日常休闲,特步男鞋,0,1,33,2
897,松紧带鞋,43,116,85,99,92,EVA轻底,简约百搭,斯凯奇潮,1,1,468,2
4728,魔术贴鞋,22,390,68,265,95,橡胶大底,日常休闲,李宁休闲,1,1,448,3
464,松紧带鞋,57,147,75,110,90,橡胶大底,运动休闲,其他品牌,1,0,34,1
959,松紧带鞋,45,294,83,244,99,TPR鞋底,简约百搭,特步男鞋,1,0,144,1
2380,拉链鞋款,48,359,54,194,95,混合鞋底,运动休闲,耐克潮流,1,1,1336,2
1169,魔术贴鞋,47,170,94,160,90,EVA轻底,工装硬朗,京东京造,1,1,20,2
3958,松紧带鞋,53,136,73,99,90,MD发泡底,复古潮鞋,其他品牌,0,0,759,1
1180,松紧带鞋,27,445,64,285,87,MD发泡底,复古潮鞋,京东京造,1,0,1329,3
237,系带设计,52,204,53,108,94,混合鞋底,潮流高街,其他品牌,1,1,45,2
519,松紧带鞋,47,158,77,122,96,混合鞋底,复古潮鞋,鸿星尔克,1,1,1191,2
472,套脚款式,50,150,84,126,92,橡胶大底,潮流高街,斯凯奇潮,0,0,2817,1
804,系带设计,57,155,97,150,86,MD发泡底,日常休闲,其他品牌,0,0,4543,1
474,松紧带鞋,58,280,61,171,94,EVA轻底,复古潮鞋,李宁休闲,1,1,1314,2
488,系带设计,23,124,80,99,94,MD发泡底,日常休闲,安踏运动,1,0,36,1
1568,魔术贴鞋,41,275,51,140,98,混合鞋底,简约百搭,安踏运动,1,0,4992,1
436,系带设计,45,130,86,112,95,EVA轻底,简约百搭,回力经典,0,0,1287,1
3402,系带设计,41,180,55,99,93,MD发泡底,简约百搭,斯凯奇潮,0,0,21,1
510,套脚款式,48,252,84,212,96,PU中底,简约百搭,阿迪达斯,0,1,95,2
785,系带设计,48,115,86,99,90,橡胶大底,运动休闲,耐克潮流,1,0,922,1
3980,松紧带鞋,51,580,64,371,100,混合鞋底,工装硬朗,李宁休闲,0,0,1342,3
1506,松紧带鞋,40,123,96,118,90,混合鞋底,潮流高街,安踏运动,1,1,204,2
860,套脚款式,28,225,79,178,91,混合鞋底,工装硬朗,安踏运动,1,0,1316,1
809,拉链鞋款,52,214,66,141,85,EVA轻底,潮流高街,京东京造,0,0,1158,1
1499,套脚款式,31,132,75,99,96,TPR鞋底,潮流高街,其他品牌,1,0,813,1
2478,拉链鞋款,60,109,91,99,94,MD发泡底,户外机能,阿迪达斯,0,0,211,1
2936,套脚款式,39,192,61,117,99,TPR鞋底,日常休闲,耐克潮流,0,0,901,1
9010,拉链鞋款,42,133,84,112,85,PU中底,日常休闲,安踏运动,0,0,71,1
103,套脚款式,35,121,82,99,90,MD发泡底,潮流高街,斯凯奇潮,0,1,3,2
684,拉链鞋款,48,271,66,179,100,混合鞋底,复古潮鞋,回力经典,1,0,593,1
656,系带设计,43,159,85,135,98,混合鞋底,简约百搭,鸿星尔克,0,0,37,1
959,系带设计,52,354,74,262,88,橡胶大底,工装硬朗,鸿星尔克,0,0,4019,3
631,系带设计,51,112,88,99,90,MD发泡底,简约百搭,京东京造,1,0,9,1
797,拉链鞋款,59,125,79,99,97,PU中底,户外机能,李宁休闲,1,0,16,1
162,拉链鞋款,41,223,79,176,94,橡胶大底,户外机能,回力经典,1,0,838,1
667,魔术贴鞋,42,222,73,162,93,橡胶大底,简约百搭,阿迪达斯,1,0,161,1
5143,松紧带鞋,44,295,87,257,90,PU中底,潮流高街,安踏运动,1,0,729,1
10129,魔术贴鞋,33,239,83,198,97,MD发泡底,复古潮鞋,李宁休闲,1,1,18,0
1995,拉链鞋款,64,249,53,132,91,橡胶大底,日常休闲,其他品牌,1,0,463,1
1780,拉链鞋款,61,752,66,496,95,MD发泡底,户外机能,其他品牌,1,1,3855,3
494,魔术贴鞋,34,746,57,425,93,PU中底,户外机能,李宁休闲,0,1,539,3
882,系带设计,50,168,59,99,92,MD发泡底,户外机能,其他品牌,1,0,1422,1
2619,拉链鞋款,43,302,99,299,93,EVA轻底,简约百搭,鸿星尔克,1,0,38,3
759,套脚款式,53,198,50,99,96,混合鞋底,运动休闲,回力经典,1,1,636,2
1602,松紧带鞋,47,214,96,205,96,PU中底,日常休闲,特步男鞋,0,0,1238,1
1149,松紧带鞋,47,171,58,99,95,TPR鞋底,复古潮鞋,鸿星尔克,1,1,1350,2
506,套脚款式,38,114,87,99,97,橡胶大底,复古潮鞋,鸿星尔克,1,1,710,2
919,套脚款式,47,741,54,400,95,EVA轻底,复古潮鞋,回力经典,1,0,4256,3
9997,魔术贴鞋,42,164,77,126,94,混合鞋底,工装硬朗,鸿星尔克,0,0,724,0
4024,魔术贴鞋,36,110,90,99,96,橡胶大底,户外机能,李宁休闲,1,0,35,1
4436,拉链鞋款,54,141,70,99,90,TPR鞋底,工装硬朗,李宁休闲,0,0,933,1
422,松紧带鞋,58,134,74,99,94,TPR鞋底,户外机能,李宁休闲,0,1,1223,2
5693,拉链鞋款,41,165,60,99,94,橡胶大底,日常休闲,鸿星尔克,0,0,766,1
392,套脚款式,47,165,72,119,89,MD发泡底,复古潮鞋,特步男鞋,0,1,277,2
955,拉链鞋款,44,174,57,99,100,EVA轻底,日常休闲,李宁休闲,0,0,208,1
210,松紧带鞋,40,143,69,99,95,PU中底,工装硬朗,其他品牌,1,0,28,1
328,拉链鞋款,59,170,96,163,92,PU中底,户外机能,阿迪达斯,1,1,14,2
8186,魔术贴鞋,59,239,66,158,91,混合鞋底,工装硬朗,耐克潮流,0,0,1444,1
131,套脚款式,53,134,74,99,91,TPR鞋底,简约百搭,其他品牌,1,0,462,1
3089,松紧带鞋,56,396,56,222,93,MD发泡底,复古潮鞋,回力经典,1,1,1200,3
3197,拉链鞋款,45,157,87,137,89,MD发泡底,工装硬朗,耐克潮流,0,1,24,2
5301,魔术贴鞋,60,198,50,99,91,EVA轻底,潮流高街,阿迪达斯,1,0,1315,1
2228,系带设计,52,190,52,99,98,MD发泡底,工装硬朗,京东京造,1,1,753,2
1475,系带设计,50,143,79,113,91,TPR鞋底,户外机能,京东京造,0,0,14,1
4925,拉链鞋款,38,378,95,359,97,橡胶大底,工装硬朗,其他品牌,1,0,266,3
4600,拉链鞋款,52,174,57,99,93,MD发泡底,简约百搭,李宁休闲,1,1,4844,2
133,系带设计,37,148,67,99,90,TPR鞋底,日常休闲,安踏运动,0,0,1405,1
1546,系带设计,54,353,74,261,94,PU中底,复古潮鞋,李宁休闲,0,1,4919,3
1083,套脚款式,41,221,72,159,100,橡胶大底,简约百搭,安踏运动,1,1,1345,2
1038,魔术贴鞋,57,112,94,105,93,混合鞋底,简约百搭,安踏运动,1,1,205,2
2837,松紧带鞋,39,187,82,153,92,PU中底,复古潮鞋,鸿星尔克,1,1,632,2
728,套脚款式,37,168,94,158,91,EVA轻底,运动休闲,鸿星尔克,1,0,1338,1
299,松紧带鞋,38,403,78,314,91,橡胶大底,复古潮鞋,其他品牌,1,1,1362,3
358,拉链鞋款,46,146,68,99,89,MD发泡底,运动休闲,安踏运动,0,0,4887,1
320,系带设计,58,309,53,164,92,橡胶大底,运动休闲,特步男鞋,0,0,467,1
5664,魔术贴鞋,40,487,54,263,98,MD发泡底,简约百搭,特步男鞋,0,0,1011,3
3019,松紧带鞋,57,108,92,99,91,混合鞋底,工装硬朗,斯凯奇潮,1,1,2256,2
803,套脚款式,44,217,53,115,95,MD发泡底,工装硬朗,斯凯奇潮,0,1,843,2
3104,套脚款式,47,351,59,207,97,EVA轻底,简约百搭,安踏运动,0,0,49,1
413,魔术贴鞋,55,546,50,273,88,EVA轻底,简约百搭,回力经典,1,1,11,3
160,松紧带鞋,32,188,76,143,92,TPR鞋底,运动休闲,安踏运动,1,1,68,2
2021,松紧带鞋,42,151,100,151,96,EVA轻底,户外机能,耐克潮流,1,1,1213,2
3158,系带设计,46,583,84,490,93,橡胶大底,户外机能,耐克潮流,0,0,1121,3
1416,魔术贴鞋,60,106,93,99,91,PU中底,工装硬朗,安踏运动,1,1,576,2
102,套脚款式,39,243,58,141,85,混合鞋底,日常休闲,京东京造,1,1,3408,2
1346,魔术贴鞋,41,241,74,178,99,混合鞋底,日常休闲,阿迪达斯,1,1,832,2
1996,松紧带鞋,40,254,57,145,96,TPR鞋底,户外机能,阿迪达斯,1,1,39,2
377,拉链鞋款,49,235,80,188,97,混合鞋底,运动休闲,李宁休闲,1,0,1130,1
661,松紧带鞋,42,181,75,136,97,MD发泡底,运动休闲,鸿星尔克,0,1,1450,2
10832,套脚款式,47,163,87,142,97,MD发泡底,简约百搭,其他品牌,1,1,1426,0
812,魔术贴鞋,54,480,74,355,90,橡胶大底,工装硬朗,特步男鞋,1,0,956,3
503,系带设计,48,119,83,99,90,MD发泡底,日常休闲,斯凯奇潮,0,0,1169,1
27196,松紧带鞋,45,387,68,263,95,TPR鞋底,工装硬朗,斯凯奇潮,1,0,870,0
464,拉链鞋款,54,106,93,99,95,MD发泡底,日常休闲,京东京造,0,1,510,2
725,拉链鞋款,42,109,91,99,90,EVA轻底,运动休闲,京东京造,0,0,1429,1
2495,系带设计,52,210,81,170,86,TPR鞋底,户外机能,鸿星尔克,1,0,776,1
4092,套脚款式,38,148,67,99,92,MD发泡底,复古潮鞋,京东京造,0,1,290,2
696,套脚款式,57,323,56,181,97,EVA轻底,日常休闲,耐克潮流,0,0,1035,1
1745,套脚款式,45,380,61,232,85,EVA轻底,工装硬朗,特步男鞋,0,0,62,3
2802,系带设计,39,266,56,149,96,混合鞋底,户外机能,阿迪达斯,1,0,26,1
207,拉链鞋款,50,99,100,99,90,橡胶大底,复古潮鞋,斯凯奇潮,1,1,2512,2
341,魔术贴鞋,49,124,80,99,93,混合鞋底,潮流高街,特步男鞋,0,1,10,2
887,松紧带鞋,50,121,82,99,100,EVA轻底,复古潮鞋,耐克潮流,0,0,1,1
1500,松紧带鞋,57,152,100,152,96,TPR鞋底,复古潮鞋,京东京造,0,0,11,1
324,魔术贴鞋,43,190,52,99,96,EVA轻底,复古潮鞋,其他品牌,1,1,2602,2
205,松紧带鞋,53,464,58,269,98,橡胶大底,运动休闲,李宁休闲,1,0,3456,3
534,拉链鞋款,51,254,56,142,93,PU中底,日常休闲,回力经典,0,1,177,2
238,松紧带鞋,49,411,56,230,91,橡胶大底,运动休闲,其他品牌,1,1,939,3
99,魔术贴鞋,19,116,85,99,93,PU中底,复古潮鞋,京东京造,1,1,49,2
387,套脚款式,33,141,91,128,91,TPR鞋底,运动休闲,阿迪达斯,0,1,33,2
1100,拉链鞋款,18,222,89,198,92,TPR鞋底,潮流高街,回力经典,1,0,1181,1
3963,系带设计,42,184,61,112,94,橡胶大底,简约百搭,阿迪达斯,1,0,2547,1
9787,套脚款式,50,152,65,99,93,MD发泡底,复古潮鞋,李宁休闲,1,1,20,2
913,拉链鞋款,51,115,86,99,100,混合鞋底,户外机能,鸿星尔克,1,1,4728,2
818,松紧带鞋,43,282,61,172,95,橡胶大底,户外机能,其他品牌,0,1,2830,2
295,魔术贴鞋,27,195,66,129,92,混合鞋底,简约百搭,安踏运动,0,1,2079,2
3311,松紧带鞋,41,150,66,99,93,PU中底,潮流高街,特步男鞋,0,0,234,1
2681,套脚款式,53,503,58,292,92,MD发泡底,潮流高街,阿迪达斯,0,1,769,3
891,套脚款式,53,432,80,346,98,TPR鞋底,工装硬朗,其他品牌,0,1,3622,3
447,套脚款式,47,221,57,126,95,MD发泡底,工装硬朗,其他品牌,1,1,25,2
1236,松紧带鞋,33,189,73,138,90,混合鞋底,简约百搭,耐克潮流,0,1,0,2
453,系带设计,46,186,97,180,86,混合鞋底,潮流高街,安踏运动,1,1,14,2
249,松紧带鞋,45,404,79,319,97,混合鞋底,复古潮鞋,其他品牌,0,1,4823,3
122,套脚款式,57,300,69,207,95,混合鞋底,复古潮鞋,耐克潮流,0,1,11,2
822,拉链鞋款,51,160,87,139,87,EVA轻底,户外机能,特步男鞋,0,1,4437,2
3914,拉链鞋款,32,135,96,130,86,EVA轻底,运动休闲,京东京造,1,0,11,1
457,拉链鞋款,58,130,81,105,98,MD发泡底,日常休闲,李宁休闲,0,1,970,2
2995,拉链鞋款,51,144,98,141,98,橡胶大底,工装硬朗,安踏运动,0,1,1203,2
294,松紧带鞋,44,137,73,100,91,混合鞋底,简约百搭,耐克潮流,1,0,1473,1
753,系带设计,34,130,76,99,87,橡胶大底,运动休闲,耐克潮流,0,0,565,1
8479,松紧带鞋,48,315,53,167,92,MD发泡底,运动休闲,京东京造,1,0,1134,1
475,拉链鞋款,35,146,81,118,89,EVA轻底,潮流高街,斯凯奇潮,1,0,2127,1
402,拉链鞋款,40,122,100,122,99,TPR鞋底,运动休闲,斯凯奇潮,0,1,616,2
1894,套脚款式,32,111,89,99,93,混合鞋底,日常休闲,耐克潮流,0,0,1282,1
2183,套脚款式,43,163,90,147,92,MD发泡底,户外机能,鸿星尔克,0,1,30,2
625,松紧带鞋,43,294,88,259,94,橡胶大底,潮流高街,耐克潮流,1,0,15,1
1960,拉链鞋款,41,118,84,99,96,PU中底,简约百搭,回力经典,1,0,97,1
3930,套脚款式,52,114,87,99,92,TPR鞋底,简约百搭,特步男鞋,1,0,2288,1
2534,松紧带鞋,46,108,92,99,97,PU中底,运动休闲,阿迪达斯,0,0,219,1
5302,松紧带鞋,47,122,97,118,95,PU中底,日常休闲,回力经典,1,0,952,1
194,魔术贴鞋,49,125,79,99,93,EVA轻底,潮流高街,回力经典,1,1,605,2
1084,松紧带鞋,50,153,85,130,96,EVA轻底,简约百搭,回力经典,1,0,2787,1
841,系带设计,38,433,70,303,92,混合鞋底,日常休闲,斯凯奇潮,1,1,2649,3
8075,松紧带鞋,37,132,75,99,99,EVA轻底,运动休闲,安踏运动,0,0,142,1
139,松紧带鞋,50,118,84,99,95,混合鞋底,户外机能,京东京造,1,1,585,2
1688,套脚款式,35,125,100,125,94,橡胶大底,运动休闲,耐克潮流,0,0,575,1
974,系带设计,31,267,83,222,96,橡胶大底,潮流高街,安踏运动,1,1,487,2
747,套脚款式,56,165,81,134,93,橡胶大底,简约百搭,阿迪达斯,1,0,4,1
15462,套脚款式,53,194,51,99,90,PU中底,户外机能,其他品牌,0,1,42,0
6372,系带设计,42,162,100,162,97,橡胶大底,工装硬朗,回力经典,1,1,458,2
263,拉链鞋款,42,118,84,99,91,MD发泡底,运动休闲,耐克潮流,1,0,1001,1
2086,系带设计,45,196,76,149,92,橡胶大底,潮流高街,阿迪达斯,0,0,3077,1
296,松紧带鞋,51,141,70,99,85,EVA轻底,复古潮鞋,京东京造,1,0,30,1
464,系带设计,42,209,65,136,96,TPR鞋底,日常休闲,其他品牌,0,1,743,2
277,松紧带鞋,50,326,81,264,85,橡胶大底,工装硬朗,特步男鞋,0,0,581,3
455,套脚款式,54,158,65,103,97,EVA轻底,复古潮鞋,京东京造,1,0,920,1
431,拉链鞋款,35,259,56,145,97,TPR鞋底,户外机能,斯凯奇潮,0,0,717,1
1613,系带设计,46,148,67,99,96,混合鞋底,复古潮鞋,京东京造,1,0,756,1
249,松紧带鞋,51,124,80,99,93,橡胶大底,户外机能,斯凯奇潮,1,0,936,1
174,魔术贴鞋,46,114,87,99,90,橡胶大底,运动休闲,京东京造,0,1,2232,2
756,套脚款式,52,140,95,133,93,MD发泡底,简约百搭,耐克潮流,0,1,4621,2
2533,拉链鞋款,52,241,61,147,91,EVA轻底,工装硬朗,鸿星尔克,0,0,3425,1
194,系带设计,63,157,63,99,94,PU中底,复古潮鞋,耐克潮流,1,0,1426,1
417,系带设计,39,168,79,133,90,MD发泡底,简约百搭,阿迪达斯,1,1,4648,2
427,松紧带鞋,40,148,67,99,95,PU中底,日常休闲,其他品牌,0,0,253,1
1008,系带设计,41,202,91,184,93,PU中底,潮流高街,其他品牌,0,0,574,1
545,松紧带鞋,50,207,67,139,97,橡胶大底,运动休闲,回力经典,1,1,30,2
337,系带设计,52,139,94,131,95,橡胶大底,潮流高街,鸿星尔克,1,0,38,1
5476,拉链鞋款,51,296,79,234,97,橡胶大底,户外机能,鸿星尔克,0,1,186,2
800,拉链鞋款,55,150,66,99,93,TPR鞋底,潮流高街,阿迪达斯,0,0,533,1
4269,松紧带鞋,30,219,57,125,96,EVA轻底,运动休闲,耐克潮流,0,0,1017,1
17906,魔术贴鞋,39,123,92,113,88,橡胶大底,简约百搭,其他品牌,0,1,4013,0
1140,系带设计,44,207,57,118,94,PU中底,工装硬朗,阿迪达斯,0,1,27,2
3089,拉链鞋款,32,205,64,131,91,TPR鞋底,复古潮鞋,安踏运动,0,1,775,2
2306,松紧带鞋,43,187,94,176,96,MD发泡底,户外机能,安踏运动,0,1,324,2
1861,系带设计,54,116,85,99,96,EVA轻底,户外机能,京东京造,1,0,848,1
648,系带设计,47,320,50,160,96,PU中底,工装硬朗,京东京造,0,1,659,2
183,系带设计,58,559,61,341,94,PU中底,潮流高街,特步男鞋,1,1,347,3
511,套脚款式,35,246,52,128,95,PU中底,复古潮鞋,斯凯奇潮,0,1,772,2
1416,拉链鞋款,61,136,73,99,88,MD发泡底,简约百搭,阿迪达斯,0,0,921,1
278,魔术贴鞋,37,118,84,99,91,TPR鞋底,复古潮鞋,斯凯奇潮,1,0,657,1
183,套脚款式,57,183,54,99,98,PU中底,运动休闲,斯凯奇潮,1,0,403,1
4748,系带设计,46,129,98,126,96,PU中底,工装硬朗,耐克潮流,0,1,259,2
1901,拉链鞋款,37,99,100,99,100,橡胶大底,简约百搭,特步男鞋,1,0,676,1
573,拉链鞋款,38,187,53,99,88,混合鞋底,日常休闲,阿迪达斯,0,1,1433,2
299,系带设计,60,157,65,102,90,EVA轻底,工装硬朗,阿迪达斯,1,0,2408,1
695,系带设计,54,160,78,125,92,MD发泡底,运动休闲,斯凯奇潮,1,1,1188,2
933,松紧带鞋,55,106,93,99,90,混合鞋底,潮流高街,鸿星尔克,0,0,3116,1
583,拉链鞋款,45,284,51,145,97,混合鞋底,潮流高街,京东京造,1,1,689,2
827,系带设计,34,190,52,99,98,PU中底,运动休闲,京东京造,1,1,33,2
1969,拉链鞋款,41,228,64,146,94,TPR鞋底,日常休闲,特步男鞋,1,1,2423,2
1759,系带设计,56,119,83,99,96,TPR鞋底,工装硬朗,安踏运动,0,0,19,1
261,拉链鞋款,42,198,95,188,97,PU中底,日常休闲,安踏运动,0,0,2410,1
1251,套脚款式,52,130,76,99,98,橡胶大底,简约百搭,京东京造,1,1,3423,2
1214,魔术贴鞋,44,194,52,101,92,EVA轻底,潮流高街,回力经典,0,0,50,1
11987,松紧带鞋,42,165,60,99,92,TPR鞋底,简约百搭,斯凯奇潮,1,0,434,0
6367,拉链鞋款,35,152,65,99,96,混合鞋底,简约百搭,特步男鞋,0,0,863,1
143,拉链鞋款,53,104,95,99,94,PU中底,户外机能,安踏运动,0,1,1198,2
527,套脚款式,43,159,93,148,89,MD发泡底,复古潮鞋,耐克潮流,1,0,18,1
1710,拉链鞋款,37,171,58,99,94,混合鞋底,工装硬朗,其他品牌,1,1,18,2
12642,松紧带鞋,48,190,67,127,86,混合鞋底,运动休闲,阿迪达斯,0,1,44,0
191,套脚款式,40,129,77,99,90,MD发泡底,复古潮鞋,斯凯奇潮,0,1,784,2
946,系带设计,50,125,79,99,98,混合鞋底,简约百搭,阿迪达斯,0,1,2294,2
1026,系带设计,55,102,97,99,95,PU中底,户外机能,京东京造,0,1,1356,2
479,拉链鞋款,44,174,57,99,92,PU中底,复古潮鞋,其他品牌,0,1,96,2
6102,拉链鞋款,38,118,84,99,92,MD发泡底,运动休闲,特步男鞋,1,1,749,2
469,松紧带鞋,55,263,70,184,91,TPR鞋底,户外机能,阿迪达斯,1,0,42,1
8503,套脚款式,52,643,75,482,93,混合鞋底,简约百搭,斯凯奇潮,0,0,1164,3
5253,系带设计,36,152,65,99,92,PU中底,复古潮鞋,其他品牌,1,1,512,2
2544,套脚款式,54,100,99,99,97,橡胶大底,简约百搭,斯凯奇潮,0,1,943,2
3130,拉链鞋款,43,165,99,163,88,TPR鞋底,工装硬朗,回力经典,1,1,779,2
50000,套脚款式,37,266,56,149,90,MD发泡底,简约百搭,京东京造,0,0,637,0
5774,系带设计,39,154,87,134,97,PU中底,工装硬朗,特步男鞋,1,1,1426,2
3837,魔术贴鞋,58,194,51,99,94,PU中底,简约百搭,京东京造,1,0,3513,1
1525,系带设计,48,130,76,99,94,TPR鞋底,复古潮鞋,回力经典,1,0,440,1
1226,系带设计,46,114,92,105,96,橡胶大底,复古潮鞋,回力经典,0,1,1241,2
585,松紧带鞋,47,154,97,149,93,混合鞋底,复古潮鞋,鸿星尔克,1,1,4465,2
19543,系带设计,39,587,60,352,91,橡胶大底,运动休闲,阿迪达斯,0,0,1191,0
2052,松紧带鞋,46,284,83,236,91,PU中底,运动休闲,李宁休闲,0,0,2620,1
1558,松紧带鞋,53,309,100,309,95,混合鞋底,运动休闲,李宁休闲,1,1,272,3
597,松紧带鞋,47,103,96,99,97,MD发泡底,户外机能,安踏运动,1,0,3598,1
799,套脚款式,65,168,88,148,100,橡胶大底,工装硬朗,特步男鞋,1,1,21,2
148,拉链鞋款,38,138,94,130,97,EVA轻底,简约百搭,斯凯奇潮,0,0,1470,1
448,系带设计,44,174,57,99,95,EVA轻底,工装硬朗,耐克潮流,0,1,150,2
733,系带设计,55,117,88,103,95,MD发泡底,复古潮鞋,京东京造,0,1,601,2
8246,松紧带鞋,28,511,76,388,90,橡胶大底,运动休闲,耐克潮流,0,0,326,3
688,拉链鞋款,47,411,64,263,91,PU中底,工装硬朗,阿迪达斯,0,0,194,3
9568,拉链鞋款,39,232,94,218,93,混合鞋底,日常休闲,特步男鞋,1,0,312,1
50000,拉链鞋款,47,262,66,173,96,MD发泡底,工装硬朗,特步男鞋,0,1,4073,0
3271,魔术贴鞋,58,334,62,207,95,MD发泡底,潮流高街,耐克潮流,0,0,1396,1
2379,魔术贴鞋,19,145,74,107,92,EVA轻底,简约百搭,安踏运动,1,1,29,2
3305,拉链鞋款,36,368,62,228,94,橡胶大底,复古潮鞋,安踏运动,0,0,25,3
735,松紧带鞋,47,353,57,201,91,TPR鞋底,运动休闲,耐克潮流,0,1,70,2
2273,系带设计,62,121,82,99,98,MD发泡底,潮流高街,阿迪达斯,0,1,997,2
1140,松紧带鞋,50,211,55,116,93,TPR鞋底,简约百搭,耐克潮流,1,1,4695,2
4264,系带设计,33,127,78,99,91,MD发泡底,户外机能,斯凯奇潮,1,1,46,2
1498,套脚款式,40,165,93,153,93,EVA轻底,运动休闲,斯凯奇潮,1,1,984,2
136,拉链鞋款,62,160,62,99,90,TPR鞋底,户外机能,阿迪达斯,1,1,499,2
1205,拉链鞋款,42,214,80,171,91,混合鞋底,工装硬朗,李宁休闲,0,1,65,2
3351,系带设计,60,221,72,159,99,混合鞋底,简约百搭,特步男鞋,1,1,1186,2
167,魔术贴鞋,44,213,82,175,95,EVA轻底,日常休闲,李宁休闲,1,0,1318,1
265,系带设计,42,139,71,99,99,MD发泡底,日常休闲,鸿星尔克,0,1,714,2
893,系带设计,53,101,98,99,86,EVA轻底,运动休闲,京东京造,0,1,944,2
1747,系带设计,44,356,63,224,91,EVA轻底,潮流高街,其他品牌,0,1,1007,2
274,套脚款式,53,571,56,320,99,混合鞋底,户外机能,耐克潮流,1,1,1474,3
974,系带设计,44,239,64,153,92,橡胶大底,户外机能,安踏运动,1,0,4496,1
12866,套脚款式,32,104,95,99,96,PU中底,潮流高街,特步男鞋,1,1,154,0
1307,套脚款式,33,205,56,115,90,TPR鞋底,工装硬朗,安踏运动,0,1,3663,2
1593,系带设计,50,370,88,326,98,MD发泡底,复古潮鞋,李宁休闲,1,1,123,3
958,松紧带鞋,46,332,53,176,95,TPR鞋底,潮流高街,回力经典,0,0,4,1
23774,系带设计,55,183,54,99,96,TPR鞋底,简约百搭,斯凯奇潮,1,1,79,0
729,松紧带鞋,34,267,84,224,97,EVA轻底,运动休闲,阿迪达斯,0,0,3721,1
1117,松紧带鞋,42,109,91,99,92,橡胶大底,户外机能,李宁休闲,0,0,1302,1
740,魔术贴鞋,37,128,85,109,93,MD发泡底,复古潮鞋,回力经典,0,1,795,2
647,魔术贴鞋,44,129,77,99,98,PU中底,户外机能,回力经典,1,1,3,2
4472,魔术贴鞋,37,264,70,185,91,混合鞋底,简约百搭,京东京造,1,0,4380,1
16179,松紧带鞋,49,190,52,99,93,混合鞋底,复古潮鞋,耐克潮流,0,1,663,0
1535,拉链鞋款,48,231,58,134,97,橡胶大底,复古潮鞋,其他品牌,0,0,1077,1
348,套脚款式,57,112,88,99,95,PU中底,复古潮鞋,安踏运动,1,0,4577,1
1364,套脚款式,63,125,79,99,94,TPR鞋底,工装硬朗,特步男鞋,1,0,871,1
1677,魔术贴鞋,44,184,81,149,97,混合鞋底,简约百搭,阿迪达斯,0,1,676,2
2437,魔术贴鞋,49,672,67,450,100,MD发泡底,户外机能,特步男鞋,0,1,1201,3
1530,拉链鞋款,53,175,61,107,94,橡胶大底,日常休闲,鸿星尔克,0,1,1482,2
2887,松紧带鞋,55,154,99,152,85,PU中底,潮流高街,特步男鞋,0,1,1184,2
903,系带设计,44,100,99,99,95,混合鞋底,复古潮鞋,京东京造,0,1,1359,2
263,拉链鞋款,39,326,97,316,91,MD发泡底,日常休闲,回力经典,0,1,1449,3
3432,松紧带鞋,39,181,85,154,86,混合鞋底,简约百搭,其他品牌,1,1,47,2
3602,套脚款式,49,174,57,99,92,EVA轻底,工装硬朗,阿迪达斯,0,0,3497,1
666,松紧带鞋,44,476,68,324,93,橡胶大底,简约百搭,李宁休闲,0,1,849,3
1388,松紧带鞋,37,354,54,191,90,橡胶大底,日常休闲,鸿星尔克,1,1,26,2
89,松紧带鞋,39,237,67,159,97,PU中底,潮流高街,耐克潮流,0,1,3462,2
382,魔术贴鞋,51,186,96,179,92,混合鞋底,日常休闲,李宁休闲,1,0,136,1
382,拉链鞋款,61,256,55,141,93,EVA轻底,工装硬朗,安踏运动,1,0,2775,1
720,松紧带鞋,43,130,76,99,94,MD发泡底,运动休闲,耐克潮流,1,1,2840,2
632,魔术贴鞋,46,168,59,99,99,橡胶大底,工装硬朗,李宁休闲,1,1,3546,2
1196,套脚款式,48,162,61,99,91,TPR鞋底,户外机能,特步男鞋,1,1,872,2
2822,松紧带鞋,29,225,52,117,92,混合鞋底,简约百搭,安踏运动,0,0,274,1
5596,系带设计,45,210,77,162,97,混合鞋底,工装硬朗,其他品牌,1,0,273,1
1973,魔术贴鞋,55,163,90,147,97,TPR鞋底,复古潮鞋,其他品牌,0,0,264,1
2156,拉链鞋款,62,517,52,269,97,橡胶大底,运动休闲,京东京造,1,0,7,3
791,系带设计,54,143,69,99,94,PU中底,户外机能,其他品牌,1,0,4714,1
2154,松紧带鞋,47,304,51,155,85,PU中底,日常休闲,阿迪达斯,1,0,342,1
427,拉链鞋款,57,413,62,256,99,橡胶大底,户外机能,阿迪达斯,1,1,1263,3
187,魔术贴鞋,51,132,75,99,95,MD发泡底,户外机能,斯凯奇潮,1,0,22,1
8165,拉链鞋款,47,220,82,180,93,EVA轻底,户外机能,斯凯奇潮,0,1,2553,2
18618,松紧带鞋,46,381,93,354,100,EVA轻底,运动休闲,斯凯奇潮,1,1,36,0
3347,套脚款式,37,155,64,99,92,橡胶大底,工装硬朗,回力经典,0,0,3993,1
5924,系带设计,34,256,79,202,99,EVA轻底,户外机能,回力经典,0,0,47,1
419,套脚款式,57,139,71,99,93,PU中底,户外机能,安踏运动,0,1,4962,2
3350,套脚款式,34,260,52,135,94,TPR鞋底,运动休闲,阿迪达斯,0,0,223,1
500,松紧带鞋,51,340,73,248,96,EVA轻底,简约百搭,鸿星尔克,1,1,1037,3
1852,系带设计,64,138,72,99,97,混合鞋底,潮流高街,李宁休闲,0,0,4499,1
1105,魔术贴鞋,34,155,69,107,96,TPR鞋底,工装硬朗,回力经典,0,1,1146,2
1600,拉链鞋款,46,187,53,99,97,EVA轻底,运动休闲,特步男鞋,0,1,1064,2
907,系带设计,60,443,54,239,88,橡胶大底,日常休闲,特步男鞋,1,1,155,3
556,魔术贴鞋,42,177,56,99,99,TPR鞋底,日常休闲,李宁休闲,1,0,768,1
63,拉链鞋款,40,260,100,260,92,EVA轻底,简约百搭,斯凯奇潮,1,0,1092,1
165,拉链鞋款,49,346,56,194,100,MD发泡底,简约百搭,李宁休闲,1,1,48,2
5906,松紧带鞋,50,118,84,99,93,混合鞋底,复古潮鞋,京东京造,1,1,885,2
317,魔术贴鞋,41,115,86,99,94,橡胶大底,户外机能,特步男鞋,0,1,4907,2
288,松紧带鞋,42,171,58,99,95,橡胶大底,简约百搭,安踏运动,0,1,1268,2
1260,系带设计,39,108,92,99,88,MD发泡底,日常休闲,其他品牌,0,0,1077,1
1779,套脚款式,58,254,79,201,96,TPR鞋底,潮流高街,京东京造,1,1,1031,2
63,系带设计,24,178,76,135,94,EVA轻底,简约百搭,斯凯奇潮,0,1,1400,2
426,魔术贴鞋,27,141,70,99,97,EVA轻底,工装硬朗,鸿星尔克,0,1,670,2
370,套脚款式,51,464,56,260,93,MD发泡底,工装硬朗,其他品牌,1,0,437,3
2703,松紧带鞋,62,180,61,110,96,橡胶大底,复古潮鞋,其他品牌,0,1,32,2
462,系带设计,47,106,93,99,90,PU中底,户外机能,回力经典,1,1,894,2
618,拉链鞋款,64,236,67,158,92,混合鞋底,日常休闲,京东京造,0,1,34,2
2453,魔术贴鞋,38,140,92,129,96,PU中底,复古潮鞋,回力经典,0,0,62,1
638,魔术贴鞋,57,114,87,99,94,TPR鞋底,潮流高街,回力经典,0,1,642,2
1654,拉链鞋款,51,111,89,99,94,EVA轻底,运动休闲,安踏运动,0,0,39,1
1728,套脚款式,59,203,61,124,86,PU中底,复古潮鞋,其他品牌,1,0,221,1
390,松紧带鞋,54,160,62,99,96,TPR鞋底,复古潮鞋,阿迪达斯,0,0,55,1
425,套脚款式,46,251,69,173,91,MD发泡底,简约百搭,阿迪达斯,1,1,301,2
2377,套脚款式,54,211,65,137,90,橡胶大底,户外机能,耐克潮流,1,1,18,2
1719,系带设计,55,144,75,108,96,PU中底,复古潮鞋,安踏运动,0,0,831,1
1329,系带设计,50,172,96,165,96,橡胶大底,潮流高街,回力经典,1,0,553,1
404,魔术贴鞋,51,162,79,128,92,混合鞋底,简约百搭,京东京造,0,0,787,1
501,系带设计,49,221,73,161,90,PU中底,日常休闲,安踏运动,0,0,46,1
790,拉链鞋款,45,103,96,99,91,TPR鞋底,潮流高街,特步男鞋,0,1,1420,2
862,套脚款式,49,329,73,240,91,TPR鞋底,潮流高街,李宁休闲,1,0,2641,1
328,套脚款式,56,160,62,99,95,MD发泡底,户外机能,安踏运动,0,1,1065,2
381,套脚款式,18,162,61,99,90,橡胶大底,日常休闲,特步男鞋,0,1,158,2
407,拉链鞋款,44,221,92,203,96,TPR鞋底,复古潮鞋,京东京造,1,1,917,2
1205,套脚款式,50,306,67,205,90,TPR鞋底,运动休闲,安踏运动,0,1,100,2
2665,松紧带鞋,44,160,62,99,85,PU中底,简约百搭,其他品牌,0,0,866,1
1596,拉链鞋款,38,118,84,99,93,EVA轻底,日常休闲,斯凯奇潮,1,0,67,1
599,魔术贴鞋,42,100,99,99,93,TPR鞋底,复古潮鞋,京东京造,1,1,8,2
658,拉链鞋款,45,114,87,99,88,EVA轻底,户外机能,阿迪达斯,1,0,1208,1
422,松紧带鞋,44,125,97,121,92,PU中底,复古潮鞋,鸿星尔克,1,0,427,1
4071,拉链鞋款,37,202,63,127,93,EVA轻底,运动休闲,耐克潮流,1,1,885,2
1165,松紧带鞋,53,430,53,228,88,混合鞋底,简约百搭,安踏运动,0,1,1000,3
157,套脚款式,51,141,70,99,93,MD发泡底,工装硬朗,阿迪达斯,1,0,25,1
1737,系带设计,49,463,57,264,92,混合鞋底,日常休闲,阿迪达斯,1,0,1115,3
364,魔术贴鞋,52,247,58,143,95,PU中底,潮流高街,阿迪达斯,0,0,1377,1
1395,魔术贴鞋,54,343,53,182,90,PU中底,日常休闲,京东京造,1,0,4749,1
671,魔术贴鞋,40,760,92,699,93,混合鞋底,户外机能,安踏运动,1,0,19,3
470,魔术贴鞋,33,238,85,202,94,TPR鞋底,户外机能,回力经典,1,0,220,1
71,松紧带鞋,44,207,84,174,94,橡胶大底,潮流高街,京东京造,0,0,2564,1
975,系带设计,49,136,73,99,90,EVA轻底,简约百搭,斯凯奇潮,1,0,22,1
11456,套脚款式,39,300,50,150,87,混合鞋底,简约百搭,其他品牌,0,1,1469,0
17159,拉链鞋款,46,108,92,99,85,EVA轻底,日常休闲,李宁休闲,1,1,2440,0
224,系带设计,55,181,95,172,96,EVA轻底,简约百搭,其他品牌,1,0,49,1
145,套脚款式,48,155,64,99,97,MD发泡底,潮流高街,回力经典,1,1,1158,2
2933,系带设计,62,111,94,104,93,PU中底,工装硬朗,安踏运动,1,1,150,2
862,套脚款式,58,127,100,127,93,PU中底,复古潮鞋,阿迪达斯,1,0,1062,1
8551,系带设计,44,217,76,165,91,EVA轻底,运动休闲,安踏运动,0,0,912,1
40640,套脚款式,44,198,63,125,97,TPR鞋底,户外机能,其他品牌,0,1,44,0
2605,松紧带鞋,33,196,52,102,90,MD发泡底,日常休闲,鸿星尔克,0,0,90,1
21671,松紧带鞋,41,288,90,259,90,PU中底,工装硬朗,其他品牌,1,1,17,0
720,系带设计,42,139,71,99,100,PU中底,日常休闲,阿迪达斯,1,0,769,1
858,系带设计,41,351,73,256,97,EVA轻底,工装硬朗,阿迪达斯,0,0,4170,3
144,套脚款式,58,124,80,99,95,MD发泡底,运动休闲,京东京造,1,0,960,1
8948,松紧带鞋,46,140,78,109,96,混合鞋底,简约百搭,特步男鞋,0,1,3,2
1976,拉链鞋款,54,345,66,228,86,TPR鞋底,工装硬朗,其他品牌,1,0,572,1
775,松紧带鞋,50,254,95,241,97,TPR鞋底,工装硬朗,耐克潮流,0,1,25,2
5740,魔术贴鞋,26,194,68,132,92,MD发泡底,潮流高街,鸿星尔克,0,1,955,2
4236,松紧带鞋,43,110,90,99,96,混合鞋底,户外机能,李宁休闲,1,1,2,2
325,松紧带鞋,44,261,88,230,91,MD发泡底,户外机能,李宁休闲,0,1,624,2
164,拉链鞋款,46,160,77,123,93,EVA轻底,运动休闲,京东京造,1,1,822,2
4626,松紧带鞋,54,206,53,109,92,EVA轻底,工装硬朗,李宁休闲,0,0,1204,1
1306,魔术贴鞋,55,308,65,200,91,MD发泡底,简约百搭,回力经典,1,1,18,2
2187,套脚款式,59,191,57,109,85,TPR鞋底,潮流高街,特步男鞋,0,0,21,1
492,系带设计,54,138,72,99,93,MD发泡底,运动休闲,其他品牌,1,0,1174,1
657,松紧带鞋,42,101,98,99,100,橡胶大底,户外机能,斯凯奇潮,0,0,1291,1
966,系带设计,59,187,63,118,94,MD发泡底,日常休闲,京东京造,0,1,10,2
7160,套脚款式,36,169,89,150,100,MD发泡底,简约百搭,李宁休闲,0,0,49,1
328,套脚款式,45,228,54,123,90,MD发泡底,户外机能,鸿星尔克,1,1,469,2
144,松紧带鞋,47,172,58,100,94,橡胶大底,潮流高街,特步男鞋,1,0,1226,1
1268,拉链鞋款,45,301,88,265,91,橡胶大底,复古潮鞋,李宁休闲,1,0,1478,1
152,拉链鞋款,50,245,67,164,98,EVA轻底,运动休闲,特步男鞋,1,0,50,1
589,魔术贴鞋,38,127,78,99,98,PU中底,户外机能,回力经典,0,1,1480,2
4752,套脚款式,46,259,100,259,87,PU中底,工装硬朗,回力经典,1,1,1260,2
609,系带设计,38,269,65,175,99,混合鞋底,潮流高街,其他品牌,0,0,28,1
954,拉链鞋款,55,145,75,109,87,TPR鞋底,运动休闲,特步男鞋,1,0,600,1
11101,魔术贴鞋,51,547,62,339,98,MD发泡底,日常休闲,李宁休闲,1,0,8,3
2460,魔术贴鞋,20,781,54,422,92,PU中底,简约百搭,斯凯奇潮,1,1,495,3
380,拉链鞋款,49,281,58,163,97,MD发泡底,简约百搭,其他品牌,1,1,4,2
1987,套脚款式,42,108,100,108,96,TPR鞋底,工装硬朗,鸿星尔克,1,1,450,2
2033,松紧带鞋,39,125,79,99,99,PU中底,简约百搭,其他品牌,0,0,999,1
560,拉链鞋款,38,109,91,99,99,TPR鞋底,工装硬朗,李宁休闲,0,0,799,1
5166,松紧带鞋,41,552,71,392,92,EVA轻底,简约百搭,鸿星尔克,1,1,35,3
275,松紧带鞋,50,129,77,99,88,TPR鞋底,运动休闲,京东京造,0,1,3065,2
2798,拉链鞋款,35,109,91,99,86,MD发泡底,户外机能,鸿星尔克,1,1,1222,2
2494,拉链鞋款,53,109,91,99,93,TPR鞋底,运动休闲,斯凯奇潮,0,0,1272,1
6607,套脚款式,40,246,84,207,91,PU中底,户外机能,安踏运动,1,1,626,2
3940,魔术贴鞋,45,567,57,323,94,EVA轻底,复古潮鞋,回力经典,0,0,27,3
1978,拉链鞋款,45,114,99,113,91,TPR鞋底,户外机能,阿迪达斯,1,1,47,2
2362,魔术贴鞋,38,463,82,380,95,MD发泡底,工装硬朗,其他品牌,0,1,63,3
617,魔术贴鞋,51,108,92,99,94,PU中底,运动休闲,鸿星尔克,1,0,1276,1
992,松紧带鞋,41,104,98,102,96,PU中底,潮流高街,李宁休闲,1,1,1266,2
562,套脚款式,56,146,68,99,94,EVA轻底,简约百搭,特步男鞋,1,0,919,1
736,套脚款式,47,103,96,99,98,TPR鞋底,户外机能,李宁休闲,0,0,2912,1
18078,松紧带鞋,56,362,65,235,96,混合鞋底,运动休闲,鸿星尔克,0,0,752,0
5566,松紧带鞋,41,160,70,112,99,橡胶大底,潮流高街,回力经典,0,0,691,1
2358,松紧带鞋,52,157,77,121,90,TPR鞋底,工装硬朗,回力经典,1,1,1459,2
1375,系带设计,62,152,65,99,95,EVA轻底,复古潮鞋,李宁休闲,0,1,360,2
4730,套脚款式,60,310,67,208,93,PU中底,户外机能,阿迪达斯,0,1,3869,2
366,魔术贴鞋,55,545,53,289,92,PU中底,户外机能,鸿星尔克,0,1,319,3
2390,松紧带鞋,48,209,85,178,92,混合鞋底,运动休闲,其他品牌,1,1,30,2
248,系带设计,50,109,91,99,86,EVA轻底,日常休闲,回力经典,1,1,22,2
519,套脚款式,37,161,99,159,90,PU中底,运动休闲,其他品牌,1,1,405,2
997,松紧带鞋,56,157,63,99,99,PU中底,潮流高街,耐克潮流,1,1,983,2
1608,松紧带鞋,46,160,62,99,94,PU中底,潮流高街,李宁休闲,1,1,30,2
316,套脚款式,43,145,75,109,96,PU中底,户外机能,特步男鞋,0,0,966,1
589,拉链鞋款,40,399,77,307,96,MD发泡底,复古潮鞋,耐克潮流,1,1,30,3
1649,系带设计,44,141,70,99,95,EVA轻底,工装硬朗,李宁休闲,1,0,4490,1
536,拉链鞋款,45,157,63,99,95,EVA轻底,户外机能,安踏运动,1,1,33,2
2145,魔术贴鞋,44,158,65,103,87,EVA轻底,复古潮鞋,特步男鞋,0,0,342,1
1395,松紧带鞋,52,143,69,99,93,TPR鞋底,运动休闲,特步男鞋,0,1,1170,2
2291,系带设计,46,116,85,99,94,MD发泡底,简约百搭,耐克潮流,0,0,586,1
3087,拉链鞋款,58,157,63,99,91,EVA轻底,户外机能,回力经典,1,1,9,2
864,套脚款式,59,190,52,99,92,橡胶大底,简约百搭,阿迪达斯,0,1,4767,2
3291,拉链鞋款,45,198,50,99,93,PU中底,复古潮鞋,阿迪达斯,0,0,61,1
4079,松紧带鞋,46,247,62,153,94,MD发泡底,潮流高街,安踏运动,0,1,339,2
1923,系带设计,35,177,98,173,99,橡胶大底,复古潮鞋,回力经典,0,0,285,1
108,拉链鞋款,34,149,84,125,95,MD发泡底,户外机能,其他品牌,1,0,1156,1
1392,魔术贴鞋,48,152,65,99,96,混合鞋底,户外机能,阿迪达斯,0,0,1029,1
1516,拉链鞋款,56,377,60,226,91,MD发泡底,简约百搭,李宁休闲,0,0,996,3
584,松紧带鞋,42,520,88,458,89,混合鞋底,复古潮鞋,京东京造,1,1,3608,3
4605,系带设计,39,143,69,99,98,EVA轻底,户外机能,安踏运动,1,0,66,1
2285,套脚款式,56,125,93,116,94,MD发泡底,日常休闲,京东京造,1,0,1076,1
3938,系带设计,46,229,51,117,92,混合鞋底,复古潮鞋,斯凯奇潮,1,0,1453,1
663,系带设计,37,459,74,340,93,PU中底,潮流高街,阿迪达斯,1,1,1133,3
8756,系带设计,50,142,77,109,92,PU中底,简约百搭,特步男鞋,1,0,461,1
1319,拉链鞋款,48,108,92,99,97,混合鞋底,工装硬朗,斯凯奇潮,0,1,1360,2
1965,拉链鞋款,53,247,62,153,92,MD发泡底,户外机能,回力经典,0,0,3079,1
3339,套脚款式,49,108,92,99,97,混合鞋底,潮流高街,斯凯奇潮,1,0,417,1
4126,魔术贴鞋,49,357,53,189,100,MD发泡底,复古潮鞋,耐克潮流,0,1,966,2
5932,松紧带鞋,49,155,64,99,85,橡胶大底,复古潮鞋,特步男鞋,1,0,3409,1
3688,松紧带鞋,47,177,56,99,92,EVA轻底,复古潮鞋,安踏运动,1,0,59,1
277,套脚款式,32,194,51,99,91,MD发泡底,复古潮鞋,安踏运动,1,1,3521,2
7519,套脚款式,50,134,99,133,96,混合鞋底,潮流高街,其他品牌,1,0,834,1
1180,松紧带鞋,56,122,81,99,100,PU中底,户外机能,阿迪达斯,0,0,948,1
182,拉链鞋款,52,183,54,99,100,橡胶大底,户外机能,回力经典,1,1,12,2
547,套脚款式,56,171,70,120,92,混合鞋底,运动休闲,特步男鞋,0,1,213,2
4367,松紧带鞋,57,394,64,252,93,橡胶大底,工装硬朗,李宁休闲,1,1,835,3
10984,拉链鞋款,48,229,77,176,96,PU中底,运动休闲,回力经典,1,1,728,0
866,魔术贴鞋,47,396,85,337,100,PU中底,复古潮鞋,京东京造,1,1,3614,3
241,魔术贴鞋,47,157,84,132,92,混合鞋底,潮流高街,鸿星尔克,0,1,457,2
636,套脚款式,18,132,75,99,90,TPR鞋底,潮流高街,斯凯奇潮,1,1,3884,2
1238,系带设计,49,187,53,99,95,橡胶大底,简约百搭,其他品牌,0,0,2838,1
50000,松紧带鞋,44,408,50,204,94,EVA轻底,潮流高街,其他品牌,0,0,0,0
3124,系带设计,34,106,93,99,93,MD发泡底,日常休闲,其他品牌,1,1,131,2
2761,拉链鞋款,50,187,53,99,91,PU中底,简约百搭,李宁休闲,1,0,2379,1
1572,套脚款式,54,349,87,304,96,橡胶大底,户外机能,阿迪达斯,1,1,3868,3
682,拉链鞋款,43,139,71,99,93,PU中底,运动休闲,鸿星尔克,1,0,32,1
1783,拉链鞋款,54,297,89,264,97,橡胶大底,潮流高街,其他品牌,1,1,3118,2
121,套脚款式,40,112,88,99,97,PU中底,户外机能,耐克潮流,0,0,34,1
3014,松紧带鞋,21,134,86,115,100,PU中底,潮流高街,其他品牌,0,0,775,1
702,系带设计,48,182,79,144,87,混合鞋底,日常休闲,阿迪达斯,0,0,1437,1
220,松紧带鞋,49,225,64,144,97,TPR鞋底,日常休闲,耐克潮流,1,0,8,1
151,松紧带鞋,50,561,72,404,97,MD发泡底,复古潮鞋,阿迪达斯,0,1,4968,3
3289,松紧带鞋,45,453,85,385,91,橡胶大底,复古潮鞋,阿迪达斯,1,0,3838,3
940,系带设计,49,227,62,141,94,EVA轻底,潮流高街,其他品牌,0,1,4027,2
784,系带设计,42,180,55,99,97,TPR鞋底,潮流高街,安踏运动,0,0,2082,1
6154,松紧带鞋,48,105,94,99,93,橡胶大底,运动休闲,特步男鞋,0,0,1493,1
432,套脚款式,51,266,93,247,93,混合鞋底,日常休闲,京东京造,1,1,1198,2
533,套脚款式,42,200,68,136,93,TPR鞋底,复古潮鞋,安踏运动,0,1,1253,2
508,套脚款式,54,110,90,99,90,橡胶大底,潮流高街,特步男鞋,1,1,43,2
562,套脚款式,49,251,73,183,94,PU中底,潮流高街,阿迪达斯,0,0,164,1
121,魔术贴鞋,38,280,79,221,98,PU中底,工装硬朗,京东京造,0,1,1290,2
11220,魔术贴鞋,55,215,67,144,97,PU中底,复古潮鞋,阿迪达斯,1,0,4727,0
4632,魔术贴鞋,40,108,96,104,92,橡胶大底,户外机能,斯凯奇潮,1,0,10,1
1457,套脚款式,47,160,96,154,97,PU中底,简约百搭,京东京造,1,1,4485,2
634,魔术贴鞋,52,351,100,351,96,混合鞋底,潮流高街,回力经典,0,0,550,3
1387,拉链鞋款,43,141,83,117,88,橡胶大底,日常休闲,阿迪达斯,1,0,63,1
2486,松紧带鞋,40,187,53,99,92,TPR鞋底,复古潮鞋,斯凯奇潮,1,1,3,2
3866,系带设计,51,309,64,198,97,橡胶大底,简约百搭,李宁休闲,1,1,970,2
187,系带设计,40,155,77,119,100,PU中底,潮流高街,斯凯奇潮,0,0,1354,1
1642,系带设计,45,119,83,99,90,橡胶大底,复古潮鞋,耐克潮流,1,1,1423,2
303,魔术贴鞋,44,103,96,99,95,PU中底,复古潮鞋,其他品牌,1,0,4648,1
169,拉链鞋款,49,228,85,194,96,EVA轻底,户外机能,李宁休闲,1,1,224,2
10403,松紧带鞋,43,159,74,118,92,混合鞋底,复古潮鞋,其他品牌,0,0,647,0
1402,套脚款式,54,180,56,101,99,EVA轻底,潮流高街,鸿星尔克,0,0,3883,1
2290,松紧带鞋,52,375,80,300,95,PU中底,运动休闲,其他品牌,1,1,3431,3
1121,魔术贴鞋,50,113,100,113,92,MD发泡底,简约百搭,鸿星尔克,0,0,2942,1
2878,系带设计,55,168,59,99,96,PU中底,复古潮鞋,耐克潮流,1,1,250,2
1813,松紧带鞋,57,734,53,389,95,PU中底,工装硬朗,耐克潮流,1,0,173,3
388,松紧带鞋,55,411,73,300,100,EVA轻底,潮流高街,阿迪达斯,0,0,282,3
1601,系带设计,49,145,82,119,94,混合鞋底,潮流高街,特步男鞋,0,0,266,1
1065,套脚款式,57,138,72,99,94,TPR鞋底,运动休闲,阿迪达斯,1,1,4922,2
218,松紧带鞋,33,206,94,194,86,橡胶大底,运动休闲,李宁休闲,1,1,129,2
367,魔术贴鞋,50,135,88,119,100,混合鞋底,复古潮鞋,安踏运动,0,1,1068,2
201,套脚款式,47,162,61,99,93,TPR鞋底,工装硬朗,斯凯奇潮,0,1,32,2
692,拉链鞋款,45,204,71,145,93,TPR鞋底,户外机能,阿迪达斯,0,1,303,2
9392,魔术贴鞋,48,155,93,144,89,橡胶大底,户外机能,鸿星尔克,0,0,765,1
2112,魔术贴鞋,43,156,73,114,93,TPR鞋底,工装硬朗,斯凯奇潮,1,0,716,1
1547,套脚款式,57,319,58,185,90,橡胶大底,潮流高街,耐克潮流,1,1,2710,2
171,松紧带鞋,46,330,67,221,95,混合鞋底,简约百搭,斯凯奇潮,1,1,1197,2
459,系带设计,49,99,100,99,96,MD发泡底,日常休闲,斯凯奇潮,0,1,7,2
673,拉链鞋款,31,425,84,357,94,TPR鞋底,复古潮鞋,特步男鞋,1,1,611,3
601,系带设计,43,186,72,134,96,MD发泡底,简约百搭,京东京造,0,0,668,1
2969,魔术贴鞋,46,132,75,99,92,MD发泡底,户外机能,阿迪达斯,1,1,746,2
12069,套脚款式,55,124,80,99,98,EVA轻底,户外机能,京东京造,1,1,325,0
172,魔术贴鞋,31,282,51,144,100,PU中底,户外机能,李宁休闲,1,1,49,2
4059,拉链鞋款,38,110,91,100,98,EVA轻底,复古潮鞋,安踏运动,1,1,342,2
8878,拉链鞋款,40,215,71,153,95,MD发泡底,复古潮鞋,鸿星尔克,0,1,657,2
3353,套脚款式,43,347,55,191,95,橡胶大底,简约百搭,其他品牌,1,1,838,2
530,松紧带鞋,40,104,95,99,93,混合鞋底,工装硬朗,回力经典,0,0,1348,1
1797,套脚款式,47,138,72,99,85,PU中底,复古潮鞋,耐克潮流,0,1,815,2
1620,套脚款式,47,300,59,177,90,橡胶大底,户外机能,斯凯奇潮,0,1,773,2
1516,套脚款式,35,229,55,126,99,MD发泡底,潮流高街,李宁休闲,1,1,20,2
1400,魔术贴鞋,62,136,73,99,95,橡胶大底,复古潮鞋,特步男鞋,1,0,5,1
190,套脚款式,43,133,82,109,93,橡胶大底,日常休闲,耐克潮流,0,1,1467,2
8887,拉链鞋款,47,191,79,151,96,TPR鞋底,复古潮鞋,鸿星尔克,1,0,138,1
4611,拉链鞋款,46,263,81,213,96,EVA轻底,工装硬朗,李宁休闲,0,1,1252,2
393,魔术贴鞋,58,153,81,124,95,混合鞋底,户外机能,回力经典,0,1,25,2
189,套脚款式,62,382,65,248,95,混合鞋底,日常休闲,耐克潮流,1,1,96,3
128,系带设计,44,206,51,105,100,TPR鞋底,复古潮鞋,李宁休闲,1,0,271,1
